Type,Value,Type,Value,Type,Value,Type,Value,Type,Value,Type,Value,Type,Value,Type,Value,Type,Value,Type,Value,Type,Value,Type,Value,Type,Value,Type,Value,Type,Value,Type,Value,Type,Value,Type,Value,Type,Value,Type,Value,Type,Value,Type,Value,Type,Value,Type,Value,Type,Value,Type,Value,Type,Value,Type,Value,Type,Value,Type,Value,Type,Value,Type,Value,Type,Value,Type,Value,Type,Value,Type,Value,Type,Value,Type,Value,Type,Value,Type,Value,Type,Value,Type,Value,Type,Value,Type,Value
Data Source,Orbital_cold_case_7_12_25_chained_3 : TMD : ACUBESAT_7_12_25_ORBITAL,Data Source,Orbital_cold_case_7_12_25_chained_4 : TMD : ACUBESAT_7_12_25_ORBITAL,Data Source,Orbital_cold_case_7_12_25_chained_3 : TMD : ACUBESAT_7_12_25_ORBITAL,Data Source,Orbital_cold_case_7_12_25_chained_4 : TMD : ACUBESAT_7_12_25_ORBITAL,Data Source,Orbital_cold_case_7_12_25_chained_3 : TMD : ACUBESAT_7_12_25_ORBITAL,Data Source,Orbital_cold_case_7_12_25_chained_4 : TMD : ACUBESAT_7_12_25_ORBITAL,Data Source,Orbital_cold_case_7_12_25_chained_3 : TMD : ACUBESAT_7_12_25_ORBITAL,Data Source,Orbital_cold_case_7_12_25_chained_4 : TMD : ACUBESAT_7_12_25_ORBITAL,Data Source,Orbital_cold_case_7_12_25_chained_3 : TMD : ACUBESAT_7_12_25_ORBITAL,Data Source,Orbital_cold_case_7_12_25_chained_4 : TMD : ACUBESAT_7_12_25_ORBITAL,Data Source,Orbital_cold_case_7_12_25_chained_3 : TMD : ACUBESAT_7_12_25_ORBITAL,Data Source,Orbital_cold_case_7_12_25_chained_4 : TMD : ACUBESAT_7_12_25_ORBITAL,Data Source,Orbital_cold_case_7_12_25_chained_3 : TMD : ACUBESAT_7_12_25_ORBITAL,Data Source,Orbital_cold_case_7_12_25_chained_4 : TMD : ACUBESAT_7_12_25_ORBITAL,Data Source,Orbital_cold_case_7_12_25_chained_3 : TMD : ACUBESAT_7_12_25_ORBITAL,Data Source,Orbital_cold_case_7_12_25_chained_4 : TMD : ACUBESAT_7_12_25_ORBITAL,Data Source,Orbital_cold_case_7_12_25_chained_3 : TMD : ACUBESAT_7_12_25_ORBITAL,Data Source,Orbital_cold_case_7_12_25_chained_4 : TMD : ACUBESAT_7_12_25_ORBITAL,Data Source,Orbital_cold_case_7_12_25_chained_3 : TMD : ACUBESAT_7_12_25_ORBITAL,Data Source,Orbital_cold_case_7_12_25_chained_4 : TMD : ACUBESAT_7_12_25_ORBITAL,Data Source,Orbital_cold_case_7_12_25_chained_3 : TMD : ACUBESAT_7_12_25_ORBITAL,Data Source,Orbital_cold_case_7_12_25_chained_4 : TMD : ACUBESAT_7_12_25_ORBITAL,Data Source,Orbital_cold_case_7_12_25_chained_3 : TMD : ACUBESAT_7_12_25_ORBITAL,Data Source,Orbital_cold_case_7_12_25_chained_4 : TMD : ACUBESAT_7_12_25_ORBITAL,Data Source,Orbital_cold_case_7_12_25_chained_3 : TMD : ACUBESAT_7_12_25_ORBITAL,Data Source,Orbital_cold_case_7_12_25_chained_4 : TMD : ACUBESAT_7_12_25_ORBITAL,Data Source,Orbital_cold_case_7_12_25_chained_3 : TMD : ACUBESAT_7_12_25_ORBITAL,Data Source,Orbital_cold_case_7_12_25_chained_4 : TMD : ACUBESAT_7_12_25_ORBITAL,Data Source,Orbital_cold_case_7_12_25_chained_3 : TMD : ACUBESAT_7_12_25_ORBITAL,Data Source,Orbital_cold_case_7_12_25_chained_4 : TMD : ACUBESAT_7_12_25_ORBITAL,Data Source,Orbital_cold_case_7_12_25_chained_3 : TMD : ACUBESAT_7_12_25_ORBITAL,Data Source,Orbital_cold_case_7_12_25_chained_4 : TMD : ACUBESAT_7_12_25_ORBITAL,Data Source,Orbital_cold_case_7_12_25_chained_3 : TMD : ACUBESAT_7_12_25_ORBITAL,Data Source,Orbital_cold_case_7_12_25_chained_4 : TMD : ACUBESAT_7_12_25_ORBITAL,Data Source,Orbital_cold_case_7_12_25_chained_3 : TMD : ACUBESAT_7_12_25_ORBITAL,Data Source,Orbital_cold_case_7_12_25_chained_4 : TMD : ACUBESAT_7_12_25_ORBITAL,Data Source,Orbital_cold_case_7_12_25_chained_3 : TMD : ACUBESAT_7_12_25_ORBITAL,Data Source,Orbital_cold_case_7_12_25_chained_4 : TMD : ACUBESAT_7_12_25_ORBITAL,Data Source,Orbital_cold_case_7_12_25_chained_3 : TMD : ACUBESAT_7_12_25_ORBITAL,Data Source,Orbital_cold_case_7_12_25_chained_4 : TMD : ACUBESAT_7_12_25_ORBITAL,Data Source,Orbital_cold_case_7_12_25_chained_3 : TMD : ACUBESAT_7_12_25_ORBITAL,Data Source,Orbital_cold_case_7_12_25_chained_4 : TMD : ACUBESAT_7_12_25_ORBITAL,Data Source,Orbital_cold_case_7_12_25_chained_3 : TMD : ACUBESAT_7_12_25_ORBITAL,Data Source,Orbital_cold_case_7_12_25_chained_4 : TMD : ACUBESAT_7_12_25_ORBITAL
Element,PDMS_Chip_P:surface1,Element,PDMS_Chip_P:surface1,Element,PDMS_Chip_P:surface1,Element,PDMS_Chip_P:surface1,Element,Bag_1_P,Element,Bag_1_P,Element,Bag_1_P,Element,Bag_1_P,Element,Bag_2_P,Element,Bag_2_P,Element,Bag_2_P,Element,Bag_2_P,Element,Camera_Lens_P,Element,Camera_Lens_P,Element,Camera_Lens_P,Element,Camera_Lens_P,Element,Camera_P,Element,Camera_P,Element,Camera_P,Element,Camera_P,Element,Container_10_P,Element,Container_10_P,Element,Container_10_P,Element,Container_10_P,Element,MCU_OBC_ADCS_down,Element,MCU_OBC_ADCS_down,Element,MCU_OBC_ADCS_down,Element,MCU_OBC_ADCS_down,Element,MCU_OBC_ADCS_up,Element,MCU_OBC_ADCS_up,Element,MCU_OBC_ADCS_up,Element,MCU_OBC_ADCS_up,Element,OBC_ADCS_Board,Element,OBC_ADCS_Board,Element,OBC_ADCS_Board,Element,OBC_ADCS_Board,Element,PDMS_Chip_P,Element,PDMS_Chip_P,Element,PDMS_Chip_P,Element,PDMS_Chip_P,Element,SU_MCU_P,Element,SU_MCU_P,Element,SU_MCU_P,Element,SU_MCU_P
,,,,,,,,,,,,,,,,,,,,,,,,,,,,,,,,,,,,,,,,,,,,,,,,,,,,,,,,,,,,,,,,,,,,,,,,,,,,,,,,,,,,,,,
,,,,,,,,,,,,,,,,,,,,,,,,,,,,,,,,,,,,,,,,,,,,,,,,,,,,,,,,,,,,,,,,,,,,,,,,,,,,,,,,,,,,,,,
Time[s],Average Temperature,Time[s],Average Temperature,Time[s],Sum Internal Heat,Time[s],Sum Internal Heat,Time[s],Average Temperature,Time[s],Average Temperature,Time[s],Sum Internal Heat,Time[s],Sum Internal Heat,Time[s],Average Temperature,Time[s],Average Temperature,Time[s],Sum Internal Heat,Time[s],Sum Internal Heat,Time[s],Average Temperature,Time[s],Average Temperature,Time[s],Sum Internal Heat,Time[s],Sum Internal Heat,Time[s],Average Temperature,Time[s],Average Temperature,Time[s],Sum Internal Heat,Time[s],Sum Internal Heat,Time[s],Average Temperature,Time[s],Average Temperature,Time[s],Sum Internal Heat,Time[s],Sum Internal Heat,Time[s],Average Temperature,Time[s],Average Temperature,Time[s],Sum Internal Heat,Time[s],Sum Internal Heat,Time[s],Average Temperature,Time[s],Average Temperature,Time[s],Sum Internal Heat,Time[s],Sum Internal Heat,Time[s],Average Temperature,Time[s],Average Temperature,Time[s],Sum Internal Heat,Time[s],Sum Internal Heat,Time[s],Average Temperature,Time[s],Average Temperature,Time[s],Sum Internal Heat,Time[s],Sum Internal Heat,Time[s],Average Temperature,Time[s],Average Temperature,Time[s],Sum Internal Heat,Time[s],Sum Internal Heat
0.0,25.0,0.0,4.0383113667528825,0.0,0.0,0.0,0.0,0.0,25.0,0.0,1.5053410561895164,0.0,0.0,0.0,0.0,0.0,25.0,0.0,1.7727746965265472,0.0,0.0,0.0,0.828,0.0,25.0,0.0,1.7838783333362138,0.0,0.0,0.0,0.0,0.0,25.0,0.0,1.7803561534524088,0.0,0.0,0.0,0.04000000799999998,0.0,25.0,0.0,0.30245751471469323,0.0,0.0,0.0,0.0,0.0,25.0,0.0,9.13664361024247,0.0,0.14900000000000002,0.0,0.0,0.0,25.0,0.0,9.147141951910909,0.0,0.14899999999999997,0.0,0.14899999999999997,0.0,25.0,0.0,8.344087270404554,0.0,0.0,0.0,0.0,0.0,25.0,0.0,3.98190202581392,0.0,0.0,0.0,0.0,0.0,25.0,0.0,23.303553935535387,0.0,0.50200004,0.0,0.50200004
200.0,25.000016699617117,200.0,13.867427976579016,200.0,0.0,200.0,0.0,200.0,25.000747919396808,200.0,1.7753331085489914,200.0,0.0,200.0,0.0,200.0,24.999996417827624,200.0,2.4818475851424675,200.0,0.0,200.0,0.828,200.0,25.000005394838063,200.0,2.1492300941185634,200.0,0.0,200.0,0.0,200.0,25.00000953657848,200.0,2.0775555844984543,200.0,0.0,200.0,0.04000000799999998,200.0,25.02788044581607,200.0,0.4905993224815728,200.0,0.0,200.0,0.0,200.0,25.188481321435443,200.0,8.986777555922359,200.0,0.14900000000000002,200.0,0.0,200.0,25.172690596209755,200.0,9.136058145596323,200.0,0.14899999999999997,200.0,0.14899999999999997,200.0,25.04028607157524,200.0,8.345216889281197,200.0,0.0,200.0,0.0,200.0,25.00001389797078,200.0,14.490042171187365,200.0,0.0,200.0,0.0,200.0,34.31424546551548,200.0,23.33708337332566,200.0,0.50200004,200.0,0.50200004
400.0,25.000275167968077,400.0,24.983023480418527,400.0,0.0,400.0,0.0,400.0,25.009555055632376,400.0,2.220079365509414,400.0,0.0,400.0,0.0,400.0,25.00002799522238,400.0,3.0456837963540133,400.0,0.0,400.0,0.828,400.0,25.00009256522494,400.0,2.580137845515655,400.0,0.0,400.0,0.0,400.0,25.00013231085866,400.0,2.5090983100552133,400.0,0.0,400.0,0.04000000799999998,400.0,25.087289448894744,400.0,0.7378084323276476,400.0,0.0,400.0,0.0,400.0,25.28626235352836,400.0,8.93502823146811,400.0,0.14900000000000002,400.0,0.0,400.0,25.2740546907406,400.0,9.09796623912778,400.0,0.14899999999999997,400.0,0.14899999999999997,400.0,25.092209018157,400.0,8.341483188257136,400.0,0.0,400.0,0.0,400.0,25.000259887603605,400.0,25.281290903491055,400.0,0.0,400.0,0.0,400.0,39.85869790432075,400.0,23.416363368223507,400.0,0.50200004,400.0,0.50200004
600.0,25.000754431743477,600.0,32.74657201705936,600.0,0.0,600.0,0.0,600.0,25.019193883304037,600.0,2.7514810535917316,600.0,0.0,600.0,0.0,600.0,25.000161943009378,600.0,3.486720332970397,600.0,0.0,600.0,0.828,600.0,25.00019162890929,600.0,2.9294069167051733,600.0,0.0,600.0,0.0,600.0,25.000269285193433,600.0,2.858550091128,600.0,0.0,600.0,0.04000000799999998,600.0,25.10510810754113,600.0,0.947373679313864,600.0,0.0,600.0,0.0,600.0,25.308479091236393,600.0,8.908127298551713,600.0,0.14900000000000002,600.0,0.0,600.0,25.296580836738666,600.0,9.075762008573323,600.0,0.14899999999999997,600.0,0.14899999999999997,600.0,25.105856233430035,600.0,8.34045541282302,600.0,0.0,600.0,0.0,600.0,25.00074525195019,600.0,32.88778076244504,600.0,0.0,600.0,0.0,600.0,40.26777796274057,600.0,23.50359322351844,600.0,0.50200004,600.0,0.50200004
800.0,25.003222720437744,800.0,28.702862931263624,800.0,0.0,800.0,0.0,800.0,25.036045303933854,800.0,3.1521729584163967,800.0,0.0,800.0,0.0,800.0,25.000687429372952,800.0,3.9334937677846598,800.0,0.0,800.0,0.828,800.0,25.000731811075728,800.0,3.415915784093834,800.0,0.0,800.0,0.0,800.0,25.0008609051187,800.0,3.34748572805617,800.0,0.0,800.0,0.04000000799999998,800.0,25.16290290800808,800.0,1.2683116359666353,800.0,0.0,800.0,0.0,800.0,25.380715289657218,800.0,8.877901785423187,800.0,0.14900000000000002,800.0,0.0,800.0,25.370607950023174,800.0,9.05053030621601,800.0,0.14899999999999997,800.0,0.14899999999999997,800.0,25.153359010325246,800.0,8.342614608995355,800.0,0.0,800.0,0.0,800.0,25.00325590271121,800.0,28.140726105004997,800.0,0.0,800.0,0.0,800.0,41.26773393386914,800.0,23.672368923696734,800.0,0.50200004,800.0,0.50200004
1000.0,25.0059924064166,1000.0,32.00610094428893,1000.0,0.0,1000.0,0.0,1000.0,25.053964667273927,1000.0,3.6283914626320883,1000.0,0.0,1000.0,0.0,1000.0,25.00151202915582,1000.0,4.290197888452722,1000.0,0.0,1000.0,0.828,1000.0,25.001128504579484,1000.0,3.6517485653566992,1000.0,0.0,1000.0,0.0,1000.0,25.001295868894818,1000.0,3.5812553369356945,1000.0,0.0,1000.0,0.04000000799999998,1000.0,25.186701259524504,1000.0,1.3997164237646207,1000.0,0.0,1000.0,0.0,1000.0,25.41099457964548,1000.0,8.869186584868492,1000.0,0.14900000000000002,1000.0,0.0,1000.0,25.401856696487354,1000.0,9.043290172467364,1000.0,0.14899999999999997,1000.0,0.14899999999999997,1000.0,25.174758043193364,1000.0,8.344939321936415,1000.0,0.0,1000.0,0.0,1000.0,25.005974864228552,1000.0,32.32247450623747,1000.0,0.0,1000.0,0.0,1000.0,41.68366287044088,1000.0,23.753517193953446,1000.0,0.50200004,1000.0,0.50200004
1200.0,25.008894473636968,1200.0,28.89960510951402,1200.0,0.0,1200.0,0.0,1200.0,25.069131392350506,1200.0,3.9973885065369066,1200.0,0.0,1200.0,0.0,1200.0,25.00236307937714,1200.0,4.712724987527867,1200.0,0.0,1200.0,0.828,1200.0,25.00153498287145,1200.0,4.172006019339534,1200.0,0.0,1200.0,0.0,1200.0,25.001741456770702,1200.0,4.103208961726494,1200.0,0.0,1200.0,0.04000000799999998,1200.0,25.20339049593179,1200.0,1.735841542183564,1200.0,0.0,1200.0,0.0,1200.0,25.432518078253313,1200.0,8.852412419666303,1200.0,0.14900000000000002,1200.0,0.0,1200.0,25.42410867739942,1200.0,9.029839414662224,1200.0,0.14899999999999997,1200.0,0.14899999999999997,1200.0,25.19031589842973,1200.0,8.354253379650633,1200.0,0.0,1200.0,0.0,1200.0,25.00896225231608,1200.0,28.40794911691637,1200.0,0.0,1200.0,0.0,1200.0,41.97573430681393,1200.0,23.984219773955598,1200.0,0.50200004,1200.0,0.50200004
1400.0,25.01681548585545,1400.0,32.80315218985331,1400.0,0.0,1400.0,0.0,1400.0,25.088413210805275,1400.0,4.466159806253571,1400.0,0.0,1400.0,0.0,1400.0,25.00375847350905,1400.0,5.110501515283388,1400.0,0.0,1400.0,0.828,1400.0,25.00312918967636,1400.0,4.546654303497405,1400.0,0.0,1400.0,0.0,1400.0,25.003407015414396,1400.0,4.48070823807927,1400.0,0.0,1400.0,0.04000000799999998,1400.0,25.252647845660153,1400.0,1.9590131234314379,1400.0,0.0,1400.0,0.0,1400.0,25.510778059872813,1400.0,8.84617464095694,1400.0,0.14900000000000002,1400.0,0.0,1400.0,25.50490458796536,1400.0,9.025207468429581,1400.0,0.14899999999999997,1400.0,0.14899999999999997,1400.0,25.246841235317184,1400.0,8.362211831768827,1400.0,0.0,1400.0,0.0,1400.0,25.017203899681444,1400.0,33.167677909606006,1400.0,0.0,1400.0,0.0,1400.0,43.003431789400516,1400.0,24.15463442271371,1400.0,0.50200004,1400.0,0.50200004
1600.0,25.028444442564897,1600.0,29.847914203231067,1600.0,0.0,1600.0,0.0,1600.0,25.0994198620326,1600.0,4.809636043516403,1600.0,0.0,1600.0,0.0,1600.0,25.00601132633454,1600.0,5.5801981705249535,1600.0,0.0,1600.0,0.828,1600.0,25.00564113089487,1600.0,5.05894489074352,1600.0,0.0,1600.0,0.0,1600.0,25.005926620480853,1600.0,4.99236430845158,1600.0,0.0,1600.0,0.04000000799999998,1600.0,25.147851062585897,1600.0,2.1104433808217684,1600.0,0.0,1600.0,0.0,1600.0,25.61377009836513,1600.0,8.840491499856896,1600.0,0.14900000000000002,1600.0,0.0,1600.0,25.61035031227762,1600.0,9.020287813964424,1600.0,0.14899999999999997,1600.0,0.14899999999999997,1600.0,25.310101533686414,1600.0,8.362325735670435,1600.0,0.0,1600.0,0.0,1600.0,25.028758535556893,1600.0,29.367905817096382,1600.0,0.0,1600.0,0.0,1600.0,44.30372616357993,1600.0,24.42545102047898,1600.0,0.50200004,1600.0,0.50200004
1800.0,25.0376950443479,1800.0,26.935526000784446,1800.0,0.0,1800.0,0.0,1800.0,25.06015446297407,1800.0,5.09538283598406,1800.0,0.0,1800.0,0.0,1800.0,25.00701045293955,1800.0,6.064902278708894,1800.0,0.0,1800.0,0.828,1800.0,25.00755084019272,1800.0,5.562428377729497,1800.0,0.0,1800.0,0.0,1800.0,25.0077012056059,1800.0,5.495157618356358,1800.0,0.0,1800.0,0.04000000799999998,1800.0,24.825992505002965,1800.0,2.0518634700608094,1800.0,0.0,1800.0,0.0,1800.0,25.69909357200433,1800.0,8.833897974560628,1800.0,0.14900000000000002,1800.0,0.0,1800.0,25.697264664006237,1800.0,9.013608609770994,1800.0,0.14899999999999997,1800.0,0.14899999999999997,1800.0,25.34854402625939,1800.0,8.348288574482014,1800.0,0.0,1800.0,0.0,1800.0,25.03781179471723,1800.0,27.182708823769637,1800.0,0.0,1800.0,0.0,1800.0,45.36983018718711,1800.0,24.702752600421917,1800.0,0.50200004,1800.0,0.50200004
2000.0,25.03869498521378,2000.0,33.1338308134292,2000.0,0.0,2000.0,0.0,2000.0,24.960261206324066,2000.0,5.421301012189229,2000.0,0.0,2000.0,0.0,2000.0,25.003987946759302,2000.0,6.55219351280437,2000.0,0.0,2000.0,0.828,2000.0,25.00733799499226,2000.0,6.060365091460914,2000.0,0.0,2000.0,0.0,2000.0,25.007230324683785,2000.0,5.992442228006773,2000.0,0.0,2000.0,0.04000000799999998,2000.0,24.385740726511713,2000.0,1.877980102051302,2000.0,0.0,2000.0,0.0,2000.0,25.766641586309905,2000.0,8.823734315870736,2000.0,0.14900000000000002,2000.0,0.0,2000.0,25.76604807724328,2000.0,9.003092992738065,2000.0,0.14899999999999997,2000.0,0.14899999999999997,2000.0,25.368672888364248,2000.0,8.325482384962568,2000.0,0.0,2000.0,0.0,2000.0,25.038359263532275,2000.0,32.74985571156787,2000.0,0.0,2000.0,0.0,2000.0,46.22613314020062,2000.0,24.9625603669916,2000.0,0.50200004,2000.0,0.50200004
2200.0,25.024908297120984,2200.0,26.098808364202952,2200.0,0.0,2200.0,0.0,2200.0,24.80602156638898,2200.0,5.537345755838822,2200.0,0.0,2200.0,0.0,2200.0,24.995045279137607,2200.0,7.030339436951382,2200.0,0.0,2200.0,0.828,2200.0,25.00373480531623,2200.0,6.551187437959052,2200.0,0.0,2200.0,0.0,2200.0,25.00328985229656,2200.0,6.4828968378605945,2200.0,0.0,2200.0,0.04000000799999998,2200.0,23.88778709421352,2200.0,1.6216994627026506,2200.0,0.0,2200.0,0.0,2200.0,25.814935006584623,2200.0,8.808827768200041,2200.0,0.14900000000000002,2200.0,0.0,2200.0,25.815149298164833,2200.0,8.987599687165055,2200.0,0.14899999999999997,2200.0,0.14899999999999997,2200.0,25.373654757847255,2200.0,8.296209028447723,2200.0,0.0,2200.0,0.0,2200.0,25.023885354336432,2200.0,25.819554775387985,2200.0,0.0,2200.0,0.0,2200.0,46.86033902282069,2200.0,25.197904400550012,2200.0,0.50200004,2200.0,0.50200004
2400.0,24.996611658448238,2400.0,31.749452729091857,2400.0,0.0,2400.0,0.0,2400.0,24.628207801348125,2400.0,5.76199027311998,2400.0,0.0,2400.0,0.0,2400.0,24.98117387641107,2400.0,7.4917283913027575,2400.0,0.0,2400.0,0.828,2400.0,24.998381245367806,2400.0,7.024072377716029,2400.0,0.0,2400.0,0.0,2400.0,24.997636519502798,2400.0,6.955285278658872,2400.0,0.0,2400.0,0.04000000799999998,2400.0,23.550052017652863,2400.0,1.3152668302324098,2400.0,0.0,2400.0,0.0,2400.0,25.83643243559558,2400.0,8.789471089548105,2400.0,0.14900000000000002,2400.0,0.0,2400.0,25.83690858143808,2400.0,8.96740047817587,2400.0,0.14899999999999997,2400.0,0.14899999999999997,2400.0,25.370345483095768,2400.0,8.26253481043657,2400.0,0.0,2400.0,0.0,2400.0,24.99497481951569,2400.0,32.193004345258636,2400.0,0.0,2400.0,0.0,2400.0,47.15836696610803,2400.0,25.393051124097134,2400.0,0.50200004,2400.0,0.50200004
2600.0,24.952898262463048,2600.0,29.502128825207883,2600.0,0.0,2600.0,0.0,2600.0,24.450562164323472,2600.0,5.833340140200267,2600.0,0.0,2600.0,0.0,2600.0,24.964384821788553,2600.0,7.949675219137298,2600.0,0.0,2600.0,0.828,2600.0,24.990939385649824,2600.0,7.499484201946717,2600.0,0.0,2600.0,0.0,2600.0,24.989918455282275,2600.0,7.43026631656589,2600.0,0.0,2600.0,0.04000000799999998,2600.0,23.24296834606115,2600.0,0.9614471292169929,2600.0,0.0,2600.0,0.0,2600.0,25.850773300158046,2600.0,8.764517067631639,2600.0,0.14900000000000002,2600.0,0.0,2600.0,25.851312775870873,2600.0,8.941259924853643,2600.0,0.14899999999999997,2600.0,0.14899999999999997,2600.0,25.36411855396209,2600.0,8.222952810129522,2600.0,0.0,2600.0,0.0,2600.0,24.950433536802418,2600.0,29.056778613096775,2600.0,0.0,2600.0,0.0,2600.0,47.36781588538245,2600.0,25.538929307308187,2600.0,0.50200004,2600.0,0.50200004
2800.0,24.891892273293887,2800.0,26.98392183526424,2800.0,0.0,2800.0,0.0,2800.0,24.272579521094965,2800.0,5.864009124265476,2800.0,0.0,2800.0,0.0,2800.0,24.945011750782303,2800.0,8.356857077534467,2800.0,0.0,2800.0,0.828,2800.0,24.980887797528663,2800.0,7.87301502425913,2800.0,0.0,2800.0,0.0,2800.0,24.979592108331047,2800.0,7.801205512079397,2800.0,0.0,2800.0,0.04000000799999998,2800.0,22.92873602300672,2800.0,0.6760913116557679,2800.0,0.0,2800.0,0.0,2800.0,25.861552793952985,2800.0,8.742770066288964,2800.0,0.14900000000000002,2800.0,0.0,2800.0,25.861988207083364,2800.0,8.91840714261212,2800.0,0.14899999999999997,2800.0,0.14899999999999997,2800.0,25.355053483216942,2800.0,8.190399634202127,2800.0,0.0,2800.0,0.0,2800.0,24.88854960742115,2800.0,27.234512581678246,2800.0,0.0,2800.0,0.0,2800.0,47.53726400673427,2800.0,25.60918065324633,2800.0,0.50200004,2800.0,0.50200004
3000.0,24.81512180845982,3000.0,33.325135364485185,3000.0,0.0,3000.0,0.0,3000.0,24.09257303599162,3000.0,5.978152805557669,3000.0,0.0,3000.0,0.0,3000.0,24.92297131028829,3000.0,8.69509227286646,3000.0,0.0,3000.0,0.828,3000.0,24.968404495217662,3000.0,8.205336055826463,3000.0,0.0,3000.0,0.0,3000.0,24.966840720847767,3000.0,8.134543016049227,3000.0,0.0,3000.0,0.04000000799999998,3000.0,22.61376703654798,3000.0,0.41015881423122647,3000.0,0.0,3000.0,0.0,3000.0,25.868932062600692,3000.0,8.721752017054218,3000.0,0.14900000000000002,3000.0,0.0,3000.0,25.869087010568524,3000.0,8.896289618217654,3000.0,0.14899999999999997,3000.0,0.14899999999999997,3000.0,25.343485144447076,3000.0,8.1600636112045,3000.0,0.0,3000.0,0.0,3000.0,24.81106390733593,3000.0,32.97382351964025,3000.0,0.0,3000.0,0.0,3000.0,47.66835836107498,3000.0,25.65258693818046,3000.0,0.50200004,3000.0,0.50200004
3200.0,24.72504573654847,3200.0,26.457835707625733,3200.0,0.0,3200.0,0.0,3200.0,23.911256645165427,3200.0,5.932893815224089,3200.0,0.0,3200.0,0.0,3200.0,24.898470047654662,3200.0,9.082114208724704,3200.0,0.0,3200.0,0.828,3200.0,24.953684515027845,3200.0,8.661745995058187,3200.0,0.0,3200.0,0.0,3200.0,24.951851377095757,3200.0,8.591013507308721,3200.0,0.0,3200.0,0.04000000799999998,3200.0,22.30286624125905,3200.0,0.00405637559089826,3200.0,0.0,3200.0,0.0,3200.0,25.873190243310034,3200.0,8.685132380545566,3200.0,0.14900000000000002,3200.0,0.0,3200.0,25.872899390729582,3200.0,8.857716447206995,3200.0,0.14899999999999997,3200.0,0.14899999999999997,3200.0,25.329839145516573,3200.0,8.109443650779694,3200.0,0.0,3200.0,0.0,3200.0,24.720273114624813,3200.0,26.188869100908068,3200.0,0.0,3200.0,0.0,3200.0,47.76398710128559,3200.0,25.67822895078155,3200.0,0.50200004,3200.0,0.50200004
3400.0,24.62140251806899,3400.0,32.037555266674104,3400.0,0.0,3400.0,0.0,3400.0,23.727864116407652,3400.0,6.0125440869019915,3400.0,0.0,3400.0,0.0,3400.0,24.87142135140591,3400.0,9.453579541326286,3400.0,0.0,3400.0,0.828,3400.0,24.936385125497214,3400.0,9.002538107849977,3400.0,0.0,3400.0,0.0,3400.0,24.934281276768903,3400.0,8.928054552003145,3400.0,0.0,3400.0,0.04000000799999998,3400.0,21.98775973749379,3400.0,-0.29622133830992486,3400.0,0.0,3400.0,0.0,3400.0,25.874713541267628,3400.0,8.655725610028231,3400.0,0.14900000000000002,3400.0,0.0,3400.0,25.873811211325826,3400.0,8.826722742579792,3400.0,0.14899999999999997,3400.0,0.14899999999999997,3400.0,25.313877939839504,3400.0,8.069959803603004,3400.0,0.0,3400.0,0.0,3400.0,24.61595624985691,3400.0,32.46514117344434,3400.0,0.0,3400.0,0.0,3400.0,47.830528177963046,3400.0,25.660848795969738,3400.0,0.50200004,3400.0,0.50200004
3600.0,24.5483452591979,3600.0,29.92162779650949,3600.0,0.0,3600.0,0.0,3600.0,23.597034855241162,3600.0,5.981440171520012,3600.0,0.0,3600.0,0.0,3600.0,24.84792232074485,3600.0,9.798807992857702,3600.0,0.0,3600.0,0.828,3600.0,24.923881789266698,3600.0,9.401080340704311,3600.0,0.0,3600.0,0.0,3600.0,24.921489566940565,3600.0,9.328847137749397,3600.0,0.0,3600.0,0.04000000799999998,3600.0,21.790738973948947,3600.0,-0.6576242867137301,3600.0,0.0,3600.0,0.0,3600.0,25.8745026039991,3600.0,8.617377537633486,3600.0,0.14900000000000002,3600.0,0.0,3600.0,25.873281306752467,3600.0,8.786642942459501,3600.0,0.14899999999999997,3600.0,0.14899999999999997,3600.0,25.3037453173006,3600.0,8.021975467474377,3600.0,0.0,3600.0,0.0,3600.0,24.5403343634713,3600.0,29.466869739491756,3600.0,0.0,3600.0,0.0,3600.0,47.857789841491766,3600.0,25.612047966294995,3600.0,0.50200004,3600.0,0.50200004
3800.0,24.38364173920862,3800.0,27.35754904249201,3800.0,0.0,3800.0,0.0,3800.0,23.399414008061854,3800.0,5.961817237378062,3800.0,0.0,3800.0,0.0,3800.0,24.810772271592832,3800.0,10.176765866108608,3800.0,0.0,3800.0,0.828,3800.0,24.88879075629267,3800.0,9.825320551445545,3800.0,0.0,3800.0,0.0,3800.0,24.88619761559928,3800.0,9.752939351352406,3800.0,0.0,3800.0,0.04000000799999998,3800.0,21.390505072853646,3800.0,-0.8097943881972098,3800.0,0.0,3800.0,0.0,3800.0,25.871537160668293,3800.0,8.574338471481296,3800.0,0.14900000000000002,3800.0,0.0,3800.0,25.869853746615792,3800.0,8.742454131111932,3800.0,0.14899999999999997,3800.0,0.14899999999999997,3800.0,25.284446842532155,3800.0,7.9842680649559075,3800.0,0.0,3800.0,0.0,3800.0,24.376600474179206,3800.0,27.620653945904053,3800.0,0.0,3800.0,0.0,3800.0,47.885989830469974,3800.0,25.526198321011947,3800.0,0.50200004,3800.0,0.50200004
4000.0,24.30041854218206,4000.0,33.83468922716396,4000.0,0.0,4000.0,0.0,4000.0,23.269949043747786,4000.0,6.096962907931609,4000.0,0.0,4000.0,0.0,4000.0,24.779663054951037,4000.0,10.552635794304077,4000.0,0.0,4000.0,0.828,4000.0,24.878732802777225,4000.0,10.205153309137343,4000.0,0.0,4000.0,0.0,4000.0,24.87615176743837,4000.0,10.131202813256458,4000.0,0.0,4000.0,0.04000000799999998,4000.0,21.340887411375906,4000.0,-0.7417134121131773,4000.0,0.0,4000.0,0.0,4000.0,25.870631447680815,4000.0,8.540037420817841,4000.0,0.14900000000000002,4000.0,0.0,4000.0,25.868792280318473,4000.0,8.706899473833472,4000.0,0.14899999999999997,4000.0,0.14899999999999997,4000.0,25.281803497124955,4000.0,7.963477868251807,4000.0,0.0,4000.0,0.0,4000.0,24.29756987938237,4000.0,33.47196317814069,4000.0,0.0,4000.0,0.0,4000.0,47.880201351138865,4000.0,25.41939747806015,4000.0,0.50200004,4000.0,0.50200004
4200.0,24.256584620671063,4200.0,26.92593572409049,4200.0,0.0,4200.0,0.0,4200.0,23.179803096763585,4200.0,6.12788963318091,4200.0,0.0,4200.0,0.0,4200.0,24.759920257039845,4200.0,10.916760480106312,4200.0,0.0,4200.0,0.828,4200.0,24.87182701080296,4200.0,10.591335372885197,4200.0,0.0,4200.0,0.0,4200.0,24.869201475244314,4200.0,10.517189470100769,4200.0,0.0,4200.0,0.04000000799999998,4200.0,21.313370192750092,4200.0,-0.5942196012067048,4200.0,0.0,4200.0,0.0,4200.0,25.870070268652608,4200.0,8.509687306436575,4200.0,0.14900000000000002,4200.0,0.0,4200.0,25.868123770637144,4200.0,8.674913750700316,4200.0,0.14899999999999997,4200.0,0.14899999999999997,4200.0,25.28037668992869,4200.0,7.950044049566423,4200.0,0.0,4200.0,0.0,4200.0,24.25148877838268,4200.0,26.6613208353336,4200.0,0.0,4200.0,0.0,4200.0,47.8748321462781,4200.0,25.303332764212524,4200.0,0.50200004,4200.0,0.50200004
4400.0,24.19808717679761,4400.0,32.38969881307388,4400.0,0.0,4400.0,0.0,4400.0,23.10117802721021,4400.0,6.331464751673072,4400.0,0.0,4400.0,0.0,4400.0,24.74386352562117,4400.0,11.225424603121585,4400.0,0.0,4400.0,0.828,4400.0,24.864827618401726,4400.0,10.893202137421719,4400.0,0.0,4400.0,0.0,4400.0,24.862159423471503,4400.0,10.821327055392935,4400.0,0.0,4400.0,0.04000000799999998,4400.0,21.28881779300635,4400.0,-0.43318605392940585,4400.0,0.0,4400.0,0.0,4400.0,25.869535813624317,4400.0,8.490997920192308,4400.0,0.14900000000000002,4400.0,0.0,4400.0,25.867470478947332,4400.0,8.65483385746124,4400.0,0.14899999999999997,4400.0,0.14899999999999997,4400.0,25.279142869228043,4400.0,7.944918256713429,4400.0,0.0,4400.0,0.0,4400.0,24.19320532410121,4400.0,32.84799621175195,4400.0,0.0,4400.0,0.0,4400.0,47.86855081842716,4400.0,25.225531368234282,4400.0,0.50200004,4400.0,0.50200004
4600.0,24.1386808374337,4600.0,30.134558386602173,4600.0,0.0,4600.0,0.0,4600.0,23.032293470198532,4600.0,6.472933952067942,4600.0,0.0,4600.0,0.0,4600.0,24.730132365917363,4600.0,11.583386505144976,4600.0,0.0,4600.0,0.828,4600.0,24.857173594055627,4600.0,11.291633281414368,4600.0,0.0,4600.0,0.0,4600.0,24.854435449071968,4600.0,11.219332340332587,4600.0,0.0,4600.0,0.04000000799999998,4600.0,21.264636865699188,4600.0,-0.16368225910475112,4600.0,0.0,4600.0,0.0,4600.0,25.868983213983416,4600.0,8.471077753747911,4600.0,0.14900000000000002,4600.0,0.0,4600.0,25.866776895543165,4600.0,8.6329335938897,4600.0,0.14899999999999997,4600.0,0.14899999999999997,4600.0,25.27798281296344,4600.0,7.944518526210436,4600.0,0.0,4600.0,0.0,4600.0,24.132760014244354,4600.0,29.69525056974383,4600.0,0.0,4600.0,0.0,4600.0,47.86084429444126,4600.0,25.129859562420176,4600.0,0.50200004,4600.0,0.50200004
4800.0,24.073159303767284,4800.0,27.608633897800235,4800.0,0.0,4800.0,0.0,4800.0,22.972338626360163,4800.0,6.6319771845232305,4800.0,0.0,4800.0,0.0,4800.0,24.7172100413814,4800.0,11.919637040291898,4800.0,0.0,4800.0,0.828,4800.0,24.84924797411581,4800.0,11.602842996398271,4800.0,0.0,4800.0,0.0,4800.0,24.84645671019354,4800.0,11.528330001241185,4800.0,0.0,4800.0,0.04000000799999998,4800.0,21.24223392871991,4800.0,0.0745480198717298,4800.0,0.0,4800.0,0.0,4800.0,25.86844471651339,4800.0,8.46156610562039,4800.0,0.14900000000000002,4800.0,0.0,4800.0,25.866081169947126,4800.0,8.6221529164476,4800.0,0.14899999999999997,4800.0,0.14899999999999997,4800.0,25.276971937918006,4800.0,7.949574646779728,4800.0,0.0,4800.0,0.0,4800.0,24.067080566339282,4800.0,27.859523528307662,4800.0,0.0,4800.0,0.0,4800.0,47.85204301638175,4800.0,25.078288790445082,4800.0,0.50200004,4800.0,0.50200004
5000.0,24.008449276956576,5000.0,33.93230467779647,5000.0,0.0,5000.0,0.0,5000.0,22.920649700835675,5000.0,6.895093064127732,5000.0,0.0,5000.0,0.0,5000.0,24.705126587548097,5000.0,12.206867324799799,5000.0,0.0,5000.0,0.828,5000.0,24.841113328923875,5000.0,11.880214854954891,5000.0,0.0,5000.0,0.0,5000.0,24.83826935315783,5000.0,11.806578071809094,5000.0,0.0,5000.0,0.04000000799999998,5000.0,21.221689690956698,5000.0,0.3107387853331999,5000.0,0.0,5000.0,0.0,5000.0,25.867925908275954,5000.0,8.4568226272784,5000.0,0.14900000000000002,5000.0,0.0,5000.0,25.865391114636093,5000.0,8.616510499373128,5000.0,0.14899999999999997,5000.0,0.14899999999999997,5000.0,25.276113948864083,5000.0,7.957675639628908,5000.0,0.0,5000.0,0.0,5000.0,24.001767834553373,5000.0,33.58146258377167,5000.0,0.0,5000.0,0.0,5000.0,47.842211453124776,5000.0,25.057361756262782,5000.0,0.50200004,5000.0,0.50200004
5200.0,23.952903896821603,5200.0,27.057000278972893,5200.0,0.0,5200.0,0.0,5200.0,22.881770791286925,5200.0,7.04694064072596,5200.0,0.0,5200.0,0.0,5200.0,24.694500030141988,5200.0,12.542508113699967,5200.0,0.0,5200.0,0.828,5200.0,24.834738164201514,5200.0,12.269021389155165,5200.0,0.0,5200.0,0.0,5200.0,24.831880004163803,5200.0,12.195824171710925,5200.0,0.0,5200.0,0.04000000799999998,5200.0,21.20737773235155,5200.0,0.7019656150737905,5200.0,0.0,5200.0,0.0,5200.0,25.867540947461986,5200.0,8.455503111730026,5200.0,0.14900000000000002,5200.0,0.0,5200.0,25.864872309177574,5200.0,8.614266295231662,5200.0,0.14899999999999997,5200.0,0.14899999999999997,5200.0,25.275559712717868,5200.0,7.976921012867499,5200.0,0.0,5200.0,0.0,5200.0,23.946697668505088,5200.0,26.789594357873774,5200.0,0.0,5200.0,0.0,5200.0,47.8340209163654,5200.0,25.055783117523536,5200.0,0.50200004,5200.0,0.50200004
5400.0,23.896419230062897,5400.0,32.65390477478985,5400.0,0.0,5400.0,0.0,5400.0,22.844650720829556,5400.0,7.368748619470649,5400.0,0.0,5400.0,0.0,5400.0,24.6846038195632,5400.0,12.873086400452285,5400.0,0.0,5400.0,0.828,5400.0,24.827842587342303,5400.0,12.562804922755006,5400.0,0.0,5400.0,0.0,5400.0,24.824956444369764,5400.0,12.486719936679266,5400.0,0.0,5400.0,0.04000000799999998,5400.0,21.193463352470168,5400.0,1.0059471588374753,5400.0,0.0,5400.0,0.0,5400.0,25.867141986495643,5400.0,8.459343456088359,5400.0,0.14900000000000002,5400.0,0.0,5400.0,25.864339183934796,5400.0,8.618016210046317,5400.0,0.14899999999999997,5400.0,0.14899999999999997,5400.0,25.2750644343311,5400.0,7.995705202614614,5400.0,0.0,5400.0,0.0,5400.0,23.890098238353186,5400.0,33.08355447209346,5400.0,0.0,5400.0,0.0,5400.0,47.82471457624115,5400.0,25.07790789527866,5400.0,0.50200004,5400.0,0.50200004
5600.0,23.803555466149163,5600.0,30.574147379010967,5600.0,0.0,5600.0,0.0,5600.0,22.798820700641823,5600.0,7.593371476511262,5600.0,0.0,5600.0,0.0,5600.0,24.671805246512626,5600.0,13.18831128667335,5600.0,0.0,5600.0,0.828,5600.0,24.814938822577396,5600.0,12.91231274617243,5600.0,0.0,5600.0,0.0,5600.0,24.81197108936473,5600.0,12.83859723669272,5600.0,0.0,5600.0,0.04000000799999998,5600.0,21.170968156542678,5600.0,1.3995024535279557,5600.0,0.0,5600.0,0.0,5600.0,25.86641763868246,5600.0,8.468998359312824,5600.0,0.14900000000000002,5600.0,0.0,5600.0,25.863394390747825,5600.0,8.628321696053872,5600.0,0.14899999999999997,5600.0,0.14899999999999997,5600.0,25.274355729332093,5600.0,8.023332415568769,5600.0,0.0,5600.0,0.0,5600.0,23.796465858731406,5600.0,30.12307764870302,5600.0,0.0,5600.0,0.0,5600.0,47.80580598742084,5600.0,25.139456980169307,5600.0,0.50200004,5600.0,0.50200004
5800.0,23.718105549294073,5800.0,28.170129812716645,5800.0,0.0,5800.0,0.0,5800.0,22.761372148152773,5800.0,7.841833654144986,5800.0,0.0,5800.0,0.0,5800.0,24.658104698030733,5800.0,13.526551384370933,5800.0,0.0,5800.0,0.828,5800.0,24.80345180773139,5800.0,13.269688449187369,5800.0,0.0,5800.0,0.0,5800.0,24.800472254724177,5800.0,13.196718397613884,5800.0,0.0,5800.0,0.04000000799999998,5800.0,21.155537213287044,5800.0,1.8169464688024743,5800.0,0.0,5800.0,0.0,5800.0,25.865803633510748,5800.0,8.484898942150293,5800.0,0.14900000000000002,5800.0,0.0,5800.0,25.86262787170736,5800.0,8.645857708931477,5800.0,0.14899999999999997,5800.0,0.14899999999999997,5800.0,25.273930046744603,5800.0,8.057702693866217,5800.0,0.0,5800.0,0.0,5800.0,23.711784052555757,5800.0,28.431072150307866,5800.0,0.0,5800.0,0.0,5800.0,47.78767005901498,5800.0,25.24606551588868,5800.0,0.50200004,5800.0,0.50200004
6000.0,23.644834187630295,6000.0,34.60883868621993,6000.0,0.0,6000.0,0.0,6000.0,22.72871547106331,6000.0,8.218087993674008,6000.0,0.0,6000.0,0.0,6000.0,24.645325204333197,6000.0,13.888965975204053,6000.0,0.0,6000.0,0.828,6000.0,24.792621515626603,6000.0,13.645978949108246,6000.0,0.0,6000.0,0.0,6000.0,24.789624243424186,6000.0,13.572838152326193,6000.0,0.0,6000.0,0.04000000799999998,6000.0,21.1445585132003,6000.0,2.2667526846065766,6000.0,0.0,6000.0,0.0,6000.0,25.86524610718956,6000.0,8.50842936548714,6000.0,0.14900000000000002,6000.0,0.0,6000.0,25.86196630568434,6000.0,8.67199197800918,6000.0,0.14899999999999997,6000.0,0.14899999999999997,6000.0,25.273649719268946,6000.0,8.100219662019231,6000.0,0.0,6000.0,0.0,6000.0,23.637976572175294,6000.0,34.234417069714596,6000.0,0.0,6000.0,0.0,6000.0,47.769598304193025,6000.0,25.39422974459956,6000.0,0.50200004,6000.0,0.50200004
6200.0,23.572281705939233,6200.0,27.804857725498472,6200.0,0.0,6200.0,0.0,6200.0,22.69981810984662,6200.0,8.457871046602346,6200.0,0.0,6200.0,0.0,6200.0,24.63291872058188,6200.0,14.24921329861372,6200.0,0.0,6200.0,0.828,6200.0,24.782090568607735,6200.0,14.000048548366435,6200.0,0.0,6200.0,0.0,6200.0,24.779087388653206,6200.0,13.926263664253135,6200.0,0.0,6200.0,0.04000000799999998,6200.0,21.13645826998453,6200.0,2.6762916139132056,6200.0,0.0,6200.0,0.0,6200.0,25.864718348002064,6200.0,8.535689462979914,6200.0,0.14900000000000002,6200.0,0.0,6200.0,25.861376522988497,6200.0,8.702127490442573,6200.0,0.14899999999999997,6200.0,0.14899999999999997,6200.0,25.273452834752042,6200.0,8.143590621683291,6200.0,0.0,6200.0,0.0,6200.0,23.565751302039416,6200.0,27.544819667663806,6200.0,0.0,6200.0,0.0,6200.0,47.75119974541703,6200.0,25.56158751632001,6200.0,0.50200004,6200.0,0.50200004
6400.0,23.49255706663581,6400.0,33.33362198944988,6400.0,0.0,6400.0,0.0,6400.0,22.671368555670224,6400.0,8.820172411966574,6400.0,0.0,6400.0,0.0,6400.0,24.619822037617215,6400.0,14.537021263140605,6400.0,0.0,6400.0,0.828,6400.0,24.76946063143822,6400.0,14.218273668243206,6400.0,0.0,6400.0,0.0,6400.0,24.766434847000273,6400.0,14.142950223385736,6400.0,0.0,6400.0,0.04000000799999998,6400.0,21.129134671736605,6400.0,2.8965538922214487,6400.0,0.0,6400.0,0.0,6400.0,25.864093301186244,6400.0,8.55219972803742,6400.0,0.14900000000000002,6400.0,0.0,6400.0,25.86073167284644,6400.0,8.720287651152399,6400.0,0.14899999999999997,6400.0,0.14899999999999997,6400.0,25.273278665201328,6400.0,8.168085901604478,6400.0,0.0,6400.0,0.0,6400.0,23.485944032054665,6400.0,33.77408996164033,6400.0,0.0,6400.0,0.0,6400.0,47.72798199608757,6400.0,25.669294315649676,6400.0,0.50200004,6400.0,0.50200004
6600.0,23.438660477080603,6600.0,31.205936863646507,6600.0,0.0,6600.0,0.0,6600.0,22.653612285878975,6600.0,9.08998985420305,6600.0,0.0,6600.0,0.0,6600.0,24.608876165120567,6600.0,14.856820987129122,6600.0,0.0,6600.0,0.828,6600.0,24.762574499393768,6600.0,14.598409242559988,6600.0,0.0,6600.0,0.0,6600.0,24.75959011801582,6600.0,14.52440253001917,6600.0,0.0,6600.0,0.04000000799999998,6600.0,21.12612205704869,6600.0,3.3102223081416717,6600.0,0.0,6600.0,0.0,6600.0,25.863760435217703,6600.0,8.589188656966332,6600.0,0.14900000000000002,6600.0,0.0,6600.0,25.860414642117156,6600.0,8.76063780580376,6600.0,0.14899999999999997,6600.0,0.14899999999999997,6600.0,25.273208661734827,6600.0,8.219314866976918,6600.0,0.0,6600.0,0.0,6600.0,23.43424365712018,6600.0,30.77138470725118,6600.0,0.0,6600.0,0.0,6600.0,47.71504368996098,6600.0,25.905486577707727,6600.0,0.50200004,6600.0,0.50200004
6800.0,23.400006919577613,6800.0,28.690618064638485,6800.0,0.0,6800.0,0.0,6800.0,22.63728180315676,6800.0,9.350902661829123,6800.0,0.0,6800.0,0.0,6800.0,24.60064978880447,6800.0,15.17321386553473,6800.0,0.0,6800.0,0.828,6800.0,24.75646972006523,6800.0,14.870078266787607,6800.0,0.0,6800.0,0.0,6800.0,24.75350905877322,6800.0,14.793805863594509,6800.0,0.0,6800.0,0.04000000799999998,6800.0,21.12382930381625,6800.0,3.5754547318280188,6800.0,0.0,6800.0,0.0,6800.0,25.863470378605992,6800.0,8.61710015879674,6800.0,0.14900000000000002,6800.0,0.0,6800.0,25.860151214410084,6800.0,8.79076618097454,6800.0,0.14899999999999997,6800.0,0.14899999999999997,6800.0,25.27315198305831,6800.0,8.255794842098238,6800.0,0.0,6800.0,0.0,6800.0,23.39531028196628,6800.0,28.941916757344377,6800.0,0.0,6800.0,0.0,6800.0,47.703436939453226,6800.0,26.07797458875186,6800.0,0.50200004,6800.0,0.50200004
7000.0,23.37284615505483,7000.0,35.2841278662052,7000.0,0.0,7000.0,0.0,7000.0,22.627536150672153,7000.0,9.702903194059365,7000.0,0.0,7000.0,0.0,7000.0,24.59466309639571,7000.0,15.455811954043066,7000.0,0.0,7000.0,0.828,7000.0,24.75298235426303,7000.0,15.163660424528542,7000.0,0.0,7000.0,0.0,7000.0,24.750044308475527,7000.0,15.08875825937921,7000.0,0.0,7000.0,0.04000000799999998,7000.0,21.12261530996243,7000.0,3.8448808235489267,7000.0,0.0,7000.0,0.0,7000.0,25.863302913504405,7000.0,8.647837993366007,7000.0,0.14900000000000002,7000.0,0.0,7000.0,25.860004754907226,7000.0,8.823569814907117,7000.0,0.14899999999999997,7000.0,0.14899999999999997,7000.0,25.273119335068557,7000.0,8.294469142237128,7000.0,0.0,7000.0,0.0,7000.0,23.36895351826786,7000.0,34.93657707901947,7000.0,0.0,7000.0,0.0,7000.0,47.69668418319663,7000.0,26.269659995883323,7000.0,0.50200004,7000.0,0.50200004
7200.0,23.185558866624667,7200.0,28.567258844851885,7200.0,0.0,7200.0,0.0,7200.0,22.587774294766845,7200.0,9.91564932495282,7200.0,0.0,7200.0,0.0,7200.0,24.561020995009972,7200.0,15.785265213540635,7200.0,0.0,7200.0,0.828,7200.0,24.689396020790483,7200.0,15.538846658159423,7200.0,0.0,7200.0,0.0,7200.0,24.686047333296234,7200.0,15.46497602748713,7200.0,0.0,7200.0,0.04000000799999998,7200.0,21.049078674080405,7200.0,4.141485142252646,7200.0,0.0,7200.0,0.0,7200.0,25.858350041966226,7200.0,8.69327692141591,7200.0,0.14900000000000002,7200.0,0.0,7200.0,25.85551907557954,7200.0,8.870808129244859,7200.0,0.14899999999999997,7200.0,0.14899999999999997,7200.0,25.26498428811386,7200.0,8.343648106483066,7200.0,0.0,7200.0,0.0,7200.0,23.177324036414014,7200.0,28.307097863149814,7200.0,0.0,7200.0,0.0,7200.0,47.52075267564483,7200.0,26.558623622358997,7200.0,0.50200004,7200.0,0.50200004
7400.0,23.022284762599906,7400.0,34.43816476305401,7400.0,0.0,7400.0,0.0,7400.0,22.516878877914714,7400.0,10.260205839752457,7400.0,0.0,7400.0,0.0,7400.0,24.509103537387393,7400.0,16.136994595825122,7400.0,0.0,7400.0,0.828,7400.0,24.62860992344032,7400.0,15.907403228981854,7400.0,0.0,7400.0,0.0,7400.0,24.625032139645736,7400.0,15.83357086242953,7400.0,0.0,7400.0,0.04000000799999998,7400.0,20.75597231185529,7400.0,4.184227581997286,7400.0,0.0,7400.0,0.0,7400.0,25.84793042261514,7400.0,8.735823483316414,7400.0,0.14900000000000002,7400.0,0.0,7400.0,25.845653037116726,7400.0,8.91378776556597,7400.0,0.14899999999999997,7400.0,0.14899999999999997,7400.0,25.235519203099553,7400.0,8.374015649197478,7400.0,0.0,7400.0,0.0,7400.0,23.015350347869724,7400.0,34.894698681634296,7400.0,0.0,7400.0,0.0,7400.0,47.32725210620741,7400.0,26.848911885037978,7400.0,0.50200004,7400.0,0.50200004
7600.0,22.882225359160792,7600.0,32.332190223892205,7600.0,0.0,7600.0,0.0,7600.0,22.391102985265647,7600.0,10.43978165264009,7600.0,0.0,7600.0,0.0,7600.0,24.449699812201878,7600.0,16.494422241166948,7600.0,0.0,7600.0,0.828,7600.0,24.567577060759607,7600.0,16.272460098841158,7600.0,0.0,7600.0,0.0,7600.0,24.5637551340693,7600.0,16.198730811097494,7600.0,0.0,7600.0,0.04000000799999998,7600.0,20.34196267374069,7600.0,4.073045623195234,7600.0,0.0,7600.0,0.0,7600.0,25.829101075361613,7600.0,8.772071318726216,7600.0,0.14900000000000002,7600.0,0.0,7600.0,25.827742531191287,7600.0,8.950025505853203,7600.0,0.14899999999999997,7600.0,0.14899999999999997,7600.0,25.190822948493654,7600.0,8.39095467137335,7600.0,0.0,7600.0,0.0,7600.0,22.8761389928664,7600.0,31.900197780473334,7600.0,0.0,7600.0,0.0,7600.0,47.12689233793038,7600.0,27.129724659339757,7600.0,0.50200004,7600.0,0.50200004
7800.0,22.750408496919896,7800.0,26.819268952220934,7800.0,0.0,7800.0,0.0,7800.0,22.2141662319494,7800.0,10.493515285960433,7800.0,0.0,7800.0,0.0,7800.0,24.384833266021843,7800.0,16.841257529434817,7800.0,0.0,7800.0,0.828,7800.0,24.505965621464714,7800.0,16.630723563784,7800.0,0.0,7800.0,0.0,7800.0,24.501912651588814,7800.0,16.55681706899722,7800.0,0.0,7800.0,0.04000000799999998,7800.0,19.86544778573558,7800.0,3.857707033554109,7800.0,0.0,7800.0,0.0,7800.0,25.80195413247923,7800.0,8.800691251353907,7800.0,0.14900000000000002,7800.0,0.0,7800.0,25.801582404629972,7800.0,8.978384022816124,7800.0,0.14899999999999997,7800.0,0.14899999999999997,7800.0,25.136977015477687,7800.0,8.398197139707818,7800.0,0.0,7800.0,0.0,7800.0,22.74475179459849,7800.0,26.56700634535655,7800.0,0.0,7800.0,0.0,7800.0,46.920837443516675,7800.0,27.3913254630943,7800.0,0.50200004,7800.0,0.50200004
8000.0,22.64092782248217,8000.0,33.38599130296273,8000.0,0.0,8000.0,0.0,8000.0,22.02187193248727,8000.0,10.6627781019288,8000.0,0.0,8000.0,0.0,8000.0,24.327099573493303,8000.0,17.179209484922776,8000.0,0.0,8000.0,0.828,8000.0,24.4664701766303,8000.0,16.98164389899393,8000.0,0.0,8000.0,0.0,8000.0,24.462414522870624,8000.0,16.907139529997632,8000.0,0.0,8000.0,0.04000000799999998,8000.0,19.583104156492634,8000.0,3.568379394478317,8000.0,0.0,8000.0,0.0,8000.0,25.784124286252915,8000.0,8.821378081476091,8000.0,0.14900000000000002,8000.0,0.0,8000.0,25.784168185308115,8000.0,8.998514544062497,8000.0,0.14899999999999997,8000.0,0.14899999999999997,8000.0,25.105006449699083,8000.0,8.397466848333119,8000.0,0.0,8000.0,0.0,8000.0,22.636102340156185,8000.0,33.85615125324325,8000.0,0.0,8000.0,0.0,8000.0,46.803634572674675,8000.0,27.60562396920565,8000.0,0.50200004,8000.0,0.50200004
8200.0,22.529617557388494,8200.0,31.797139356584587,8200.0,0.0,8200.0,0.0,8200.0,21.835823327744443,8200.0,10.689869468854287,8200.0,0.0,8200.0,0.0,8200.0,24.276187850593608,8200.0,17.490925365553103,8200.0,0.0,8200.0,0.828,8200.0,24.427962910800556,8200.0,17.29178318896147,8200.0,0.0,8200.0,0.0,8200.0,24.423753837499827,8200.0,17.217831322810348,8200.0,0.0,8200.0,0.04000000799999998,8200.0,19.314528432134715,8200.0,3.269514075408796,8200.0,0.0,8200.0,0.0,8200.0,25.766198136698307,8200.0,8.832931216566717,8200.0,0.14900000000000002,8200.0,0.0,8200.0,25.766535248348436,8200.0,9.009294728796837,8200.0,0.14899999999999997,8200.0,0.14899999999999997,8200.0,25.07454606582757,8200.0,8.39098948347425,8200.0,0.0,8200.0,0.0,8200.0,22.524233850720936,8200.0,31.36674069787052,8200.0,0.0,8200.0,0.0,8200.0,46.692387325458924,8200.0,27.746903902958802,8200.0,0.50200004,8200.0,0.50200004
8400.0,22.405662823497757,8400.0,26.640573808854047,8400.0,0.0,8400.0,0.0,8400.0,21.65115581263377,8400.0,10.620637652499324,8400.0,0.0,8400.0,0.0,8400.0,24.225819026483293,8400.0,17.78216670903666,8400.0,0.0,8400.0,0.828,8400.0,24.386435739545128,8400.0,17.585714201064903,8400.0,0.0,8400.0,0.0,8400.0,24.382017726088737,8400.0,17.51073168930035,8400.0,0.0,8400.0,0.04000000799999998,8400.0,19.03156031215489,8400.0,2.9611847230134005,8400.0,0.0,8400.0,0.0,8400.0,25.745941750266933,8400.0,8.838703357362096,8400.0,0.14900000000000002,8400.0,0.0,8400.0,25.74645060244419,8400.0,9.014065418454718,8400.0,0.14899999999999997,8400.0,0.14899999999999997,8400.0,25.04161056038931,8400.0,8.380179099375274,8400.0,0.0,8400.0,0.0,8400.0,22.39967649313958,8400.0,26.396246124408474,8400.0,0.0,8400.0,0.0,8400.0,46.5715334497038,8400.0,27.852238709704203,8400.0,0.50200004,8400.0,0.50200004
8600.0,22.270897699354318,8600.0,33.28367091176356,8600.0,0.0,8600.0,0.0,8600.0,21.4649698900016,8600.0,10.692359168634358,8600.0,0.0,8600.0,0.0,8600.0,24.173637298908396,8600.0,18.07714472656453,8600.0,0.0,8600.0,0.828,8600.0,24.34236449658681,8600.0,17.91575017851645,8600.0,0.0,8600.0,0.0,8600.0,24.337728867387035,8600.0,17.840092124239238,8600.0,0.0,8600.0,0.04000000799999998,8600.0,18.739112603979954,8600.0,2.5651513713561243,8600.0,0.0,8600.0,0.0,8600.0,25.7235376951781,8600.0,8.839391347921486,8600.0,0.14900000000000002,8600.0,0.0,8600.0,25.724054422210365,8600.0,9.013198871060444,8600.0,0.14899999999999997,8600.0,0.14899999999999997,8600.0,25.00653825129958,8600.0,8.361381184821722,8600.0,0.0,8600.0,0.0,8600.0,22.26446902803569,8600.0,33.75719698117392,8600.0,0.0,8600.0,0.0,8600.0,46.44142919897092,8600.0,27.930275328718274,8600.0,0.50200004,8600.0,0.50200004
8800.0,22.130306617965612,8800.0,31.581592849190965,8800.0,0.0,8800.0,0.0,8800.0,21.278073862774345,8800.0,10.63647527627084,8800.0,0.0,8800.0,0.0,8800.0,24.120076664003786,8800.0,18.37703355896973,8800.0,0.0,8800.0,0.828,8800.0,24.297815789591542,8800.0,18.236397253857437,8800.0,0.0,8800.0,0.0,8800.0,24.292973567326108,8800.0,18.160388624006668,8800.0,0.0,8800.0,0.04000000799999998,8800.0,18.453914755705696,8800.0,2.1519552907062174,8800.0,0.0,8800.0,0.0,8800.0,25.700330542826865,8800.0,8.833301688001157,8800.0,0.14900000000000002,8800.0,0.0,8800.0,25.700680177930973,8800.0,9.005241043185038,8800.0,0.14899999999999997,8800.0,0.14899999999999997,8800.0,24.97134575940039,8800.0,8.336598602340517,8800.0,0.0,8800.0,0.0,8800.0,22.123563320256558,8800.0,31.16346126749533,8800.0,0.0,8800.0,0.0,8800.0,46.308918303930625,8800.0,27.946912417110063,8800.0,0.50200004,8800.0,0.50200004
9000.0,21.982692855472642,9000.0,29.470330600602853,9000.0,0.0,9000.0,0.0,9000.0,21.090712381160863,9000.0,10.559727153506728,9000.0,0.0,9000.0,0.0,9000.0,24.065151549225664,9000.0,18.633894415105,9000.0,0.0,9000.0,0.828,9000.0,24.251578307387053,9000.0,18.467127071059103,9000.0,0.0,9000.0,0.0,9000.0,24.246514358902036,9000.0,18.38897322136097,9000.0,0.0,9000.0,0.04000000799999998,9000.0,18.167867202338734,9000.0,1.8622246494136454,9000.0,0.0,9000.0,0.0,9000.0,25.67573502424263,9000.0,8.825473904177825,9000.0,0.14900000000000002,9000.0,0.0,9000.0,25.67575127111743,9000.0,8.996020615262372,9000.0,0.14899999999999997,9000.0,0.14899999999999997,9000.0,24.93504252333086,9000.0,8.316548478803305,9000.0,0.0,9000.0,0.0,9000.0,21.975515975421175,9000.0,29.735663885358026,9000.0,0.0,9000.0,0.0,9000.0,46.170015594757395,9000.0,27.930648127639838,9000.0,0.50200004,9000.0,0.50200004
9200.0,21.83099559605579,9200.0,35.947679114461906,9200.0,0.0,9200.0,0.0,9200.0,20.90369715833044,9200.0,10.587242483898175,9200.0,0.0,9200.0,0.0,9200.0,24.009207733452072,9200.0,18.850887988316,9200.0,0.0,9200.0,0.828,9200.0,24.20565700106829,9200.0,18.704772910574466,9200.0,0.0,9200.0,0.0,9200.0,24.20043967595689,9200.0,18.62834175542675,9200.0,0.0,9200.0,0.04000000799999998,9200.0,17.895768132171032,9200.0,1.5433825014259561,9200.0,0.0,9200.0,0.0,9200.0,25.651129744593522,9200.0,8.814194359041755,9200.0,0.14900000000000002,9200.0,0.0,9200.0,25.650757387420743,9200.0,8.983323738215867,9200.0,0.14899999999999997,9200.0,0.14899999999999997,9200.0,24.899887643413596,9200.0,8.29377222955296,9200.0,0.0,9200.0,0.0,9200.0,21.82398082042927,9200.0,35.594770531718964,9200.0,0.0,9200.0,0.0,9200.0,46.03168741138203,9200.0,27.894789867775902,9200.0,0.50200004,9200.0,0.50200004
9400.0,21.621355030295216,9400.0,29.269925916171832,9400.0,0.0,9400.0,0.0,9400.0,20.69833767321497,9400.0,10.479820006754894,9400.0,0.0,9400.0,0.0,9400.0,23.93261451070082,9400.0,19.106812670695234,9400.0,0.0,9400.0,0.828,9400.0,24.119496311791263,9400.0,19.003833674057745,9400.0,0.0,9400.0,0.0,9400.0,24.11399202113617,9400.0,18.926894186788488,9400.0,0.0,9400.0,0.04000000799999998,9400.0,17.489888012841497,9400.0,1.342239341117185,9400.0,0.0,9400.0,0.0,9400.0,25.598093994123285,9400.0,8.797643421899586,9400.0,0.14900000000000002,9400.0,0.0,9400.0,25.59759842552335,9400.0,8.965738303889584,9400.0,0.14899999999999997,9400.0,0.14899999999999997,9400.0,24.838424399969842,9400.0,8.277427394404711,9400.0,0.0,9400.0,0.0,9400.0,21.61317549557098,9400.0,29.01222473080818,9400.0,0.0,9400.0,0.0,9400.0,45.72295276116946,9400.0,27.802926275156505,9400.0,0.50200004,9400.0,0.50200004
9600.0,21.50513106989712,9600.0,27.919475610179756,9600.0,0.0,9600.0,0.0,9600.0,20.544226019010726,9600.0,10.431740699147044,9600.0,0.0,9600.0,0.0,9600.0,23.871684145747118,9600.0,19.341648642774334,9600.0,0.0,9600.0,0.828,9600.0,24.091498110920636,9600.0,19.21970537211409,9600.0,0.0,9600.0,0.0,9600.0,24.086115478779,9600.0,19.140043746989445,9600.0,0.0,9600.0,0.04000000799999998,9600.0,17.43916463752022,9600.0,1.3713415553590056,9600.0,0.0,9600.0,0.0,9600.0,25.584751283489002,9600.0,8.787747262812456,9600.0,0.14900000000000002,9600.0,0.0,9600.0,25.584127262303717,9600.0,8.954970965971397,9600.0,0.14899999999999997,9600.0,0.14899999999999997,9600.0,24.82520905709946,9600.0,8.275136172415424,9600.0,0.0,9600.0,0.0,9600.0,21.50054433245711,9600.0,28.252434332837694,9600.0,0.0,9600.0,0.0,9600.0,45.63812290838377,9600.0,27.711244186910402,9600.0,0.50200004,9600.0,0.50200004
9800.0,21.44344135904507,9800.0,35.07200753312142,9800.0,0.0,9800.0,0.0,9800.0,20.452482887360155,9800.0,10.536203616306244,9800.0,0.0,9800.0,0.0,9800.0,23.835657383956033,9800.0,19.543663207614316,9800.0,0.0,9800.0,0.828,9800.0,24.076167870266218,9800.0,19.434650472842012,9800.0,0.0,9800.0,0.0,9800.0,24.07084447663479,9800.0,19.35531585680442,9800.0,0.0,9800.0,0.04000000799999998,9800.0,17.416231596615642,9800.0,1.4482972331748039,9800.0,0.0,9800.0,0.0,9800.0,25.578096382987997,9800.0,8.780484049581327,9800.0,0.14900000000000002,9800.0,0.0,9800.0,25.577396107001675,9800.0,8.946643051411831,9800.0,0.14899999999999997,9800.0,0.14899999999999997,9800.0,24.81882365554632,9800.0,8.277507553299772,9800.0,0.0,9800.0,0.0,9800.0,21.437605067324494,9800.0,34.759959795919784,9800.0,0.0,9800.0,0.0,9800.0,45.59471599048028,9800.0,27.616111584001306,9800.0,0.50200004,9800.0,0.50200004
10000.0,21.36623429147255,10000.0,28.624132008668305,10000.0,0.0,10000.0,0.0,10000.0,20.369851556468447,10000.0,10.543397324577127,10000.0,0.0,10000.0,0.0,10000.0,23.80754015099734,10000.0,19.777028416265296,10000.0,0.0,10000.0,0.828,10000.0,24.061013798579083,10000.0,19.71466314584708,10000.0,0.0,10000.0,0.0,10000.0,24.05572050843107,10000.0,19.636007026767427,10000.0,0.0,10000.0,0.04000000799999998,10000.0,17.3962897696781,10000.0,1.6202131744415447,10000.0,0.0,10000.0,0.0,10000.0,25.571782762455587,10000.0,8.774697145320454,10000.0,0.14900000000000002,10000.0,0.0,10000.0,25.57099313011069,10000.0,8.938924461062033,10000.0,0.14899999999999997,10000.0,0.14899999999999997,10000.0,24.812879811634584,10000.0,8.287572458298918,10000.0,0.0,10000.0,0.0,10000.0,21.36205958251556,10000.0,28.379444853138484,10000.0,0.0,10000.0,0.0,10000.0,45.55281811547309,10000.0,27.484549835249613,10000.0,0.50200004,10000.0,0.50200004
10200.0,21.294034184648083,10200.0,34.63858456882649,10200.0,0.0,10200.0,0.0,10200.0,20.294278028782568,10200.0,10.74993352911676,10200.0,0.0,10200.0,0.0,10200.0,23.784409137748796,10200.0,20.028333128074784,10200.0,0.0,10200.0,0.828,10200.0,24.04474982991734,10200.0,19.986432635407986,10200.0,0.0,10200.0,0.0,10200.0,24.039410336156877,10200.0,19.907703592036505,10200.0,0.0,10200.0,0.04000000799999998,10200.0,17.37703879950942,10200.0,1.8570479613944921,10200.0,0.0,10200.0,0.0,10200.0,25.565227533990093,10200.0,8.775509915293636,10200.0,0.14900000000000002,10200.0,0.0,10200.0,25.564325643195623,10200.0,8.937679927682797,10200.0,0.14899999999999997,10200.0,0.14899999999999997,10200.0,24.80682678617727,10200.0,8.304988451479403,10200.0,0.0,10200.0,0.0,10200.0,21.288429861055512,10200.0,35.1028161088869,10200.0,0.0,10200.0,0.0,10200.0,45.50853455427025,10200.0,27.36481643528833,10200.0,0.50200004,10200.0,0.50200004
10400.0,21.211534411415297,10400.0,32.72873418989862,10400.0,0.0,10400.0,0.0,10400.0,20.22689531993,10400.0,10.875322982094364,10400.0,0.0,10400.0,0.0,10400.0,23.76223828594315,10400.0,20.27289839457383,10400.0,0.0,10400.0,0.828,10400.0,24.026768583843392,10400.0,20.23096505533553,10400.0,0.0,10400.0,0.0,10400.0,24.021355460907582,10400.0,20.152977387521666,10400.0,0.0,10400.0,0.04000000799999998,10400.0,17.358060094297745,10400.0,2.115283158731623,10400.0,0.0,10400.0,0.0,10400.0,25.558151322859914,10400.0,8.781820388226079,10400.0,0.14900000000000002,10400.0,0.0,10400.0,25.557104785668393,10400.0,8.94235509894095,10400.0,0.14899999999999997,10400.0,0.14899999999999997,10400.0,24.800432639186276,10400.0,8.326295812424535,10400.0,0.0,10400.0,0.0,10400.0,21.20487547310295,10400.0,32.290436243297485,10400.0,0.0,10400.0,0.0,10400.0,45.45987555814111,10400.0,27.28222839396741,10400.0,0.50200004,10400.0,0.50200004
10600.0,21.128992478121802,10600.0,27.341705620867348,10600.0,0.0,10600.0,0.0,10600.0,20.170978839526956,10600.0,10.95537363101984,10600.0,0.0,10600.0,0.0,10600.0,23.740837257467305,10600.0,20.50828776725972,10600.0,0.0,10600.0,0.828,10600.0,24.010016891767265,10600.0,20.465518462340956,10600.0,0.0,10600.0,0.0,10600.0,24.00457656633757,10600.0,20.387065361031954,10600.0,0.0,10600.0,0.04000000799999998,10600.0,17.342704054826616,10600.0,2.396245371359574,10600.0,0.0,10600.0,0.0,10600.0,25.55173019628392,10600.0,8.792799650993897,10600.0,0.14900000000000002,10600.0,0.0,10600.0,25.55053418201556,10600.0,8.952065223850777,10600.0,0.14899999999999997,10600.0,0.14899999999999997,10600.0,24.794763890397707,10600.0,8.352025555141761,10600.0,0.0,10600.0,0.0,10600.0,21.122602760844927,10600.0,27.091349562569174,10600.0,0.0,10600.0,0.0,10600.0,45.41495240856905,10600.0,27.239965837900392,10600.0,0.50200004,10600.0,0.50200004
10800.0,21.05540438290231,10800.0,33.838357553910505,10800.0,0.0,10800.0,0.0,10800.0,20.125251216941045,10800.0,11.224776913162016,10800.0,0.0,10800.0,0.0,10800.0,23.721472112876537,10800.0,20.751679586294124,10800.0,0.0,10800.0,0.828,10800.0,23.995332706834905,10800.0,20.728082657386558,10800.0,0.0,10800.0,0.0,10800.0,23.98988550744747,10800.0,20.649424310573277,10800.0,0.0,10800.0,0.04000000799999998,10800.0,17.331117723601864,10800.0,2.7667830990510387,10800.0,0.0,10800.0,0.0,10800.0,25.546234762828345,10800.0,8.81208410199805,10800.0,0.14900000000000002,10800.0,0.0,10800.0,25.544902276789355,10800.0,8.97031398116956,10800.0,0.14899999999999997,10800.0,0.14899999999999997,10800.0,24.79001974685229,10800.0,8.389312685679535,10800.0,0.0,10800.0,0.0,10800.0,21.049384986081776,10800.0,34.30690874882987,10800.0,0.0,10800.0,0.0,10800.0,45.37592613214289,10800.0,27.22663717223504,10800.0,0.50200004,10800.0,0.50200004
11000.0,20.978324000374112,11000.0,32.05191779492493,11000.0,0.0,11000.0,0.0,11000.0,20.081833040556738,11000.0,11.417318582737238,11000.0,0.0,11000.0,0.0,11000.0,23.70273915111919,11000.0,21.00671721423742,11000.0,0.0,11000.0,0.828,11000.0,23.97899694430333,11000.0,20.98881001639402,11000.0,0.0,11000.0,0.0,11000.0,23.973517700961498,11000.0,20.910343524937872,11000.0,0.0,11000.0,0.04000000799999998,11000.0,17.320217646079954,11000.0,3.167821630057706,11000.0,0.0,11000.0,0.0,11000.0,25.54022448291935,11000.0,8.838006292527206,11000.0,0.14900000000000002,11000.0,0.0,11000.0,25.538747326416622,11000.0,8.995986844118034,11000.0,0.14899999999999997,11000.0,0.14899999999999997,11000.0,24.784939945067933,11000.0,8.433396514463688,11000.0,0.0,11000.0,0.0,11000.0,20.971920915836023,11000.0,31.631719229059662,11000.0,0.0,11000.0,0.0,11000.0,45.332630728581634,11000.0,27.248907769353398,11000.0,0.50200004,11000.0,0.50200004
11200.0,20.893283354017996,11200.0,26.925959612511853,11200.0,0.0,11200.0,0.0,11200.0,20.039695962993044,11200.0,11.558623879091042,11200.0,0.0,11200.0,0.0,11200.0,23.68307524723809,11200.0,21.2438790398269,11200.0,0.0,11200.0,0.828,11200.0,23.958167724425557,11200.0,21.21430076633972,11200.0,0.0,11200.0,0.0,11200.0,23.952567219659063,11200.0,21.135658036962923,11200.0,0.0,11200.0,0.04000000799999998,11200.0,17.309232179883264,11200.0,3.5195368879329996,11200.0,0.0,11200.0,0.0,11200.0,25.532596292116118,11200.0,8.864209434998129,11200.0,0.14900000000000002,11200.0,0.0,11200.0,25.53095361565869,11200.0,9.022733665910346,11200.0,0.14899999999999997,11200.0,0.14899999999999997,11200.0,24.778644581621446,11200.0,8.47457438465681,11200.0,0.0,11200.0,0.0,11200.0,20.88445737187704,11200.0,26.686551930931394,11200.0,0.0,11200.0,0.0,11200.0,45.276873779825635,11200.0,27.303335387061853,11200.0,0.50200004,11200.0,0.50200004
11400.0,20.77450869196001,11400.0,33.61422312914661,11400.0,0.0,11400.0,0.0,11400.0,19.99624445617694,11400.0,11.882510072518103,11400.0,0.0,11400.0,0.0,11400.0,23.65735111170565,11400.0,21.487548926752304,11400.0,0.0,11400.0,0.828,11400.0,23.93056101904639,11400.0,21.47235262542219,11400.0,0.0,11400.0,0.0,11400.0,23.924910251915804,11400.0,21.393675861544935,11400.0,0.0,11400.0,0.04000000799999998,11400.0,17.300365374339762,11400.0,3.9520161093156014,11400.0,0.0,11400.0,0.0,11400.0,25.52258216915706,11400.0,8.901476232601125,11400.0,0.14900000000000002,11400.0,0.0,11400.0,25.520769389466384,11400.0,9.06156334318103,11400.0,0.14899999999999997,11400.0,0.14899999999999997,11400.0,24.770591495567427,11400.0,8.529608990189859,11400.0,0.0,11400.0,0.0,11400.0,20.76646264463892,11400.0,34.09164228849875,11400.0,0.0,11400.0,0.0,11400.0,45.20241203238094,11400.0,27.405782785326274,11400.0,0.50200004,11400.0,0.50200004
11600.0,20.688552096714098,11600.0,31.975577016296068,11600.0,0.0,11600.0,0.0,11600.0,19.963213085487777,11600.0,12.123987655077434,11600.0,0.0,11600.0,0.0,11600.0,23.633860668871606,11600.0,21.743389805779845,11600.0,0.0,11600.0,0.828,11600.0,23.9102956066397,11600.0,21.73026295199492,11600.0,0.0,11600.0,0.0,11600.0,23.90466602840669,11600.0,21.651894563052213,11600.0,0.0,11600.0,0.04000000799999998,11600.0,17.298014690861145,11600.0,4.388011292448659,11600.0,0.0,11600.0,0.0,11600.0,25.515427339026846,11600.0,8.944505404360546,11600.0,0.14900000000000002,11600.0,0.0,11600.0,25.51353331952197,11600.0,9.107049600271395,11600.0,0.14899999999999997,11600.0,0.14899999999999997,11600.0,24.76495763690669,11600.0,8.589731018000563,11600.0,0.0,11600.0,0.0,11600.0,20.680804071814105,11600.0,31.562015012270084,11600.0,0.0,11600.0,0.0,11600.0,45.148456269238196,11600.0,27.540331093240592,11600.0,0.50200004,11600.0,0.50200004
11800.0,20.60528009919537,11800.0,26.980673051908845,11800.0,0.0,11800.0,0.0,11800.0,19.934721730022623,11800.0,12.30618256714161,11800.0,0.0,11800.0,0.0,11800.0,23.611844637872142,11800.0,21.981098661266206,11800.0,0.0,11800.0,0.828,11800.0,23.89220139865344,11800.0,21.952549064303135,11800.0,0.0,11800.0,0.0,11800.0,23.886631472325668,11800.0,21.874065837700567,11800.0,0.0,11800.0,0.04000000799999998,11800.0,17.298250504683004,11800.0,4.743094426664092,11800.0,0.0,11800.0,0.0,11800.0,25.509154924570765,11800.0,8.983555398292797,11800.0,0.14900000000000002,11800.0,0.0,11800.0,25.50722032786502,11800.0,9.148545290323653,11800.0,0.14899999999999997,11800.0,0.14899999999999997,11800.0,24.760072265900543,11800.0,8.641810905861346,11800.0,0.0,11800.0,0.0,11800.0,20.599750732895284,11800.0,26.747051949480802,11800.0,0.0,11800.0,0.0,11800.0,45.10068415532266,11800.0,27.682118132269547,11800.0,0.50200004,11800.0,0.50200004
12000.0,20.5267850629646,12000.0,33.559062340657924,12000.0,0.0,12000.0,0.0,12000.0,19.90665392653254,12000.0,12.630066766695832,12000.0,0.0,12000.0,0.0,12000.0,23.59112061545836,12000.0,22.18351672741926,12000.0,0.0,12000.0,0.828,12000.0,23.871743926190177,12000.0,22.142213795585093,12000.0,0.0,12000.0,0.0,12000.0,23.866174214838033,12000.0,22.064909207415855,12000.0,0.0,12000.0,0.04000000799999998,12000.0,17.3003648271941,12000.0,5.037772829249223,12000.0,0.0,12000.0,0.0,12000.0,25.50213895432847,12000.0,9.018801967624139,12000.0,0.14900000000000002,12000.0,0.0,12000.0,25.500197650310486,12000.0,9.186018730273284,12000.0,0.14899999999999997,12000.0,0.14899999999999997,12000.0,24.754641076832627,12000.0,8.68704554734953,12000.0,0.0,12000.0,0.0,12000.0,20.52068455197354,12000.0,34.05909635930097,12000.0,0.0,12000.0,0.0,12000.0,45.04675684492837,12000.0,27.824152325920686,12000.0,0.50200004,12000.0,0.50200004
12200.0,20.45273939459715,12200.0,32.08363981724167,12200.0,0.0,12200.0,0.0,12200.0,19.883221521721843,12200.0,12.879555802877018,12200.0,0.0,12200.0,0.0,12200.0,23.571057513418136,12200.0,22.42626996954537,12200.0,0.0,12200.0,0.828,12200.0,23.85357050288612,12200.0,22.40338541733007,12200.0,0.0,12200.0,0.0,12200.0,23.84803075916616,12200.0,22.32594613251635,12200.0,0.0,12200.0,0.04000000799999998,12200.0,17.303597765681364,12200.0,5.4280629881943545,12200.0,0.0,12200.0,0.0,12200.0,25.49598279358952,12200.0,9.073989691023469,12200.0,0.14900000000000002,12200.0,0.0,12200.0,25.494074769069407,12200.0,9.244599620624143,12200.0,0.14899999999999997,12200.0,0.14899999999999997,12200.0,24.749901435287075,12200.0,8.754817797482461,12200.0,0.0,12200.0,0.0,12200.0,20.447534370576875,12200.0,31.680090289964927,12200.0,0.0,12200.0,0.0,12200.0,44.9991304571481,12200.0,28.048728640330033,12200.0,0.50200004,12200.0,0.50200004
12400.0,20.404402226523647,12400.0,27.1028927135401,12400.0,0.0,12400.0,0.0,12400.0,19.867258512165478,12400.0,13.069555932769404,12400.0,0.0,12400.0,0.0,12400.0,23.55554266343665,12400.0,22.670653268124305,12400.0,0.0,12400.0,0.828,12400.0,23.84236724846671,12400.0,22.64235889029593,12400.0,0.0,12400.0,0.0,12400.0,23.83688661397295,12400.0,22.564086747723433,12400.0,0.0,12400.0,0.04000000799999998,12400.0,17.306094392767918,12400.0,5.756900896740508,12400.0,0.0,12400.0,0.0,12400.0,25.492242918757768,12400.0,9.126655721208984,12400.0,0.14900000000000002,12400.0,0.0,12400.0,25.490374150208254,12400.0,9.300205329415352,12400.0,0.14899999999999997,12400.0,0.14899999999999997,12400.0,24.747035916337833,12400.0,8.81720033465482,12400.0,0.0,12400.0,0.0,12400.0,20.400109459072723,12400.0,26.883909873222244,12400.0,0.0,12400.0,0.0,12400.0,44.970148339600144,12400.0,28.264355093750243,12400.0,0.50200004,12400.0,0.50200004
12600.0,20.369148282061584,12600.0,33.86729116417561,12600.0,0.0,12600.0,0.0,12600.0,19.854043597794995,12600.0,13.402300735345094,12600.0,0.0,12600.0,0.0,12600.0,23.544122953189365,12600.0,22.88465837246001,12600.0,0.0,12600.0,0.828,12600.0,23.83351617130938,12600.0,22.828052672255673,12600.0,0.0,12600.0,0.0,12600.0,23.828079413905993,12600.0,22.748902172660625,12600.0,0.0,12600.0,0.04000000799999998,12600.0,17.30825485856516,12600.0,5.984394067707283,12600.0,0.0,12600.0,0.0,12600.0,25.489307631678823,12600.0,9.165636853495197,12600.0,0.14900000000000002,12600.0,0.0,12600.0,25.487479069963594,12600.0,9.341074339157311,12600.0,0.14899999999999997,12600.0,0.14899999999999997,12600.0,24.744789468965003,12600.0,8.862334035450418,12600.0,0.0,12600.0,0.0,12600.0,20.36476694493379,12600.0,34.34981131066782,12600.0,0.0,12600.0,0.0,12600.0,44.94739500621485,12600.0,28.430385471639728,12600.0,0.50200004,12600.0,0.50200004
12800.0,20.2613193054272,12800.0,32.61628427099516,12800.0,0.0,12800.0,0.0,12800.0,19.828570806595067,12800.0,13.632596035348119,12800.0,0.0,12800.0,0.0,12800.0,23.515470884041296,12800.0,23.098255474494117,12800.0,0.0,12800.0,0.828,12800.0,23.770315753413826,12800.0,23.05684459997256,12800.0,0.0,12800.0,0.0,12800.0,23.763189175853643,12800.0,22.979308345702453,12800.0,0.0,12800.0,0.04000000799999998,12800.0,17.324220389101587,12800.0,6.258021562316188,12800.0,0.0,12800.0,0.0,12800.0,25.4621100732609,12800.0,9.217919713312664,12800.0,0.14900000000000002,12800.0,0.0,12800.0,25.46065290711792,12800.0,9.395282737794153,12800.0,0.14899999999999997,12800.0,0.14899999999999997,12800.0,24.72271483859405,12800.0,8.920334904186106,12800.0,0.0,12800.0,0.0,12800.0,20.246045483732523,12800.0,32.19926565263524,12800.0,0.0,12800.0,0.0,12800.0,44.737922855170055,12800.0,28.660616974051095,12800.0,0.50200004,12800.0,0.50200004
13000.0,20.049422593402024,13000.0,27.54640788875775,13000.0,0.0,13000.0,0.0,13000.0,19.78022831585051,13000.0,13.790251663738617,13000.0,0.0,13000.0,0.0,13000.0,23.434086797542484,13000.0,23.33934277351693,13000.0,0.0,13000.0,0.828,13000.0,23.657809052310036,13000.0,23.317090791475305,13000.0,0.0,13000.0,0.0,13000.0,23.65082974460514,13000.0,23.239551646723044,13000.0,0.0,13000.0,0.04000000799999998,13000.0,17.202282231235507,13000.0,6.402720453469607,13000.0,0.0,13000.0,0.0,13000.0,25.410322905470895,13000.0,9.27996848713295,13000.0,0.14900000000000002,13000.0,0.0,13000.0,25.409509153759874,13000.0,9.458128717196345,13000.0,0.14899999999999997,13000.0,0.14899999999999997,13000.0,24.667086793505295,13000.0,8.975433352945965,13000.0,0.0,13000.0,0.0,13000.0,20.040084485692166,13000.0,27.312336381293015,13000.0,0.0,13000.0,0.0,13000.0,44.36124574795541,13000.0,28.939210589217392,13000.0,0.50200004,13000.0,0.50200004
13200.0,19.88361902397981,13200.0,34.48818677565838,13200.0,0.0,13200.0,0.0,13200.0,19.688759857218383,13200.0,14.065926127020834,13200.0,0.0,13200.0,0.0,13200.0,23.336060575503716,13200.0,23.588320963820916,13200.0,0.0,13200.0,0.828,13200.0,23.54898411930344,13200.0,23.573642382884348,13200.0,0.0,13200.0,0.0,13200.0,23.54206500440498,13200.0,23.495639344230497,13200.0,0.0,13200.0,0.04000000799999998,13200.0,16.89390346702223,13200.0,6.329006057133577,13200.0,0.0,13200.0,0.0,13200.0,25.354326909822838,13200.0,9.336125337014234,13200.0,0.14900000000000002,13200.0,0.0,13200.0,25.354374589499994,13200.0,9.514252342048243,13200.0,0.14899999999999997,13200.0,0.14899999999999997,13200.0,24.594960275145514,13200.0,9.012964132860501,13200.0,0.0,13200.0,0.0,13200.0,19.876836215045067,13200.0,34.975951176941905,13200.0,0.0,13200.0,0.0,13200.0,44.01814011559743,13200.0,29.209952929026038,13200.0,0.50200004,13200.0,0.50200004
13400.0,19.738417089708793,13400.0,33.04076169325227,13400.0,0.0,13400.0,0.0,13400.0,19.545288273954075,13400.0,14.185897707512748,13400.0,0.0,13400.0,0.0,13400.0,23.23128053549236,13400.0,23.83983442254678,13400.0,0.0,13400.0,0.828,13400.0,23.440837607321082,13400.0,23.82826916318463,13400.0,0.0,13400.0,0.0,13400.0,23.433856223799626,13400.0,23.750131491499133,13400.0,0.0,13400.0,0.04000000799999998,13400.0,16.48971743287379,13400.0,6.133973745562906,13400.0,0.0,13400.0,0.0,13400.0,25.292079481760066,13400.0,9.384343872821548,13400.0,0.14900000000000002,13400.0,0.0,13400.0,25.29321036616358,13400.0,9.562170477030632,13400.0,0.14899999999999997,13400.0,0.14899999999999997,13400.0,24.512224484602186,13400.0,9.038634622504258,13400.0,0.0,13400.0,0.0,13400.0,19.73272741735929,13400.0,32.63609945138463,13400.0,0.0,13400.0,0.0,13400.0,43.70115088748072,13400.0,29.467994522327615,13400.0,0.50200004,13400.0,0.50200004
13600.0,19.60937343951815,13600.0,28.008542677438463,13600.0,0.0,13600.0,0.0,13600.0,19.36504361814982,13600.0,14.186481048193881,13600.0,0.0,13600.0,0.0,13600.0,23.12982368758012,13600.0,24.081002935959948,13600.0,0.0,13600.0,0.828,13600.0,23.353526311636546,13600.0,24.07744815434933,13600.0,0.0,13600.0,0.0,13600.0,23.347033863728758,13600.0,23.99901788765047,13600.0,0.0,13600.0,0.04000000799999998,13600.0,16.139261951399632,13600.0,5.852230508302218,13600.0,0.0,13600.0,0.0,13600.0,25.241128589531275,13600.0,9.423944176590679,13600.0,0.14900000000000002,13600.0,0.0,13600.0,25.24298267077449,13600.0,9.601219507458946,13600.0,0.14899999999999997,13600.0,0.14899999999999997,13600.0,24.445021177025584,13600.0,9.055001233481903,13600.0,0.0,13600.0,0.0,13600.0,19.605272651053156,13600.0,27.77845976401095,13600.0,0.0,13600.0,0.0,13600.0,43.47159589930545,13600.0,29.69095503867817,13600.0,0.50200004,13600.0,0.50200004
13800.0,19.500701190892283,13800.0,34.92521070646288,13800.0,0.0,13800.0,0.0,13800.0,19.18646022629371,13800.0,14.305966031488637,13800.0,0.0,13800.0,0.0,13800.0,23.04844756648756,13800.0,24.310031462511667,13800.0,0.0,13800.0,0.828,13800.0,23.29158392098589,13800.0,24.307148101141838,13800.0,0.0,13800.0,0.0,13800.0,23.285043933880093,13800.0,24.227547011697038,13800.0,0.0,13800.0,0.04000000799999998,13800.0,15.89534587704216,13800.0,5.53620923629267,13800.0,0.0,13800.0,0.0,13800.0,25.207769680881142,13800.0,9.45278818034716,13800.0,0.14900000000000002,13800.0,0.0,13800.0,25.209965221035084,13800.0,9.629277740894848,13800.0,0.14899999999999997,13800.0,0.14899999999999997,13800.0,24.401405935809603,13800.0,9.062869125102061,13800.0,0.0,13800.0,0.0,13800.0,19.496324961272506,13800.0,35.40920138805385,13800.0,0.0,13800.0,0.0,13800.0,43.328799545476336,13800.0,29.84804914503013,13800.0,0.50200004,13800.0,0.50200004
14000.0,19.384624937060465,14000.0,33.58360869193672,14000.0,0.0,14000.0,0.0,14000.0,19.01131153294658,14000.0,14.295894442804855,14000.0,0.0,14000.0,0.0,14000.0,22.975527609479954,14000.0,24.520534902977857,14000.0,0.0,14000.0,0.828,14000.0,23.22920641386525,14000.0,24.522542072864965,14000.0,0.0,14000.0,0.0,14000.0,23.222527529340777,14000.0,24.443511490639562,14000.0,0.0,14000.0,0.04000000799999998,14000.0,15.649107173924444,14000.0,5.198463834801454,14000.0,0.0,14000.0,0.0,14000.0,25.174046434329227,14000.0,9.473412390770706,14000.0,0.14900000000000002,14000.0,0.0,14000.0,25.176471342831466,14000.0,9.648875822148943,14000.0,0.14899999999999997,14000.0,0.14899999999999997,14000.0,24.357794775199473,14000.0,9.064423935634041,14000.0,0.0,14000.0,0.0,14000.0,19.37964765860523,14000.0,33.167892857080474,14000.0,0.0,14000.0,0.0,14000.0,43.188423908246754,14000.0,29.958779657538603,14000.0,0.50200004,14000.0,0.50200004
14200.0,19.25787846797422,14200.0,28.575875307704905,14200.0,0.0,14200.0,0.0,14200.0,18.835720212882073,14200.0,14.190991600493547,14200.0,0.0,14200.0,0.0,14200.0,22.903447334046174,14200.0,24.72200697318287,14200.0,0.0,14200.0,0.828,14200.0,23.16389363333526,14200.0,24.738048880736926,14200.0,0.0,14200.0,0.0,14200.0,23.157042014800282,14200.0,24.658926483982448,14200.0,0.0,14200.0,0.04000000799999998,14200.0,15.390075231187202,14200.0,4.826911111940338,14200.0,0.0,14200.0,0.0,14200.0,25.138136661343612,14200.0,9.488608439057966,14200.0,0.14900000000000002,14200.0,0.0,14200.0,25.140652138836913,14200.0,9.662714428690894,14200.0,0.14899999999999997,14200.0,0.14899999999999997,14200.0,24.311836837729555,14200.0,9.060499574961291,14200.0,0.0,14200.0,0.0,14200.0,19.252388250408202,14200.0,28.3319612773115,14200.0,0.0,14200.0,0.0,14200.0,43.041686593193916,14200.0,30.037116001264824,14200.0,0.50200004,14200.0,0.50200004
14400.0,19.12416850515224,14400.0,35.38923763611012,14400.0,0.0,14400.0,0.0,14400.0,18.658846836089754,14400.0,14.223909767997421,14400.0,0.0,14400.0,0.0,14400.0,22.83059556587782,14400.0,24.92666922669644,14400.0,0.0,14400.0,0.828,14400.0,23.098226042482434,14400.0,24.96306537061099,14400.0,0.0,14400.0,0.0,14400.0,23.09123604671018,14400.0,24.882979961582226,14400.0,0.0,14400.0,0.04000000799999998,14400.0,15.131017602169441,14400.0,4.399141439385157,14400.0,0.0,14400.0,0.0,14400.0,25.101657995562928,14400.0,9.498441486658745,14400.0,0.14900000000000002,14400.0,0.0,14400.0,25.104094996850563,14400.0,9.670724803345038,14400.0,0.14899999999999997,14400.0,0.14899999999999997,14400.0,24.265588602687238,14400.0,9.049884210622835,14400.0,0.0,14400.0,0.0,14400.0,19.118451972975656,14400.0,35.86953990388057,14400.0,0.0,14400.0,0.0,14400.0,42.89415722569421,14400.0,30.06626422206342,14400.0,0.50200004,14400.0,0.50200004
14600.0,18.98598571377178,14600.0,33.80735042588169,14600.0,0.0,14600.0,0.0,14600.0,18.481894214457498,14600.0,14.131627845572673,14600.0,0.0,14600.0,0.0,14600.0,22.75769977650183,14600.0,25.130641475712547,14600.0,0.0,14600.0,0.828,14600.0,23.032865597956498,14600.0,25.18109078563445,14600.0,0.0,14600.0,0.0,14600.0,23.025719500598598,14600.0,25.100540871830777,14600.0,0.0,14600.0,0.04000000799999998,14600.0,14.875897760878924,14600.0,3.956331891635103,14600.0,0.0,14600.0,0.0,14600.0,25.065168908625513,14600.0,9.501110363680224,14600.0,0.14900000000000002,14600.0,0.0,14600.0,25.06736531133907,14600.0,9.671328555087369,14600.0,0.14899999999999997,14600.0,0.14899999999999997,14600.0,24.21971825736404,14600.0,9.032946295385493,14600.0,0.0,14600.0,0.0,14600.0,18.97993605028792,14600.0,33.39717125042422,14600.0,0.0,14600.0,0.0,14600.0,42.74719317071719,14600.0,30.035311657658358,14600.0,0.50200004,14600.0,0.50200004
14800.0,18.841006649628493,14800.0,28.829072724083556,14800.0,0.0,14800.0,0.0,14800.0,18.30410059671625,14800.0,13.957250787049885,14800.0,0.0,14800.0,0.0,14800.0,22.683907162351257,14800.0,25.30864762397296,14800.0,0.0,14800.0,0.828,14800.0,22.965907063974875,14800.0,25.361202073278687,14800.0,0.0,14800.0,0.0,14800.0,22.958593208362526,14800.0,25.279942764719596,14800.0,0.0,14800.0,0.04000000799999998,14800.0,14.617359617846423,14800.0,3.584327236464047,14800.0,0.0,14800.0,0.0,14800.0,25.027487716561456,14800.0,9.498170491299877,14800.0,0.14900000000000002,14800.0,0.0,14800.0,25.02928463974183,14800.0,9.6665955364659,14800.0,0.14899999999999997,14800.0,0.14899999999999997,14800.0,24.172725616174045,14800.0,9.014659658983218,14800.0,0.0,14800.0,0.0,14800.0,18.834615187920882,14800.0,28.59665717098559,14800.0,0.0,14800.0,0.0,14800.0,42.59554394170234,14800.0,29.977017881255865,14800.0,0.50200004,14800.0,0.50200004
15000.0,18.67165470327448,15000.0,28.426217488331716,15000.0,0.0,15000.0,0.0,15000.0,18.118222239999366,15000.0,13.80714907406834,15000.0,0.0,15000.0,0.0,15000.0,22.5992869344255,15000.0,25.479370950598877,15000.0,0.0,15000.0,0.828,15000.0,22.86801181093738,15000.0,25.56116274795552,15000.0,0.0,15000.0,0.0,15000.0,22.859321345978454,15000.0,25.479443579296163,15000.0,0.0,15000.0,0.04000000799999998,15000.0,14.238398405890747,15000.0,3.194713990977735,15000.0,0.0,15000.0,0.0,15000.0,24.96517140493044,15000.0,9.490269149472933,15000.0,0.14900000000000002,15000.0,0.0,15000.0,24.966758770028886,15000.0,9.657188219607006,15000.0,0.14899999999999997,15000.0,0.14899999999999997,15000.0,24.101598768258654,15000.0,8.99605366803048,15000.0,0.0,15000.0,0.0,15000.0,18.66141848297132,15000.0,28.80567226312721,15000.0,0.0,15000.0,0.0,15000.0,42.342397373325916,15000.0,29.866708701129806,15000.0,0.50200004,15000.0,0.50200004
15200.0,18.49848853161923,15200.0,36.21584600185742,15200.0,0.0,15200.0,0.0,15200.0,17.93815066332764,15200.0,13.809631453817271,15200.0,0.0,15200.0,0.0,15200.0,22.500768209259917,15200.0,25.64536888194857,15200.0,0.0,15200.0,0.828,15200.0,22.789365190951372,15200.0,25.72905199621779,15200.0,0.0,15200.0,0.0,15200.0,22.781828404799434,15200.0,25.64601022143244,15200.0,0.0,15200.0,0.04000000799999998,15200.0,14.111873814553528,15200.0,3.137334034676774,15200.0,0.0,15200.0,0.0,15200.0,24.919021190632357,15200.0,9.484332444948082,15200.0,0.14900000000000002,15200.0,0.0,15200.0,24.9204595776823,15200.0,9.650434938919142,15200.0,0.14899999999999997,15200.0,0.14899999999999997,15200.0,24.05669945128623,15200.0,8.99564452509412,15200.0,0.0,15200.0,0.0,15200.0,18.494293188632632,15200.0,35.92087883534208,15200.0,0.0,15200.0,0.0,15200.0,42.143649183147815,15200.0,29.739629085909026,15200.0,0.50200004,15200.0,0.50200004
15400.0,18.42433183551755,15400.0,30.15430226111586,15400.0,0.0,15400.0,0.0,15400.0,17.837586238082196,15400.0,13.72956110073911,15400.0,0.0,15400.0,0.0,15400.0,22.441151999102946,15400.0,25.80251325668785,15400.0,0.0,15400.0,0.828,15400.0,22.766359818605885,15400.0,25.902566903285308,15400.0,0.0,15400.0,0.0,15400.0,22.75911601052376,15400.0,25.819378428840743,15400.0,0.0,15400.0,0.04000000799999998,15400.0,14.091586917985442,15400.0,3.191793693568216,15400.0,0.0,15400.0,0.0,15400.0,24.907967758933204,15400.0,9.480751532486492,15400.0,0.14900000000000002,15400.0,0.0,15400.0,24.90933534597958,15400.0,9.645635238695268,15400.0,0.14899999999999997,15400.0,0.14899999999999997,15400.0,24.04640495178567,15400.0,9.003323413243917,15400.0,0.0,15400.0,0.0,15400.0,18.422325510474625,15400.0,29.93617671754052,15400.0,0.0,15400.0,0.0,15400.0,42.093647848439225,15400.0,29.58853893047782,15400.0,0.50200004,15400.0,0.50200004
15600.0,18.35979890746178,15600.0,29.413476434392358,15600.0,0.0,15600.0,0.0,15600.0,17.75267109596711,15600.0,13.721405447916325,15600.0,0.0,15600.0,0.0,15600.0,22.403144662967115,15600.0,25.95202997078055,15600.0,0.0,15600.0,0.828,15600.0,22.745248245193586,15600.0,26.070537571510968,15600.0,0.0,15600.0,0.0,15600.0,22.738131380504644,15600.0,25.98789795946414,15600.0,0.0,15600.0,0.04000000799999998,15600.0,14.075829401029992,15600.0,3.3174385142323275,15600.0,0.0,15600.0,0.0,15600.0,24.89829498900848,15600.0,9.48154993227143,15600.0,0.14900000000000002,15600.0,0.0,15600.0,24.899579541467492,15600.0,9.644865298774901,15600.0,0.14899999999999997,15600.0,0.14899999999999997,15600.0,24.037527522578483,15600.0,9.01768621172047,15600.0,0.0,15600.0,0.0,15600.0,18.357190483775103,15600.0,29.778076771017002,15600.0,0.0,15600.0,0.0,15600.0,42.04920389391594,15600.0,29.44220470841881,15600.0,0.50200004,15600.0,0.50200004
15800.0,18.27968680687035,15800.0,36.739078880087526,15800.0,0.0,15800.0,0.0,15800.0,17.667866598634017,15800.0,13.87112308195341,15800.0,0.0,15800.0,0.0,15800.0,22.370711657295747,15800.0,26.116428251198393,15800.0,0.0,15800.0,0.828,15800.0,22.718006800595017,15800.0,26.248175253912624,15800.0,0.0,15800.0,0.0,15800.0,22.710846677053567,15800.0,26.16540071290865,15800.0,0.0,15800.0,0.04000000799999998,15800.0,14.058443033881519,15800.0,3.5173218774032877,15800.0,0.0,15800.0,0.0,15800.0,24.88610212108958,15800.0,9.488360537439982,15800.0,0.14900000000000002,15800.0,0.0,15800.0,24.88725139915766,15800.0,9.649739076706135,15800.0,0.14899999999999997,15800.0,0.14899999999999997,15800.0,24.02649827485978,15800.0,9.04030384426654,15800.0,0.0,15800.0,0.0,15800.0,18.27495153695891,15800.0,36.4139548827382,15800.0,0.0,15800.0,0.0,15800.0,41.99228951694501,15800.0,29.2901752825645,15800.0,0.50200004,15800.0,0.50200004
16000.0,18.20130280771583,16000.0,30.496855890242998,16000.0,0.0,16000.0,0.0,16000.0,17.6034523654762,16000.0,13.912812784084895,16000.0,0.0,16000.0,0.0,16000.0,22.34107061963242,16000.0,26.27917594855319,16000.0,0.0,16000.0,0.828,16000.0,22.69522050865463,16000.0,26.410290605329134,16000.0,0.0,16000.0,0.0,16000.0,22.688063900503586,16000.0,26.327151921975247,16000.0,0.0,16000.0,0.04000000799999998,16000.0,14.046443253168295,16000.0,3.7474858199002132,16000.0,0.0,16000.0,0.0,16000.0,24.87615984971104,16000.0,9.500066131388902,16000.0,0.14900000000000002,16000.0,0.0,16000.0,24.87717704702043,16000.0,9.659794408554717,16000.0,0.14899999999999997,16000.0,0.14899999999999997,16000.0,24.017660100502034,16000.0,9.066644829321138,16000.0,0.0,16000.0,0.0,16000.0,18.196787539683932,16000.0,30.270187711003555,16000.0,0.0,16000.0,0.0,16000.0,41.94523142680488,16000.0,29.172198944895335,16000.0,0.50200004,16000.0,0.50200004
16200.0,18.126497380017653,16200.0,29.59664940131805,16200.0,0.0,16200.0,0.0,16200.0,17.54817639159051,16200.0,13.995920087772626,16200.0,0.0,16200.0,0.0,16200.0,22.31430817392752,16200.0,26.42099501992022,16200.0,0.0,16200.0,0.828,16200.0,22.673173339938288,16200.0,26.541734554498028,16200.0,0.0,16200.0,0.0,16200.0,22.66600300958954,16200.0,26.458020547655575,16200.0,0.0,16200.0,0.04000000799999998,16200.0,14.03692507560684,16200.0,3.9589422627603845,16200.0,0.0,16200.0,0.0,16200.0,24.866732006524778,16200.0,9.512773274464552,16200.0,0.14900000000000002,16200.0,0.0,16200.0,24.867605696463045,16200.0,9.671418436367576,16200.0,0.14899999999999997,16200.0,0.14899999999999997,16200.0,24.00940241107791,16200.0,9.091023653032845,16200.0,0.0,16200.0,0.0,16200.0,18.12163123909686,16200.0,29.946309699728,16200.0,0.0,16200.0,0.0,16200.0,41.90002823536127,16200.0,29.105600496306074,16200.0,0.50200004,16200.0,0.50200004
16400.0,18.04920020561785,16400.0,36.70157454989513,16400.0,0.0,16400.0,0.0,16400.0,17.500085723874534,16400.0,14.197976515927552,16400.0,0.0,16400.0,0.0,16400.0,22.28860490354718,16400.0,26.55065139968185,16400.0,0.0,16400.0,0.828,16400.0,22.650984866859126,16400.0,26.675743127557084,16400.0,0.0,16400.0,0.0,16400.0,22.643801926349212,16400.0,26.5932235138991,16400.0,0.0,16400.0,0.04000000799999998,16400.0,14.029403098332299,16400.0,4.208256644977412,16400.0,0.0,16400.0,0.0,16400.0,24.857393051891485,16400.0,9.529340309203251,16400.0,0.14900000000000002,16400.0,0.0,16400.0,24.858109917249276,16400.0,9.687079877322555,16400.0,0.14899999999999997,16400.0,0.14899999999999997,16400.0,24.00134259197717,16400.0,9.120138144724926,16400.0,0.0,16400.0,0.0,16400.0,18.044442756181574,16400.0,36.387123300598816,16400.0,0.0,16400.0,0.0,16400.0,41.8546987501112,16400.0,29.06412372963899,16400.0,0.50200004,16400.0,0.50200004
16600.0,17.983146092055968,16600.0,30.44812122295824,16600.0,0.0,16600.0,0.0,16600.0,17.462060564626935,16600.0,14.295104562920262,16600.0,0.0,16600.0,0.0,16600.0,22.26576459221355,16600.0,26.70732673883702,16600.0,0.0,16600.0,0.828,16600.0,22.63263338715872,16600.0,26.848201859431263,16600.0,0.0,16600.0,0.0,16600.0,22.62546799507061,16600.0,26.765751899488492,16600.0,0.0,16600.0,0.04000000799999998,16600.0,14.024876221384593,16600.0,4.569197476976055,16600.0,0.0,16600.0,0.0,16600.0,24.849802969414785,16600.0,9.55783067841318,16600.0,0.14900000000000002,16600.0,0.0,16600.0,24.850393579285054,16600.0,9.71494606542657,16600.0,0.14899999999999997,16600.0,0.14899999999999997,16600.0,23.994898101195915,16600.0,9.166227299314837,16600.0,0.0,16600.0,0.0,16600.0,17.97873677085638,16600.0,30.21428546032991,16600.0,0.0,16600.0,0.0,16600.0,41.817505682745555,16600.0,29.038158085124866,16600.0,0.50200004,16600.0,0.50200004
16800.0,17.896714617357233,16800.0,29.42293937571275,16800.0,0.0,16800.0,0.0,16800.0,17.417795963224833,16800.0,14.429639368025716,16800.0,0.0,16800.0,0.0,16800.0,22.240357028173516,16800.0,26.854770379605547,16800.0,0.0,16800.0,0.828,16800.0,22.60249256350713,16800.0,26.974407342444945,16800.0,0.0,16800.0,0.0,16800.0,22.595163201183585,16800.0,26.890560812172605,16800.0,0.0,16800.0,0.04000000799999998,16800.0,14.02059385694873,16800.0,4.839311200464219,16800.0,0.0,16800.0,0.0,16800.0,24.8373292969118,16800.0,9.581507650446804,16800.0,0.14900000000000002,16800.0,0.0,16800.0,24.837723574890504,16800.0,9.738771671679727,16800.0,0.14899999999999997,16800.0,0.14899999999999997,16800.0,23.984449859896472,16800.0,9.202380443039837,16800.0,0.0,16800.0,0.0,16800.0,17.8893224706691,16800.0,29.773005493705757,16800.0,0.0,16800.0,0.0,16800.0,41.755617677143036,16800.0,29.04249423378528,16800.0,0.50200004,16800.0,0.50200004
17000.0,17.78242141518472,17000.0,36.883232270860766,17000.0,0.0,17000.0,0.0,17000.0,17.375691380541042,17000.0,14.68496019175204,17000.0,0.0,17000.0,0.0,17000.0,22.206934620220323,17000.0,26.988883538326757,17000.0,0.0,17000.0,0.828,17000.0,22.564768475446225,17000.0,27.10548148986089,17000.0,0.0,17000.0,0.0,17000.0,22.557357774241776,17000.0,27.021832589248554,17000.0,0.0,17000.0,0.04000000799999998,17000.0,14.02144615750687,17000.0,5.124080879821611,17000.0,0.0,17000.0,0.0,17000.0,24.82175908055499,17000.0,9.607423766007816,17000.0,0.14900000000000002,17000.0,0.0,17000.0,24.821954930483617,17000.0,9.765368879012522,17000.0,0.14899999999999997,17000.0,0.14899999999999997,17000.0,23.971659842724186,17000.0,9.24051804495989,17000.0,0.0,17000.0,0.0,17000.0,17.775097384355092,17000.0,36.586181150361604,17000.0,0.0,17000.0,0.0,17000.0,41.677383096603094,17000.0,29.071390667875534,17000.0,0.50200004,17000.0,0.50200004
17200.0,17.693290066954056,17200.0,30.679939273000027,17200.0,0.0,17200.0,0.0,17200.0,17.343646413176106,17200.0,14.820737721180118,17200.0,0.0,17200.0,0.0,17200.0,22.175104436686503,17200.0,27.143818970198236,17200.0,0.0,17200.0,0.828,17200.0,22.537472951653456,17200.0,27.279428443340073,17200.0,0.0,17200.0,0.0,17200.0,22.530158303988372,17200.0,27.196518467431577,17200.0,0.0,17200.0,0.04000000799999998,17200.0,14.026512133266973,17200.0,5.536499066156523,17200.0,0.0,17200.0,0.0,17200.0,24.810807290808405,17200.0,9.650245153332326,17200.0,0.14900000000000002,17200.0,0.0,17200.0,24.81090531147554,17200.0,9.810131139385417,17200.0,0.14899999999999997,17200.0,0.14899999999999997,17200.0,23.962804329013842,17200.0,9.300676759678538,17200.0,0.0,17200.0,0.0,17200.0,17.687632849595257,17200.0,30.448920920114734,17200.0,0.0,17200.0,0.0,17200.0,41.62178406299855,17200.0,29.156719054723368,17200.0,0.50200004,17200.0,0.50200004
17400.0,17.617361870442718,17400.0,29.835071567667505,17400.0,0.0,17400.0,0.0,17400.0,17.315903599337197,17400.0,15.0050501040967,17400.0,0.0,17400.0,0.0,17400.0,22.147304953209005,17400.0,27.30898610423162,17400.0,0.0,17400.0,0.828,17400.0,22.512075728272556,17400.0,27.45078740450491,17400.0,0.0,17400.0,0.0,17400.0,22.504797707774205,17400.0,27.368158183396986,17400.0,0.0,17400.0,0.04000000799999998,17400.0,14.034188226337823,17400.0,5.945767555484104,17400.0,0.0,17400.0,0.0,17400.0,24.800760235900437,17400.0,9.698503967756187,17400.0,0.14900000000000002,17400.0,0.0,17400.0,24.800800859076336,17400.0,9.861204774636956,17400.0,0.14899999999999997,17400.0,0.14899999999999997,17400.0,23.954746424011443,17400.0,9.365205817388595,17400.0,0.0,17400.0,0.0,17400.0,17.61178130912558,17400.0,30.2088375760221,17400.0,0.0,17400.0,0.0,17400.0,41.57042155693948,17400.0,29.276652372931704,17400.0,0.50200004,17400.0,0.50200004
17600.0,17.52629744249213,17600.0,37.39159981284391,17600.0,0.0,17600.0,0.0,17600.0,17.287765353449924,17600.0,15.319017466767125,17600.0,0.0,17600.0,0.0,17600.0,22.117094888508426,17600.0,27.477034859781156,17600.0,0.0,17600.0,0.828,17600.0,22.478988825731154,17600.0,27.601831400433436,17600.0,0.0,17600.0,0.0,17600.0,22.471677105472736,17600.0,27.518510038137283,17600.0,0.0,17600.0,0.04000000799999998,17600.0,14.047291767555267,17600.0,6.2782997860978655,17600.0,0.0,17600.0,0.0,17600.0,24.787664460239604,17600.0,9.742545711338176,17600.0,0.14900000000000002,17600.0,0.0,17600.0,24.787681605800067,17600.0,9.907971957125635,17600.0,0.14899999999999997,17600.0,0.14899999999999997,17600.0,23.944293751986898,17600.0,9.421625605605009,17600.0,0.0,17600.0,0.0,17600.0,17.520526111671067,17600.0,37.09274641025671,17600.0,0.0,17600.0,0.0,17600.0,41.50303577563768,17600.0,29.399377538036322,17600.0,0.50200004,17600.0,0.50200004
17800.0,17.45674049416144,17800.0,31.2473868631789,17800.0,0.0,17800.0,0.0,17800.0,17.266892175342274,17800.0,15.494175850535264,17800.0,0.0,17800.0,0.0,17800.0,22.089912925224468,17800.0,27.641831129481233,17800.0,0.0,17800.0,0.828,17800.0,22.455590151733976,17800.0,27.764815167267603,17800.0,0.0,17800.0,0.0,17800.0,22.448362517430542,17800.0,27.681727189015078,17800.0,0.0,17800.0,0.04000000799999998,17800.0,14.057970554351376,17800.0,6.623619949290899,17800.0,0.0,17800.0,0.0,17800.0,24.77860132940699,17800.0,9.79334834411986,17800.0,0.14900000000000002,17800.0,0.0,17800.0,24.778648010802634,17800.0,9.961859978786018,17800.0,0.14899999999999997,17800.0,0.14899999999999997,17800.0,23.93709952850496,17800.0,9.484196891123704,17800.0,0.0,17800.0,0.0,17800.0,17.452036204303322,17800.0,31.028113741844727,17800.0,0.0,17800.0,0.0,17800.0,41.456249808775546,17800.0,29.56002582652053,17800.0,0.50200004,17800.0,0.50200004
18000.0,17.412253125042852,18000.0,27.205147459273107,18000.0,0.0,18000.0,0.0,18000.0,17.253553632851872,18000.0,15.631658912907383,18000.0,0.0,18000.0,0.0,18000.0,22.07004457023026,18000.0,27.808271739731595,18000.0,0.0,18000.0,0.828,18000.0,22.44221088530118,18000.0,27.940311371988855,18000.0,0.0,18000.0,0.0,18000.0,22.43508164374537,18000.0,27.857864502770116,18000.0,0.0,18000.0,0.04000000799999998,18000.0,14.064460849494095,18000.0,6.981949606763796,18000.0,0.0,18000.0,0.0,18000.0,24.773481226532617,18000.0,9.853576882899537,18000.0,0.14900000000000002,18000.0,0.0,18000.0,24.773562974826692,18000.0,10.025492142011192,18000.0,0.14899999999999997,18000.0,0.14899999999999997,18000.0,23.933054226255802,18000.0,9.555538792480636,18000.0,0.0,18000.0,0.0,18000.0,17.408923423593563,18000.0,27.04287282375726,18000.0,0.0,18000.0,0.0,18000.0,41.42986754369533,18000.0,29.764808228352734,18000.0,0.50200004,18000.0,0.50200004
18200.0,17.377557052806015,18200.0,34.50441935685147,18200.0,0.0,18200.0,0.0,18200.0,17.241292275345554,18200.0,15.931699807256184,18200.0,0.0,18200.0,0.0,18200.0,22.055381164806203,18200.0,27.967369458620766,18200.0,0.0,18200.0,0.828,18200.0,22.429817347799965,18200.0,28.074218913378708,18200.0,0.0,18200.0,0.0,18200.0,22.422748649896942,18200.0,27.99066093186759,18200.0,0.0,18200.0,0.04000000799999998,18200.0,14.070664288582083,18200.0,7.223418938211439,18200.0,0.0,18200.0,0.0,18200.0,24.768770420893468,18200.0,9.898944703229324,18200.0,0.14900000000000002,18200.0,0.0,18200.0,24.7688943107655,18200.0,10.07311847930267,18200.0,0.14899999999999997,18200.0,0.14899999999999997,18200.0,23.92933190508903,18200.0,9.607875905542208,18200.0,0.0,18200.0,0.0,18200.0,17.373934433048152,18200.0,34.99865085120255,18200.0,0.0,18200.0,0.0,18200.0,41.405582627491754,18200.0,29.921839879784983,18200.0,0.50200004,18200.0,0.50200004
18400.0,17.278615582472792,18400.0,33.49020212148282,18400.0,0.0,18400.0,0.0,18400.0,17.21904372351763,18400.0,16.134854223134923,18400.0,0.0,18400.0,0.0,18400.0,22.019381919360377,18400.0,28.12108184647222,18400.0,0.0,18400.0,0.828,18400.0,22.349864306303722,18400.0,28.23687571266384,18400.0,0.0,18400.0,0.0,18400.0,22.340664176630273,18400.0,28.15470384448175,18400.0,0.0,18400.0,0.04000000799999998,18400.0,14.11866993105531,18400.0,7.499289500046114,18400.0,0.0,18400.0,0.0,18400.0,24.72914385702464,18400.0,9.955492622398356,18400.0,0.14900000000000002,18400.0,0.0,18400.0,24.729638310417194,18400.0,10.131853237036836,18400.0,0.14899999999999997,18400.0,0.14899999999999997,18400.0,23.896927461617718,18400.0,9.670657663016629,18400.0,0.0,18400.0,0.0,18400.0,17.264975635981564,18400.0,33.09241213261365,18400.0,0.0,18400.0,0.0,18400.0,41.20341323589221,18400.0,30.12809716582822,18400.0,0.50200004,18400.0,0.50200004
18600.0,17.080799876117386,18600.0,28.679145312401733,18600.0,0.0,18600.0,0.0,18600.0,17.17860108853745,18600.0,16.26683451864497,18600.0,0.0,18600.0,0.0,18600.0,21.91624943674843,18600.0,28.29054661321203,18600.0,0.0,18600.0,0.828,18600.0,22.206009470444837,18600.0,28.415858602457956,18600.0,0.0,18600.0,0.0,18600.0,22.197028388159683,18600.0,28.33395731892232,18600.0,0.0,18600.0,0.04000000799999998,18600.0,14.063290149731493,18600.0,7.644386256870559,18600.0,0.0,18600.0,0.0,18600.0,24.65442368545632,18600.0,10.019843223310401,18600.0,0.14900000000000002,18600.0,0.0,18600.0,24.655630402483517,18600.0,10.197215414146383,18600.0,0.14899999999999997,18600.0,0.14899999999999997,18600.0,23.823026659603972,18600.0,9.728814718282598,18600.0,0.0,18600.0,0.0,18600.0,17.072745444832062,18600.0,28.458288531417992,18600.0,0.0,18600.0,0.0,18600.0,40.84227287633625,18600.0,30.38426296335108,18600.0,0.50200004,18600.0,0.50200004
18800.0,16.926613444927543,18800.0,35.80937786401277,18800.0,0.0,18800.0,0.0,18800.0,17.10108218285896,18800.0,16.519463646923114,18800.0,0.0,18800.0,0.0,18800.0,21.79300701689537,18800.0,28.465323913621127,18800.0,0.0,18800.0,0.828,18800.0,22.06765118569016,18800.0,28.593289878289582,18800.0,0.0,18800.0,0.0,18800.0,22.05882593039235,18800.0,28.511110814715774,18800.0,0.0,18800.0,0.04000000799999998,18800.0,13.815074298758363,18800.0,7.566964110470017,18800.0,0.0,18800.0,0.0,18800.0,24.577138224011964,18800.0,10.07839754559564,18800.0,0.14900000000000002,18800.0,0.0,18800.0,24.57926686606982,18800.0,10.25589333358312,18800.0,0.14899999999999997,18800.0,0.14899999999999997,18800.0,23.733564443471924,18800.0,9.768947056724887,18800.0,0.0,18800.0,0.0,18800.0,16.92098989440547,18800.0,36.30643481911781,18800.0,0.0,18800.0,0.0,18800.0,40.520966961543955,18800.0,30.636891161884837,18800.0,0.50200004,18800.0,0.50200004
19000.0,16.79284619101471,19000.0,34.48301924999615,19000.0,0.0,19000.0,0.0,19000.0,16.97433736748822,19000.0,16.618562884728618,19000.0,0.0,19000.0,0.0,19000.0,21.663062822420848,19000.0,28.643107889829384,19000.0,0.0,19000.0,0.828,19000.0,21.931412659537393,19000.0,28.770514585067286,19000.0,0.0,19000.0,0.0,19000.0,21.92261850882853,19000.0,28.688336330543212,19000.0,0.0,19000.0,0.04000000799999998,19000.0,13.46560188104282,19000.0,7.364901236900543,19000.0,0.0,19000.0,0.0,19000.0,24.494977534144702,19000.0,10.128953505067175,19000.0,0.14900000000000002,19000.0,0.0,19000.0,24.49825476032689,19000.0,10.306284785865616,19000.0,0.14899999999999997,19000.0,0.14899999999999997,19000.0,23.63427971192849,19000.0,9.796797609225784,19000.0,0.0,19000.0,0.0,19000.0,16.788293387242895,19000.0,34.08585802242971,19000.0,0.0,19000.0,0.0,19000.0,40.23115416747862,19000.0,30.867099249509458,19000.0,0.50200004,19000.0,0.50200004
19200.0,16.677797683706345,19200.0,29.550422370923727,19200.0,0.0,19200.0,0.0,19200.0,16.812891170392984,19200.0,16.597928457931594,19200.0,0.0,19200.0,0.0,19200.0,21.540412967732664,19200.0,28.8116347879793,19200.0,0.0,19200.0,0.828,19200.0,21.827555090959176,19200.0,28.943803835087195,19200.0,0.0,19200.0,0.0,19200.0,21.819702292696576,19200.0,28.86143887465757,19200.0,0.0,19200.0,0.04000000799999998,19200.0,13.168810868677774,19200.0,7.074532128926523,19200.0,0.0,19200.0,0.0,19200.0,24.432735842999083,19200.0,10.170766711045127,19200.0,0.14900000000000002,19200.0,0.0,19200.0,24.4367653329094,19200.0,10.347676955250066,19200.0,0.14899999999999997,19200.0,0.14899999999999997,19200.0,23.558614521269742,19200.0,9.815079644764504,19200.0,0.0,19200.0,0.0,19200.0,16.675316329766815,19200.0,29.326585407115697,19200.0,0.0,19200.0,0.0,19200.0,40.03329610874109,19200.0,31.061483471050074,19200.0,0.50200004,19200.0,0.50200004
19400.0,16.589897151146936,19400.0,29.405578912516415,19400.0,0.0,19400.0,0.0,19400.0,16.660435184809664,19400.0,16.563118968855445,19400.0,0.0,19400.0,0.0,19400.0,21.45157451568441,19400.0,28.969344016143204,19400.0,0.0,19400.0,0.828,19400.0,21.762644616175553,19400.0,29.111026703187008,19400.0,0.0,19400.0,0.0,19400.0,21.754731798570614,19400.0,29.02826402263672,19400.0,0.0,19400.0,0.04000000799999998,19400.0,12.986765994766861,19400.0,6.721531457908945,19400.0,0.0,19400.0,0.0,19400.0,24.398512653244115,19400.0,10.203850869569042,19400.0,0.14900000000000002,19400.0,0.0,19400.0,24.40285527740326,19400.0,10.380032499387616,19400.0,0.14899999999999997,19400.0,0.14899999999999997,19400.0,23.516927635102384,19400.0,9.825100903236983,19400.0,0.0,19400.0,0.0,19400.0,16.586744180380844,19400.0,29.79795599743796,19400.0,0.0,19400.0,0.0,19400.0,39.92805756688644,19400.0,31.21802158491736,19400.0,0.50200004,19400.0,0.50200004
19600.0,16.488178191074358,19600.0,37.29005778347167,19600.0,0.0,19600.0,0.0,19600.0,16.509460616814508,19600.0,16.611317465758024,19600.0,0.0,19600.0,0.0,19600.0,21.37221865263753,19600.0,29.12522556887588,19600.0,0.0,19600.0,0.828,19600.0,21.690777474989403,19600.0,29.274225404652373,19600.0,0.0,19600.0,0.0,19600.0,21.682750349331283,19600.0,29.190980587898547,19600.0,0.0,19600.0,0.04000000799999998,19600.0,12.779541130881913,19600.0,6.324897768565048,19600.0,0.0,19600.0,0.0,19600.0,24.36008162974314,19600.0,10.228537515601273,19600.0,0.14900000000000002,19600.0,0.0,19600.0,24.364701817693394,19600.0,10.403641236834078,19600.0,0.14899999999999997,19600.0,0.14899999999999997,19600.0,23.470373290917916,19600.0,9.827572568395635,19600.0,0.0,19600.0,0.0,19600.0,16.484396018749774,19600.0,36.98540373304687,19600.0,0.0,19600.0,0.0,19600.0,39.81202060798294,19600.0,31.31661822721203,19600.0,0.50200004,19600.0,0.50200004
19800.0,16.37522217568005,19800.0,31.445631360780038,19800.0,0.0,19800.0,0.0,19800.0,16.355260029504436,19800.0,16.493556578634617,19800.0,0.0,19800.0,0.0,19800.0,21.29192756770514,19800.0,29.26887920385359,19800.0,0.0,19800.0,0.828,19800.0,21.613343183625272,19800.0,29.41866370586799,19800.0,0.0,19800.0,0.0,19800.0,21.60515299444438,19800.0,29.334726252700133,19800.0,0.0,19800.0,0.04000000799999998,19800.0,12.550184286244223,19800.0,5.947598607841177,19800.0,0.0,19800.0,0.0,19800.0,24.31771287142026,19800.0,10.243599421311623,19800.0,0.14900000000000002,19800.0,0.0,19800.0,24.322499888535667,19800.0,10.417463730236522,19800.0,0.14899999999999997,19800.0,0.14899999999999997,19800.0,23.419325726150827,19800.0,9.823765224777155,19800.0,0.0,19800.0,0.0,19800.0,16.370938027941218,19800.0,31.234940754569454,19800.0,0.0,19800.0,0.0,19800.0,39.68543574350825,19800.0,31.355108913638023,19800.0,0.50200004,19800.0,0.50200004
20000.0,16.25566313090335,20000.0,27.71294429426024,20000.0,0.0,20000.0,0.0,20000.0,16.19696085193438,20000.0,16.317454660023074,20000.0,0.0,20000.0,0.0,20000.0,21.20941744205058,20000.0,29.392805300247062,20000.0,0.0,20000.0,0.828,20000.0,21.534914174164857,20000.0,29.55754409893514,20000.0,0.0,20000.0,0.0,20000.0,21.526611364234878,20000.0,29.47376385637126,20000.0,0.0,20000.0,0.04000000799999998,20000.0,12.31466444476315,20000.0,5.542832567276671,20000.0,0.0,20000.0,0.0,20000.0,24.274183488526983,20000.0,10.252815054157294,20000.0,0.14900000000000002,20000.0,0.0,20000.0,24.27896958417684,20000.0,10.425164298604114,20000.0,0.14899999999999997,20000.0,0.14899999999999997,20000.0,23.367144157804834,20000.0,9.814522469400952,20000.0,0.0,20000.0,0.0,20000.0,16.251183873319334,20000.0,27.548601331369476,20000.0,0.0,20000.0,0.0,20000.0,39.55565428249741,20000.0,31.35805122625302,20000.0,0.50200004,20000.0,0.50200004
20200.0,16.132757574159744,20200.0,35.21898934849983,20200.0,0.0,20200.0,0.0,20200.0,16.03642671637133,20200.0,16.291634100090544,20200.0,0.0,20200.0,0.0,20200.0,21.126654063448832,20200.0,29.51809510235657,20200.0,0.0,20200.0,0.828,20200.0,21.457660926408085,20200.0,29.70095803761939,20200.0,0.0,20200.0,0.0,20200.0,21.44923908296845,20200.0,29.61647020988379,20200.0,0.0,20200.0,0.04000000799999998,20200.0,12.081677296774084,20200.0,5.087350000400041,20200.0,0.0,20200.0,0.0,20200.0,24.231050659452006,20200.0,10.25629878017529,20200.0,0.14900000000000002,20200.0,0.0,20200.0,24.235664217124036,20200.0,10.426693037584783,20200.0,0.14899999999999997,20200.0,0.14899999999999997,20200.0,23.315679511568398,20200.0,9.798162955266928,20200.0,0.0,20200.0,0.0,20200.0,16.128015795690057,20200.0,35.73898359550493,20200.0,0.0,20200.0,0.0,20200.0,39.426446520204614,20200.0,31.30799929529968,20200.0,0.50200004,20200.0,0.50200004
20400.0,16.004981179319685,20400.0,34.26241942617898,20400.0,0.0,20400.0,0.0,20400.0,15.874058643991843,20400.0,16.16384940643692,20400.0,0.0,20400.0,0.0,20400.0,21.04366384983704,20400.0,29.632386859286044,20400.0,0.0,20400.0,0.828,20400.0,21.380015745264092,20400.0,29.81968919188517,20400.0,0.0,20400.0,0.0,20400.0,21.371457598483136,20400.0,29.73529775651339,20400.0,0.0,20400.0,0.04000000799999998,20400.0,11.847275342473194,20400.0,4.698487544583395,20400.0,0.0,20400.0,0.0,20400.0,24.18740694247594,20400.0,10.253933425788194,20400.0,0.14900000000000002,20400.0,0.0,20400.0,24.191685839028423,20400.0,10.422570392440552,20400.0,0.14899999999999997,20400.0,0.14899999999999997,20400.0,23.2638419748138,20400.0,9.780065820786158,20400.0,0.0,20400.0,0.0,20400.0,15.99990857667858,20400.0,33.86226183031282,20400.0,0.0,20400.0,0.0,20400.0,39.29459421820966,20400.0,31.228842205737124,20400.0,0.50200004,20400.0,0.50200004
20600.0,15.874037885513417,20600.0,29.443670589638412,20600.0,0.0,20600.0,0.0,20600.0,15.710854647928574,20600.0,15.961447842052758,20600.0,0.0,20600.0,0.0,20600.0,20.96085884594042,20600.0,29.73766686800447,20600.0,0.0,20600.0,0.828,20600.0,21.304422162779787,20600.0,29.940155201988613,20600.0,0.0,20600.0,0.0,20600.0,21.2958152234707,20600.0,29.85545806082926,20600.0,0.0,20600.0,0.04000000799999998,20600.0,11.621330393095928,20600.0,4.282880214080724,20600.0,0.0,20600.0,0.0,20600.0,24.144961734433796,20600.0,10.246516321922865,20600.0,0.14900000000000002,20600.0,0.0,20600.0,24.14884918257443,20600.0,10.413316028691295,20600.0,0.14899999999999997,20600.0,0.14899999999999997,20600.0,23.213987911875158,20600.0,9.757494733202877,20600.0,0.0,20600.0,0.0,20600.0,15.86905440715977,20600.0,29.209517430150992,20600.0,0.0,20600.0,0.0,20600.0,39.164759422433995,20600.0,31.11632304536161,20600.0,0.50200004,20600.0,0.50200004
20800.0,15.690357374623952,20800.0,29.220321847111254,20800.0,0.0,20800.0,0.0,20800.0,15.527877500307511,20800.0,15.798296158214603,20800.0,0.0,20800.0,0.0,20800.0,20.84505289948273,20800.0,29.838800526012186,20800.0,0.0,20800.0,0.828,20800.0,21.161909946611708,20800.0,30.061935085352133,20800.0,0.0,20800.0,0.0,20800.0,21.15303136103841,20800.0,29.97658957263201,20800.0,0.0,20800.0,0.04000000799999998,20800.0,11.296352957100437,20800.0,4.0465861086830985,20800.0,0.0,20800.0,0.0,20800.0,24.05183339537428,20800.0,10.236584246872559,20800.0,0.14900000000000002,20800.0,0.0,20800.0,24.05555081656014,20800.0,10.402383342260753,20800.0,0.14899999999999997,20800.0,0.14899999999999997,20800.0,23.118636859009378,20800.0,9.747264380520507,20800.0,0.0,20800.0,0.0,20800.0,15.684327319642348,20800.0,29.607623750218075,20800.0,0.0,20800.0,0.0,20800.0,38.869524963970285,20800.0,30.9495234419015,20800.0,0.50200004,20800.0,0.50200004
21000.0,15.585123539569047,21000.0,36.920528927538435,21000.0,0.0,21000.0,0.0,21000.0,15.395159440148932,21000.0,15.79971628501723,21000.0,0.0,21000.0,0.0,21000.0,20.754250066033197,21000.0,29.92205182437249,21000.0,0.0,21000.0,0.828,21000.0,21.114832711895158,21000.0,30.139735823196283,21000.0,0.0,21000.0,0.0,21000.0,21.106329691651013,21000.0,30.05386010031955,21000.0,0.0,21000.0,0.04000000799999998,21000.0,11.268006470192965,21000.0,4.053696365423595,21000.0,0.0,21000.0,0.0,21000.0,24.027471498151534,21000.0,10.232088232667959,21000.0,0.14900000000000002,21000.0,0.0,21000.0,24.03101515608548,21000.0,10.397207222791167,21000.0,0.14899999999999997,21000.0,0.14899999999999997,21000.0,23.096051876343125,21000.0,9.748834974608,21000.0,0.0,21000.0,0.0,21000.0,15.58270156538413,21000.0,36.641428675102325,21000.0,0.0,21000.0,0.0,21000.0,38.7859527931286,21000.0,30.835060062730296,21000.0,0.50200004,21000.0,0.50200004
21200.0,15.519923906288776,21200.0,31.060228939989933,21200.0,0.0,21200.0,0.0,21200.0,15.30401787486837,21200.0,15.7209306382339,21200.0,0.0,21200.0,0.0,21200.0,20.69996641990574,21200.0,30.010675366026742,21200.0,0.0,21200.0,0.828,21200.0,21.084555888217654,21200.0,30.244363550236596,21200.0,0.0,21200.0,0.0,21200.0,21.07621662192482,21200.0,30.15818258215909,21200.0,0.0,21200.0,0.04000000799999998,21200.0,11.255048414448316,21200.0,4.123305854333108,21200.0,0.0,21200.0,0.0,21200.0,24.01304357107228,21200.0,10.228172151199194,21200.0,0.14900000000000002,21200.0,0.0,21200.0,24.01646555235903,21200.0,10.39194376116905,21200.0,0.14899999999999997,21200.0,0.14899999999999997,21200.0,23.082946327327765,21200.0,9.757071771776873,21200.0,0.0,21200.0,0.0,21200.0,15.516101348023144,21200.0,30.853731679745533,21200.0,0.0,21200.0,0.0,21200.0,38.73520006900521,21200.0,30.664841277286637,21200.0,0.50200004,21200.0,0.50200004
21400.0,15.459261025618268,21400.0,27.151698156654984,21400.0,0.0,21400.0,0.0,21400.0,15.237770679401166,21400.0,15.64369227530262,21400.0,0.0,21400.0,0.0,21400.0,20.662017983794474,21400.0,30.100587236357786,21400.0,0.0,21400.0,0.828,21400.0,21.062232190208565,21400.0,30.352948803724445,21400.0,0.0,21400.0,0.0,21400.0,21.05401147248533,21400.0,30.266908286457607,21400.0,0.0,21400.0,0.04000000799999998,21400.0,11.247860884578978,21400.0,4.276355141286586,21400.0,0.0,21400.0,0.0,21400.0,24.00277813732174,21400.0,10.229247653387565,21400.0,0.14900000000000002,21400.0,0.0,21400.0,24.006101773578372,21400.0,10.391139039794028,21400.0,0.14899999999999997,21400.0,0.14899999999999997,21400.0,23.073754938618656,21400.0,9.773811755847515,21400.0,0.0,21400.0,0.0,21400.0,15.456023635639282,21400.0,26.99559035239295,21400.0,0.0,21400.0,0.0,21400.0,38.698596400369084,21400.0,30.478434548721143,21400.0,0.50200004,21400.0,0.50200004
21600.0,15.381701065605206,21600.0,34.657130629473095,21600.0,0.0,21600.0,0.0,21600.0,15.169430315912486,21600.0,15.778465014226681,21600.0,0.0,21600.0,0.0,21600.0,20.627261399990815,21600.0,30.19582286187976,21600.0,0.0,21600.0,0.828,21600.0,21.0309935500852,21600.0,30.457689555585112,21600.0,0.0,21600.0,0.0,21600.0,21.022728393788356,21600.0,30.371423543251755,21600.0,0.0,21600.0,0.04000000799999998,21600.0,11.240247108161016,21600.0,4.493470916950775,21600.0,0.0,21600.0,0.0,21600.0,23.988568458566792,21600.0,10.236804630161302,21600.0,0.14900000000000002,21600.0,0.0,21600.0,23.99172445494325,21600.0,10.396767994036347,21600.0,0.14899999999999997,21600.0,0.14899999999999997,21600.0,23.061162598983657,21600.0,9.797676535327511,21600.0,0.0,21600.0,0.0,21600.0,15.377509686807063,21600.0,35.178957418293166,21600.0,0.0,21600.0,0.0,21600.0,38.64715447370372,21600.0,30.308577623633337,21600.0,0.50200004,21600.0,0.50200004
21800.0,15.310195337058584,21800.0,33.70690451059581,21800.0,0.0,21800.0,0.0,21800.0,15.116884499356015,21800.0,15.850793115661384,21800.0,0.0,21800.0,0.0,21800.0,20.595356080048866,21800.0,30.28967220435585,21800.0,0.0,21800.0,0.828,21800.0,21.00496518851783,21800.0,30.548073464193983,21800.0,0.0,21800.0,0.0,21800.0,20.99672414506722,21800.0,30.462283844595444,21800.0,0.0,21800.0,0.04000000799999998,21800.0,11.236168520929315,21800.0,4.718297684774564,21800.0,0.0,21800.0,0.0,21800.0,23.976983808952507,21800.0,10.247944805127046,21800.0,0.14900000000000002,21800.0,0.0,21800.0,23.979984894091963,21800.0,10.40652891607196,21800.0,0.14899999999999997,21800.0,0.14899999999999997,21800.0,23.051045271783032,21800.0,9.822582093991254,21800.0,0.0,21800.0,0.0,21800.0,15.306294315901964,21800.0,33.30741363770673,21800.0,0.0,21800.0,0.0,21800.0,38.60466011762329,21800.0,30.193682162192374,21800.0,0.50200004,21800.0,0.50200004
22000.0,15.231333532619708,22000.0,28.908169921309852,22000.0,0.0,22000.0,0.0,22000.0,15.067444158254796,22000.0,15.885428556771219,22000.0,0.0,22000.0,0.0,22000.0,20.563690656976213,22000.0,30.38203055372184,22000.0,0.0,22000.0,0.828,22000.0,20.97443028524223,22000.0,30.643823383785676,22000.0,0.0,22000.0,0.0,22000.0,20.96614868619891,22000.0,30.55820222739477,22000.0,0.0,22000.0,0.04000000799999998,22000.0,11.233920299066423,22000.0,4.997994053882564,22000.0,0.0,22000.0,0.0,22000.0,23.963536626296477,22000.0,10.265192771242514,22000.0,0.14900000000000002,22000.0,0.0,22000.0,23.966333879761187,22000.0,10.422595945504197,22000.0,0.14899999999999997,22000.0,0.14899999999999997,22000.0,23.039448163749636,22000.0,9.855235409586141,22000.0,0.0,22000.0,0.0,22000.0,15.226828883948993,22000.0,28.675238138430675,22000.0,0.0,22000.0,0.0,22000.0,38.554664764411605,22000.0,30.106274550031834,22000.0,0.50200004,22000.0,0.50200004
22200.0,15.170781607530992,22200.0,28.73167189347857,22200.0,0.0,22200.0,0.0,22200.0,15.034707957316112,22200.0,15.98090017692929,22200.0,0.0,22200.0,0.0,22200.0,20.53655658618346,22200.0,30.477697775660328,22200.0,0.0,22200.0,0.828,22200.0,20.954907002117114,22200.0,30.74578572231031,22200.0,0.0,22200.0,0.0,22200.0,20.94670347767737,22200.0,30.660025600667353,22200.0,0.0,22200.0,0.04000000799999998,22200.0,11.234105109595934,22200.0,5.345797450055239,22200.0,0.0,22200.0,0.0,22200.0,23.95510940775242,22200.0,10.290770030800863,22200.0,0.14900000000000002,22200.0,0.0,22200.0,23.957779626632536,22200.0,10.447397599021796,22200.0,0.14899999999999997,22200.0,0.14899999999999997,22200.0,23.03229071289186,22200.0,9.89842279221169,22200.0,0.0,22200.0,0.0,22200.0,15.167788611522646,22200.0,29.12134953892535,22200.0,0.0,22200.0,0.0,22200.0,38.5230661126834,22200.0,30.04498098314772,22200.0,0.50200004,22200.0,0.50200004
22400.0,15.101794887166882,22400.0,36.46477718710413,22400.0,0.0,22400.0,0.0,22400.0,14.996488484697895,22400.0,16.200888229402047,22400.0,0.0,22400.0,0.0,22400.0,20.510022089300257,22400.0,30.56458565446612,22400.0,0.0,22400.0,0.828,22400.0,20.925265408931793,22400.0,30.815733558341847,22400.0,0.0,22400.0,0.0,22400.0,20.916971748848013,22400.0,30.729846023478473,22400.0,0.0,22400.0,0.04000000799999998,22400.0,11.23679070867812,22400.0,5.57603395437892,22400.0,0.0,22400.0,0.0,22400.0,23.94237928279956,22400.0,10.308990814843895,22400.0,0.14900000000000002,22400.0,0.0,22400.0,23.944863372928953,22400.0,10.465599182944127,22400.0,0.14899999999999997,22400.0,0.14899999999999997,22400.0,23.02159184562124,22400.0,9.927316421994211,22400.0,0.0,22400.0,0.0,22400.0,15.09646179041133,22400.0,36.18772728433536,22400.0,0.0,22400.0,0.0,22400.0,38.47478382252071,22400.0,30.030060895377,22400.0,0.50200004,22400.0,0.50200004
22600.0,14.997188666771585,22600.0,30.71455523985452,22600.0,0.0,22600.0,0.0,22600.0,14.957330858404418,22600.0,16.309618014952726,22600.0,0.0,22600.0,0.0,22600.0,20.473422839430256,22600.0,30.660149722876774,22600.0,0.0,22600.0,0.828,22600.0,20.879764888256098,22600.0,30.912710539926227,22600.0,0.0,22600.0,0.0,22600.0,20.871275821743325,22600.0,30.826750805391526,22600.0,0.0,22600.0,0.04000000799999998,22600.0,11.247200925017799,22600.0,5.920108221602487,22600.0,0.0,22600.0,0.0,22600.0,23.92261385597055,22600.0,10.339924631108863,22600.0,0.14900000000000002,22600.0,0.0,22600.0,23.924846027293505,22600.0,10.497172617068628,22600.0,0.14899999999999997,22600.0,0.14899999999999997,22600.0,23.005229129245052,22600.0,9.973789891396867,22600.0,0.0,22600.0,0.0,22600.0,14.990674027571126,22600.0,30.513028155286957,22600.0,0.0,22600.0,0.0,22600.0,38.398966412901245,22600.0,30.047617475450654,22600.0,0.50200004,22600.0,0.50200004
22800.0,14.895021250646863,22800.0,26.92621311218895,22800.0,0.0,22800.0,0.0,22800.0,14.925286104900206,22800.0,16.397485278939843,22800.0,0.0,22800.0,0.0,22800.0,20.43160904637998,22800.0,30.759443338905754,22800.0,0.0,22800.0,0.828,22800.0,20.83861255632269,22800.0,31.01867607107115,22800.0,0.0,22800.0,0.0,22800.0,20.830236350721417,22800.0,30.933081169890034,22800.0,0.0,22800.0,0.04000000799999998,22800.0,11.263380553207046,22800.0,6.3239418302141575,22800.0,0.0,22800.0,0.0,22800.0,23.90502290005499,22800.0,10.380596608819284,22800.0,0.14900000000000002,22800.0,0.0,22800.0,23.907092473401033,22800.0,10.539619860187056,22800.0,0.14899999999999997,22800.0,0.14899999999999997,22800.0,22.99089742554742,22800.0,10.031829561003352,22800.0,0.0,22800.0,0.0,22800.0,14.890578774745345,22800.0,26.77531865070774,22800.0,0.0,22800.0,0.0,22800.0,38.33075601654689,22800.0,30.109923092717054,22800.0,0.50200004,22800.0,0.50200004
23000.0,14.823028483236365,23000.0,34.563537059525956,23000.0,0.0,23000.0,0.0,23000.0,14.900812912464147,23000.0,16.678542718477875,23000.0,0.0,23000.0,0.0,23000.0,20.3966657555415,23000.0,30.866814188833605,23000.0,0.0,23000.0,0.828,23000.0,20.808047035635127,23000.0,31.12532944257909,23000.0,0.0,23000.0,0.0,23000.0,20.79976517921503,23000.0,31.039717597187984,23000.0,0.0,23000.0,0.04000000799999998,23000.0,11.279087092949325,23000.0,6.729574408184033,23000.0,0.0,23000.0,0.0,23000.0,23.892310338461243,23000.0,10.42682010031342,23000.0,0.14900000000000002,23000.0,0.0,23000.0,23.89430427460972,23000.0,10.588519223724273,23000.0,0.14899999999999997,23000.0,0.14899999999999997,23000.0,22.980648522415347,23000.0,10.094587732066747,23000.0,0.0,23000.0,0.0,23000.0,14.818896025015624,23000.0,35.091180615383294,23000.0,0.0,23000.0,0.0,23000.0,38.28111389141589,23000.0,30.206720467196824,23000.0,0.50200004,23000.0,0.50200004
23200.0,14.751155406055252,23200.0,33.74861083976243,23200.0,0.0,23200.0,0.0,23200.0,14.878863530580915,23200.0,16.87802390373616,23200.0,0.0,23200.0,0.0,23200.0,20.364367426071233,23200.0,30.974320720762325,23200.0,0.0,23200.0,0.828,23200.0,20.776405726248917,23200.0,31.22036756165948,23200.0,0.0,23200.0,0.0,23200.0,20.768167667196156,23200.0,31.13542781394213,23200.0,0.0,23200.0,0.04000000799999998,23200.0,11.297804443573858,23200.0,7.060041246973172,23200.0,0.0,23200.0,0.0,23200.0,23.879261446110565,23200.0,10.468208766649257,23200.0,0.14900000000000002,23200.0,0.0,23200.0,23.881216945255705,23200.0,10.632492673865539,23200.0,0.14899999999999997,23200.0,0.14899999999999997,23200.0,22.9701794626045,23200.0,10.14838714923198,23200.0,0.0,23200.0,0.0,23200.0,14.747201830835898,23200.0,33.35512636391453,23200.0,0.0,23200.0,0.0,23200.0,38.229934334258054,23200.0,30.312244373913124,23200.0,0.50200004,23200.0,0.50200004
23400.0,14.679688145088058,23400.0,29.095559800675485,23400.0,0.0,23400.0,0.0,23400.0,14.859479730716277,23400.0,17.008537337227832,23400.0,0.0,23400.0,0.0,23400.0,20.332428162894782,23400.0,30.725306244316812,23400.0,0.0,23400.0,0.0,23400.0,20.743757816631696,23400.0,31.18458124467667,23400.0,0.0,23400.0,0.0,23400.0,20.735550942021828,23400.0,31.152727927791044,23400.0,0.0,23400.0,0.04000000799999998,23400.0,11.318879432591016,23400.0,7.3994065618785925,23400.0,0.0,23400.0,0.0,23400.0,23.865885829850107,23400.0,10.516533073937344,23400.0,0.14900000000000002,23400.0,0.0,23400.0,23.86785641936936,23400.0,10.68383068449526,23400.0,0.14899999999999997,23400.0,0.14899999999999997,23400.0,22.95948930893118,23400.0,10.208615202586234,23400.0,0.0,23400.0,0.0,23400.0,14.675955159139088,23400.0,28.86790267793879,23400.0,0.0,23400.0,0.0,23400.0,38.17733169966658,23400.0,30.458029202932362,23400.0,0.50200004,23400.0,0.50200004
23600.0,14.620828593605403,23600.0,29.048142640892408,23600.0,0.0,23600.0,0.0,23600.0,14.845308053348763,23600.0,17.12192845804056,23600.0,0.0,23600.0,0.0,23600.0,20.3037197802217,23600.0,30.187780803582456,23600.0,0.0,23600.0,0.0,23600.0,20.718877139355502,23600.0,30.835921411239514,23600.0,0.0,23600.0,0.0,23600.0,20.710762201946626,23600.0,30.813105895306524,23600.0,0.0,23600.0,0.04000000799999998,23600.0,11.335830976087133,23600.0,7.754154651864198,23600.0,0.0,23600.0,0.0,23600.0,23.85580819315711,23600.0,10.574959777052529,23600.0,0.14900000000000002,23600.0,0.0,23600.0,23.857827473258038,23600.0,10.745718378275427,23600.0,0.14899999999999997,23600.0,0.14899999999999997,23600.0,22.951461015909718,23600.0,10.27851383926801,23600.0,0.0,23600.0,0.0,23600.0,14.618405441485383,23600.0,29.443617131111367,23600.0,0.0,23600.0,0.0,23600.0,38.13770743340615,23600.0,30.644173581958622,23600.0,0.50200004,23600.0,0.50200004
23800.0,14.596461223285397,23800.0,36.90123423223571,23800.0,0.0,23800.0,0.0,23800.0,14.838852711345279,23800.0,17.34096361823721,23800.0,0.0,23800.0,0.0,23800.0,20.28657132057524,23800.0,29.8697243021411,23800.0,0.0,23800.0,0.0,23800.0,20.70974663934445,23800.0,30.605919299256364,23800.0,0.0,23800.0,0.0,23800.0,20.701731242335228,23800.0,30.58754341985128,23800.0,0.0,23800.0,0.04000000799999998,23800.0,11.342196143321361,23800.0,7.957491808746085,23800.0,0.0,23800.0,0.0,23800.0,23.852115138286088,23800.0,10.610822974552308,23800.0,0.14900000000000002,23800.0,0.0,23800.0,23.8541651476352,23800.0,10.78353317567972,23800.0,0.14899999999999997,23800.0,0.14899999999999997,23800.0,22.948541793934535,23800.0,10.320432914203426,23800.0,0.0,23800.0,0.0,23800.0,14.59479485195161,23800.0,36.62945863228787,23800.0,0.0,23800.0,0.0,23800.0,38.12333245343508,23800.0,30.76469624081133,23800.0,0.50200004,23800.0,0.50200004
24000.0,14.570237336010418,24000.0,31.172599976380784,24000.0,0.0,24000.0,0.0,24000.0,14.830381894214675,24000.0,17.403002393374138,24000.0,0.0,24000.0,0.0,24000.0,20.27340442228003,24000.0,29.574928157550367,24000.0,0.0,24000.0,0.0,24000.0,20.697084626081303,24000.0,30.271635458038,24000.0,0.0,24000.0,0.0,24000.0,20.68914426080713,24000.0,30.25492624491635,24000.0,0.0,24000.0,0.04000000799999998,24000.0,11.351057594999519,24000.0,8.26976457028083,24000.0,0.0,24000.0,0.0,24000.0,23.84707651913677,24000.0,10.673715764690014,24000.0,0.14900000000000002,24000.0,0.0,24000.0,23.849173451565246,24000.0,10.84926262062047,24000.0,0.14899999999999997,24000.0,0.14899999999999997,24000.0,22.944541967904957,24000.0,10.391717689662904,24000.0,0.0,24000.0,0.0,24000.0,14.568000475553154,24000.0,30.96194246084408,24000.0,0.0,24000.0,0.0,24000.0,38.103637274785235,24000.0,30.987170822941525,24000.0,0.50200004,24000.0,0.50200004
24200.0,14.400490853702628,24200.0,27.475037566861673,24200.0,0.0,24200.0,0.0,24200.0,14.802675889431452,24200.0,17.414161404464938,24200.0,0.0,24200.0,0.0,24200.0,20.188299047862706,24200.0,29.276138940166238,24200.0,0.0,24200.0,0.0,24200.0,20.531735929555683,24200.0,29.948355977182576,24200.0,0.0,24200.0,0.0,24200.0,20.522822351370372,24200.0,29.93281213617713,24200.0,0.0,24200.0,0.04000000799999998,24200.0,11.446695396071608,24200.0,8.509087473288089,24200.0,0.0,24200.0,0.0,24200.0,23.759449622748868,24200.0,10.738541326694682,24200.0,0.14900000000000002,24200.0,0.0,24200.0,23.762250569129026,24200.0,10.915736566039582,24200.0,0.14899999999999997,24200.0,0.14899999999999997,24200.0,22.868149094680028,24200.0,10.457566146680346,24200.0,0.0,24200.0,0.0,24200.0,14.394831262087324,24200.0,27.32697990384082,24200.0,0.0,24200.0,0.0,24200.0,37.77102553589133,24200.0,31.219176789281374,24200.0,0.50200004,24200.0,0.50200004
24400.0,14.255236198177222,24400.0,35.20967552740239,24400.0,0.0,24400.0,0.0,24400.0,14.757301471999316,24400.0,17.55847895632869,24400.0,0.0,24400.0,0.0,24400.0,20.060074587538796,24400.0,28.98552023008987,24400.0,0.0,24400.0,0.0,24400.0,20.376108197680423,24400.0,29.636718123503627,24400.0,0.0,24400.0,0.0,24400.0,20.366869473144096,24400.0,29.62168778861242,24400.0,0.0,24400.0,0.04000000799999998,24400.0,11.31009992170677,24400.0,8.497429832830608,24400.0,0.0,24400.0,0.0,24400.0,23.67188228951276,24400.0,10.79929639416238,24400.0,0.14900000000000002,24400.0,0.0,24400.0,23.675411221490553,24400.0,10.976748994712995,24400.0,0.14899999999999997,24400.0,0.14899999999999997,24400.0,22.77477517247009,24400.0,10.503432067793003,24400.0,0.0,24400.0,0.0,24400.0,14.250887292039657,24400.0,35.74071452160367,24400.0,0.0,24400.0,0.0,24400.0,37.477374929721904,24400.0,31.454696920339416,24400.0,0.50200004,24400.0,0.50200004
24600.0,14.133852941501878,24600.0,34.252699535567814,24600.0,0.0,24600.0,0.0,24600.0,14.666982894947713,24600.0,17.551372296733145,24600.0,0.0,24600.0,0.0,24600.0,19.920309793724478,24600.0,28.707113603434568,24600.0,0.0,24600.0,0.0,24600.0,20.22470730660343,24600.0,29.33676963019729,24600.0,0.0,24600.0,0.0,24600.0,20.215321354961553,24600.0,29.32242260738521,24600.0,0.0,24600.0,0.04000000799999998,24600.0,11.04427485784212,24600.0,8.333220970915498,24600.0,0.0,24600.0,0.0,24600.0,23.580944384610998,24600.0,10.85261198635628,24600.0,0.14900000000000002,24600.0,0.0,24600.0,23.58551107145576,24600.0,11.029907615387215,24600.0,0.14899999999999997,24600.0,0.14899999999999997,24600.0,22.67010100192557,24600.0,10.534890355499455,24600.0,0.0,24600.0,0.0,24600.0,14.130416635403508,24600.0,33.873596939716045,24600.0,0.0,24600.0,0.0,24600.0,37.221523482129705,24600.0,31.691478853355385,24600.0,0.50200004,24600.0,0.50200004
24800.0,14.024848907061582,24800.0,29.562821547658473,24800.0,0.0,24800.0,0.0,24800.0,14.533131691244192,24800.0,17.42173275907528,24800.0,0.0,24800.0,0.0,24800.0,19.779008898152263,24800.0,28.429649730445455,24800.0,0.0,24800.0,0.0,24800.0,20.083481341296405,24800.0,29.044067837473364,24800.0,0.0,24800.0,0.0,24800.0,20.07429659841988,24800.0,29.03014294301907,24800.0,0.0,24800.0,0.04000000799999998,24800.0,10.721226262781727,24800.0,8.065878597922637,24800.0,0.0,24800.0,0.0,24800.0,23.49282176461256,24800.0,10.897246449758018,24800.0,0.14900000000000002,24800.0,0.0,24800.0,23.498382184472625,24800.0,11.074162238597511,24800.0,0.14899999999999997,24800.0,0.14899999999999997,24800.0,22.566752179246098,24800.0,10.555766053371444,24800.0,0.0,24800.0,0.0,24800.0,14.022107291641605,24800.0,29.350131946480133,24800.0,0.0,24800.0,0.0,24800.0,37.00540508396464,24800.0,31.897447893730373,24800.0,0.50200004,24800.0,0.50200004
25000.0,13.946085528849157,25000.0,29.58731988253949,25000.0,0.0,25000.0,0.0,25000.0,14.394794707150343,25000.0,17.27444459578705,25000.0,0.0,25000.0,0.0,25000.0,19.671776998764535,25000.0,28.15132306997851,25000.0,0.0,25000.0,0.0,25000.0,20.0109746989549,25000.0,28.75594741964976,25000.0,0.0,25000.0,0.0,25000.0,20.00229089839573,25000.0,28.742184369273893,25000.0,0.0,25000.0,0.04000000799999998,25000.0,10.556931235738801,25000.0,7.725449989682931,25000.0,0.0,25000.0,0.0,25000.0,23.45382175928063,25000.0,10.932968234101324,25000.0,0.14900000000000002,25000.0,0.0,25000.0,23.459705190132315,25000.0,11.109233745761623,25000.0,0.14899999999999997,25000.0,0.14899999999999997,25000.0,22.520667382547995,25000.0,10.567833630346119,25000.0,0.0,25000.0,0.0,25000.0,13.944304532676243,25000.0,29.987558993754085,25000.0,0.0,25000.0,0.0,25000.0,36.9143309260217,25000.0,32.05568892062523,25000.0,0.50200004,25000.0,0.50200004
25200.0,13.863917324563625,25200.0,37.671303547560974,25200.0,0.0,25200.0,0.0,25200.0,14.260014506103564,25200.0,17.22591048502317,25200.0,0.0,25200.0,0.0,25200.0,19.585518887682316,25200.0,27.907556298932803,25200.0,0.0,25200.0,0.0,25200.0,19.93574872309236,25200.0,28.535491371810856,25200.0,0.0,25200.0,0.0,25200.0,19.927045558592283,25200.0,28.522810154325246,25200.0,0.0,25200.0,0.04000000799999998,25200.0,10.377632652214293,25200.0,7.444064533421336,25200.0,0.0,25200.0,0.0,25200.0,23.413429391722833,25200.0,10.952892829137005,25200.0,0.14900000000000002,25200.0,0.0,25200.0,23.419607400264205,25200.0,11.128491152479077,25200.0,0.14899999999999997,25200.0,0.14899999999999997,25200.0,22.473084111230932,25200.0,10.57137481307625,25200.0,0.0,25200.0,0.0,25200.0,13.861482771681375,25200.0,37.39714050092877,25200.0,0.0,25200.0,0.0,25200.0,36.82140916141656,25200.0,32.14063382917776,25200.0,0.50200004,25200.0,0.50200004
25400.0,13.771051889379198,25400.0,31.817979304670637,25400.0,0.0,25400.0,0.0,25400.0,14.122196236236817,25400.0,17.005923250258597,25400.0,0.0,25400.0,0.0,25400.0,19.501663140294593,25400.0,27.65911345017962,25400.0,0.0,25400.0,0.0,25400.0,19.854704796745317,25400.0,28.25433931683408,25400.0,0.0,25400.0,0.0,25400.0,19.845878159606404,25400.0,28.241360222476235,25400.0,0.0,25400.0,0.04000000799999998,25400.0,10.17702761465813,25400.0,7.022101954068061,25400.0,0.0,25400.0,0.0,25400.0,23.369002415354288,25400.0,10.974032611744823,25400.0,0.14900000000000002,25400.0,0.0,25400.0,23.375391429790135,25400.0,11.148364350190306,25400.0,0.14899999999999997,25400.0,0.14899999999999997,25400.0,22.420942186029457,25400.0,10.5701787467725,25400.0,0.0,25400.0,0.0,25400.0,13.768125843276152,25400.0,31.602673107576475,25400.0,0.0,25400.0,0.0,25400.0,36.71988469792978,25400.0,32.21606332968773,25400.0,0.50200004,25400.0,0.50200004
25600.0,13.670748427886952,25600.0,28.121771600557082,25600.0,0.0,25600.0,0.0,25600.0,13.979701399225117,25600.0,16.720730912713034,25600.0,0.0,25600.0,0.0,25600.0,19.415952722347264,25600.0,27.404592094664775,25600.0,0.0,25600.0,0.0,25600.0,19.77134061927447,25600.0,28.01435800350323,25600.0,0.0,25600.0,0.0,25600.0,19.76241677317066,25600.0,28.00256664519523,25600.0,0.0,25600.0,0.04000000799999998,25600.0,9.964847205667164,25600.0,6.654681482379624,25600.0,0.0,25600.0,0.0,25600.0,23.32250751169843,25600.0,10.985337741254193,25600.0,0.14900000000000002,25600.0,0.0,25600.0,23.328962272591546,25600.0,11.158343616454728,25600.0,0.14899999999999997,25600.0,0.14899999999999997,25600.0,22.366568575224726,25600.0,10.563782249502323,25600.0,0.0,25600.0,0.0,25600.0,13.667569892073198,25600.0,27.986269250159594,25600.0,0.0,25600.0,0.0,25600.0,36.613290399982255,25600.0,32.231198283754956,25600.0,0.50200004,25600.0,0.50200004
25800.0,13.566229912633213,25800.0,35.456598927036,25800.0,0.0,25800.0,0.0,25800.0,13.833787948352514,25800.0,16.63260496952522,25800.0,0.0,25800.0,0.0,25800.0,19.329606346680215,25800.0,27.850460830346417,25800.0,0.0,25800.0,0.828,25800.0,19.688850251855786,25800.0,28.07447734656281,25800.0,0.0,25800.0,0.0,25800.0,19.679836174093804,25800.0,27.99225680230558,25800.0,0.0,25800.0,0.04000000799999998,25800.0,9.751418309451976,25800.0,6.374698538194452,25800.0,0.0,25800.0,0.0,25800.0,23.276090894135354,25800.0,10.99014492267293,25800.0,0.14900000000000002,25800.0,0.0,25800.0,23.282443439171832,25800.0,11.162056224735148,25800.0,0.14899999999999997,25800.0,0.14899999999999997,25800.0,22.312468231703324,25800.0,10.556243594995381,25800.0,0.0,25800.0,0.0,25800.0,13.562817134698003,25800.0,35.96053169022059,25800.0,0.0,25800.0,0.0,25800.0,36.50562978819386,25800.0,32.220889287117366,25800.0,0.50200004,25800.0,0.50200004
26000.0,13.4575109781688,26000.0,34.346333792380804,26000.0,0.0,26000.0,0.0,26000.0,13.685445545766981,26000.0,16.483419958366564,26000.0,0.0,26000.0,0.0,26000.0,19.24337232024109,26000.0,28.128262811448838,26000.0,0.0,26000.0,0.828,26000.0,19.607164338847735,26000.0,28.263986761550253,26000.0,0.0,26000.0,0.0,26000.0,19.598061318695944,26000.0,28.18144467709422,26000.0,0.0,26000.0,0.04000000799999998,26000.0,9.538121106593804,26000.0,5.901721543568029,26000.0,0.0,26000.0,0.0,26000.0,23.229842308077444,26000.0,10.992754728710565,26000.0,0.14900000000000002,26000.0,0.0,26000.0,23.23593277984907,26000.0,11.16258125582381,26000.0,0.14899999999999997,26000.0,0.14899999999999997,26000.0,22.258739669181836,26000.0,10.538547589779208,26000.0,0.0,26000.0,0.0,26000.0,13.45385707519249,26000.0,33.95969448090193,26000.0,0.0,26000.0,0.0,26000.0,36.39655356562742,26000.0,32.166279658842605,26000.0,0.50200004,26000.0,0.50200004
26200.0,13.371512158105633,26200.0,29.623353194727997,26200.0,0.0,26200.0,0.0,26200.0,13.580288758751383,26200.0,16.262143670842192,26200.0,0.0,26200.0,0.0,26200.0,19.169441820475893,26200.0,28.319437708459866,26200.0,0.0,26200.0,0.828,26200.0,19.559769959647355,26200.0,28.432323867310682,26200.0,0.0,26200.0,0.0,26200.0,19.550893378489807,26200.0,28.34920345144715,26200.0,0.0,26200.0,0.04000000799999998,26200.0,9.415456791242452,26200.0,5.4779194052714955,26200.0,0.0,26200.0,0.0,26200.0,23.20320019169179,26200.0,10.989125114186903,26200.0,0.14900000000000002,26200.0,0.0,26200.0,23.20907720656631,26200.0,11.156935550887606,26200.0,0.14899999999999997,26200.0,0.14899999999999997,26200.0,22.22788450064897,26200.0,10.517799688157824,26200.0,0.0,26200.0,0.0,26200.0,13.37186622641281,26200.0,29.41745787202657,26200.0,0.0,26200.0,0.0,26200.0,36.33276210644077,26200.0,32.071543333856404,26200.0,0.50200004,26200.0,0.50200004
26400.0,13.230742391695788,26400.0,29.633531174075067,26400.0,0.0,26400.0,0.0,26400.0,13.412807823691375,26400.0,16.083643939874054,26400.0,0.0,26400.0,0.0,26400.0,19.07284775418642,26400.0,28.466456373591008,26400.0,0.0,26400.0,0.828,26400.0,19.41895682902473,26400.0,28.58974433525779,26400.0,0.0,26400.0,0.0,26400.0,19.408623375209352,26400.0,28.507014194347448,26400.0,0.0,26400.0,0.04000000799999998,26400.0,9.07283333695858,26400.0,5.147476606743209,26400.0,0.0,26400.0,0.0,26400.0,23.112154140598808,26400.0,10.982404958995991,26400.0,0.14900000000000002,26400.0,0.0,26400.0,23.117890474194393,26400.0,11.149029262118693,26400.0,0.14899999999999997,26400.0,0.14899999999999997,26400.0,22.131234093106492,26400.0,10.503808628640178,26400.0,0.0,26400.0,0.0,26400.0,13.225003318004648,26400.0,30.01905635687481,26400.0,0.0,26400.0,0.0,26400.0,36.107771037413514,26400.0,31.950439981542356,26400.0,0.50200004,26400.0,0.50200004
26600.0,13.101127053879587,26600.0,37.442167152555854,26600.0,0.0,26600.0,0.0,26600.0,13.267190396233273,26600.0,16.071398222583024,26600.0,0.0,26600.0,0.0,26600.0,18.96385901857827,26600.0,28.616543318598325,26600.0,0.0,26600.0,0.828,26600.0,19.333861250598247,26600.0,28.75779475682872,26600.0,0.0,26600.0,0.0,26600.0,19.324698652404933,26600.0,28.67467389294483,26600.0,0.0,26600.0,0.04000000799999998,26600.0,9.013747603711861,26600.0,5.089551133895071,26600.0,0.0,26600.0,0.0,26600.0,23.063330583167335,26600.0,10.976030029393458,26600.0,0.14900000000000002,26600.0,0.0,26600.0,23.068814503036524,26600.0,11.14146836202939,26600.0,0.14899999999999997,26600.0,0.14899999999999997,26600.0,22.084983102384598,26600.0,10.504307977973353,26600.0,0.0,26600.0,0.0,26600.0,13.098893137877216,26600.0,37.133249224908795,26600.0,0.0,26600.0,0.0,26600.0,35.976894996549255,26600.0,31.778521367328857,26600.0,0.50200004,26600.0,0.50200004
26800.0,13.05337990242292,26800.0,31.510900297753267,26800.0,0.0,26800.0,0.0,26800.0,13.193958355718605,26800.0,15.980733339176322,26800.0,0.0,26800.0,0.0,26800.0,18.902870710779197,26800.0,28.75946220712147,26800.0,0.0,26800.0,0.828,26800.0,19.31219238276874,26800.0,28.906545227946314,26800.0,0.0,26800.0,0.0,26800.0,19.303398511535114,26800.0,28.82288008827041,26800.0,0.0,26800.0,0.04000000799999998,26800.0,9.006895764101499,26800.0,5.140081457929486,26800.0,0.0,26800.0,0.0,26800.0,23.05278383761893,26800.0,10.973565930078275,26800.0,0.14900000000000002,26800.0,0.0,26800.0,23.05820731195701,26800.0,11.137563573223957,26800.0,0.14899999999999997,26800.0,0.14899999999999997,26800.0,22.07531253110423,26800.0,10.513163384474298,26800.0,0.0,26800.0,0.0,26800.0,13.052435689112183,26800.0,31.297984732283606,26800.0,0.0,26800.0,0.0,26800.0,35.947373469088504,26800.0,31.602061721883704,26800.0,0.50200004,26800.0,0.50200004
27000.0,12.989527934729116,27000.0,27.82979751636869,27000.0,0.0,27000.0,0.0,27000.0,13.113778476080666,27000.0,15.892744089055423,27000.0,0.0,27000.0,0.0,27000.0,18.859512714049224,27000.0,28.881099192931355,27000.0,0.0,27000.0,0.828,27000.0,19.277761875452416,27000.0,29.031110640431077,27000.0,0.0,27000.0,0.0,27000.0,19.269043981390226,27000.0,28.947136138059278,27000.0,0.0,27000.0,0.04000000799999998,27000.0,8.99920019041319,27000.0,5.234999668429994,27000.0,0.0,27000.0,0.0,27000.0,23.036313572296923,27000.0,10.97487047763129,27000.0,0.14900000000000002,27000.0,0.0,27000.0,23.041596367714284,27000.0,11.137464847490218,27000.0,0.14899999999999997,27000.0,0.14899999999999997,27000.0,22.060359350232332,27000.0,10.525289521062337,27000.0,0.0,27000.0,0.0,27000.0,12.98682480592502,27000.0,27.68046770531131,27000.0,0.0,27000.0,0.0,27000.0,35.900424109025614,27000.0,31.46077882239402,27000.0,0.50200004,27000.0,0.50200004
27200.0,12.92015547707641,27200.0,35.28663800922598,27200.0,0.0,27200.0,0.0,27200.0,13.051981825521947,27200.0,16.016136415646123,27200.0,0.0,27200.0,0.0,27200.0,18.820737309156616,27200.0,29.00944217459667,27200.0,0.0,27200.0,0.828,27200.0,19.24642855793028,27200.0,29.18263252132284,27200.0,0.0,27200.0,0.0,27200.0,19.237759284547263,27200.0,29.098615127931026,27200.0,0.0,27200.0,0.04000000799999998,27200.0,8.995354600361027,27200.0,5.417797858641675,27200.0,0.0,27200.0,0.0,27200.0,23.021603382370802,27200.0,10.981874797046189,27200.0,0.14900000000000002,27200.0,0.0,27200.0,23.02673216684602,27200.0,11.142434966835257,27200.0,0.14899999999999997,27200.0,0.14899999999999997,27200.0,22.047209511554694,27200.0,10.547701596601826,27200.0,0.0,27200.0,0.0,27200.0,12.917809731939355,27200.0,35.80659364758599,27200.0,0.0,27200.0,0.0,27200.0,35.857786330427366,27200.0,31.287065383104043,27200.0,0.50200004,27200.0,0.50200004
27400.0,12.858251454946435,27400.0,34.090685014379204,27400.0,0.0,27400.0,0.0,27400.0,13.001732944944614,27400.0,16.083839371166444,27400.0,0.0,27400.0,0.0,27400.0,18.78727202932357,27400.0,29.1502232247491,27400.0,0.0,27400.0,0.828,27400.0,19.218222678267715,27400.0,29.331022352924613,27400.0,0.0,27400.0,0.0,27400.0,19.209575297336603,27400.0,29.247222884929844,27400.0,0.0,27400.0,0.04000000799999998,27400.0,8.99432133279714,27400.0,5.655382248363057,27400.0,0.0,27400.0,0.0,27400.0,23.008626752055743,27400.0,10.99511938895372,27400.0,0.14900000000000002,27400.0,0.0,27400.0,23.013597494052913,27400.0,11.15384484027464,27400.0,0.14899999999999997,27400.0,0.14899999999999997,27400.0,22.03577017066209,27400.0,10.576767560537634,27400.0,0.0,27400.0,0.0,27400.0,12.855509993738353,27400.0,33.70244049714364,27400.0,0.0,27400.0,0.0,27400.0,35.81961548980235,27400.0,31.138988025698616,27400.0,0.50200004,27400.0,0.50200004
27600.0,12.787840622720033,27600.0,29.410434760058553,27600.0,0.0,27600.0,0.0,27600.0,12.954655641229081,27600.0,16.114454494828557,27600.0,0.0,27600.0,0.0,27600.0,18.754000496598415,27600.0,29.2784300436223,27600.0,0.0,27600.0,0.828,27600.0,19.18323472202203,27600.0,29.453924574318318,27600.0,0.0,27600.0,0.0,27600.0,19.1744668740473,27600.0,29.370041681429818,27600.0,0.0,27600.0,0.04000000799999998,27600.0,8.996071725835764,27600.0,5.882773848467293,27600.0,0.0,27600.0,0.0,27600.0,22.992592525068428,27600.0,11.010102077765662,27600.0,0.14900000000000002,27600.0,0.0,27600.0,22.997338644362106,27600.0,11.167668866785176,27600.0,0.14899999999999997,27600.0,0.14899999999999997,27600.0,22.021821816169005,27600.0,10.604696620480539,27600.0,0.0,27600.0,0.0,27600.0,12.783388256394161,27600.0,29.19343852732235,27600.0,0.0,27600.0,0.0,27600.0,35.771753129340226,27600.0,31.053865014101696,27600.0,0.50200004,27600.0,0.50200004
27800.0,12.72615789928403,27800.0,29.237287462850272,27800.0,0.0,27800.0,0.0,27800.0,12.921542791231806,27800.0,16.20326060656548,27800.0,0.0,27800.0,0.0,27800.0,18.72306131774976,27800.0,29.407912992062116,27800.0,0.0,27800.0,0.828,27800.0,19.159444235509643,27800.0,29.59753711299115,27800.0,0.0,27800.0,0.0,27800.0,19.150785843714342,27800.0,29.513723573332054,27800.0,0.0,27800.0,0.04000000799999998,27800.0,8.99936268952084,27800.0,6.20598282927394,27800.0,0.0,27800.0,0.0,27800.0,22.981965344220395,27800.0,11.034863401472787,27800.0,0.14900000000000002,27800.0,0.0,27800.0,22.986555063006808,27800.0,11.191384099064981,27800.0,0.14899999999999997,27800.0,0.14899999999999997,27800.0,22.012725132505057,27800.0,10.646327789959724,27800.0,0.0,27800.0,0.0,27800.0,12.723385904566598,27800.0,29.628521992011454,27800.0,0.0,27800.0,0.0,27800.0,35.73966798512202,27800.0,30.983864314559273,27800.0,0.50200004,27800.0,0.50200004
28000.0,12.66989983075846,28000.0,37.23068396434085,28000.0,0.0,28000.0,0.0,28000.0,12.891081977696706,28000.0,16.439544953685008,28000.0,0.0,28000.0,0.0,28000.0,18.695824706244743,28000.0,29.542532329051078,28000.0,0.0,28000.0,0.828,28000.0,19.13441302557724,28000.0,29.721420153621555,28000.0,0.0,28000.0,0.0,28000.0,19.125778146258984,28000.0,29.63688357879756,28000.0,0.0,28000.0,0.04000000799999998,28000.0,9.00474937540815,28000.0,6.498825178342125,28000.0,0.0,28000.0,0.0,28000.0,22.97090077331368,28000.0,11.060034857601634,28000.0,0.14900000000000002,28000.0,0.0,28000.0,22.975331764790603,28000.0,11.216275868572804,28000.0,0.14899999999999997,28000.0,0.14899999999999997,28000.0,22.003360792166365,28000.0,10.685663692271293,28000.0,0.0,28000.0,0.0,28000.0,12.666841123407885,28000.0,36.94660033567598,28000.0,0.0,28000.0,0.0,28000.0,35.70592875221257,28000.0,30.955079349803015,28000.0,0.50200004,28000.0,0.50200004
28200.0,12.584940791325932,28200.0,31.376700151317046,28200.0,0.0,28200.0,0.0,28200.0,12.856886690844876,28200.0,16.5551910196618,28200.0,0.0,28200.0,0.0,28200.0,18.66107797353516,28200.0,29.67497894071452,28200.0,0.0,28200.0,0.828,28200.0,19.091441797882716,28200.0,29.85402275074404,28200.0,0.0,28200.0,0.0,28200.0,19.082660139583243,28200.0,29.76964464821224,28200.0,0.0,28200.0,0.04000000799999998,28200.0,9.01893332202947,28200.0,6.8329324983381206,28200.0,0.0,28200.0,0.0,28200.0,22.951696200822628,28200.0,11.091507959249357,28200.0,0.14900000000000002,28200.0,0.0,28200.0,22.95586938209791,28200.0,11.24817543964345,28200.0,0.14899999999999997,28200.0,0.14899999999999997,28200.0,21.987309522231126,28200.0,10.732274404128937,28200.0,0.0,28200.0,0.0,28200.0,12.580664045168959,28200.0,31.16926863014094,28200.0,0.0,28200.0,0.0,28200.0,35.64667450921939,28200.0,30.962055604189374,28200.0,0.50200004,28200.0,0.50200004
28400.0,12.48870762513468,28400.0,27.522332115850347,28400.0,0.0,28400.0,0.0,28400.0,12.827105503365662,28400.0,16.64845918185143,28400.0,0.0,28400.0,0.0,28400.0,18.617504704875763,28400.0,29.809472824119798,28400.0,0.0,28400.0,0.828,28400.0,19.042362225937048,28400.0,29.997840990113524,28400.0,0.0,28400.0,0.0,28400.0,19.033564691164997,28400.0,29.91400448227942,28400.0,0.0,28400.0,0.04000000799999998,28400.0,9.043195718803187,28400.0,7.222437051779759,28400.0,0.0,28400.0,0.0,28400.0,22.929715328760704,28400.0,11.132540190773522,28400.0,0.14900000000000002,28400.0,0.0,28400.0,22.933659519593956,28400.0,11.290694229780543,28400.0,0.14899999999999997,28400.0,0.14899999999999997,28400.0,21.969245489941624,28400.0,10.790122487037195,28400.0,0.0,28400.0,0.0,28400.0,12.484946465747687,28400.0,27.36838293567258,28400.0,0.0,28400.0,0.0,28400.0,35.57810215506371,28400.0,31.01164679305354,28400.0,0.50200004,28400.0,0.50200004
28600.0,12.426335500146697,28600.0,34.944382426903175,28600.0,0.0,28600.0,0.0,28600.0,12.807209357436557,28600.0,16.91970176965398,28600.0,0.0,28600.0,0.0,28600.0,18.581166810114876,28600.0,29.93984635420216,28600.0,0.0,28600.0,0.828,28600.0,19.0130107760689,28600.0,30.107474725782776,28600.0,0.0,28600.0,0.0,28600.0,19.00436132747181,28600.0,30.02270872257561,28600.0,0.0,28600.0,0.04000000799999998,28600.0,9.061360599123866,28600.0,7.507429770317372,28600.0,0.0,28600.0,0.0,28600.0,22.91704242584851,28600.0,11.165470428515166,28600.0,0.14900000000000002,28600.0,0.0,28600.0,22.920896400733046,28600.0,11.325326412561976,28600.0,0.14899999999999997,28600.0,0.14899999999999997,28600.0,21.958974292756686,28600.0,10.834933467345948,28600.0,0.0,28600.0,0.0,28600.0,12.423588687880464,28600.0,35.44310657277637,28600.0,0.0,28600.0,0.0,28600.0,35.53827362223846,28600.0,31.06950299843859,28600.0,0.50200004,28600.0,0.50200004
28800.0,12.368545852908799,28800.0,34.022115016696276,28800.0,0.0,28800.0,0.0,28800.0,12.789756181691793,28800.0,17.107256444652663,28800.0,0.0,28800.0,0.0,28800.0,18.550046293461424,28800.0,30.067875802519534,28800.0,0.0,28800.0,0.828,28800.0,18.983640575102836,28800.0,30.240886157428584,28800.0,0.0,28800.0,0.0,28800.0,18.975058970269313,28800.0,30.157289194831666,28800.0,0.0,28800.0,0.04000000799999998,28800.0,9.081933529860995,28800.0,7.854672487975993,28800.0,0.0,28800.0,0.0,28800.0,22.904482565314627,28800.0,11.208417565564982,28800.0,0.14900000000000002,28800.0,0.0,28800.0,22.908277655575198,28800.0,11.37077607045377,28800.0,0.14899999999999997,28800.0,0.14899999999999997,28800.0,21.948848373576183,28800.0,10.891222736244526,28800.0,0.0,28800.0,0.0,28800.0,12.365895499378865,28800.0,33.62987596706062,28800.0,0.0,28800.0,0.0,28800.0,35.498637989225315,28800.0,31.169619623805456,28800.0,0.50200004,28800.0,0.50200004
29000.0,12.312286295747356,29000.0,29.281249037920734,29000.0,0.0,29000.0,0.0,29000.0,12.774699772686736,29000.0,17.249266150662937,29000.0,0.0,29000.0,0.0,29000.0,18.520748764709644,29000.0,30.209760767045776,29000.0,0.0,29000.0,0.828,29000.0,18.954317239282094,29000.0,30.388980510023973,29000.0,0.0,29000.0,0.0,29000.0,18.945777106622028,29000.0,30.305716026647744,29000.0,0.0,29000.0,0.04000000799999998,29000.0,9.104055674748693,29000.0,8.228118619808482,29000.0,0.0,29000.0,0.0,29000.0,22.892031144957226,29000.0,11.26247961840043,29000.0,0.14900000000000002,29000.0,0.0,29000.0,22.89580896821883,29000.0,11.428165475826386,29000.0,0.14899999999999997,29000.0,0.14899999999999997,29000.0,21.938852978737337,29000.0,10.95884201158434,29000.0,0.0,29000.0,0.0,29000.0,12.309731670435351,29000.0,29.064284940556398,29000.0,0.0,29000.0,0.0,29000.0,35.459251834437374,29000.0,31.31783201525882,29000.0,0.50200004,29000.0,0.50200004
29200.0,12.256320912896689,29200.0,29.135766031503106,29200.0,0.0,29200.0,0.0,29200.0,12.762069732150499,29200.0,17.421588283123356,29200.0,0.0,29200.0,0.0,29200.0,18.491669333314764,29200.0,30.341878120470557,29200.0,0.0,29200.0,0.828,29200.0,18.925140317149744,29200.0,30.499316932515626,29200.0,0.0,29200.0,0.0,29200.0,18.91664487830135,29200.0,30.415078635258475,29200.0,0.0,29200.0,0.04000000799999998,29200.0,9.127347411534865,29200.0,8.477927911545997,29200.0,0.0,29200.0,0.0,29200.0,22.879686589675853,29200.0,11.302948407913318,29200.0,0.14900000000000002,29200.0,0.0,29200.0,22.883489364929737,29200.0,11.471102290785495,29200.0,0.14899999999999997,29200.0,0.14899999999999997,29200.0,21.92898045172843,29200.0,11.007780080365427,29200.0,0.0,29200.0,0.0,29200.0,12.254316594912606,29200.0,29.508959909409093,29200.0,0.0,29200.0,0.0,29200.0,35.420177249373936,29200.0,31.437307613622973,29200.0,0.50200004,29200.0,0.50200004
29400.0,12.22286092051693,29400.0,37.27630448890804,29400.0,0.0,29400.0,0.0,29400.0,12.753732904575282,29400.0,17.709488410385582,29400.0,0.0,29400.0,0.0,29400.0,18.469968128463936,29400.0,30.4640516732305,29400.0,0.0,29400.0,0.828,29400.0,18.906263733469256,29400.0,30.6142721479771,29400.0,0.0,29400.0,0.0,29400.0,18.897834228337935,29400.0,30.530111564908363,29400.0,0.0,29400.0,0.04000000799999998,29400.0,9.142836110443815,29400.0,8.715647546229544,29400.0,0.0,29400.0,0.0,29400.0,22.871801121297107,29400.0,11.343724466685286,29400.0,0.14900000000000002,29400.0,0.0,29400.0,22.87564322909147,29400.0,11.514227126834498,29400.0,0.14899999999999997,29400.0,0.14899999999999997,29400.0,21.92269742989124,29400.0,11.055885018443288,29400.0,0.0,29400.0,0.0,29400.0,12.220420969230982,29400.0,37.00231275133717,29400.0,0.0,29400.0,0.0,29400.0,35.39530943470834,29400.0,31.56901298614344,29400.0,0.50200004,29400.0,0.50200004
29600.0,12.196832082895813,29600.0,31.5428268105847,29600.0,0.0,29600.0,0.0,29600.0,12.748279261752893,29600.0,17.867878634134232,29600.0,0.0,29600.0,0.0,29600.0,18.45381858665987,29600.0,30.60336130517785,29600.0,0.0,29600.0,0.828,29600.0,18.894434206181195,29600.0,30.768599992784925,29600.0,0.0,29600.0,0.0,29600.0,18.886084904726435,29600.0,30.685226069407506,29600.0,0.0,29600.0,0.04000000799999998,29600.0,9.152702460721104,29600.0,9.031039416495872,29600.0,0.0,29600.0,0.0,29600.0,22.86685537791704,29600.0,11.406181571067375,29600.0,0.14900000000000002,29600.0,0.0,29600.0,22.87073196801179,29600.0,11.579799527752046,29600.0,0.14899999999999997,29600.0,0.14899999999999997,29600.0,21.918776821640204,29600.0,11.127110942839492,29600.0,0.0,29600.0,0.0,29600.0,12.195110456166475,29600.0,31.331728166235525,29600.0,0.0,29600.0,0.0,29600.0,35.37982675552026,29600.0,31.779206986124,29600.0,0.50200004,29600.0,0.50200004
29800.0,12.120157977144968,29800.0,27.865029947904116,29800.0,0.0,29800.0,0.0,29800.0,12.734604784402059,29800.0,17.99237761616419,29800.0,0.0,29800.0,0.0,29800.0,18.41257111581199,29800.0,30.750376334086553,29800.0,0.0,29800.0,0.828,29800.0,18.801638561860162,29800.0,30.920880643165386,29800.0,0.0,29800.0,0.0,29800.0,18.790871502053196,29800.0,30.837910484077355,29800.0,0.0,29800.0,0.04000000799999998,29800.0,9.247323945700312,29800.0,9.311922152041712,29800.0,0.0,29800.0,0.0,29800.0,22.816691006083964,29800.0,11.470996211124344,29800.0,0.14900000000000002,29800.0,0.0,29800.0,22.820904645518397,29800.0,11.647051371748796,29800.0,0.14899999999999997,29800.0,0.14899999999999997,29800.0,21.87762186530298,29800.0,11.197860895186219,29800.0,0.0,29800.0,0.0,29800.0,12.111057482042137,29800.0,27.717843408270575,29800.0,0.0,29800.0,0.0,29800.0,35.22437595208741,29800.0,31.99842469060897,29800.0,0.50200004,29800.0,0.50200004
30000.0,11.972133277616983,30000.0,35.630370786051,30000.0,0.0,30000.0,0.0,30000.0,12.712054669720544,30000.0,18.275356746752294,30000.0,0.0,30000.0,0.0,30000.0,18.295480556044197,30000.0,30.902022814771374,30000.0,0.0,30000.0,0.828,30000.0,18.637148090186184,30000.0,31.07310375192179,30000.0,0.0,30000.0,0.0,30000.0,18.626659798340622,30000.0,30.990029264954728,30000.0,0.0,30000.0,0.04000000799999998,30000.0,9.259380907310495,30000.0,9.417010302311846,30000.0,0.0,30000.0,0.0,30000.0,22.72342772157689,30000.0,11.534408776673407,30000.0,0.14900000000000002,30000.0,0.0,30000.0,22.728215665401144,30000.0,11.7112508815448,30000.0,0.14899999999999997,30000.0,0.14899999999999997,30000.0,21.787731180948786,30000.0,11.253090293912738,30000.0,0.0,30000.0,0.0,30000.0,11.967239283098616,30000.0,36.16284455421463,30000.0,0.0,30000.0,0.0,30000.0,34.9557719265635,30000.0,32.23233272376343,30000.0,0.50200004,30000.0,0.50200004
30200.0,11.857759811620262,30200.0,34.71006856062494,30200.0,0.0,30200.0,0.0,30200.0,12.65694677017279,30200.0,18.418082142701703,30200.0,0.0,30200.0,0.0,30200.0,18.156519887301346,30200.0,31.058970887521042,30200.0,0.0,30200.0,0.828,30200.0,18.479589353101943,30200.0,31.226867315300016,30200.0,0.0,30200.0,0.0,30200.0,18.469331817602654,30200.0,31.143919545371652,30200.0,0.0,30200.0,0.04000000799999998,30200.0,9.07767525005941,30200.0,9.304885418380254,30200.0,0.0,30200.0,0.0,30200.0,22.628622275164776,30200.0,11.591410247660198,30200.0,0.14900000000000002,30200.0,0.0,30200.0,22.634223669596995,30200.0,11.768224604391008,30200.0,0.14899999999999997,30200.0,0.14899999999999997,30200.0,21.68356922765146,30200.0,11.290246080048407,30200.0,0.0,30200.0,0.0,30200.0,11.854725059970134,30200.0,34.33314222546414,30200.0,0.0,30200.0,0.0,30200.0,34.7260725059665,30200.0,32.467070736101924,30200.0,0.50200004,30200.0,0.50200004
30400.0,11.759453729559647,30400.0,30.069310487727634,30400.0,0.0,30400.0,0.0,30400.0,12.556677453972267,30400.0,18.4255631929957,30400.0,0.0,30400.0,0.0,30400.0,18.011290029990278,30400.0,30.85275308915022,30400.0,0.0,30400.0,0.0,30400.0,18.325409818855825,30400.0,31.239241649758984,30400.0,0.0,30400.0,0.0,30400.0,18.315263252468316,30400.0,31.208948287549866,30400.0,0.0,30400.0,0.04000000799999998,30400.0,8.794277222001083,30400.0,9.072877985878238,30400.0,0.0,30400.0,0.0,30400.0,22.52999161958908,30400.0,11.639978598405138,30400.0,0.14900000000000002,30400.0,0.0,30400.0,22.5366306150169,30400.0,11.81651515630772,30400.0,0.14899999999999997,30400.0,0.14899999999999997,30400.0,21.570751642495907,30400.0,11.315132268183882,30400.0,0.0,30400.0,0.0,30400.0,11.757239630651618,30400.0,29.85931643229789,30400.0,0.0,30400.0,0.0,30400.0,34.5253982777981,30400.0,32.678172145749095,30400.0,0.50200004,30400.0,0.50200004
30600.0,11.677432885092255,30600.0,30.156442765063414,30600.0,0.0,30600.0,0.0,30600.0,12.428855343240592,30600.0,18.354607205385182,30600.0,0.0,30600.0,0.0,30600.0,17.881272493874324,30600.0,30.34374046935833,30600.0,0.0,30600.0,0.0,30600.0,18.216999903408492,30600.0,30.92385084317954,30600.0,0.0,30600.0,0.0,30600.0,18.207812050361408,30600.0,30.90230936952968,30600.0,0.0,30600.0,0.04000000799999998,30600.0,8.568813682344679,30600.0,8.755218375791783,30600.0,0.0,30600.0,0.0,30600.0,22.46474685151092,30600.0,11.679478232009801,30600.0,0.14900000000000002,30600.0,0.0,30600.0,22.47196084569708,30600.0,11.85549643383131,30600.0,0.14899999999999997,30600.0,0.14899999999999997,30600.0,21.49524624859467,30600.0,11.330337098121523,30600.0,0.0,30600.0,0.0,30600.0,11.676518982282728,30600.0,30.56103524211508,30600.0,0.0,30600.0,0.0,30600.0,34.404020462278375,30600.0,32.85239683230857,30600.0,0.50200004,30600.0,0.50200004
30800.0,11.609418062443781,30800.0,38.21160081803957,30800.0,0.0,30800.0,0.0,30800.0,12.303015307274288,30800.0,18.339927311418368,30800.0,0.0,30800.0,0.0,30800.0,17.783709551855384,30800.0,29.984760201393662,30800.0,0.0,30800.0,0.0,30800.0,18.139602480782315,30800.0,30.609939624040265,30800.0,0.0,30800.0,0.0,30800.0,18.130525143999012,30800.0,30.59187098846294,30800.0,0.0,30800.0,0.04000000799999998,30800.0,8.402180205751492,30800.0,8.376783382421026,30800.0,0.0,30800.0,0.0,30800.0,22.421792245049456,30800.0,11.709991793049909,30800.0,0.14900000000000002,30800.0,0.0,30800.0,22.42930938482249,30800.0,11.885185139271341,30800.0,0.14899999999999997,30800.0,0.14899999999999997,30800.0,21.445411926347102,30800.0,11.337122187711836,30800.0,0.0,30800.0,0.0,30800.0,11.608156790987264,30800.0,37.91403094245219,30800.0,0.0,30800.0,0.0,30800.0,34.32563839494429,30800.0,32.988456975391124,30800.0,0.50200004,30800.0,0.50200004
31000.0,11.533877462779891,31000.0,32.39138811982071,31000.0,0.0,31000.0,0.0,31000.0,12.175617467053335,31000.0,18.138314473086716,31000.0,0.0,31000.0,0.0,31000.0,17.696877941208896,31000.0,29.669924804315333,31000.0,0.0,31000.0,0.0,31000.0,18.059359372668087,31000.0,30.300581939690407,31000.0,0.0,31000.0,0.0,31000.0,18.050253826784854,31000.0,30.284259733238276,31000.0,0.0,31000.0,0.04000000799999998,31000.0,8.222044623069925,31000.0,7.956291462031622,31000.0,0.0,31000.0,0.0,31000.0,22.376858327338873,31000.0,11.731884926689165,31000.0,0.14900000000000002,31000.0,0.0,31000.0,22.384607740463412,31000.0,11.905904172591095,31000.0,0.14899999999999997,31000.0,0.14899999999999997,31000.0,21.393431591073313,31000.0,11.336184887502435,31000.0,0.0,31000.0,0.0,31000.0,11.532206447522132,31000.0,32.1754295025105,31000.0,0.0,31000.0,0.0,31000.0,34.243908272750915,31000.0,33.0662061215366,31000.0,0.50200004,31000.0,0.50200004
31200.0,11.450776196714482,31200.0,28.76919031621823,31200.0,0.0,31200.0,0.0,31200.0,12.044455711917571,31200.0,17.866891734107085,31200.0,0.0,31200.0,0.0,31200.0,17.611287788477306,31200.0,29.378812869331007,31200.0,0.0,31200.0,0.0,31200.0,17.975955027519877,31200.0,30.036754705908695,31200.0,0.0,31200.0,0.0,31200.0,17.96674573428957,31200.0,30.022833201526133,31200.0,0.0,31200.0,0.04000000799999998,31200.0,8.02767194956684,31200.0,7.588395596961665,31200.0,0.0,31200.0,0.0,31200.0,22.329366971177706,31200.0,11.743589482673865,31200.0,0.14900000000000002,31200.0,0.0,31200.0,22.337228021073464,31200.0,11.916394378779206,31200.0,0.14899999999999997,31200.0,0.14899999999999997,31200.0,21.33865398261043,31200.0,11.329886450510067,31200.0,0.0,31200.0,0.0,31200.0,11.448684440610842,31200.0,28.636614532457195,31200.0,0.0,31200.0,0.0,31200.0,34.15679310836342,31200.0,33.08306491152501,31200.0,0.50200004,31200.0,0.50200004
31400.0,11.361884315715107,31400.0,29.181055710613716,31400.0,0.0,31400.0,0.0,31400.0,11.909267866104987,31400.0,17.6316157232114,31400.0,0.0,31400.0,0.0,31400.0,17.524930464431698,31400.0,29.133078825548,31400.0,0.0,31400.0,0.0,31400.0,17.892794353378985,31400.0,29.83094736853471,31400.0,0.0,31400.0,0.0,31400.0,17.88354515889239,31400.0,29.818413175704432,31400.0,0.0,31400.0,0.04000000799999998,31400.0,7.8291689110099965,31400.0,7.303519967634005,31400.0,0.0,31400.0,0.0,31400.0,22.281500106162802,31400.0,11.748691830211927,31400.0,0.14900000000000002,31400.0,0.0,31400.0,22.28931616840534,31400.0,11.920475084931399,31400.0,0.14899999999999997,31400.0,0.14899999999999997,31400.0,21.283593636114666,31400.0,11.32226230911036,31400.0,0.0,31400.0,0.0,31400.0,11.359627424327936,31400.0,29.578268181805107,31400.0,0.0,31400.0,0.0,31400.0,34.067355015158796,31400.0,33.07403200755174,31400.0,0.50200004,31400.0,0.50200004
31600.0,11.26936825225833,31600.0,37.390264136095595,31600.0,0.0,31600.0,0.0,31600.0,11.771906074250964,31600.0,17.499972913286094,31600.0,0.0,31600.0,0.0,31600.0,17.439447380941246,31600.0,28.876792280179945,31600.0,0.0,31600.0,0.0,31600.0,17.81145534615583,31600.0,29.522469471636597,31600.0,0.0,31600.0,0.0,31600.0,17.802139058199273,31600.0,29.508684909161687,31600.0,0.0,31600.0,0.04000000799999998,31600.0,7.632073770483348,31600.0,6.823601666051276,31600.0,0.0,31600.0,0.0,31600.0,22.234462648337878,31600.0,11.751549317043938,31600.0,0.14900000000000002,31600.0,0.0,31600.0,22.242078706619484,31600.0,11.921366433785236,31600.0,0.14899999999999997,31600.0,0.14899999999999997,31600.0,21.22962542659036,31600.0,11.30435006119034,31600.0,0.0,31600.0,0.0,31600.0,11.266838738925957,31600.0,37.09715175180721,31600.0,0.0,31600.0,0.0,31600.0,33.97723647963803,31600.0,33.02140664154803,31600.0,0.50200004,31600.0,0.50200004
31800.0,11.171215332345435,31800.0,31.754285614713012,31800.0,0.0,31800.0,0.0,31800.0,11.632108059967091,31800.0,17.210697629425137,31800.0,0.0,31800.0,0.0,31800.0,17.353911600183704,31800.0,28.602227564453738,31800.0,0.0,31800.0,0.0,31800.0,17.729376212145144,31800.0,29.24697962560357,31800.0,0.0,31800.0,0.0,31800.0,17.719975059960603,31800.0,29.23376044204634,31800.0,0.0,31800.0,0.04000000799999998,31800.0,7.4307581979871635,31800.0,6.394077236526216,31800.0,0.0,31800.0,0.0,31800.0,22.18661329899418,31800.0,11.747981812540901,31800.0,0.14900000000000002,31800.0,0.0,31800.0,22.193877389361393,31800.0,11.91584644830594,31800.0,0.14899999999999997,31800.0,0.14899999999999997,31800.0,21.174872061607193,31800.0,11.283142122605687,31800.0,0.0,31800.0,0.0,31800.0,11.168384827317078,31800.0,31.554030428603266,31800.0,0.0,31800.0,0.0,31800.0,33.88296167424689,31800.0,32.928347854855026,31800.0,0.50200004,31800.0,0.50200004
32000.0,11.053107449678613,32000.0,28.160516554264163,32000.0,0.0,32000.0,0.0,32000.0,11.482580750951882,32000.0,16.878881773443823,32000.0,0.0,32000.0,0.0,32000.0,17.25499428529077,32000.0,28.331936427896494,32000.0,0.0,32000.0,0.0,32000.0,17.607616459793388,32000.0,28.969730286129177,32000.0,0.0,32000.0,0.0,32000.0,17.596606630474295,32000.0,28.955279339462262,32000.0,0.0,32000.0,0.04000000799999998,32000.0,7.130467745070285,32000.0,6.00821630672675,32000.0,0.0,32000.0,0.0,32000.0,22.105582816069006,32000.0,11.740340262989763,32000.0,0.14900000000000002,32000.0,0.0,32000.0,22.11267448721236,32000.0,11.906875274220244,32000.0,0.14899999999999997,32000.0,0.14899999999999997,32000.0,21.088417419557008,32000.0,11.26514195037924,32000.0,0.0,32000.0,0.0,32000.0,11.047381517113978,32000.0,28.00186014202617,32000.0,0.0,32000.0,0.0,32000.0,33.71697626759946,32000.0,32.80488346988769,32000.0,0.50200004,32000.0,0.50200004
32200.0,10.928253478851415,32200.0,35.74310383485104,32200.0,0.0,32200.0,0.0,32200.0,11.33931174226858,32200.0,16.743338610778153,32200.0,0.0,32200.0,0.0,32200.0,17.137785987849707,32200.0,28.044192312592873,32200.0,0.0,32200.0,0.0,32200.0,17.506951459998685,32200.0,28.66978051477771,32200.0,0.0,32200.0,0.0,32200.0,17.497409863303503,32200.0,28.655108354943746,32200.0,0.0,32200.0,0.04000000799999998,32200.0,7.059110791135697,32200.0,5.913844866735716,32200.0,0.0,32200.0,0.0,32200.0,22.043009249382358,32200.0,11.732606959256085,32200.0,0.14900000000000002,32200.0,0.0,32200.0,22.049914433331235,32200.0,11.898088441368373,32200.0,0.14899999999999997,32200.0,0.14899999999999997,32200.0,21.029801750039272,32200.0,11.263456219600458,32200.0,0.0,32200.0,0.0,32200.0,10.926472380788306,32200.0,36.26536408631312,32200.0,0.0,32200.0,0.0,32200.0,33.57727851771954,32200.0,32.63151425756828,32200.0,0.50200004,32200.0,0.50200004
32400.0,10.87129583804842,32400.0,34.63574057796069,32400.0,0.0,32400.0,0.0,32400.0,11.258300980005885,32400.0,16.571783973495844,32400.0,0.0,32400.0,0.0,32400.0,17.067055927185542,32400.0,27.760267914405176,32400.0,0.0,32400.0,0.0,32400.0,17.47579264886045,32400.0,28.377822652249794,32400.0,0.0,32400.0,0.0,32400.0,17.466686213743163,32400.0,28.36361455370737,32400.0,0.0,32400.0,0.04000000799999998,32400.0,7.053837797856545,32400.0,5.948537653662218,32400.0,0.0,32400.0,0.0,32400.0,22.02702344704526,32400.0,11.728426360725283,32400.0,0.14900000000000002,32400.0,0.0,32400.0,22.03384010350148,32400.0,11.892424038435445,32400.0,0.14899999999999997,32400.0,0.14899999999999997,32400.0,21.015354675968954,32400.0,11.2713147025276,32400.0,0.0,32400.0,0.0,32400.0,10.870997345615002,32400.0,34.250809584440944,32400.0,0.0,32400.0,0.0,32400.0,33.539205084377606,32400.0,32.43106907623575,32400.0,0.50200004,32400.0,0.50200004
32600.0,10.819705313446182,32600.0,29.99010742721203,32600.0,0.0,32600.0,0.0,32600.0,11.189886667639769,32600.0,16.38877187949301,32600.0,0.0,32600.0,0.0,32600.0,17.021721432287094,32600.0,27.498768020520437,32600.0,0.0,32600.0,0.0,32600.0,17.44588928206869,32600.0,28.132966935624427,32600.0,0.0,32600.0,0.0,32600.0,17.436960472097915,32600.0,28.11944536136191,32600.0,0.0,32600.0,0.04000000799999998,32600.0,7.052126261032056,32600.0,6.035851977722344,32600.0,0.0,32600.0,0.0,32600.0,22.01227785045225,32600.0,11.728874273769256,32600.0,0.14900000000000002,32600.0,0.0,32600.0,22.018985007990754,32600.0,11.891432635494139,32600.0,0.14899999999999997,32600.0,0.14899999999999997,32600.0,21.00219396565467,32600.0,11.282880390600376,32600.0,0.0,32600.0,0.0,32600.0,10.818529518813143,32600.0,29.774362726135507,32600.0,0.0,32600.0,0.0,32600.0,33.50335542134042,32600.0,32.27577965830883,32600.0,0.50200004,32600.0,0.50200004
32800.0,10.762883943509635,32800.0,29.81245236851675,32800.0,0.0,32800.0,0.0,32800.0,11.131761534855114,32800.0,16.280991835059325,32800.0,0.0,32800.0,0.0,32800.0,16.984707541805697,32800.0,27.587186043217933,32800.0,0.0,32800.0,0.828,32800.0,17.41454507217642,32800.0,27.98289722059039,32800.0,0.0,32800.0,0.0,32800.0,17.4056298024247,32800.0,27.916627537844466,32800.0,0.0,32800.0,0.04000000799999998,32800.0,7.0529230056089505,32800.0,6.202326145380294,32800.0,0.0,32800.0,0.0,32800.0,21.99709229104337,32800.0,11.734693913248089,32800.0,0.14900000000000002,32800.0,0.0,32800.0,22.00365839024277,32800.0,11.895243292400115,32800.0,0.14899999999999997,32800.0,0.14899999999999997,32800.0,20.988807871181034,32800.0,11.303417500276318,32800.0,0.0,32800.0,0.0,32800.0,10.760648329541086,32800.0,30.203118407326727,32800.0,0.0,32800.0,0.0,32800.0,33.46577019695131,32800.0,32.09612930303754,32800.0,0.50200004,32800.0,0.50200004
33000.0,10.700991150811841,33000.0,37.77187696890525,33000.0,0.0,33000.0,0.0,33000.0,11.082907399826114,33000.0,16.385091959497466,33000.0,0.0,33000.0,0.0,33000.0,16.94984792218286,33000.0,27.964049491395457,33000.0,0.0,33000.0,0.828,33000.0,17.38196006278515,33000.0,28.14025297047031,33000.0,0.0,33000.0,0.0,33000.0,17.373007851636675,33000.0,28.063803335640017,33000.0,0.0,33000.0,0.04000000799999998,33000.0,7.056444689707061,33000.0,6.382095151865223,33000.0,0.0,33000.0,0.0,33000.0,21.98149519515431,33000.0,11.744136762306425,33000.0,0.14900000000000002,33000.0,0.0,33000.0,21.987885377501534,33000.0,11.903109476404547,33000.0,0.14899999999999997,33000.0,0.14899999999999997,33000.0,20.9752353204073,33000.0,11.325317944325288,33000.0,0.0,33000.0,0.0,33000.0,10.697996880747587,33000.0,37.486229543445596,33000.0,0.0,33000.0,0.0,33000.0,33.42650883379021,33000.0,31.96609726377101,33000.0,0.50200004,33000.0,0.50200004
33200.0,10.644162037166689,33200.0,31.86100864983741,33200.0,0.0,33200.0,0.0,33200.0,11.04535490516834,33200.0,16.39593383705414,33200.0,0.0,33200.0,0.0,33200.0,16.91804736494266,33200.0,28.18951815741132,33200.0,0.0,33200.0,0.828,33200.0,17.354880442184452,33200.0,28.31220592771454,33200.0,0.0,33200.0,0.0,33200.0,17.345970588887212,33200.0,28.232404737299806,33200.0,0.0,33200.0,0.04000000799999998,33200.0,7.061537989840324,33200.0,6.615445771700014,33200.0,0.0,33200.0,0.0,33200.0,21.968781689603738,33200.0,11.758967564591066,33200.0,0.14900000000000002,33200.0,0.0,33200.0,21.97501015524318,33200.0,11.916476108514075,33200.0,0.14899999999999997,33200.0,0.14899999999999997,33200.0,20.964314679022415,33200.0,11.35399917521262,33200.0,0.0,33200.0,0.0,33200.0,10.641406375562125,33200.0,31.650704250007486,33200.0,0.0,33200.0,0.0,33200.0,33.39404380711704,33200.0,31.858948976142095,33200.0,0.50200004,33200.0,0.50200004
33400.0,10.575195107070028,33400.0,27.944848628360646,33400.0,0.0,33400.0,0.0,33400.0,11.009424387704462,33400.0,16.402952253771325,33400.0,0.0,33400.0,0.0,33400.0,16.884186989089773,33400.0,28.373392854405797,33400.0,0.0,33400.0,0.828,33400.0,17.32099510504999,33400.0,28.496272721394888,33400.0,0.0,33400.0,0.0,33400.0,17.312081944288,33400.0,28.415588086823306,33400.0,0.0,33400.0,0.04000000799999998,33400.0,7.070780448118178,33400.0,6.918324559284827,33400.0,0.0,33400.0,0.0,33400.0,21.95294620101988,33400.0,11.781535715797546,33400.0,0.14900000000000002,33400.0,0.0,33400.0,21.95894802900016,33400.0,11.9378315597387,33400.0,0.14899999999999997,33400.0,0.14899999999999997,33400.0,20.950865215439876,33400.0,11.392713179989302,33400.0,0.0,33400.0,0.0,33400.0,10.57277468959973,33400.0,27.788064396873168,33400.0,0.0,33400.0,0.0,33400.0,33.35301730203546,33400.0,31.778457361719184,33400.0,0.50200004,33400.0,0.50200004
33600.0,10.52613161845391,33600.0,35.463177082006375,33600.0,0.0,33600.0,0.0,33600.0,10.984735932117655,33600.0,16.618302580860938,33600.0,0.0,33600.0,0.0,33600.0,16.85581350883762,33600.0,28.551154667320258,33600.0,0.0,33600.0,0.828,33600.0,17.298422812200375,33600.0,28.67679375516714,33600.0,0.0,33600.0,0.0,33600.0,17.28959527927512,33600.0,28.59543081139273,33600.0,0.0,33600.0,0.04000000799999998,33600.0,7.07888572349083,33600.0,7.256275730526931,33600.0,0.0,33600.0,0.0,33600.0,21.9426313463413,33600.0,11.810295034081062,33600.0,0.14900000000000002,33600.0,0.0,33600.0,21.94848903076852,33600.0,11.966037893870553,33600.0,0.14899999999999997,33600.0,0.14899999999999997,33600.0,20.942232241656306,33600.0,11.438022794246786,33600.0,0.0,33600.0,0.0,33600.0,10.524233330405906,33600.0,35.98532451002517,33600.0,0.0,33600.0,0.0,33600.0,33.326019501714235,33600.0,31.734350140712827,33600.0,0.50200004,33600.0,0.50200004
33800.0,10.463063130930065,33800.0,34.536431021391316,33800.0,0.0,33800.0,0.0,33800.0,10.957012156229084,33800.0,16.763633696637438,33800.0,0.0,33800.0,0.0,33800.0,16.825717147902246,33800.0,28.717346746311488,33800.0,0.0,33800.0,0.828,33800.0,17.262262041156767,33800.0,28.832637461908075,33800.0,0.0,33800.0,0.0,33800.0,17.253308398454074,33800.0,28.751727477614413,33800.0,0.0,33800.0,0.04000000799999998,33800.0,7.095449062253233,33800.0,7.558558126441009,33800.0,0.0,33800.0,0.0,33800.0,21.9260308092686,33800.0,11.838278617855773,33800.0,0.14900000000000002,33800.0,0.0,33800.0,21.931665223962103,33800.0,11.994259722700084,33800.0,0.14899999999999997,33800.0,0.14899999999999997,33800.0,20.928476684935195,33800.0,11.479693246223315,33800.0,0.0,33800.0,0.0,33800.0,10.459349557182998,33800.0,34.13833288950423,33800.0,0.0,33800.0,0.0,33800.0,33.282066523495516,33800.0,31.729548026559637,33800.0,0.50200004,33800.0,0.50200004
34000.0,10.375997197279487,34000.0,29.785497547621617,34000.0,0.0,34000.0,0.0,34000.0,10.930923539147226,34000.0,16.86515415085575,34000.0,0.0,34000.0,0.0,34000.0,16.784831473576546,34000.0,28.88035297105006,34000.0,0.0,34000.0,0.828,34000.0,17.21224601994583,34000.0,28.99790863658294,34000.0,0.0,34000.0,0.0,34000.0,17.20317395317712,34000.0,28.917114105757765,34000.0,0.0,34000.0,0.04000000799999998,34000.0,7.126167280863759,34000.0,7.894585728207113,34000.0,0.0,34000.0,0.0,34000.0,21.90284400836419,34000.0,11.87292172430564,34000.0,0.14900000000000002,34000.0,0.0,34000.0,21.908219193448755,34000.0,12.02996396389503,34000.0,0.14899999999999997,34000.0,0.14899999999999997,34000.0,20.90955614147935,34000.0,11.52899567391437,34000.0,0.0,34000.0,0.0,34000.0,10.372029671929557,34000.0,29.55398468734457,34000.0,0.0,34000.0,0.0,34000.0,33.21999360685227,34000.0,31.763742467502503,34000.0,0.50200004,34000.0,0.50200004
34200.0,10.313578292412338,34200.0,29.6567448014068,34200.0,0.0,34200.0,0.0,34200.0,10.913781014256216,34200.0,17.021988123054058,34200.0,0.0,34200.0,0.0,34200.0,16.747401262962544,34200.0,29.0497019890142,34200.0,0.0,34200.0,0.828,34200.0,17.180788317097164,34200.0,29.175634794316704,34200.0,0.0,34200.0,0.0,34200.0,17.17189894845651,34200.0,29.094523987365566,34200.0,0.0,34200.0,0.04000000799999998,34200.0,7.149587108020089,34200.0,8.276097040133967,34200.0,0.0,34200.0,0.0,34200.0,21.888756141409925,34200.0,11.917016473992573,34200.0,0.14900000000000002,34200.0,0.0,34200.0,21.894017528111732,34200.0,12.076209377155935,34200.0,0.14899999999999997,34200.0,0.14899999999999997,34200.0,20.89821021225004,34200.0,11.58915886806523,34200.0,0.0,34200.0,0.0,34200.0,10.311093771606759,34200.0,30.048274622623037,34200.0,0.0,34200.0,0.0,34200.0,33.1819719233993,34200.0,31.83531069558025,34200.0,0.50200004,34200.0,0.50200004
34400.0,10.265303142244662,34400.0,37.4251961950815,34400.0,0.0,34400.0,0.0,34400.0,10.90044368145662,34400.0,17.292810399110035,34400.0,0.0,34400.0,0.0,34400.0,16.717533580408812,34400.0,29.198054518004454,34400.0,0.0,34400.0,0.828,34400.0,17.153858384168853,34400.0,29.29772845195573,34400.0,0.0,34400.0,0.0,34400.0,17.145047793167453,34400.0,29.216431743490027,34400.0,0.0,34400.0,0.04000000799999998,34400.0,7.172093000207042,34400.0,8.515080589437948,34400.0,0.0,34400.0,0.0,34400.0,21.876851468772326,34400.0,11.946014408852099,34400.0,0.14900000000000002,34400.0,0.0,34400.0,21.8820444757134,34400.0,12.10692888026759,34400.0,0.14899999999999997,34400.0,0.14899999999999997,34400.0,20.888682587169413,34400.0,11.627570039342288,34400.0,0.0,34400.0,0.0,34400.0,10.262795253337682,34400.0,37.148549484574396,34400.0,0.0,34400.0,0.0,34400.0,33.149731386705675,34400.0,31.897204818606628,34400.0,0.50200004,34400.0,0.50200004
34600.0,10.21038374315343,34600.0,31.642361236467252,34600.0,0.0,34600.0,0.0,34600.0,10.88814113351657,34600.0,17.448273867267808,34600.0,0.0,34600.0,0.0,34600.0,16.687619092191472,34600.0,29.363674467304993,34600.0,0.0,34600.0,0.828,34600.0,17.122471981319933,34600.0,29.478521663416256,34600.0,0.0,34600.0,0.0,34600.0,17.113691779594095,34600.0,29.397447037795562,34600.0,0.0,34600.0,0.04000000799999998,34600.0,7.200415080425819,34600.0,8.88437541310769,34600.0,0.0,34600.0,0.0,34600.0,21.863019415117872,34600.0,11.997381476449428,34600.0,0.14900000000000002,34600.0,0.0,34600.0,21.868167301342936,34600.0,12.161466500859964,34600.0,0.14899999999999997,34600.0,0.14899999999999997,34600.0,20.877643676142295,34600.0,11.692692004753932,34600.0,0.0,34600.0,0.0,34600.0,10.20812065602226,34600.0,31.42920501532898,34600.0,0.0,34600.0,0.0,34600.0,33.11216819609966,34600.0,32.03225655998658,34600.0,0.50200004,34600.0,0.50200004
34800.0,10.157700495035368,34800.0,27.911725107764582,34800.0,0.0,34800.0,0.0,34800.0,10.878550660677071,34800.0,17.57840980697417,34800.0,0.0,34800.0,0.0,34800.0,16.657600719894965,34800.0,29.5365552056003,34800.0,0.0,34800.0,0.828,34800.0,17.092368643065253,34800.0,29.657809014361785,34800.0,0.0,34800.0,0.0,34800.0,17.0836503111317,34800.0,29.576820228108684,34800.0,0.0,34800.0,0.04000000799999998,34800.0,7.229044536170716,34800.0,9.233974592998212,34800.0,0.0,34800.0,0.0,34800.0,21.84982102231664,34800.0,12.053263276308753,34800.0,0.14900000000000002,34800.0,0.0,34800.0,21.8549728425568,34800.0,12.220824527229627,34800.0,0.14899999999999997,34800.0,0.14899999999999997,34800.0,20.86714909134762,34800.0,11.760494496018929,34800.0,0.0,34800.0,0.0,34800.0,10.156127817389573,34800.0,27.762103807798947,34800.0,0.0,34800.0,0.0,34800.0,33.076321989121666,34800.0,32.1943415191502,34800.0,0.50200004,34800.0,0.50200004
35000.0,10.121436736452294,35000.0,35.36069175546686,35000.0,0.0,35000.0,0.0,35000.0,10.872296707548614,35000.0,17.861676667024557,35000.0,0.0,35000.0,0.0,35000.0,16.633481433098545,35000.0,29.681867804476042,35000.0,0.0,35000.0,0.828,35000.0,17.07130202274907,35000.0,29.778148436991817,35000.0,0.0,35000.0,0.0,35000.0,17.062680194929186,35000.0,29.697057093598694,35000.0,0.0,35000.0,0.04000000799999998,35000.0,7.249561160718268,35000.0,9.435775534744833,35000.0,0.0,35000.0,0.0,35000.0,21.840723832760506,35000.0,12.087937087485622,35000.0,0.14900000000000002,35000.0,0.0,35000.0,21.845908489111945,35000.0,12.257593136283896,35000.0,0.14899999999999997,35000.0,0.14899999999999997,35000.0,20.85993617311069,35000.0,11.801479427059363,35000.0,0.0,35000.0,0.0,35000.0,10.12011177398414,35000.0,35.90051340563126,35000.0,0.0,35000.0,0.0,35000.0,33.051683977481595,35000.0,32.302920036775205,35000.0,0.50200004,35000.0,0.50200004
35200.0,10.098514980539612,35200.0,34.68567610676238,35200.0,0.0,35200.0,0.0,35200.0,10.86872869460248,35200.0,18.061105763797972,35200.0,0.0,35200.0,0.0,35200.0,16.616661670251606,35200.0,29.834567665409764,35200.0,0.0,35200.0,0.828,35200.0,17.05955929018388,35200.0,29.935222303229835,35200.0,0.0,35200.0,0.0,35200.0,17.051036116630325,35200.0,29.854895668640143,35200.0,0.0,35200.0,0.04000000799999998,35200.0,7.261175043725993,35200.0,9.693192156147761,35200.0,0.0,35200.0,0.0,35200.0,21.835660677699256,35200.0,12.137101071081753,35200.0,0.14900000000000002,35200.0,0.0,35200.0,21.840875735239415,35200.0,12.30940200979478,35200.0,0.14899999999999997,35200.0,0.14899999999999997,35200.0,20.855935408070152,35200.0,11.857953475173158,35200.0,0.0,35200.0,0.0,35200.0,10.097783016257418,35200.0,34.298130256107534,35200.0,0.0,35200.0,0.0,35200.0,33.038061730138445,35200.0,32.46881067923798,35200.0,0.50200004,35200.0,0.50200004
35400.0,10.077014596702984,35400.0,30.00077148261946,35400.0,0.0,35400.0,0.0,35400.0,10.865256930040118,35400.0,18.20585415275331,35400.0,0.0,35400.0,0.0,35400.0,16.60323796844757,35400.0,30.006183223247625,35400.0,0.0,35400.0,0.828,35400.0,17.04663117302503,35400.0,30.118426042085886,35400.0,0.0,35400.0,0.0,35400.0,17.038169266049653,35400.0,30.03796158993762,35400.0,0.0,35400.0,0.04000000799999998,35400.0,7.274068716450806,35400.0,9.97674589776627,35400.0,0.0,35400.0,0.0,35400.0,21.830118124819876,35400.0,12.200242728474958,35400.0,0.14900000000000002,35400.0,0.0,35400.0,21.83537183904681,35400.0,12.375366400440367,35400.0,0.14899999999999997,35400.0,0.14899999999999997,35400.0,20.85154709784944,35400.0,11.92831361720133,35400.0,0.0,35400.0,0.0,35400.0,10.076140700378529,35400.0,29.786961291303406,35400.0,0.0,35400.0,0.0,35400.0,33.023151943461656,35400.0,32.68258759501234,35400.0,0.50200004,35400.0,0.50200004
35600.0,9.947239275077864,35600.0,30.0824751641519,35600.0,0.0,35600.0,0.0,35600.0,10.852125171106605,35600.0,18.382692378634776,35600.0,0.0,35600.0,0.0,35600.0,16.516972247089335,35600.0,30.181293838096074,35600.0,0.0,35600.0,0.828,35600.0,16.877924080090796,35600.0,30.29909014046735,35600.0,0.0,35600.0,0.0,35600.0,16.868487021856346,35600.0,30.21842367447538,35600.0,0.0,35600.0,0.04000000799999998,35600.0,7.433816239433268,35600.0,10.187491335760853,35600.0,0.0,35600.0,0.0,35600.0,21.733765563352716,35600.0,12.264266785516865,35600.0,0.14900000000000002,35600.0,0.0,35600.0,21.739605369523087,35600.0,12.44095387745007,35600.0,0.14899999999999997,35600.0,0.14899999999999997,35600.0,20.768636535792943,35600.0,11.992183019511053,35600.0,0.0,35600.0,0.0,35600.0,9.943825896978577,35600.0,30.48623642535996,35600.0,0.0,35600.0,0.0,35600.0,32.773762264022004,35600.0,32.900524246408516,35600.0,0.50200004,35600.0,0.50200004
35800.0,9.837543968111643,35800.0,38.167899161453526,35800.0,0.0,35800.0,0.0,35800.0,10.827251495823097,35800.0,18.648254031262695,35800.0,0.0,35800.0,0.0,35800.0,16.38743908031556,35800.0,30.363484705241838,35800.0,0.0,35800.0,0.828,35800.0,16.71953222134847,35800.0,30.480468086385667,35800.0,0.0,35800.0,0.0,35800.0,16.709794348167147,35800.0,30.399519266195714,35800.0,0.0,35800.0,0.04000000799999998,35800.0,7.356640575136759,35800.0,10.149854147846371,35800.0,0.0,35800.0,0.0,35800.0,21.638218417495143,35800.0,12.323781561997228,35800.0,0.14900000000000002,35800.0,0.0,35800.0,21.6446677470584,35800.0,12.500626076348066,35800.0,0.14899999999999997,35800.0,0.14899999999999997,35800.0,20.669556423522398,35800.0,12.035701511998822,35800.0,0.0,35800.0,0.0,35800.0,9.835214481314505,35800.0,37.87132730224482,35800.0,0.0,35800.0,0.0,35800.0,32.56114482421642,35800.0,33.12857986125862,35800.0,0.50200004,35800.0,0.50200004
36000.0,9.747506209040157,36000.0,32.40585496878842,36000.0,0.0,36000.0,0.0,36000.0,10.761646019503525,36000.0,18.719270798515577,36000.0,0.0,36000.0,0.0,36000.0,16.246953062458015,36000.0,30.54356511478745,36000.0,0.0,36000.0,0.828,36000.0,16.566004899900367,36000.0,30.660722620405174,36000.0,0.0,36000.0,0.0,36000.0,16.55615619203106,36000.0,30.579662837660432,36000.0,0.0,36000.0,0.04000000799999998,36000.0,7.14727897253405,36000.0,9.961588335426486,36000.0,0.0,36000.0,0.0,36000.0,21.540038497303847,36000.0,12.375446377540339,36000.0,0.14900000000000002,36000.0,0.0,36000.0,21.547411279293026,36000.0,12.552037397222293,36000.0,0.14899999999999997,36000.0,0.14899999999999997,36000.0,20.559797827262383,36000.0,12.064515376077747,36000.0,0.0,36000.0,0.0,36000.0,9.745931886869256,36000.0,32.19240207174383,36000.0,0.0,36000.0,0.0,36000.0,32.383797383710885,36000.0,33.349705540056405,36000.0,0.50200004,36000.0,0.50200004
36200.0,9.668215832699154,36200.0,28.73990559087819,36200.0,0.0,36200.0,0.0,36200.0,10.65567482915028,36200.0,18.69270408682979,36200.0,0.0,36200.0,0.0,36200.0,16.1066920533356,36200.0,30.71333784511855,36200.0,0.0,36200.0,0.828,36200.0,16.42626446838844,36200.0,30.8363877359889,36200.0,0.0,36200.0,0.0,36200.0,16.41676525783967,36200.0,30.755053167216932,36200.0,0.0,36200.0,0.04000000799999998,36200.0,6.881982922562456,36200.0,9.671691341243653,36200.0,0.0,36200.0,0.0,36200.0,21.448397526593933,36200.0,12.418067508229994,36200.0,0.14900000000000002,36200.0,0.0,36200.0,21.456637852473076,36200.0,12.594192866785507,36200.0,0.14899999999999997,36200.0,0.14899999999999997,36200.0,20.455141618287104,36200.0,12.082476194133692,36200.0,0.0,36200.0,0.0,36200.0,9.667260256549538,36200.0,28.59225717935844,36200.0,0.0,36200.0,0.0,36200.0,32.24154840358782,36200.0,33.53744094035006,36200.0,0.50200004,36200.0,0.50200004
36400.0,9.60702591012107,36400.0,29.339794610692007,36400.0,0.0,36400.0,0.0,36400.0,10.540076464045287,36400.0,18.65797157905787,36400.0,0.0,36400.0,0.0,36400.0,15.997111952822374,36400.0,30.872557330548183,36400.0,0.0,36400.0,0.828,36400.0,16.34401131220819,36400.0,31.005750647932746,36400.0,0.0,36400.0,0.0,36400.0,16.334881003222492,36400.0,30.923951707193876,36400.0,0.0,36400.0,0.04000000799999998,36400.0,6.717613049475587,36400.0,9.3100119064897,36400.0,0.0,36400.0,0.0,36400.0,21.40066093943258,36400.0,12.451456094386925,36400.0,0.14900000000000002,36400.0,0.0,36400.0,21.409238280382574,36400.0,12.626847933639903,36400.0,0.14899999999999997,36400.0,0.14899999999999997,36400.0,20.400176762007487,36400.0,12.091377114533866,36400.0,0.0,36400.0,0.0,36400.0,9.60653474363334,36400.0,29.77412664868961,36400.0,0.0,36400.0,0.0,36400.0,32.17070249623354,36400.0,33.681147944595544,36400.0,0.50200004,36400.0,0.50200004
36600.0,9.545030948848762,36600.0,37.70425148214394,36600.0,0.0,36600.0,0.0,36600.0,10.423630271250138,36600.0,18.710268720129616,36600.0,0.0,36600.0,0.0,36600.0,15.907750165903991,36600.0,31.028115217826915,36600.0,0.0,36600.0,0.828,36600.0,16.265724883621367,36600.0,31.167203938150568,36600.0,0.0,36600.0,0.0,36600.0,16.25665046715025,36600.0,31.08495796382101,36600.0,0.0,36600.0,0.04000000799999998,36600.0,6.552416300701156,36600.0,8.910602057155167,36600.0,0.0,36600.0,0.0,36600.0,21.355673748661623,36600.0,12.475176699763603,36600.0,0.14900000000000002,36600.0,0.0,36600.0,21.364507736024734,36600.0,12.649540948958473,36600.0,0.14899999999999997,36600.0,0.14899999999999997,36600.0,20.34846578792719,36600.0,12.092204727864887,36600.0,0.0,36600.0,0.0,36600.0,9.544233933115494,36600.0,37.42217819615846,36600.0,0.0,36600.0,0.0,36600.0,32.10413965617725,36600.0,33.78003296414023,36600.0,0.50200004,36600.0,0.50200004
36800.0,9.476859995688265,36800.0,32.10028771819458,36800.0,0.0,36800.0,0.0,36800.0,10.303995704125256,36800.0,18.584038710013466,36800.0,0.0,36800.0,0.0,36800.0,15.82397903780342,36800.0,30.821988534776075,36800.0,0.0,36800.0,0.0,36800.0,16.185868888433177,36800.0,31.18807962697002,36800.0,0.0,36800.0,0.0,36800.0,16.17673702453348,36800.0,31.158239630671417,36800.0,0.0,36800.0,0.04000000799999998,36800.0,6.376479896084727,36800.0,8.466163181581285,36800.0,0.0,36800.0,0.0,36800.0,21.309255916468818,36800.0,12.491359582285586,36800.0,0.14900000000000002,36800.0,0.0,36800.0,21.318242297142156,36800.0,12.664322495410321,36800.0,0.14899999999999997,36800.0,0.14899999999999997,36800.0,20.295245662429103,36800.0,12.085637740395772,36800.0,0.0,36800.0,0.0,36800.0,9.475694880950527,36800.0,31.893926846764987,36800.0,0.0,36800.0,0.0,36800.0,32.03466587513521,36800.0,33.82366812730647,36800.0,0.50200004,36800.0,0.50200004
37000.0,9.402376388994126,37000.0,28.641078155355746,37000.0,0.0,37000.0,0.0,37000.0,10.180203493394627,37000.0,18.34344018635357,37000.0,0.0,37000.0,0.0,37000.0,15.74055461477372,37000.0,30.325651132206236,37000.0,0.0,37000.0,0.0,37000.0,16.104669547148045,37000.0,30.923485646729713,37000.0,0.0,37000.0,0.0,37000.0,16.095470755123934,37000.0,30.904332616993482,37000.0,0.0,37000.0,0.04000000799999998,37000.0,6.191317331918822,37000.0,8.087480825948909,37000.0,0.0,37000.0,0.0,37000.0,21.261404403836192,37000.0,12.49839974141292,37000.0,0.14900000000000002,37000.0,0.0,37000.0,21.270404592687065,37000.0,12.669993285487587,37000.0,0.14899999999999997,37000.0,0.14899999999999997,37000.0,20.240522964896133,37000.0,12.074952203746015,37000.0,0.0,37000.0,0.0,37000.0,9.40092022932457,37000.0,28.51594632852544,37000.0,0.0,37000.0,0.0,37000.0,31.96132852265739,37000.0,33.81303306126142,37000.0,0.50200004,37000.0,0.50200004
37200.0,9.323635234491654,37200.0,29.180647852912468,37200.0,0.0,37200.0,0.0,37200.0,10.053444013724048,37200.0,18.128247727506356,37200.0,0.0,37200.0,0.0,37200.0,15.657654029833239,37200.0,30.014364401673124,37200.0,0.0,37200.0,0.0,37200.0,16.025387449254268,37200.0,30.71171030800535,37200.0,0.0,37200.0,0.0,37200.0,16.016146971798467,37200.0,30.697350855572598,37200.0,0.0,37200.0,0.04000000799999998,37200.0,6.006683414929821,37200.0,7.795398250027377,37200.0,0.0,37200.0,0.0,37200.0,21.214405444886758,37200.0,12.500251707463265,37200.0,0.14900000000000002,37200.0,0.0,37200.0,21.22326691815551,37200.0,12.67072220442751,37200.0,0.14899999999999997,37200.0,0.14899999999999997,37200.0,20.186900268377588,37200.0,12.064219347108146,37200.0,0.0,37200.0,0.0,37200.0,9.321970158666677,37200.0,29.58362857728993,37200.0,0.0,37200.0,0.0,37200.0,31.88691061735315,37200.0,33.78494687323901,37200.0,0.50200004,37200.0,0.50200004
37400.0,9.24011959782437,37400.0,37.48870986377899,37400.0,0.0,37400.0,0.0,37400.0,9.924355148094868,37400.0,18.010233779827352,37400.0,0.0,37400.0,0.0,37400.0,15.575362619804741,37400.0,29.732146330484113,37400.0,0.0,37400.0,0.0,37400.0,15.94630990894808,37400.0,30.391154050912004,37400.0,0.0,37400.0,0.0,37400.0,15.936989429792924,37400.0,30.37637175541187,37400.0,0.0,37400.0,0.04000000799999998,37400.0,5.81940251471941,37400.0,7.302243724958821,37400.0,0.0,37400.0,0.0,37400.0,21.16720340937706,37400.0,12.49770531461988,37400.0,0.14900000000000002,37400.0,0.0,37400.0,21.17577929473899,37400.0,12.666073165669998,37400.0,0.14899999999999997,37400.0,0.14899999999999997,37400.0,20.133174036954383,37400.0,12.040986837231866,37400.0,0.0,37400.0,0.0,37400.0,9.23813293368742,37400.0,37.198942433356606,37400.0,0.0,37400.0,0.0,37400.0,31.809372968549237,37400.0,33.70153481321755,37400.0,0.50200004,37400.0,0.50200004
37600.0,9.151288492410304,37600.0,31.83349181225297,37600.0,0.0,37600.0,0.0,37600.0,9.792805341618838,37600.0,17.723246973962247,37600.0,0.0,37600.0,0.0,37600.0,15.492790203860526,37600.0,29.433417598141904,37600.0,0.0,37600.0,0.0,37600.0,15.867462952807243,37600.0,30.077992548094823,37600.0,0.0,37600.0,0.0,37600.0,15.858107258752419,37600.0,30.06318034009515,37600.0,0.0,37600.0,0.04000000799999998,37600.0,5.631164375558001,37600.0,6.813537158960484,37600.0,0.0,37600.0,0.0,37600.0,21.11989885900927,37600.0,12.488221017461168,37600.0,0.14900000000000002,37600.0,0.0,37600.0,21.128122507667175,37600.0,12.654463267929478,37600.0,0.14899999999999997,37600.0,0.14899999999999997,37600.0,20.079804423755807,37600.0,12.01308553383098,37600.0,0.0,37600.0,0.0,37600.0,9.149161474549095,37600.0,31.623050701418123,37600.0,0.0,37600.0,0.0,37600.0,31.728507981460496,37600.0,33.565003630874024,37600.0,0.50200004,37600.0,0.50200004
37800.0,9.02334628267824,37800.0,28.238959900167373,37800.0,0.0,37800.0,0.0,37800.0,9.643747641745458,37800.0,17.398266768167066,37800.0,0.0,37800.0,0.0,37800.0,15.375198294912945,37800.0,29.13452738110402,37800.0,0.0,37800.0,0.0,37800.0,15.718105334134306,37800.0,29.791283545441775,37800.0,0.0,37800.0,0.0,37800.0,15.708460712373252,37800.0,29.777418196995416,37800.0,0.0,37800.0,0.04000000799999998,37800.0,5.383480922986895,37800.0,6.558373853836087,37800.0,0.0,37800.0,0.0,37800.0,21.01476467650709,37800.0,12.477583620170991,37800.0,0.14900000000000002,37800.0,0.0,37800.0,21.022860931067733,37800.0,12.642887472371427,37800.0,0.14899999999999997,37800.0,0.14899999999999997,37800.0,19.975282315983986,37800.0,12.000488428840299,37800.0,0.0,37800.0,0.0,37800.0,9.020292673096124,37800.0,28.100111852480186,37800.0,0.0,37800.0,0.0,37800.0,31.535626604897566,37800.0,33.405803915077485,37800.0,0.50200004,37800.0,0.50200004
38000.0,8.949382790565856,38000.0,35.72302672818793,38000.0,0.0,38000.0,0.0,38000.0,9.540164270907898,38000.0,17.30201470644762,38000.0,0.0,38000.0,0.0,38000.0,15.283786908297145,38000.0,28.88960406816604,38000.0,0.0,38000.0,0.0,38000.0,15.669607126013917,38000.0,29.56366941362206,38000.0,0.0,38000.0,0.0,38000.0,15.660430339205815,38000.0,29.547618070495304,38000.0,0.0,38000.0,0.04000000799999998,38000.0,5.376962169315257,38000.0,6.53612077668159,38000.0,0.0,38000.0,0.0,38000.0,20.987757965694072,38000.0,12.470666077347985,38000.0,0.14900000000000002,38000.0,0.0,38000.0,20.995682542907183,38000.0,12.635163409110879,38000.0,0.14899999999999997,38000.0,0.14899999999999997,38000.0,19.95079939530401,38000.0,11.999499523767403,38000.0,0.0,38000.0,0.0,38000.0,8.948757854993353,38000.0,36.27064071265265,38000.0,0.0,38000.0,0.0,38000.0,31.480214176714643,38000.0,33.27113148447481,38000.0,0.50200004,38000.0,0.50200004
38200.0,8.907096933136025,38200.0,34.74447054692925,38200.0,0.0,38200.0,0.0,38200.0,9.47575374464545,38200.0,17.15258109886568,38200.0,0.0,38200.0,0.0,38200.0,15.231744188833963,38200.0,28.613850959892467,38200.0,0.0,38200.0,0.0,38200.0,15.64289137652887,38200.0,29.256481723017497,38200.0,0.0,38200.0,0.0,38200.0,15.633954993590033,38200.0,29.241274289910955,38200.0,0.0,38200.0,0.04000000799999998,38200.0,5.37736273384942,38200.0,6.583983110696145,38200.0,0.0,38200.0,0.0,38200.0,20.974026461480324,38200.0,12.464066421763818,38200.0,0.14900000000000002,38200.0,0.0,38200.0,20.98185100934557,38200.0,12.62696993967981,38200.0,0.14899999999999997,38200.0,0.14899999999999997,38200.0,19.938572202817785,38200.0,12.005676857607577,38200.0,0.0,38200.0,0.0,38200.0,8.906008128171473,38200.0,34.3677661489303,38200.0,0.0,38200.0,0.0,38200.0,31.451141286000723,38200.0,33.05692044206612,38200.0,0.50200004,38200.0,0.50200004
38400.0,8.858892048628448,38400.0,30.194304529310962,38400.0,0.0,38400.0,0.0,38400.0,9.421178469229243,38400.0,16.987106875186235,38400.0,0.0,38400.0,0.0,38400.0,15.193770151865232,38400.0,28.35022653504845,38400.0,0.0,38400.0,0.0,38400.0,15.61577208792336,38400.0,29.005052908470116,38400.0,0.0,38400.0,0.0,38400.0,15.606932840660734,38400.0,28.99090397047048,38400.0,0.0,38400.0,0.04000000799999998,38400.0,5.380130244635623,38400.0,6.679328088777203,38400.0,0.0,38400.0,0.0,38400.0,20.96039403360442,38400.0,12.462889948111505,38400.0,0.14900000000000002,38400.0,0.0,38400.0,20.96810058930303,38400.0,12.624303462879388,38400.0,0.14899999999999997,38400.0,0.14899999999999997,38400.0,19.926568630573282,38400.0,12.015895256939542,38400.0,0.0,38400.0,0.0,38400.0,8.85769379799362,38400.0,29.983633652419112,38400.0,0.0,38400.0,0.0,38400.0,31.421730107950925,38400.0,32.891549591158686,38400.0,0.50200004,38400.0,0.50200004
38600.0,8.80513123823541,38600.0,27.05013711476017,38600.0,0.0,38600.0,0.0,38600.0,9.372986857130094,38600.0,16.818007249714913,38600.0,0.0,38600.0,0.0,38600.0,15.159945267080497,38600.0,28.09871959250582,38600.0,0.0,38600.0,0.0,38600.0,15.585195861068739,38600.0,28.743310608785624,38600.0,0.0,38600.0,0.0,38600.0,15.576345820244072,38600.0,28.728590281391725,38600.0,0.0,38600.0,0.04000000799999998,38600.0,5.385578662405483,38600.0,6.827832026417548,38600.0,0.0,38600.0,0.0,38600.0,20.945202658329585,38600.0,12.465753688356182,38600.0,0.14900000000000002,38600.0,0.0,38600.0,20.95275039497563,38600.0,12.625492593818311,38600.0,0.14899999999999997,38600.0,0.14899999999999997,38600.0,19.91334683552783,38600.0,12.031562828943795,38600.0,0.0,38600.0,0.0,38600.0,8.803277729940342,38600.0,26.895107492411462,38600.0,0.0,38600.0,0.0,38600.0,31.3883501945485,38600.0,32.73526190803171,38600.0,0.50200004,38600.0,0.50200004
38800.0,8.754986445237979,38800.0,34.91700886630247,38800.0,0.0,38800.0,0.0,38800.0,9.336762503427869,38800.0,16.850199772489095,38800.0,0.0,38800.0,0.0,38800.0,15.12940792943626,38800.0,27.828566540510717,38800.0,0.0,38800.0,0.0,38800.0,15.559997548676257,38800.0,28.449612425861012,38800.0,0.0,38800.0,0.0,38800.0,15.551199547093644,38800.0,28.435324852367785,38800.0,0.0,38800.0,0.04000000799999998,38800.0,5.391995884872996,38800.0,7.051455814709204,38800.0,0.0,38800.0,0.0,38800.0,20.932911045645763,38800.0,12.474962836123945,38800.0,0.14900000000000002,38800.0,0.0,38800.0,20.94031263071574,38800.0,12.632901905246053,38800.0,0.14899999999999997,38800.0,0.14899999999999997,38800.0,19.90278706317612,38800.0,12.056561254627319,38800.0,0.0,38800.0,0.0,38800.0,8.753534631050533,38800.0,35.44710878910218,38800.0,0.0,38800.0,0.0,38800.0,31.360919594070594,38800.0,32.57265327113474,38800.0,0.50200004,38800.0,0.50200004
39000.0,8.695955277935548,39000.0,34.21716087289465,39000.0,0.0,39000.0,0.0,39000.0,9.301023705106392,39000.0,16.829164629246215,39000.0,0.0,39000.0,0.0,39000.0,15.098005563752002,39000.0,27.59043455660521,39000.0,0.0,39000.0,0.0,39000.0,15.525978707136277,39000.0,28.21060843208191,39000.0,0.0,39000.0,0.0,39000.0,15.517099204450552,39000.0,28.19627294432134,39000.0,0.0,39000.0,0.04000000799999998,39000.0,5.403589211541083,39000.0,7.271794442522217,39000.0,0.0,39000.0,0.0,39000.0,20.916360100213105,39000.0,12.486867594629581,39000.0,0.14900000000000002,39000.0,0.0,39000.0,20.923535268601402,39000.0,12.643690156279288,39000.0,0.14899999999999997,39000.0,0.14899999999999997,39000.0,19.88872626898628,39000.0,12.081520825379151,39000.0,0.0,39000.0,0.0,39000.0,8.693385167420814,39000.0,33.8256648861408,39000.0,0.0,39000.0,0.0,39000.0,31.323373635366373,39000.0,32.47060910217695,39000.0,0.50200004,39000.0,0.50200004
39200.0,8.643238608421097,39200.0,29.5895331149477,39200.0,0.0,39200.0,0.0,39200.0,9.275833900792547,39200.0,16.778633695756078,39200.0,0.0,39200.0,0.0,39200.0,15.067962491733454,39200.0,27.707535528027485,39200.0,0.0,39200.0,0.828,39200.0,15.50073186774235,39200.0,28.09383908509281,39200.0,0.0,39200.0,0.0,39200.0,15.491937252250251,39200.0,28.027148519999574,39200.0,0.0,39200.0,0.04000000799999998,39200.0,5.414541621170904,39200.0,7.546716138128752,39200.0,0.0,39200.0,0.0,39200.0,20.904314502630758,39200.0,12.504882450776266,39200.0,0.14900000000000002,39200.0,0.0,39200.0,20.911320277543616,39200.0,12.660880831522645,39200.0,0.14899999999999997,39200.0,0.14899999999999997,39200.0,19.878647695859996,39200.0,12.114420281030428,39200.0,0.0,39200.0,0.0,39200.0,8.641731901142236,39200.0,29.36205018219347,39200.0,0.0,39200.0,0.0,39200.0,31.295688667059746,39200.0,32.39611310176884,39200.0,0.50200004,39200.0,0.50200004
39400.0,8.592415889359572,39400.0,29.528776788497552,39400.0,0.0,39400.0,0.0,39400.0,9.252168035257657,39400.0,16.841190728585218,39400.0,0.0,39400.0,0.0,39400.0,15.04003093842913,39400.0,28.105960027460704,39400.0,0.0,39400.0,0.828,39400.0,15.471052175402077,39400.0,28.283777466911452,39400.0,0.0,39400.0,0.0,39400.0,15.462217252659412,39400.0,28.208849358448518,39400.0,0.0,39400.0,0.04000000799999998,39400.0,5.430347328511142,39400.0,7.882468612020047,39400.0,0.0,39400.0,0.0,39400.0,20.89023294723156,39400.0,12.531096681187453,39400.0,0.14900000000000002,39400.0,0.0,39400.0,20.897048421553233,39400.0,12.686960904483913,39400.0,0.14899999999999997,39400.0,0.14899999999999997,39400.0,19.867006469155818,39400.0,12.157556785007486,39400.0,0.0,39400.0,0.0,39400.0,8.589770013221127,39400.0,29.92291790968058,39400.0,0.0,39400.0,0.0,39400.0,31.262938722805252,39400.0,32.34863075408447,39400.0,0.50200004,39400.0,0.50200004
39600.0,8.513219678351707,39600.0,37.630777121377946,39600.0,0.0,39600.0,0.0,39600.0,9.228117336132412,39600.0,17.067802669313284,39600.0,0.0,39600.0,0.0,39600.0,15.001514322580078,39600.0,28.35419448020314,39600.0,0.0,39600.0,0.828,39600.0,15.422443963797097,39600.0,28.4529824604925,39600.0,0.0,39600.0,0.0,39600.0,15.413466380560198,39600.0,28.373627789592046,39600.0,0.0,39600.0,0.04000000799999998,39600.0,5.463710176228799,39600.0,8.175117824420575,39600.0,0.0,39600.0,0.0,39600.0,20.866797427643366,39600.0,12.556996606132811,39600.0,0.14900000000000002,39600.0,0.0,39600.0,20.873331593413692,39600.0,12.713523049813114,39600.0,0.14899999999999997,39600.0,0.14899999999999997,39600.0,19.847901522231076,39600.0,12.197285420889145,39600.0,0.0,39600.0,0.0,39600.0,8.510075213754158,39600.0,37.35050707390864,39600.0,0.0,39600.0,0.0,39600.0,31.207753227438843,39600.0,32.33887947768882,39600.0,0.50200004,39600.0,0.50200004
39800.0,8.441614723722592,39800.0,31.85795122602447,39800.0,0.0,39800.0,0.0,39800.0,9.210877314208014,39800.0,17.181502328915347,39800.0,0.0,39800.0,0.0,39800.0,14.959707094104692,39800.0,28.5527991763416,39800.0,0.0,39800.0,0.828,39800.0,15.380373394880655,39800.0,28.635500593346084,39800.0,0.0,39800.0,0.0,39800.0,15.371499264559214,39800.0,28.554943226164113,39800.0,0.0,39800.0,0.04000000799999998,39800.0,5.499534438680479,39800.0,8.505410740306061,39800.0,0.0,39800.0,0.0,39800.0,20.846851878318947,39800.0,12.589127097195744,39800.0,0.14900000000000002,39800.0,0.0,39800.0,20.85320876461925,39800.0,12.747143156199185,39800.0,0.14899999999999997,39800.0,0.14899999999999997,39800.0,19.83190151536058,39800.0,12.244101657276428,39800.0,0.0,39800.0,0.0,39800.0,8.439532544891385,39800.0,31.65342359459858,39800.0,0.0,39800.0,0.0,39800.0,31.16026874005532,39800.0,32.36605821823785,39800.0,0.50200004,39800.0,0.50200004
40000.0,8.397544248176535,40000.0,28.069260812217873,40000.0,0.0,40000.0,0.0,40000.0,9.200226463574797,40000.0,17.27760955509912,40000.0,0.0,40000.0,0.0,40000.0,14.927895060510618,40000.0,28.7412049583565,40000.0,0.0,40000.0,0.828,40000.0,15.354318688136384,40000.0,28.83280948232503,40000.0,0.0,40000.0,0.0,40000.0,15.345568411137355,40000.0,28.75233670721662,40000.0,0.0,40000.0,0.04000000799999998,40000.0,5.5245240140337515,40000.0,8.881937039381222,40000.0,0.0,40000.0,0.0,40000.0,20.83487312895422,40000.0,12.630531969722549,40000.0,0.14900000000000002,40000.0,0.0,40000.0,20.84115883262579,40000.0,12.791092139977973,40000.0,0.14899999999999997,40000.0,0.14899999999999997,40000.0,19.822396447761385,40000.0,12.301342784112292,40000.0,0.0,40000.0,0.0,40000.0,8.395655854534112,40000.0,27.917846460436166,40000.0,0.0,40000.0,0.0,40000.0,31.131623515952132,40000.0,32.43739429055065,40000.0,0.50200004,40000.0,0.50200004
40200.0,8.354698025803774,40200.0,35.53956061211863,40200.0,0.0,40200.0,0.0,40200.0,9.191433912046255,40200.0,17.55316855763038,40200.0,0.0,40200.0,0.0,40200.0,14.90076820273807,40200.0,28.917947075567856,40200.0,0.0,40200.0,0.828,40200.0,15.328284374429012,40200.0,28.98227988359517,40200.0,0.0,40200.0,0.0,40200.0,15.319591527352044,40200.0,28.900229828801685,40200.0,0.0,40200.0,0.04000000799999998,40200.0,5.551480980848217,40200.0,9.147746574966483,40200.0,0.0,40200.0,0.0,40200.0,20.822996672001953,40200.0,12.663400614651493,40200.0,0.14900000000000002,40200.0,0.0,40200.0,20.829239234609016,40200.0,12.826184214343488,40200.0,0.14899999999999997,40200.0,0.14899999999999997,40200.0,19.81301036178533,40200.0,12.344806825803081,40200.0,0.0,40200.0,0.0,40200.0,8.352869056087298,40200.0,36.04045088035884,40200.0,0.0,40200.0,0.0,40200.0,31.10316118481388,40200.0,32.50940096759669,40200.0,0.50200004,40200.0,0.50200004
40400.0,8.306621752567183,40400.0,34.63862280270118,40400.0,0.0,40400.0,0.0,40400.0,9.183948152446144,40400.0,17.7466399253759,40400.0,0.0,40400.0,0.0,40400.0,14.872655438752158,40400.0,29.088371784121865,40400.0,0.0,40400.0,0.828,40400.0,15.297975810383015,40400.0,29.164191442641524,40400.0,0.0,40400.0,0.0,40400.0,15.289307212982555,40400.0,29.08336604202891,40400.0,0.0,40400.0,0.04000000799999998,40400.0,5.584894856054577,40400.0,9.466789895649462,40400.0,0.0,40400.0,0.0,40400.0,20.809199129261497,40400.0,12.706550941751585,40400.0,0.14900000000000002,40400.0,0.0,40400.0,20.815430943316972,40400.0,12.872271849647904,40400.0,0.14899999999999997,40400.0,0.14899999999999997,40400.0,19.80213675005577,40400.0,12.39949457156327,40400.0,0.0,40400.0,0.0,40400.0,8.305030371745623,40400.0,34.2503806808246,40400.0,0.0,40400.0,0.0,40400.0,31.070060345228107,40400.0,32.626595951399004,40400.0,0.50200004,40400.0,0.50200004
40600.0,8.266996885992135,40600.0,29.941138418149585,40600.0,0.0,40600.0,0.0,40600.0,9.179382588485925,40600.0,17.892507155533558,40600.0,0.0,40600.0,0.0,40600.0,14.846834946223842,40600.0,29.275068948129803,40600.0,0.0,40600.0,0.828,40600.0,15.27431869892083,40600.0,29.361753552068265,40600.0,0.0,40600.0,0.0,40600.0,15.265740059788637,40600.0,29.28123258053822,40600.0,0.0,40600.0,0.04000000799999998,40600.0,5.611903257237232,40600.0,9.79651541851851,40600.0,0.0,40600.0,0.0,40600.0,20.79853716972764,40600.0,12.759281485098413,40600.0,0.14900000000000002,40600.0,0.0,40600.0,20.804796955706216,40600.0,12.928497217688117,40600.0,0.14899999999999997,40600.0,0.14899999999999997,40600.0,19.793760842155628,40600.0,12.463265048753286,40600.0,0.0,40600.0,0.0,40600.0,8.266206204671736,40600.0,29.7262098964504,40600.0,0.0,40600.0,0.0,40600.0,31.04455104313175,40600.0,32.78862519505524,40600.0,0.50200004,40600.0,0.50200004
40800.0,8.24565098295389,40800.0,30.001841815279548,40800.0,0.0,40800.0,0.0,40800.0,9.17720291060544,40800.0,18.080013836392876,40800.0,0.0,40800.0,0.0,40800.0,14.829373012914896,40800.0,29.4645478499675,40800.0,0.0,40800.0,0.828,40800.0,15.261814406991382,40800.0,29.556666123996663,40800.0,0.0,40800.0,0.0,40800.0,15.25333999338544,40800.0,29.476195833775943,40800.0,0.0,40800.0,0.04000000799999998,40800.0,5.626348977381615,40800.0,10.100742041475886,40800.0,0.0,40800.0,0.0,40800.0,20.792936899959102,40800.0,12.815199228111862,40800.0,0.14900000000000002,40800.0,0.0,40800.0,20.799226647074885,40800.0,12.987700786967613,40800.0,0.14899999999999997,40800.0,0.14899999999999997,40800.0,19.789386003528445,40800.0,12.528345579792573,40800.0,0.0,40800.0,0.0,40800.0,8.24519279389463,40800.0,30.404311137767852,40800.0,0.0,40800.0,0.0,40800.0,31.031266335685327,40800.0,32.9680949270714,40800.0,0.50200004,40800.0,0.50200004
41000.0,8.224033316708919,41000.0,37.91949901448789,41000.0,0.0,41000.0,0.0,41000.0,9.175313254161251,41000.0,18.37030572673332,41000.0,0.0,41000.0,0.0,41000.0,14.81509012997481,41000.0,29.62910001132742,41000.0,0.0,41000.0,0.828,41000.0,15.248181375519763,41000.0,29.693199763462644,41000.0,0.0,41000.0,0.0,41000.0,15.239772000181075,41000.0,29.612856896208683,41000.0,0.0,41000.0,0.04000000799999998,41000.0,5.642225343773744,41000.0,10.281765802116798,41000.0,0.0,41000.0,0.0,41000.0,20.78686601232357,41000.0,12.851007484102634,41000.0,0.14900000000000002,41000.0,0.0,41000.0,20.793194261055536,41000.0,13.025326910646815,41000.0,0.14899999999999997,41000.0,0.14899999999999997,41000.0,19.784628524324845,41000.0,12.569112595172923,41000.0,0.0,41000.0,0.0,41000.0,8.223622911749791,41000.0,37.645417726044194,41000.0,0.0,41000.0,0.0,41000.0,31.01686076120159,41000.0,33.08796861468651,41000.0,0.50200004,41000.0,0.50200004
41200.0,8.108366996795205,41200.0,32.220061258101616,41200.0,0.0,41200.0,0.0,41200.0,9.168454738216598,41200.0,18.529397088682117,41200.0,0.0,41200.0,0.0,41200.0,14.731499370157422,41200.0,29.811626229132848,41200.0,0.0,41200.0,0.828,41200.0,15.08518323457661,41200.0,29.892693585363723,41200.0,0.0,41200.0,0.0,41200.0,15.075849695035453,41200.0,29.81253425468067,41200.0,0.0,41200.0,0.04000000799999998,41200.0,5.827246714414294,41200.0,10.498055156721279,41200.0,0.0,41200.0,0.0,41200.0,20.69016528357914,41200.0,12.909862550331678,41200.0,0.14900000000000002,41200.0,0.0,41200.0,20.697075725453836,41200.0,13.085934369078986,41200.0,0.14899999999999997,41200.0,0.14899999999999997,41200.0,19.702325456427396,41200.0,12.62846363142316,41200.0,0.0,41200.0,0.0,41200.0,8.105693403403798,41200.0,32.01200002698549,41200.0,0.0,41200.0,0.0,41200.0,30.797009816963993,41200.0,33.29929448668897,41200.0,0.50200004,41200.0,0.50200004
41400.0,8.011050835171117,41400.0,28.578910987214485,41400.0,0.0,41400.0,0.0,41400.0,9.15245505420822,41400.0,18.61666726421528,41400.0,0.0,41400.0,0.0,41400.0,14.606705269758441,41400.0,29.999194756710136,41400.0,0.0,41400.0,0.828,41400.0,14.932264202278555,41400.0,30.088241705510583,41400.0,0.0,41400.0,0.0,41400.0,14.92265466332735,41400.0,30.008034308196304,41400.0,0.0,41400.0,0.04000000799999998,41400.0,5.772924603794047,41400.0,10.462292004584263,41400.0,0.0,41400.0,0.0,41400.0,20.594518451998592,41400.0,12.96437276441687,41400.0,0.14900000000000002,41400.0,0.0,41400.0,20.602088534137415,41400.0,13.140797941503193,41400.0,0.14899999999999997,41400.0,0.14899999999999997,41400.0,19.604091278896725,41400.0,12.667354479340052,41400.0,0.0,41400.0,0.0,41400.0,8.009365606666742,41400.0,28.433347297639767,41400.0,0.0,41400.0,0.0,41400.0,30.613098101419418,41400.0,33.51261412793152,41400.0,0.50200004,41400.0,0.50200004
41600.0,7.9319307092348605,41600.0,29.2077023557404,41600.0,0.0,41600.0,0.0,41600.0,9.097401106978818,41600.0,18.68856693560518,41600.0,0.0,41600.0,0.0,41600.0,14.471673759518723,41600.0,30.182651548864033,41600.0,0.0,41600.0,0.828,41600.0,14.784214696417298,41600.0,30.27925948351087,41600.0,0.0,41600.0,0.0,41600.0,14.774509037370215,41600.0,30.198736501706048,41600.0,0.0,41600.0,0.04000000799999998,41600.0,5.585109578565343,41600.0,10.274129001529069,41600.0,0.0,41600.0,0.0,41600.0,20.49648554735764,41600.0,13.011148709077874,41600.0,0.14900000000000002,41600.0,0.0,41600.0,20.50506321087126,41600.0,13.187501621116695,41600.0,0.14899999999999997,41600.0,0.14899999999999997,41600.0,19.495338552955214,41600.0,12.691522687491437,41600.0,0.0,41600.0,0.0,41600.0,7.930944686245714,41600.0,29.643397937563467,41600.0,0.0,41600.0,0.0,41600.0,30.463808746050866,41600.0,33.71385654904252,41600.0,0.50200004,41600.0,0.50200004
41800.0,7.862787601223961,41800.0,37.62626346162124,41800.0,0.0,41800.0,0.0,41800.0,9.002773754394862,41800.0,18.833465449166788,41800.0,0.0,41800.0,0.0,41800.0,14.336861997957538,41800.0,30.36751022956019,41800.0,0.0,41800.0,0.828,41800.0,14.649070267288206,41800.0,30.467941948372168,41800.0,0.0,41800.0,0.0,41800.0,14.639689809505402,41800.0,30.38698356477253,41800.0,0.0,41800.0,0.04000000799999998,41800.0,5.336937108631104,41800.0,9.983163714172166,41800.0,0.0,41800.0,0.0,41800.0,20.4046545018908,41800.0,13.048966156210463,41800.0,0.14900000000000002,41800.0,0.0,41800.0,20.414190384789,41800.0,13.22501181763366,41800.0,0.14899999999999997,41800.0,0.14899999999999997,41800.0,19.391137880787454,41800.0,12.704860831570386,41800.0,0.0,41800.0,0.0,41800.0,7.862350548285965,41800.0,37.344645604994426,41800.0,0.0,41800.0,0.0,41800.0,30.34565537070379,41800.0,33.89702567268825,41800.0,0.50200004,41800.0,0.50200004
42000.0,7.815848979723763,42000.0,32.06125997880792,42000.0,0.0,42000.0,0.0,42000.0,8.904191002804117,42000.0,18.798031654756972,42000.0,0.0,42000.0,0.0,42000.0,14.239170974578894,42000.0,30.54636745618107,42000.0,0.0,42000.0,0.828,42000.0,14.58596576819391,42000.0,30.652556582887268,42000.0,0.0,42000.0,0.0,42000.0,14.577129628209411,42000.0,30.571359288601588,42000.0,0.0,42000.0,0.04000000799999998,42000.0,5.21833551802752,42000.0,9.619925669535052,42000.0,0.0,42000.0,0.0,42000.0,20.368216792893868,42000.0,13.077613666783552,42000.0,0.14900000000000002,42000.0,0.0,42000.0,20.378037236290464,42000.0,13.253072024367421,42000.0,0.14899999999999997,42000.0,0.14899999999999997,42000.0,19.349353378254897,42000.0,12.70917532395281,42000.0,0.0,42000.0,0.0,42000.0,7.816130113052625,42000.0,31.856257015920512,42000.0,0.0,42000.0,0.0,42000.0,30.30070820332266,42000.0,34.04147968352764,42000.0,0.50200004,42000.0,0.50200004
42200.0,7.765584698817416,42200.0,28.518788275962265,42200.0,0.0,42200.0,0.0,42200.0,8.805955355206924,42200.0,18.68209850413241,42200.0,0.0,42200.0,0.0,42200.0,14.162599036769313,42200.0,30.71262422810741,42200.0,0.0,42200.0,0.828,42200.0,14.517388170970591,42200.0,30.830018416203444,42200.0,0.0,42200.0,0.0,42200.0,14.50852175769531,42200.0,30.74844108325673,42200.0,0.0,42200.0,0.04000000799999998,42200.0,5.079895377126554,42200.0,9.206326970992054,42200.0,0.0,42200.0,0.0,42200.0,20.3285000040122,42200.0,13.097358958195441,42200.0,0.14900000000000002,42200.0,0.0,42200.0,20.33860555695124,42200.0,13.271897331223462,42200.0,0.14899999999999997,42200.0,0.14899999999999997,42200.0,19.303888344768275,42200.0,12.70539870054109,42200.0,0.0,42200.0,0.0,42200.0,7.765280841792948,42200.0,28.37625771121146,42200.0,0.0,42200.0,0.0,42200.0,30.25174074239183,42200.0,34.12942887020887,42200.0,0.50200004,42200.0,0.50200004
42400.0,7.70701402404401,42400.0,29.34722303839193,42400.0,0.0,42400.0,0.0,42400.0,8.70256105729476,42400.0,18.583774639281618,42400.0,0.0,42400.0,0.0,42400.0,14.087494425866186,42400.0,30.845352601549187,42400.0,0.0,42400.0,0.828,42400.0,14.442753705168139,42400.0,30.9566925732008,42400.0,0.0,42400.0,0.0,42400.0,14.433795939617285,42400.0,30.874646433682763,42400.0,0.0,42400.0,0.04000000799999998,42400.0,4.920895557186688,42400.0,8.89721714578122,42400.0,0.0,42400.0,0.0,42400.0,20.28427549607915,42400.0,13.105676285163572,42400.0,0.14900000000000002,42400.0,0.0,42400.0,20.294602677632867,42400.0,13.279381796459049,42400.0,0.14899999999999997,42400.0,0.14899999999999997,42400.0,19.253381919332625,42400.0,12.698370179588576,42400.0,0.0,42400.0,0.0,42400.0,7.706355202900598,42400.0,29.76244535363344,42400.0,0.0,42400.0,0.0,42400.0,30.19651515096694,42400.0,34.155367933332634,42400.0,0.50200004,42400.0,0.50200004
42600.0,7.642142877166622,42600.0,37.48535555604714,42600.0,0.0,42600.0,0.0,42600.0,8.592802002437603,42600.0,18.597559761175447,42600.0,0.0,42600.0,0.0,42600.0,14.009758268303628,42600.0,30.965151622121585,42600.0,0.0,42600.0,0.828,42600.0,14.364719380650453,42600.0,31.08504244650128,42600.0,0.0,42600.0,0.0,42600.0,14.355683645499543,42600.0,31.003175908364437,42600.0,0.0,42600.0,0.04000000799999998,42600.0,4.746908227755711,42600.0,8.551877303533772,42600.0,0.0,42600.0,0.0,42600.0,20.237043119040152,42600.0,13.11059088536989,42600.0,0.14900000000000002,42600.0,0.0,42600.0,20.24746469211455,42600.0,13.283207562863272,42600.0,0.14899999999999997,42600.0,0.14899999999999997,42600.0,19.199566129183022,42600.0,12.687252794804664,42600.0,0.0,42600.0,0.0,42600.0,7.641245654252452,42600.0,37.21251251528696,42600.0,0.0,42600.0,0.0,42600.0,30.13584547226427,42600.0,34.161817115796225,42600.0,0.50200004,42600.0,0.50200004
42800.0,7.5730544075125765,42800.0,31.95211470681074,42800.0,0.0,42800.0,0.0,42800.0,8.477804944287545,42800.0,18.459324263567947,42800.0,0.0,42800.0,0.0,42800.0,13.930591796680599,42800.0,31.102402775161938,42800.0,0.0,42800.0,0.828,42800.0,14.287148346146738,42800.0,31.246335035033297,42800.0,0.0,42800.0,0.0,42800.0,14.278058605943407,42800.0,31.16389544325111,42800.0,0.0,42800.0,0.04000000799999998,42800.0,4.568489855814214,42800.0,8.076598172069671,42800.0,0.0,42800.0,0.0,42800.0,20.189536735307776,42800.0,13.110738140463907,42800.0,0.14900000000000002,42800.0,0.0,42800.0,20.199889980511994,42800.0,13.281517385560239,42800.0,0.14899999999999997,42800.0,0.14899999999999997,42800.0,19.145555199739672,42800.0,12.666014234850902,42800.0,0.0,42800.0,0.0,42800.0,7.571965588733853,42800.0,31.749604227129723,42800.0,0.0,42800.0,0.0,42800.0,30.072312547155388,42800.0,34.12048080422285,42800.0,0.50200004,42800.0,0.50200004
43000.0,7.50061798012472,43000.0,28.525437592255248,43000.0,0.0,43000.0,0.0,43000.0,8.359427720224893,43000.0,18.224364650597195,43000.0,0.0,43000.0,0.0,43000.0,13.851892372200789,43000.0,30.53768172445815,43000.0,0.0,43000.0,0.0,43000.0,14.211481690594741,43000.0,31.06858113069142,43000.0,0.0,43000.0,0.0,43000.0,14.202330313972451,43000.0,31.05575060385795,43000.0,0.0,43000.0,0.04000000799999998,43000.0,4.390979962083908,43000.0,7.680871564704686,43000.0,0.0,43000.0,0.0,43000.0,20.14295365639487,43000.0,13.105315103337942,43000.0,0.14900000000000002,43000.0,0.0,43000.0,20.153082241318625,43000.0,13.274387469637345,43000.0,0.14899999999999997,43000.0,0.14899999999999997,43000.0,19.092703965161284,43000.0,12.643874443200765,43000.0,0.0,43000.0,0.0,43000.0,7.499283519712372,43000.0,28.401814270898086,43000.0,0.0,43000.0,0.0,43000.0,30.007056817913025,43000.0,34.0441183565694,43000.0,0.50200004,43000.0,0.50200004
43200.0,7.423143191720969,43200.0,29.08227418058903,43200.0,0.0,43200.0,0.0,43200.0,8.237768739175111,43200.0,17.999742015589167,43200.0,0.0,43200.0,0.0,43200.0,13.773090869346571,43200.0,30.16923811553057,43200.0,0.0,43200.0,0.0,43200.0,14.135266876057786,43200.0,30.85673684547736,43200.0,0.0,43200.0,0.0,43200.0,14.126040872839436,43200.0,30.843783913282707,43200.0,0.0,43200.0,0.04000000799999998,43200.0,4.209211460508931,43200.0,7.379615275188096,43200.0,0.0,43200.0,0.0,43200.0,20.09564188731095,43200.0,13.098382060659171,43200.0,0.14900000000000002,43200.0,0.0,43200.0,20.105394133394764,43200.0,13.266124129134939,43200.0,0.14899999999999997,43200.0,0.14899999999999997,43200.0,19.039145272792442,43200.0,12.625046633832486,43200.0,0.0,43200.0,0.0,43200.0,7.4215317942496695,43200.0,29.48612653656679,43200.0,0.0,43200.0,0.0,43200.0,29.93751820016144,43200.0,33.9708116907837,43200.0,0.50200004,43200.0,0.50200004
43400.0,7.328304187455007,43400.0,37.39990488838935,43400.0,0.0,43400.0,0.0,43400.0,8.106225622272985,43400.0,17.87758075905398,43400.0,0.0,43400.0,0.0,43400.0,13.681312417297207,43400.0,29.864903461267602,43400.0,0.0,43400.0,0.0,43400.0,14.021244692899272,43400.0,30.530168999914025,43400.0,0.0,43400.0,0.0,43400.0,14.010525189456422,43400.0,30.515940474335867,43400.0,0.0,43400.0,0.04000000799999998,43400.0,3.938159113082097,43400.0,6.943095372935149,43400.0,0.0,43400.0,0.0,43400.0,20.014665741184817,43400.0,13.082846956356063,43400.0,0.14900000000000002,43400.0,0.0,43400.0,20.024182088950933,43400.0,13.248993329287163,43400.0,0.14899999999999997,43400.0,0.14899999999999997,43400.0,18.95365409452722,43400.0,12.59760899966727,43400.0,0.0,43400.0,0.0,43400.0,7.324338334777024,43400.0,37.1104806553482,43400.0,0.0,43400.0,0.0,43400.0,29.810943060317232,43400.0,33.816412611691746,43400.0,0.50200004,43400.0,0.50200004
43600.0,7.225441817141359,43600.0,31.842960793935504,43600.0,0.0,43600.0,0.0,43600.0,7.9811811232665235,43600.0,17.639868207971904,43600.0,0.0,43600.0,0.0,43600.0,13.570760546542733,43600.0,29.5651564827216,43600.0,0.0,43600.0,0.0,43600.0,13.923409043038165,43600.0,30.239460359029373,43600.0,0.0,43600.0,0.0,43600.0,13.914033515122403,43600.0,30.225895063677093,43600.0,0.0,43600.0,0.04000000799999998,43600.0,3.889092855603578,43600.0,6.84669753735554,43600.0,0.0,43600.0,0.0,43600.0,19.94940610434395,43600.0,13.069766283356339,43600.0,0.14900000000000002,43600.0,0.0,43600.0,19.958662070757036,43600.0,13.234923400659293,43600.0,0.14899999999999997,43600.0,0.14899999999999997,43600.0,18.893309814422366,43600.0,12.589535835160227,43600.0,0.0,43600.0,0.0,43600.0,7.224438627575828,43600.0,31.64634222719259,43600.0,0.0,43600.0,0.0,43600.0,29.69678380978628,43600.0,33.644124291582806,43600.0,0.50200004,43600.0,0.50200004
43800.0,7.178647936123091,43800.0,28.443701858457658,43800.0,0.0,43800.0,0.0,43800.0,7.913120587663203,43800.0,17.41767127741485,43800.0,0.0,43800.0,0.0,43800.0,13.503959063369141,43800.0,29.296263623345,43800.0,0.0,43800.0,0.0,43800.0,13.894358841627048,43800.0,29.992161511115217,43800.0,0.0,43800.0,0.0,43800.0,13.88542969295651,43800.0,29.978934305674144,43800.0,0.0,43800.0,0.04000000799999998,43800.0,3.890827866007806,43800.0,6.855650523242931,43800.0,0.0,43800.0,0.0,43800.0,19.93348236320863,43800.0,13.061196475313244,43800.0,0.14900000000000002,43800.0,0.0,43800.0,19.942631128812017,43800.0,13.225294606710339,43800.0,0.14899999999999997,43800.0,0.14899999999999997,43800.0,18.87913694635404,43800.0,12.589067732731806,43800.0,0.0,43800.0,0.0,43800.0,7.17904054946946,43800.0,28.3056526127696,43800.0,0.0,43800.0,0.0,43800.0,29.666609662908595,43800.0,33.49427635599914,43800.0,0.50200004,43800.0,0.50200004
44000.0,7.13675429182717,44000.0,28.931068349054232,44000.0,0.0,44000.0,0.0,44000.0,7.856509440679568,44000.0,17.264124650671747,44000.0,0.0,44000.0,0.0,44000.0,13.461773922623568,44000.0,29.012465919495224,44000.0,0.0,44000.0,0.0,44000.0,13.86650688854246,44000.0,29.67481521080731,44000.0,0.0,44000.0,0.0,44000.0,13.857759379063575,44000.0,29.660924522354374,44000.0,0.0,44000.0,0.04000000799999998,44000.0,3.895575972360363,44000.0,6.941015908064309,44000.0,0.0,44000.0,0.0,44000.0,19.918801465531484,44000.0,13.053365736864126,44000.0,0.14900000000000002,44000.0,0.0,44000.0,19.927824385930396,44000.0,13.215582801965661,44000.0,0.14899999999999997,44000.0,0.14899999999999997,44000.0,18.86623619475033,44000.0,12.595169581273261,44000.0,0.0,44000.0,0.0,44000.0,7.136428996482495,44000.0,29.360195053922325,44000.0,0.0,44000.0,0.0,44000.0,29.638110281507533,44000.0,33.28163913155063,44000.0,0.50200004,44000.0,0.50200004
44200.0,7.092394842853327,44200.0,37.178191401716965,44200.0,0.0,44200.0,0.0,44200.0,7.81071156743399,44200.0,17.27096893950628,44200.0,0.0,44200.0,0.0,44200.0,13.428356809002292,44200.0,28.72389940715403,44200.0,0.0,44200.0,0.0,44200.0,13.83941538371076,44200.0,29.36745241606261,44200.0,0.0,44200.0,0.0,44200.0,13.830718223782176,44200.0,29.353403859103345,44200.0,0.0,44200.0,0.04000000799999998,44200.0,3.9025798208804745,44200.0,7.096719769555345,44200.0,0.0,44200.0,0.0,44200.0,19.904795919449118,44200.0,13.051555245352139,44200.0,0.14900000000000002,44200.0,0.0,44200.0,19.913674220867474,44200.0,13.211695622468003,44200.0,0.14899999999999997,44200.0,0.14899999999999997,44200.0,18.85408484829565,44200.0,12.608386650769976,44200.0,0.0,44200.0,0.0,44200.0,7.091493132516496,44200.0,36.890480812607215,44200.0,0.0,44200.0,0.0,44200.0,29.61037269289448,44200.0,33.07785619631963,44200.0,0.50200004,44200.0,0.50200004
44400.0,7.042754945266591,44400.0,31.56325166686926,44400.0,0.0,44400.0,0.0,44400.0,7.772515270243028,44400.0,17.18000307183067,44400.0,0.0,44400.0,0.0,44400.0,13.397051082034412,44400.0,28.449580149876198,44400.0,0.0,44400.0,0.0,44400.0,13.811178635319942,44400.0,29.095671601030787,44400.0,0.0,44400.0,0.0,44400.0,13.802499157569557,44400.0,29.082818764424996,44400.0,0.0,44400.0,0.04000000799999998,44400.0,3.912419699788561,44400.0,7.281734920766945,44400.0,0.0,44400.0,0.0,44400.0,19.89036621885811,44400.0,13.055154764133068,44400.0,0.14900000000000002,44400.0,0.0,44400.0,19.899070092242948,44400.0,13.213610658295764,44400.0,0.14899999999999997,44400.0,0.14899999999999997,44400.0,18.84171864982837,44400.0,12.625535413399962,44400.0,0.0,44400.0,0.0,44400.0,7.041777122250692,44400.0,31.362620181241844,44400.0,0.0,44400.0,0.0,44400.0,29.58127181509391,44400.0,32.92234259073537,44400.0,0.50200004,44400.0,0.50200004
44600.0,6.995858830897455,44600.0,27.999333482396132,44600.0,0.0,44600.0,0.0,44600.0,7.740930537046994,44600.0,17.07450612382754,44600.0,0.0,44600.0,0.0,44600.0,13.368189576967785,44600.0,28.192743657421676,44600.0,0.0,44600.0,0.0,44600.0,13.782882833177325,44600.0,28.8257416971298,44600.0,0.0,44600.0,0.0,44600.0,13.774169948438265,44600.0,28.812235598809647,44600.0,0.0,44600.0,0.04000000799999998,44600.0,3.9247609532495518,44600.0,7.512494427033478,44600.0,0.0,44600.0,0.0,44600.0,19.87607883776982,44600.0,13.063697299013706,44600.0,0.14900000000000002,44600.0,0.0,44600.0,19.88458817846003,44600.0,13.220737270534906,44600.0,0.14899999999999997,44600.0,0.14899999999999997,44600.0,18.829635393910934,44600.0,12.648234100200462,44600.0,0.0,44600.0,0.0,44600.0,6.993952949350661,44600.0,27.841291301127477,44600.0,0.0,44600.0,0.0,44600.0,29.55196538202097,44600.0,32.80263773936777,44600.0,0.50200004,44600.0,0.50200004
44800.0,6.944457011558764,44800.0,35.630437579016814,44800.0,0.0,44800.0,0.0,44800.0,7.715369299227226,44800.0,17.16380479365475,44800.0,0.0,44800.0,0.0,44800.0,13.33883526932667,44800.0,27.927393688370586,44800.0,0.0,44800.0,0.0,44800.0,13.75558492020001,44800.0,28.53774654117258,44800.0,0.0,44800.0,0.0,44800.0,13.746912381252693,44800.0,28.524431096881866,44800.0,0.0,44800.0,0.04000000799999998,44800.0,3.939091199696811,44800.0,7.808979753989795,44800.0,0.0,44800.0,0.0,44800.0,19.862476186933474,44800.0,13.079381769259173,44800.0,0.14900000000000002,44800.0,0.0,44800.0,19.870785087559447,44800.0,13.235305417908098,44800.0,0.14899999999999997,44800.0,0.14899999999999997,44800.0,18.81828591733611,44800.0,12.680426308564703,44800.0,0.0,44800.0,0.0,44800.0,6.9431232525307225,44800.0,36.15513688832515,44800.0,0.0,44800.0,0.0,44800.0,29.523642520446632,44800.0,32.70222233509243,44800.0,0.50200004,44800.0,0.50200004
45000.0,6.902221945596474,45000.0,34.78441035174311,45000.0,0.0,45000.0,0.0,45000.0,7.69578581369005,45000.0,17.190300414631118,45000.0,0.0,45000.0,0.0,45000.0,13.313083282891991,45000.0,27.694577232037165,45000.0,0.0,45000.0,0.0,45000.0,13.732491483083226,45000.0,28.29983280142183,45000.0,0.0,45000.0,0.0,45000.0,13.72386357978616,45000.0,28.28637055473577,45000.0,0.0,45000.0,0.04000000799999998,45000.0,3.953323628148954,45000.0,8.08428353287791,45000.0,0.0,45000.0,0.0,45000.0,19.851137950432214,45000.0,13.096806896881285,45000.0,0.14900000000000002,45000.0,0.0,45000.0,19.859284908362074,45000.0,13.252376140199345,45000.0,0.14899999999999997,45000.0,0.14899999999999997,45000.0,18.80895446401634,45000.0,12.711615446090208,45000.0,0.0,45000.0,0.0,45000.0,6.900907549392002,45000.0,34.38894898090094,45000.0,0.0,45000.0,0.0,45000.0,29.4997647583097,45000.0,32.65282005575086,45000.0,0.50200004,45000.0,0.50200004
45200.0,6.841360005773584,45200.0,30.081927833539606,45200.0,0.0,45200.0,0.0,45200.0,7.674966194709558,45200.0,17.168335170705458,45200.0,0.0,45200.0,0.0,45200.0,13.28187487841661,45200.0,27.463180785272613,45200.0,0.0,45200.0,0.0,45200.0,13.693887500113918,45200.0,28.05082156409813,45200.0,0.0,45200.0,0.0,45200.0,13.68514651541444,45200.0,28.037749681349727,45200.0,0.0,45200.0,0.04000000799999998,45200.0,3.982096820574625,45200.0,8.398428904817312,45200.0,0.0,45200.0,0.0,45200.0,19.83199756451561,45200.0,13.120340975158092,45200.0,0.14900000000000002,45200.0,0.0,45200.0,19.83988665710223,45200.0,13.276288716776744,45200.0,0.14899999999999997,45200.0,0.14899999999999997,45200.0,18.793392809070088,45200.0,12.750089160161505,45200.0,0.0,45200.0,0.0,45200.0,6.8391067713430385,45200.0,29.852428009964413,45200.0,0.0,45200.0,0.0,45200.0,29.45893582979613,45200.0,32.64009239342693,45200.0,0.50200004,45200.0,0.50200004
45400.0,6.769001520707168,45400.0,29.98715841266196,45400.0,0.0,45400.0,0.0,45400.0,7.6582846061164425,45400.0,17.23882707004969,45400.0,0.0,45400.0,0.0,45400.0,13.241839094512642,45400.0,27.934331472096808,45400.0,0.0,45400.0,0.828,45400.0,13.64673771363333,45400.0,28.161984543562916,45400.0,0.0,45400.0,0.0,45400.0,13.637965146592627,45400.0,28.080262555692762,45400.0,0.0,45400.0,0.04000000799999998,45400.0,4.0261869038216815,45400.0,8.761009398352323,45400.0,0.0,45400.0,0.0,45400.0,19.808472450708205,45400.0,13.15221000515931,45400.0,0.14900000000000002,45400.0,0.0,45400.0,19.816106773855676,45400.0,13.30959848923602,45400.0,0.14899999999999997,45400.0,0.14899999999999997,45400.0,18.774579047446448,45400.0,12.798498326255517,45400.0,0.0,45400.0,0.0,45400.0,6.766922584267546,45400.0,30.381121433715254,45400.0,0.0,45400.0,0.0,45400.0,29.408166711707146,45400.0,32.66197741791716,45400.0,0.50200004,45400.0,0.50200004
45600.0,6.722550622370985,45600.0,38.06196128784782,45600.0,0.0,45600.0,0.0,45600.0,7.649194951145868,45600.0,17.485546302380893,45600.0,0.0,45600.0,0.0,45600.0,13.208356777171488,45600.0,28.2462555208726,45600.0,0.0,45600.0,0.828,45600.0,13.619777298392938,45600.0,28.33896750703014,45600.0,0.0,45600.0,0.0,45600.0,13.611169156034595,45600.0,28.257060701417014,45600.0,0.0,45600.0,0.04000000799999998,45600.0,4.054846312873845,45600.0,9.06646824377253,45600.0,0.0,45600.0,0.0,45600.0,19.795526471024317,45600.0,13.182374184632364,45600.0,0.14900000000000002,45600.0,0.0,45600.0,19.80306113020452,45600.0,13.341689121439705,45600.0,0.14899999999999997,45600.0,0.14899999999999997,45600.0,18.76437213366059,45600.0,12.841947603920895,45600.0,0.0,45600.0,0.0,45600.0,6.721465799056193,45600.0,37.78117948257031,45600.0,0.0,45600.0,0.0,45600.0,29.3800355351691,45600.0,32.7068361110393,45600.0,0.50200004,45600.0,0.50200004
45800.0,6.677285647369085,45800.0,32.2767900163581,45800.0,0.0,45800.0,0.0,45800.0,7.641771718191855,45800.0,17.61634023065254,45800.0,0.0,45800.0,0.0,45800.0,13.178829043401475,45800.0,28.473462786757416,45800.0,0.0,45800.0,0.828,45800.0,13.588731819860913,45800.0,28.533519628175753,45800.0,0.0,45800.0,0.0,45800.0,13.580152635689887,45800.0,28.452230946635616,45800.0,0.0,45800.0,0.04000000799999998,45800.0,4.091116438784125,45800.0,9.397488820517424,45800.0,0.0,45800.0,0.0,45800.0,19.78068179473458,45800.0,13.21868684429219,45800.0,0.14900000000000002,45800.0,0.0,45800.0,19.788136094221432,45800.0,13.38058368271329,45800.0,0.14899999999999997,45800.0,0.14899999999999997,45800.0,18.75272768707718,45800.0,12.89165982110467,45800.0,0.0,45800.0,0.0,45800.0,6.675784768228723,45800.0,32.07209919625008,45800.0,0.0,45800.0,0.0,45800.0,29.347672342674482,45800.0,32.78932830563207,45800.0,0.50200004,45800.0,0.50200004
46000.0,6.635057447439839,46000.0,28.48647713090472,46000.0,0.0,46000.0,0.0,46000.0,7.6372157393192825,46000.0,17.726119341057547,46000.0,0.0,46000.0,0.0,46000.0,13.150945874464805,46000.0,28.68047119809723,46000.0,0.0,46000.0,0.828,46000.0,13.56191285059728,46000.0,28.74524908096846,46000.0,0.0,46000.0,0.0,46000.0,13.553416237277403,46000.0,28.664910383859507,46000.0,0.0,46000.0,0.04000000799999998,46000.0,4.124057721781142,46000.0,9.75510688461258,46000.0,0.0,46000.0,0.0,46000.0,19.767998003057546,46000.0,13.264128041916694,46000.0,0.14900000000000002,46000.0,0.0,46000.0,19.775425906666616,46000.0,13.429328509584012,46000.0,0.14899999999999997,46000.0,0.14899999999999997,46000.0,18.74283049719117,46000.0,12.950468839672165,46000.0,0.0,46000.0,0.0,46000.0,6.634164781102856,46000.0,28.335149849547918,46000.0,0.0,46000.0,0.0,46000.0,29.32003016356482,46000.0,32.91745670854773,46000.0,0.50200004,46000.0,0.50200004
46200.0,6.597957493474087,46200.0,28.982231018771902,46200.0,0.0,46200.0,0.0,46200.0,7.634694544369789,46200.0,17.89397577834385,46200.0,0.0,46200.0,0.0,46200.0,13.125711263790484,46200.0,28.884084565595145,46200.0,0.0,46200.0,0.828,46200.0,13.537270740279316,46200.0,28.953612979462825,46200.0,0.0,46200.0,0.0,46200.0,13.528845007816908,46200.0,28.87366402423567,46200.0,0.0,46200.0,0.04000000799999998,46200.0,4.15536828085232,46200.0,10.088266916584839,46200.0,0.0,46200.0,0.0,46200.0,19.756426087458426,46200.0,13.313498691473518,46200.0,0.14900000000000002,46200.0,0.0,46200.0,19.763870197562234,46200.0,13.482170844928389,46200.0,0.14899999999999997,46200.0,0.14899999999999997,46200.0,18.733836017453516,46200.0,13.011208804070543,46200.0,0.0,46200.0,0.0,46200.0,6.597435061457724,46200.0,29.412176153548135,46200.0,0.0,46200.0,0.0,46200.0,29.294864448757657,46200.0,33.06951782756159,46200.0,0.50200004,46200.0,0.50200004
46400.0,6.57674432816303,46400.0,37.150511573529556,46400.0,0.0,46400.0,0.0,46400.0,7.633934035092507,46400.0,18.1735592785164,46400.0,0.0,46400.0,0.0,46400.0,13.107943107131183,46400.0,29.058718301788407,46400.0,0.0,46400.0,0.828,46400.0,13.524279670137792,46400.0,29.099636491415602,46400.0,0.0,46400.0,0.0,46400.0,13.51595211470424,46400.0,29.020138078523814,46400.0,0.0,46400.0,0.04000000799999998,46400.0,4.172094277202834,46400.0,10.288850477117137,46400.0,0.0,46400.0,0.0,46400.0,19.750380229446566,46400.0,13.345851630120126,46400.0,0.14900000000000002,46400.0,0.0,46400.0,19.75785251978983,46400.0,13.51665967438893,46400.0,0.14899999999999997,46400.0,0.14899999999999997,46400.0,18.729172179549312,46400.0,13.04981913969424,46400.0,0.0,46400.0,0.0,46400.0,6.576646206184367,46400.0,36.887595441404585,46400.0,0.0,46400.0,0.0,46400.0,29.28182802353991,46400.0,33.17693848036394,46400.0,0.50200004,46400.0,0.50200004
46600.0,6.5574206404663204,46600.0,31.631075219940094,46600.0,0.0,46600.0,0.0,46600.0,7.633637152670443,46600.0,18.335397538448756,46600.0,0.0,46600.0,0.0,46600.0,13.09402966580225,46600.0,29.25129084116988,46600.0,0.0,46600.0,0.828,46600.0,13.511293747158241,46600.0,29.309664447916205,46600.0,0.0,46600.0,0.0,46600.0,13.503032101584518,46600.0,29.230406540452645,46600.0,0.0,46600.0,0.04000000799999998,46600.0,4.189024586382194,46600.0,10.576554751446617,46600.0,0.0,46600.0,0.0,46600.0,19.74436439024069,46600.0,13.399511452132575,46600.0,0.14900000000000002,46600.0,0.0,46600.0,19.75187165545049,46600.0,13.573339749455117,46600.0,0.14899999999999997,46600.0,0.14899999999999997,46600.0,18.724524513403093,46600.0,13.111626631033564,46600.0,0.0,46600.0,0.0,46600.0,6.557351897586418,46600.0,31.42848481497147,46600.0,0.0,46600.0,0.0,46600.0,29.268878395685505,46600.0,33.36939622555873,46600.0,0.50200004,46600.0,0.50200004
46800.0,6.502146384588001,46800.0,28.096884787991318,46800.0,0.0,46800.0,0.0,46800.0,7.6313942567595845,46800.0,18.464685737826457,46800.0,0.0,46800.0,0.0,46800.0,13.056052731695212,46800.0,29.450981598305496,46800.0,0.0,46800.0,0.828,46800.0,13.424680092570663,46800.0,29.51809255498595,46800.0,0.0,46800.0,0.0,46800.0,13.41421693546943,46800.0,29.43886590830631,46800.0,0.0,46800.0,0.04000000799999998,46800.0,4.32882262268411,46800.0,10.836549570691863,46800.0,0.0,46800.0,0.0,46800.0,19.692406177308918,46800.0,13.456169558551707,46800.0,0.14900000000000002,46800.0,0.0,46800.0,19.700226810909687,46800.0,13.632364830096948,46800.0,0.14899999999999997,46800.0,0.14899999999999997,46800.0,18.683173298734534,46800.0,13.17380071523208,46800.0,0.0,46800.0,0.0,46800.0,6.496888042182844,46800.0,27.95541083473697,46800.0,0.0,46800.0,0.0,46800.0,29.15929691683403,46800.0,33.574116237152495,46800.0,0.50200004,46800.0,0.50200004
47000.0,6.400293668179075,47000.0,35.97734170330942,47000.0,0.0,47000.0,0.0,47000.0,7.632697423279203,47000.0,18.754021889651106,47000.0,0.0,47000.0,0.0,47000.0,12.950295828524949,47000.0,29.65428945956707,47000.0,0.0,47000.0,0.828,47000.0,13.275218944893654,47000.0,29.72483734550962,47000.0,0.0,47000.0,0.0,47000.0,13.265045017111579,47000.0,29.645267058382526,47000.0,0.0,47000.0,0.04000000799999998,47000.0,4.412377392353752,47000.0,10.921603760557517,47000.0,0.0,47000.0,0.0,47000.0,19.598207717551105,47000.0,13.51127504949008,47000.0,0.14900000000000002,47000.0,0.0,47000.0,19.60656619657338,47000.0,13.688175963051759,47000.0,0.14899999999999997,47000.0,0.14899999999999997,47000.0,18.594913531026187,47000.0,13.220201577777798,47000.0,0.0,47000.0,0.0,47000.0,6.397981158230025,47000.0,36.51383426475501,47000.0,0.0,47000.0,0.0,47000.0,28.980729209174058,47000.0,33.78096120323716,47000.0,0.50200004,47000.0,0.50200004
47200.0,6.323768640880514,47200.0,35.130587271284455,47200.0,0.0,47200.0,0.0,47200.0,7.607821340375435,47200.0,18.903917405852106,47200.0,0.0,47200.0,0.0,47200.0,12.825713398911962,47200.0,29.86170800051051,47200.0,0.0,47200.0,0.828,47200.0,13.132552140109931,47200.0,29.931647895330144,47200.0,0.0,47200.0,0.0,47200.0,13.122620972037202,47200.0,29.852037126999306,47200.0,0.0,47200.0,0.04000000799999998,47200.0,4.298003900027807,47200.0,10.789711113636358,47200.0,0.0,47200.0,0.0,47200.0,19.503211092609387,47200.0,13.559773389794586,47200.0,0.14900000000000002,47200.0,0.0,47200.0,19.512369327947347,47200.0,13.736574431980571,47200.0,0.14899999999999997,47200.0,0.14899999999999997,47200.0,18.492932396807866,47200.0,13.248299753552304,47200.0,0.0,47200.0,0.0,47200.0,6.322820651612134,47200.0,34.75664760703711,47200.0,0.0,47200.0,0.0,47200.0,28.839743489600522,47200.0,33.99427208796454,47200.0,0.50200004,47200.0,0.50200004
47400.0,6.2601496686153615,47400.0,30.548517642081315,47400.0,0.0,47400.0,0.0,47400.0,7.541932149841497,47400.0,18.930767879872445,47400.0,0.0,47400.0,0.0,47400.0,12.69615103039526,47400.0,30.06078313324424,47400.0,0.0,47400.0,0.828,47400.0,12.99350603474732,47400.0,30.134748302780498,47400.0,0.0,47400.0,0.0,47400.0,12.983705387100766,47400.0,30.05490149356043,47400.0,0.0,47400.0,0.04000000799999998,47400.0,4.078693370353753,47400.0,10.53835041393964,47400.0,0.0,47400.0,0.0,47400.0,19.405041526581762,47400.0,13.599655694353043,47400.0,0.14900000000000002,47400.0,0.0,47400.0,19.415230891747292,47400.0,13.776121154252007,47400.0,0.14899999999999997,47400.0,0.14899999999999997,47400.0,18.38275315379063,47400.0,13.26398094964042,47400.0,0.0,47400.0,0.0,47400.0,6.259830579608106,47400.0,30.3407654294236,47400.0,0.0,47400.0,0.0,47400.0,28.72603591756635,47400.0,34.19293375533555,47400.0,0.50200004,47400.0,0.50200004
47600.0,6.209473022095808,47600.0,27.477726811495675,47600.0,0.0,47600.0,0.0,47600.0,7.45083611368856,47600.0,18.870521740066298,47600.0,0.0,47600.0,0.0,47600.0,12.583215467253932,47600.0,30.248026872280228,47600.0,0.0,47600.0,0.828,47600.0,12.901710273207419,47600.0,30.331520914222036,47600.0,0.0,47600.0,0.0,47600.0,12.892854620963908,47600.0,30.251334446367633,47600.0,0.0,47600.0,0.04000000799999998,47600.0,3.9064626047278956,47600.0,10.20184624953413,47600.0,0.0,47600.0,0.0,47600.0,19.344986413676196,47600.0,13.630307231072987,47600.0,0.14900000000000002,47600.0,0.0,47600.0,19.355706510104685,47600.0,13.806208791061795,47600.0,0.14899999999999997,47600.0,0.14899999999999997,47600.0,18.314352881811697,47600.0,13.269862629277412,47600.0,0.0,47600.0,0.0,47600.0,6.210120365210451,47600.0,27.34528394498522,47600.0,0.0,47600.0,0.0,47600.0,28.66390862945662,47600.0,34.35082081713015,47600.0,0.50200004,47600.0,0.50200004
47800.0,6.168957290363528,47800.0,35.62731532770039,47800.0,0.0,47800.0,0.0,47800.0,7.36047180991893,47800.0,18.942213824299966,47800.0,0.0,47800.0,0.0,47800.0,12.502061482843697,47800.0,30.425151105521724,47800.0,0.0,47800.0,0.828,47800.0,12.838184591412928,47800.0,30.51231116008087,47800.0,0.0,47800.0,0.0,47800.0,12.829440492693053,47800.0,30.431059156218105,47800.0,0.0,47800.0,0.04000000799999998,47800.0,3.7805230112098536,47800.0,9.834476853463704,47800.0,0.0,47800.0,0.0,47800.0,19.306800786020762,47800.0,13.650492402694153,47800.0,0.14900000000000002,47800.0,0.0,47800.0,19.317799879736363,47800.0,13.825610844495653,47800.0,0.14899999999999997,47800.0,0.14899999999999997,47800.0,18.270696016080226,47800.0,13.267620462412543,47800.0,0.0,47800.0,0.0,47800.0,6.169297004792728,47800.0,36.16713646414877,47800.0,0.0,47800.0,0.0,47800.0,28.62474134630688,47800.0,34.453335486619615,47800.0,0.50200004,47800.0,0.50200004
48000.0,6.121842904275857,48000.0,35.11715178557337,48000.0,0.0,48000.0,0.0,48000.0,7.26609714246766,48000.0,18.903503166670287,48000.0,0.0,48000.0,0.0,48000.0,12.42966147286658,48000.0,30.58286014273508,48000.0,0.0,48000.0,0.828,48000.0,12.769342365602144,48000.0,30.67112331203768,48000.0,0.0,48000.0,0.0,48000.0,12.760557986721961,48000.0,30.59041391538258,48000.0,0.0,48000.0,0.04000000799999998,48000.0,3.6356207609803097,48000.0,9.474982957507759,48000.0,0.0,48000.0,0.0,48000.0,19.26475813788174,48000.0,13.6618567019483,48000.0,0.14900000000000002,48000.0,0.0,48000.0,19.275995135049044,48000.0,13.83604093073512,48000.0,0.14899999999999997,48000.0,0.14899999999999997,48000.0,18.222738439573046,48000.0,13.260075254908816,48000.0,0.0,48000.0,0.0,48000.0,6.121831908937668,48000.0,34.73485513938192,48000.0,0.0,48000.0,0.0,48000.0,28.58104584043982,48000.0,34.51230680932055,48000.0,0.50200004,48000.0,0.50200004
48200.0,6.068394864277952,48200.0,30.54704277128658,48200.0,0.0,48200.0,0.0,48200.0,7.165680341226113,48200.0,18.771554190920305,48200.0,0.0,48200.0,0.0,48200.0,12.356762870820344,48200.0,30.743680197430827,48200.0,0.0,48200.0,0.828,48200.0,12.696456437453822,48200.0,30.852029675410556,48200.0,0.0,48200.0,0.0,48200.0,12.687596989966025,48200.0,30.770744580436283,48200.0,0.0,48200.0,0.04000000799999998,48200.0,3.473904748938737,48200.0,9.01724178024296,48200.0,0.0,48200.0,0.0,48200.0,19.21926894146595,48200.0,13.668485907723905,48200.0,0.14900000000000002,48200.0,0.0,48200.0,19.23063914221587,48200.0,13.841182248282134,48200.0,0.14899999999999997,48200.0,0.14899999999999997,48200.0,18.170966876206645,48200.0,13.244135372395698,48200.0,0.0,48200.0,0.0,48200.0,6.068097427181355,48200.0,30.337324775089947,48200.0,0.0,48200.0,0.0,48200.0,28.5322328383697,48200.0,34.53181128197843,48200.0,0.50200004,48200.0,0.50200004
48400.0,6.01019545218054,48400.0,27.612870951135694,48400.0,0.0,48400.0,0.0,48400.0,7.059607204650732,48400.0,18.581839526726647,48400.0,0.0,48400.0,0.0,48400.0,12.28243900247443,48400.0,30.8863414412949,48400.0,0.0,48400.0,0.828,48400.0,12.62329784924671,48400.0,30.994821826164394,48400.0,0.0,48400.0,0.0,48400.0,12.614397527183755,48400.0,30.911989032411373,48400.0,0.0,48400.0,0.04000000799999998,48400.0,3.305302519101682,48400.0,8.639000136338726,48400.0,0.0,48400.0,0.0,48400.0,19.172970221449578,48400.0,13.667975961609956,48400.0,0.14900000000000002,48400.0,0.0,48400.0,19.184322720329952,48400.0,13.839254936455605,48400.0,0.14899999999999997,48400.0,0.14899999999999997,48400.0,18.11838422983242,48400.0,13.226443174944157,48400.0,0.0,48400.0,0.0,48400.0,6.009706557308827,48400.0,27.500744870607434,48400.0,0.0,48400.0,0.0,48400.0,28.480122540602284,48400.0,34.5032678499233,48400.0,0.50200004,48400.0,0.50200004
48600.0,5.948511904223427,48600.0,35.52557481774331,48600.0,0.0,48600.0,0.0,48600.0,6.949807219134687,48600.0,18.55619910964012,48600.0,0.0,48600.0,0.0,48600.0,12.208493260914254,48600.0,31.00128949581515,48600.0,0.0,48600.0,0.828,48600.0,12.551977238796246,48600.0,31.10745473118146,48600.0,0.0,48600.0,0.0,48600.0,12.543025044891774,48600.0,31.02353679470407,48600.0,0.0,48600.0,0.04000000799999998,48600.0,3.136750877211574,48600.0,8.330500090207115,48600.0,0.0,48600.0,0.0,48600.0,19.127563884599216,48600.0,13.664280304384961,48600.0,0.14900000000000002,48600.0,0.0,48600.0,19.138744343708588,48600.0,13.834338616835524,48600.0,0.14899999999999997,48600.0,0.14899999999999997,48600.0,18.066916941265134,48600.0,13.20980411641593,48600.0,0.0,48600.0,0.0,48600.0,5.947777137566148,48600.0,36.04940681848778,48600.0,0.0,48600.0,0.0,48600.0,28.426057089124217,48600.0,34.46085978250376,48600.0,0.50200004,48600.0,0.50200004
48800.0,5.882149253618401,48800.0,34.77554173744592,48800.0,0.0,48800.0,0.0,48800.0,6.8366920385968,48800.0,18.442417809106153,48800.0,0.0,48800.0,0.0,48800.0,12.134679481677747,48800.0,31.127081230905738,48800.0,0.0,48800.0,0.828,48800.0,12.480927325372498,48800.0,31.268566286551714,48800.0,0.0,48800.0,0.0,48800.0,12.471929691838746,48800.0,31.184977750220817,48800.0,0.0,48800.0,0.04000000799999998,48800.0,2.9656323117352397,48800.0,7.828857377399238,48800.0,0.0,48800.0,0.0,48800.0,19.082008738872492,48800.0,13.65246811706751,48800.0,0.14900000000000002,48800.0,0.0,48800.0,19.092870854258752,48800.0,13.820333425524536,48800.0,0.14899999999999997,48800.0,0.14899999999999997,48800.0,18.015388494285915,48800.0,13.177471855857833,48800.0,0.0,48800.0,0.0,48800.0,5.8811867367255575,48800.0,34.403570706277826,48800.0,0.0,48800.0,0.0,48800.0,28.368541544723854,48800.0,34.3560936265009,48800.0,0.50200004,48800.0,0.50200004
49000.0,5.830631054068444,49000.0,30.235984028355126,49000.0,0.0,49000.0,0.0,49000.0,6.753841207802282,49000.0,18.200900562015217,49000.0,0.0,49000.0,0.0,49000.0,12.072574770830876,49000.0,30.543561582783774,49000.0,0.0,49000.0,0.0,49000.0,12.417210048070743,49000.0,31.044063454838536,49000.0,0.0,49000.0,0.0,49000.0,12.40742521974884,49000.0,31.029783887724026,49000.0,0.0,49000.0,0.04000000799999998,49000.0,2.804155505585966,49000.0,7.357124117727407,49000.0,0.0,49000.0,0.0,49000.0,19.037570127733897,49000.0,13.634329477863874,49000.0,0.14900000000000002,49000.0,0.0,49000.0,19.048276148691297,49000.0,13.800279556707924,49000.0,0.14899999999999997,49000.0,0.14899999999999997,49000.0,17.966975907410227,49000.0,13.143637773084352,49000.0,0.0,49000.0,0.0,49000.0,5.827099956558551,49000.0,30.028893946871722,49000.0,0.0,49000.0,0.0,49000.0,28.30926703378832,49000.0,34.199953239780804,49000.0,0.50200004,49000.0,0.50200004
49200.0,5.727522195825987,49200.0,27.19943766564239,49200.0,0.0,49200.0,0.0,49200.0,6.625214840792998,49200.0,17.90663619910772,49200.0,0.0,49200.0,0.0,49200.0,11.969017022118996,49200.0,30.119702104298035,49200.0,0.0,49200.0,0.0,49200.0,12.296861399940274,49200.0,30.751993576345004,49200.0,0.0,49200.0,0.0,49200.0,12.28765172428511,49200.0,30.738429505049613,49200.0,0.0,49200.0,0.04000000799999998,49200.0,2.6661341572704935,49200.0,7.170625350882166,49200.0,0.0,49200.0,0.0,49200.0,18.949467851597067,49200.0,13.617333979038433,49200.0,0.14900000000000002,49200.0,0.0,49200.0,18.95999094014062,49200.0,13.782320653227261,49200.0,0.14899999999999997,49200.0,0.14899999999999997,49200.0,17.881738100448338,49200.0,13.127400564947491,49200.0,0.0,49200.0,0.0,49200.0,5.7258414083424665,49200.0,27.074569173133757,49200.0,0.0,49200.0,0.0,49200.0,28.17910647730836,49200.0,34.026152959838946,49200.0,0.50200004,49200.0,0.50200004
49400.0,5.677393920137106,49400.0,35.08196945980171,49400.0,0.0,49400.0,0.0,49400.0,6.553167689540059,49400.0,17.835211494306083,49400.0,0.0,49400.0,0.0,49400.0,11.897439943278606,49400.0,29.827293904038584,49400.0,0.0,49400.0,0.0,49400.0,12.264488089451223,49400.0,30.508999339812124,49400.0,0.0,49400.0,0.0,49400.0,12.255666201282828,49400.0,30.492496975143343,49400.0,0.0,49400.0,0.04000000799999998,49400.0,2.6665179490647497,49400.0,7.156937815540061,49400.0,0.0,49400.0,0.0,49400.0,18.93054201841449,49400.0,13.605361691291447,49400.0,0.14900000000000002,49400.0,0.0,49400.0,18.940927749247326,49400.0,13.769408858788294,49400.0,0.14899999999999997,49400.0,0.14899999999999997,49400.0,17.86463413246804,49400.0,13.121930354951466,49400.0,0.0,49400.0,0.0,49400.0,5.678166827992115,49400.0,35.63949256861311,49400.0,0.0,49400.0,0.0,49400.0,28.14766023838823,49400.0,33.87762709869025,49400.0,0.50200004,49400.0,0.50200004
49600.0,5.641485387983767,49600.0,34.36042836662888,49600.0,0.0,49600.0,0.0,49600.0,6.496227634998623,49600.0,17.706904515705173,49600.0,0.0,49600.0,0.0,49600.0,11.854881816410678,49600.0,29.52927041919566,49600.0,0.0,49600.0,0.0,49600.0,12.237331053921718,49600.0,30.189255372287377,49600.0,0.0,49600.0,0.0,49600.0,12.22870910540544,49600.0,30.173504737292372,49600.0,0.0,49600.0,0.04000000799999998,49600.0,2.6715877079890307,49600.0,7.213650311858209,49600.0,0.0,49600.0,0.0,49600.0,18.915612128636262,49600.0,13.592175099628546,49600.0,0.14900000000000002,49600.0,0.0,49600.0,18.925874125678323,49600.0,13.754481507961689,49600.0,0.14899999999999997,49600.0,0.14899999999999997,49600.0,17.8513394878754,49600.0,13.121821317070207,49600.0,0.0,49600.0,0.0,49600.0,5.641159254153868,49600.0,33.99307093804281,49600.0,0.0,49600.0,0.0,49600.0,28.12203721157012,49600.0,33.654354168435944,49600.0,0.50200004,49600.0,0.50200004
49800.0,5.606173971078098,49800.0,29.883868384269803,49800.0,0.0,49800.0,0.0,49800.0,6.455688941371041,49800.0,17.555724351313486,49800.0,0.0,49800.0,0.0,49800.0,11.823856662485372,49800.0,29.23832639144494,49800.0,0.0,49800.0,0.0,49800.0,12.215803612304276,49800.0,29.90594894742216,49800.0,0.0,49800.0,0.0,49800.0,12.207280362643537,49800.0,29.891887283917963,49800.0,0.0,49800.0,0.04000000799999998,49800.0,2.677773603227304,49800.0,7.3267261680895395,49800.0,0.0,49800.0,0.0,49800.0,18.90405800872828,49800.0,13.58540960926834,49800.0,0.14900000000000002,49800.0,0.0,49800.0,18.91420868655454,49800.0,13.745973546293442,49800.0,0.14899999999999997,49800.0,0.14899999999999997,49800.0,17.841201301224853,49800.0,13.128016008329219,49800.0,0.0,49800.0,0.0,49800.0,5.605785685423555,49800.0,29.691305803643836,49800.0,0.0,49800.0,0.0,49800.0,28.10179156316592,49800.0,33.46224703101111,49800.0,0.50200004,49800.0,0.50200004
50000.0,5.553831805984682,50000.0,29.893661056702985,50000.0,0.0,50000.0,0.0,50000.0,6.41404217464464,50000.0,17.47019240317013,50000.0,0.0,50000.0,0.0,50000.0,11.7914185454116,50000.0,28.99507621154519,50000.0,0.0,50000.0,0.0,50000.0,12.181491855939674,50000.0,29.705715704117825,50000.0,0.0,50000.0,0.0,50000.0,12.17290984956608,50000.0,29.69343923648962,50000.0,0.0,50000.0,0.04000000799999998,50000.0,2.691222140190721,50000.0,7.431824382686945,50000.0,0.0,50000.0,0.0,50000.0,18.885597495123097,50000.0,13.583639234068457,50000.0,0.14900000000000002,50000.0,0.0,50000.0,18.895526922220842,50000.0,13.743061328091143,50000.0,0.14899999999999997,50000.0,0.14899999999999997,50000.0,17.82520956027121,50000.0,13.135133890715084,50000.0,0.0,50000.0,0.0,50000.0,5.552706731103892,50000.0,30.2686234382964,50000.0,0.0,50000.0,0.0,50000.0,28.068711639996735,50000.0,33.349253414094186,50000.0,0.50200004,50000.0,0.50200004
50200.0,5.510049020510655,50200.0,37.87996832109366,50200.0,0.0,50200.0,0.0,50200.0,6.386118302238983,50200.0,17.522303188087548,50200.0,0.0,50200.0,0.0,50200.0,11.761623460753473,50200.0,28.749409886694043,50200.0,0.0,50200.0,0.0,50200.0,12.156875032562533,50200.0,29.39896793388263,50200.0,0.0,50200.0,0.0,50200.0,12.148374127461096,50200.0,29.385737682915586,50200.0,0.0,50200.0,0.04000000799999998,50200.0,2.7033672069586814,50200.0,7.654497201568936,50200.0,0.0,50200.0,0.0,50200.0,18.872667313975192,50200.0,13.585409575329598,50200.0,0.14900000000000002,50200.0,0.0,50200.0,18.882421819777445,50200.0,13.743026506093111,50200.0,0.14899999999999997,50200.0,0.14899999999999997,50200.0,17.814202726151585,50200.0,13.152933610049729,50200.0,0.0,50200.0,0.0,50200.0,5.509455723815795,50200.0,37.57614850267698,50200.0,0.0,50200.0,0.0,50200.0,28.04505985356123,50200.0,33.18130811395633,50200.0,0.50200004,50200.0,0.50200004
50400.0,5.466213994170511,50400.0,32.123652131345914,50400.0,0.0,50400.0,0.0,50400.0,6.362764195579871,50400.0,17.465980606268847,50400.0,0.0,50400.0,0.0,50400.0,11.734068905283644,50400.0,28.491132734254034,50400.0,0.0,50400.0,0.0,50400.0,12.131264848271437,50400.0,29.128626484971136,50400.0,0.0,50400.0,0.0,50400.0,12.122800541345626,50400.0,29.116306947302206,50400.0,0.0,50400.0,0.04000000799999998,50400.0,2.718323448242622,50400.0,7.8952969969688915,50400.0,0.0,50400.0,0.0,50400.0,18.859337312306263,50400.0,13.59250033107332,50400.0,0.14900000000000002,50400.0,0.0,50400.0,18.868892199702806,50400.0,13.748924168262848,50400.0,0.14899999999999997,50400.0,0.14899999999999997,50400.0,17.80300768938643,50400.0,13.17482421994599,50400.0,0.0,50400.0,0.0,50400.0,5.465713093326144,50400.0,31.917754664190188,50400.0,0.0,50400.0,0.0,50400.0,28.02027213399517,50400.0,33.061313236445194,50400.0,0.50200004,50400.0,0.50200004
50600.0,5.424646265240385,50600.0,28.605153803343033,50600.0,0.0,50600.0,0.0,50600.0,6.343918578958757,50600.0,17.39514671055281,50600.0,0.0,50600.0,0.0,50600.0,11.708326050557691,50600.0,28.25685727505347,50600.0,0.0,50600.0,0.0,50600.0,12.106607795623757,50600.0,28.90159496558347,50600.0,0.0,50600.0,0.0,50600.0,12.098179244014828,50600.0,28.88987996696969,50600.0,0.0,50600.0,0.04000000799999998,50600.0,2.7351767977089256,50600.0,8.121326990533559,50600.0,0.0,50600.0,0.0,50600.0,18.8466586578293,50600.0,13.602026938434701,50600.0,0.14900000000000002,50600.0,0.0,50600.0,18.856020917384093,50600.0,13.757856656974086,50600.0,0.14899999999999997,50600.0,0.14899999999999997,50600.0,17.79251839564259,50600.0,13.196688074429801,50600.0,0.0,50600.0,0.0,50600.0,5.4240522047437345,50600.0,28.462389559287292,50600.0,0.0,50600.0,0.0,50600.0,27.996362105519587,50600.0,32.99434480334996,50600.0,0.50200004,50600.0,0.50200004
50800.0,5.37592247566861,50800.0,29.03522883628565,50800.0,0.0,50800.0,0.0,50800.0,6.326362676029525,50800.0,17.37584482849596,50800.0,0.0,50800.0,0.0,50800.0,11.680491214799952,50800.0,28.010326258143728,50800.0,0.0,50800.0,0.0,50800.0,12.074125960202988,50800.0,28.61680889375553,50800.0,0.0,50800.0,0.0,50800.0,12.065639896654982,50800.0,28.604717732811782,50800.0,0.0,50800.0,0.04000000799999998,50800.0,2.7619760984178683,50800.0,8.455086351263317,50800.0,0.0,50800.0,0.0,50800.0,18.82997105387676,50800.0,13.6205768357103,50800.0,0.14900000000000002,50800.0,0.0,50800.0,18.83908906197908,50800.0,13.776359642159475,50800.0,0.14899999999999997,50800.0,0.14899999999999997,50800.0,17.778912519503017,50800.0,13.232411191816286,50800.0,0.0,50800.0,0.0,50800.0,5.374403855375823,50800.0,29.461665367588285,50800.0,0.0,50800.0,0.0,50800.0,27.9644569727123,50800.0,32.94074478162662,50800.0,0.50200004,50800.0,0.50200004
51000.0,5.314218315141763,51000.0,37.264426274604105,51000.0,0.0,51000.0,0.0,51000.0,6.31192931906364,51000.0,17.506043064216662,51000.0,0.0,51000.0,0.0,51000.0,11.645212468916291,51000.0,27.762600254215073,51000.0,0.0,51000.0,0.0,51000.0,12.03065121745373,51000.0,28.34432940740824,51000.0,0.0,51000.0,0.0,51000.0,12.022058658308474,51000.0,28.332291500908863,51000.0,0.0,51000.0,0.04000000799999998,51000.0,2.8060403695391014,51000.0,8.807059110939594,51000.0,0.0,51000.0,0.0,51000.0,18.807401397556827,51000.0,13.645096178787947,51000.0,0.14900000000000002,51000.0,0.0,51000.0,18.816237585713402,51000.0,13.801929267083112,51000.0,0.14899999999999997,51000.0,0.14899999999999997,51000.0,17.76085253915189,51000.0,13.273917050573855,51000.0,0.0,51000.0,0.0,51000.0,5.312190999824165,51000.0,36.9758573873175,51000.0,0.0,51000.0,0.0,51000.0,27.920756460093347,51000.0,32.926322000448316,51000.0,0.50200004,51000.0,0.50200004
51200.0,5.260912841607556,51200.0,31.664955893728106,51200.0,0.0,51200.0,0.0,51200.0,6.304038153382342,51200.0,17.526009320388432,51200.0,0.0,51200.0,0.0,51200.0,11.609105524266038,51200.0,27.52969970443245,51200.0,0.0,51200.0,0.0,51200.0,11.997908078428742,51200.0,28.106220625995842,51200.0,0.0,51200.0,0.0,51200.0,11.98947599738968,51200.0,28.095429490399553,51200.0,0.0,51200.0,0.04000000799999998,51200.0,2.844384114456028,51200.0,9.126723934028993,51200.0,0.0,51200.0,0.0,51200.0,18.790699444383428,51200.0,13.67119274977136,51200.0,0.14900000000000002,51200.0,0.0,51200.0,18.799380259234578,51200.0,13.829797109679035,51200.0,0.14899999999999997,51200.0,0.14899999999999997,51200.0,17.747710811854176,51200.0,13.314596511741629,51200.0,0.0,51200.0,0.0,51200.0,5.260554910881895,51200.0,31.464764454038843,51200.0,0.0,51200.0,0.0,51200.0,27.888134920068392,51200.0,32.94820759764313,51200.0,0.50200004,51200.0,0.50200004
51400.0,5.223612427887608,51400.0,28.137250830860577,51400.0,0.0,51400.0,0.0,51400.0,6.2994781467465275,51400.0,17.530297191246454,51400.0,0.0,51400.0,0.0,51400.0,11.58067722504115,51400.0,27.6693507032626,51400.0,0.0,51400.0,0.828,51400.0,11.970686486653028,51400.0,28.01135809191475,51400.0,0.0,51400.0,0.0,51400.0,11.962348528456383,51400.0,27.947407586862195,51400.0,0.0,51400.0,0.04000000799999998,51400.0,2.879167163345563,51400.0,9.457710689258562,51400.0,0.0,51400.0,0.0,51400.0,18.777172284259077,51400.0,13.701713060559284,51400.0,0.14900000000000002,51400.0,0.0,51400.0,18.78576300569316,51400.0,13.86272696455444,51400.0,0.14899999999999997,51400.0,0.14899999999999997,51400.0,17.73717353732477,51400.0,13.359112474990585,51400.0,0.0,51400.0,0.0,51400.0,5.222835690192302,51400.0,27.98074497208071,51400.0,0.0,51400.0,0.0,51400.0,27.861608005119077,51400.0,33.01052017228335,51400.0,0.50200004,51400.0,0.50200004
51600.0,5.186913729837844,51600.0,35.836167787383815,51600.0,0.0,51600.0,0.0,51600.0,6.297041443439134,51600.0,17.776796676464155,51600.0,0.0,51600.0,0.0,51600.0,11.554840144129207,51600.0,28.09687822907686,51600.0,0.0,51600.0,0.828,51600.0,11.944528151464153,51600.0,28.22655256207253,51600.0,0.0,51600.0,0.0,51600.0,11.936242574810773,51600.0,28.153787082761927,51600.0,0.0,51600.0,0.04000000799999998,51600.0,2.9149924131658103,51600.0,9.812395599726935,51600.0,0.0,51600.0,0.0,51600.0,18.764272378695182,51600.0,13.740884847562148,51600.0,0.14900000000000002,51600.0,0.0,51600.0,18.772815160953286,51600.0,13.905099853123163,51600.0,0.14899999999999997,51600.0,0.14899999999999997,51600.0,17.727189499956747,51600.0,13.412469432929592,51600.0,0.0,51600.0,0.0,51600.0,5.186180486946923,51600.0,36.36241260372807,51600.0,0.0,51600.0,0.0,51600.0,27.836310330153175,51600.0,33.111443056339404,51600.0,0.50200004,51600.0,0.50200004
51800.0,5.149717541101315,51800.0,34.87338183365625,51800.0,0.0,51800.0,0.0,51800.0,6.296566722849908,51800.0,17.964532627635997,51800.0,0.0,51800.0,0.0,51800.0,11.529157517600417,51800.0,28.382742172373817,51800.0,0.0,51800.0,0.828,51800.0,11.916577302579936,51800.0,28.447527149698256,51800.0,0.0,51800.0,0.0,51800.0,11.908318095621942,51800.0,28.37147314456243,51800.0,0.0,51800.0,0.04000000799999998,51800.0,2.9551136332090904,51800.0,10.143906705388016,51800.0,0.0,51800.0,0.0,51800.0,18.750529077834464,51800.0,13.783647761204037,51800.0,0.14900000000000002,51800.0,0.0,51800.0,18.759069392013675,51800.0,13.951234134237371,51800.0,0.14899999999999997,51800.0,0.14899999999999997,51800.0,17.71660369747355,51800.0,13.467339027580149,51800.0,0.0,51800.0,0.0,51800.0,5.149022266412256,51800.0,34.49520562702782,51800.0,0.0,51800.0,0.0,51800.0,27.80941707748002,51800.0,33.237614775337036,51800.0,0.50200004,51800.0,0.50200004
52000.0,5.121419613224187,52000.0,30.403584288414795,52000.0,0.0,52000.0,0.0,52000.0,6.297861082088688,52000.0,18.098339922457814,52000.0,0.0,52000.0,0.0,52000.0,11.507049596255873,52000.0,28.604455809949222,52000.0,0.0,52000.0,0.828,52000.0,11.896463089885994,52000.0,28.634523846635215,52000.0,0.0,52000.0,0.0,52000.0,11.88829098740946,52000.0,28.556705146265404,52000.0,0.0,52000.0,0.04000000799999998,52000.0,2.984519946764031,52000.0,10.393110213987578,52000.0,0.0,52000.0,0.0,52000.0,18.740771961884256,52000.0,13.819786151373203,52000.0,0.14900000000000002,52000.0,0.0,52000.0,18.74934158743272,52000.0,13.990037973262,52000.0,0.14899999999999997,52000.0,0.14899999999999997,52000.0,17.709119771493135,52000.0,13.511767801090668,52000.0,0.0,52000.0,0.0,52000.0,5.1211642453719985,52000.0,30.196638709134643,52000.0,0.0,52000.0,0.0,52000.0,27.7904406138182,52000.0,33.36196900392191,52000.0,0.50200004,52000.0,0.50200004
52200.0,5.104067146156961,52200.0,27.22419113622333,52200.0,0.0,52200.0,0.0,52200.0,6.2993736562129,52200.0,18.206704093458107,52200.0,0.0,52200.0,0.0,52200.0,11.491519983588546,52200.0,28.814439011102245,52200.0,0.0,52200.0,0.828,52200.0,11.885343450238265,52200.0,28.857265470590875,52200.0,0.0,52200.0,0.0,52200.0,11.877264354283934,52200.0,28.779107599651027,52200.0,0.0,52200.0,0.04000000799999998,52200.0,3.0009449255631586,52200.0,10.687862196697921,52200.0,0.0,52200.0,0.0,52200.0,18.735398765549494,52200.0,13.86918041339865,52200.0,0.14900000000000002,52200.0,0.0,52200.0,18.74399835930638,52200.0,14.042569008644737,52200.0,0.14899999999999997,52200.0,0.14899999999999997,52200.0,17.70501699979015,52200.0,13.570042639396469,52200.0,0.0,52200.0,0.0,52200.0,5.104354075242895,52200.0,27.086749214711354,52200.0,0.0,52200.0,0.0,52200.0,27.78009224012634,52200.0,33.542898239588915,52200.0,0.50200004,52200.0,0.50200004
52400.0,5.09552815924876,52400.0,35.31093811752029,52400.0,0.0,52400.0,0.0,52400.0,6.300376118761008,52400.0,18.49966624030705,52400.0,0.0,52400.0,0.0,52400.0,11.482702226201368,52400.0,29.02749477520655,52400.0,0.0,52400.0,0.828,52400.0,11.880381164100175,52400.0,29.0726834194935,52400.0,0.0,52400.0,0.0,52400.0,11.872377381097516,52400.0,28.993892127185116,52400.0,0.0,52400.0,0.04000000799999998,52400.0,3.008467479706886,52400.0,10.948968633617488,52400.0,0.0,52400.0,0.0,52400.0,18.732924241193675,52400.0,13.919647613691742,52400.0,0.14900000000000002,52400.0,0.0,52400.0,18.74154490000212,52400.0,14.09560590906871,52400.0,0.14899999999999997,52400.0,0.14899999999999997,52400.0,17.703146989495256,52400.0,13.627508818295794,52400.0,0.0,52400.0,0.0,52400.0,5.096136360437449,52400.0,35.850721458561274,52400.0,0.0,52400.0,0.0,52400.0,27.775409997925777,52400.0,33.7285878341987,52400.0,0.50200004,52400.0,0.50200004
52600.0,5.009212663274194,52600.0,34.59456713171551,52600.0,0.0,52600.0,0.0,52600.0,6.30542999722164,52600.0,18.705883214009976,52600.0,0.0,52600.0,0.0,52600.0,11.410701455559913,52600.0,29.24627799608364,52600.0,0.0,52600.0,0.828,52600.0,11.735224249429885,52600.0,29.293201070735275,52600.0,0.0,52600.0,0.0,52600.0,11.726394714077955,52600.0,29.214526858809617,52600.0,0.0,52600.0,0.04000000799999998,52600.0,3.227499746505171,52600.0,11.146658459296058,52600.0,0.0,52600.0,0.0,52600.0,18.64003688494307,52600.0,13.972571824974642,52600.0,0.14900000000000002,52600.0,0.0,52600.0,18.649164882890933,52600.0,14.149926561973567,52600.0,0.14899999999999997,52600.0,0.14899999999999997,52600.0,17.625753342156063,52600.0,13.680287812370729,52600.0,0.0,52600.0,0.0,52600.0,5.0079061472416315,52600.0,34.224656482087696,52600.0,0.0,52600.0,0.0,52600.0,27.605979688446432,52600.0,33.92854834513023,52600.0,0.50200004,52600.0,0.50200004
52800.0,4.937101444347338,52800.0,30.10915589469046,52800.0,0.0,52800.0,0.0,52800.0,6.305118678633078,52800.0,18.816514838100673,52800.0,0.0,52800.0,0.0,52800.0,11.301162310068118,52800.0,29.46129627207346,52800.0,0.0,52800.0,0.828,52800.0,11.599439927501406,52800.0,29.511260566805056,52800.0,0.0,52800.0,0.0,52800.0,11.590378271593352,52800.0,29.432501019488516,52800.0,0.0,52800.0,0.04000000799999998,52800.0,3.20537210820053,52800.0,11.096164261989502,52800.0,0.0,52800.0,0.0,52800.0,18.548481535449135,52800.0,14.02101747731626,52800.0,0.14900000000000002,52800.0,0.0,52800.0,18.558183463536633,52800.0,14.19838268206351,52800.0,0.14899999999999997,52800.0,0.14899999999999997,52800.0,17.532841132885846,52800.0,13.712671607724447,52800.0,0.0,52800.0,0.0,52800.0,4.936579964410605,52800.0,29.9049658939687,52800.0,0.0,52800.0,0.0,52800.0,27.47146577653165,52800.0,34.14214162159972,52800.0,0.50200004,52800.0,0.50200004
53000.0,4.880034729791665,53000.0,27.11697833079386,53000.0,0.0,53000.0,0.0,53000.0,6.268479064285228,53000.0,18.837001538569545,53000.0,0.0,53000.0,0.0,53000.0,11.182480453938734,53000.0,29.667640751864887,53000.0,0.0,53000.0,0.828,53000.0,11.468289831428654,53000.0,29.724502442408145,53000.0,0.0,53000.0,0.0,53000.0,11.459152466433087,53000.0,29.64550150563177,53000.0,0.0,53000.0,0.04000000799999998,53000.0,3.0484027514852508,53000.0,10.89544629786379,53000.0,0.0,53000.0,0.0,53000.0,18.45486166028001,53000.0,14.061628409352583,53000.0,0.14900000000000002,53000.0,0.0,53000.0,18.46546230078351,53000.0,14.238618023625706,53000.0,0.14899999999999997,53000.0,0.14899999999999997,53000.0,17.429641833071617,53000.0,13.730363993091192,53000.0,0.0,53000.0,0.0,53000.0,4.880085397761166,53000.0,26.987632684262536,53000.0,0.0,53000.0,0.0,53000.0,27.370206222272873,53000.0,34.34319973299087,53000.0,0.50200004,53000.0,0.50200004
53200.0,4.831561363826676,53200.0,35.368951080264715,53200.0,0.0,53200.0,0.0,53200.0,6.194436569606899,53200.0,18.980302710164526,53200.0,0.0,53200.0,0.0,53200.0,11.065023195015806,53200.0,29.86893088227281,53200.0,0.0,53200.0,0.828,53200.0,11.351785216094441,53200.0,29.933006558264967,53200.0,0.0,53200.0,0.0,53200.0,11.343046314477348,53200.0,29.853375027410674,53200.0,0.0,53200.0,0.04000000799999998,53200.0,2.8349906936376876,53200.0,10.593415043216952,53200.0,0.0,53200.0,0.0,53200.0,18.370168452940963,53200.0,14.093217348070718,53200.0,0.14900000000000002,53200.0,0.0,53200.0,18.38159118524311,53200.0,14.269642556387007,53200.0,0.14899999999999997,53200.0,0.14899999999999997,53200.0,17.333877317679793,53200.0,13.737240583186653,53200.0,0.0,53200.0,0.0,53200.0,4.832092956465985,53200.0,35.915711937963195,53200.0,0.0,53200.0,0.0,53200.0,27.29652446452394,53200.0,34.51194326576334,53200.0,0.50200004,53200.0,0.50200004
53400.0,4.795826327009376,53400.0,34.737408544825726,53400.0,0.0,53400.0,0.0,53400.0,6.110966963139208,53400.0,18.99107876939433,53400.0,0.0,53400.0,0.0,53400.0,10.976547227619168,53400.0,30.068569912855025,53400.0,0.0,53400.0,0.828,53400.0,11.287052838549288,53400.0,30.138079109711203,53400.0,0.0,53400.0,0.0,53400.0,11.278602330664224,53400.0,30.058182311116518,53400.0,0.0,53400.0,0.04000000799999998,53400.0,2.7066109887665077,53400.0,10.220128849263867,53400.0,0.0,53400.0,0.0,53400.0,18.32891998888622,53400.0,14.115599686151167,53400.0,0.14900000000000002,53400.0,0.0,53400.0,18.340647890970207,53400.0,14.291218101044663,53400.0,0.14899999999999997,53400.0,0.14899999999999997,53400.0,17.28675513991173,53400.0,13.735102907712905,53400.0,0.0,53400.0,0.0,53400.0,4.796617838730573,53400.0,34.37102273006528,53400.0,0.0,53400.0,0.0,53400.0,27.26227816281369,53400.0,34.646121466703555,53400.0,0.50200004,53400.0,0.50200004
53600.0,4.758425948794777,53600.0,30.28831930982513,53600.0,0.0,53600.0,0.0,53600.0,6.024398039131544,53600.0,18.898639743496457,53600.0,0.0,53600.0,0.0,53600.0,10.904911062060163,53600.0,30.256481836069845,53600.0,0.0,53600.0,0.828,53600.0,11.223256371286666,53600.0,30.336319897726447,53600.0,0.0,53600.0,0.0,53600.0,11.21482646336496,53600.0,30.256015794190155,53600.0,0.0,53600.0,0.04000000799999998,53600.0,2.570885674143377,53600.0,9.79747189771497,53600.0,0.0,53600.0,0.0,53600.0,18.288407315018222,53600.0,14.129061832173916,53600.0,0.14900000000000002,53600.0,0.0,53600.0,18.30038496068398,53600.0,14.303562535814581,53600.0,0.14899999999999997,53600.0,0.14899999999999997,53600.0,17.24052775928464,53600.0,13.724882144999363,53600.0,0.0,53600.0,0.0,53600.0,4.758949473784351,53600.0,30.085635928297467,53600.0,0.0,53600.0,0.0,53600.0,27.228108565228816,53600.0,34.731735094987364,53600.0,0.50200004,53600.0,0.50200004
53800.0,4.715757366847119,53800.0,27.294951346246954,53800.0,0.0,53800.0,0.0,53800.0,5.932410607199574,53800.0,18.739074717497253,53800.0,0.0,53800.0,0.0,53800.0,10.836623616337416,53800.0,30.430623563477887,53800.0,0.0,53800.0,0.828,53800.0,11.156914611175756,53800.0,30.52558635289694,53800.0,0.0,53800.0,0.0,53800.0,11.14844192414957,53800.0,30.44480783099702,53800.0,0.0,53800.0,0.04000000799999998,53800.0,2.4215848664826374,53800.0,9.341162694076642,53800.0,0.0,53800.0,0.0,53800.0,18.245593656839876,53800.0,14.134031594217067,53800.0,0.14900000000000002,53800.0,0.0,53800.0,18.257731450031233,53800.0,14.30708863918667,53800.0,0.14899999999999997,53800.0,0.14899999999999997,53800.0,17.191771734688945,53800.0,13.707145577951442,53800.0,0.0,53800.0,0.0,53800.0,4.716024268374726,53800.0,27.165542899218874,53800.0,0.0,53800.0,0.0,53800.0,27.190560169402428,53800.0,34.75666389041242,53800.0,0.50200004,53800.0,0.50200004
54000.0,4.667868906317754,54000.0,35.2649367995333,54000.0,0.0,54000.0,0.0,54000.0,5.834581902302092,54000.0,18.73553143985816,54000.0,0.0,54000.0,0.0,54000.0,10.767716733978505,54000.0,30.56511677860512,54000.0,0.0,54000.0,0.828,54000.0,11.088891480765133,54000.0,30.647394784635164,54000.0,0.0,54000.0,0.0,54000.0,11.080371611719258,54000.0,30.56603618184589,54000.0,0.0,54000.0,0.04000000799999998,54000.0,2.2612789897903096,54000.0,9.04798642673916,54000.0,0.0,54000.0,0.0,54000.0,18.200952468488953,54000.0,14.133038413383364,54000.0,0.14900000000000002,54000.0,0.0,54000.0,18.21311900825673,54000.0,14.305075379657328,54000.0,0.14899999999999997,54000.0,0.14899999999999997,54000.0,17.141040321526642,54000.0,13.693036580407151,54000.0,0.0,54000.0,0.0,54000.0,4.667911575330074,54000.0,35.81861043350232,54000.0,0.0,54000.0,0.0,54000.0,27.14904575542813,54000.0,34.7429461554475,54000.0,0.50200004,54000.0,0.50200004
54200.0,4.615871507002702,54200.0,34.86076293928315,54200.0,0.0,54200.0,0.0,54200.0,5.732251772889422,54200.0,18.64792760380923,54200.0,0.0,54200.0,0.0,54200.0,10.69868326197437,54200.0,30.698497022755095,54200.0,0.0,54200.0,0.828,54200.0,11.021907645079253,54200.0,30.79786823430659,54200.0,0.0,54200.0,0.0,54200.0,11.013338392445773,54200.0,30.716807113267972,54200.0,0.0,54200.0,0.04000000799999998,54200.0,2.0983728307557334,54200.0,8.649116139305608,54200.0,0.0,54200.0,0.0,54200.0,18.15661155180179,54200.0,14.127506598962976,54200.0,0.14900000000000002,54200.0,0.0,54200.0,18.16865469273217,54200.0,14.298009727585267,54200.0,0.14899999999999997,54200.0,0.14899999999999997,54200.0,17.090748366577177,54200.0,13.670439515769328,54200.0,0.0,54200.0,0.0,54200.0,4.615680601734735,54200.0,34.48301869668582,54200.0,0.0,54200.0,0.0,54200.0,27.104787811987194,54200.0,34.70250405923699,54200.0,0.50200004,54200.0,0.50200004
54400.0,4.5597385917855995,54400.0,30.323814223053844,54400.0,0.0,54400.0,0.0,54400.0,5.626640479446215,54400.0,18.474497351599503,54400.0,0.0,54400.0,0.0,54400.0,10.630175657078166,54400.0,30.843227578903697,54400.0,0.0,54400.0,0.828,54400.0,10.955876433399263,54400.0,30.968780062949488,54400.0,0.0,54400.0,0.0,54400.0,10.947231381790717,54400.0,30.887008925609706,54400.0,0.0,54400.0,0.04000000799999998,54400.0,1.9341601736407021,54400.0,8.154608967904895,54400.0,0.0,54400.0,0.0,54400.0,18.11264190768436,54400.0,14.113913211905151,54400.0,0.14900000000000002,54400.0,0.0,54400.0,18.12441598302468,54400.0,14.282240046487926,54400.0,0.14899999999999997,54400.0,0.14899999999999997,54400.0,17.040976024264516,54400.0,13.636244060788323,54400.0,0.0,54400.0,0.0,54400.0,4.559239456715546,54400.0,30.115817332784566,54400.0,0.0,54400.0,0.0,54400.0,27.057519309791424,54400.0,34.60243920564737,54400.0,0.50200004,54400.0,0.50200004
54600.0,4.498390690920189,54600.0,27.398728167997305,54600.0,0.0,54600.0,0.0,54600.0,5.51774422672723,54600.0,18.25025700384808,54600.0,0.0,54600.0,0.0,54600.0,10.561371559329702,54600.0,30.972556942895505,54600.0,0.0,54600.0,0.828,54600.0,10.889352164186112,54600.0,31.10235422033834,54600.0,0.0,54600.0,0.0,54600.0,10.880631975149596,54600.0,31.018998061706935,54600.0,0.0,54600.0,0.04000000799999998,54600.0,1.7663339263102382,54600.0,7.759183966144617,54600.0,0.0,54600.0,0.0,54600.0,18.06805360520711,54600.0,14.098211734452653,54600.0,0.14900000000000002,54600.0,0.0,54600.0,18.079488225288596,54600.0,14.2648001811872,54600.0,0.14899999999999997,54600.0,0.14899999999999997,54600.0,16.99097765975884,54600.0,13.605452551699509,54600.0,0.0,54600.0,0.0,54600.0,4.497599510433667,54600.0,27.28702820810463,54600.0,0.0,54600.0,0.0,54600.0,27.005860187194383,54600.0,34.4852501615169,54600.0,0.50200004,54600.0,0.50200004
54800.0,4.407302437578672,54800.0,35.48912611429605,54800.0,0.0,54800.0,0.0,54800.0,5.39421978219077,54800.0,18.213266840627227,54800.0,0.0,54800.0,0.0,54800.0,10.46221323908348,54800.0,31.0925898492873,54800.0,0.0,54800.0,0.828,54800.0,10.763492130624151,54800.0,31.244821174827333,54800.0,0.0,54800.0,0.0,54800.0,10.754552978103055,54800.0,31.160758354960517,54800.0,0.0,54800.0,0.04000000799999998,54800.0,1.5632048398859342,54800.0,7.472417917137273,54800.0,0.0,54800.0,0.0,54800.0,17.969093361876926,54800.0,14.078387351015024,54800.0,0.14900000000000002,54800.0,0.0,54800.0,17.980382780664254,54800.0,14.244018197782285,54800.0,0.14899999999999997,54800.0,0.14899999999999997,54800.0,16.893792950646603,54800.0,13.582837804617995,54800.0,0.0,54800.0,0.0,54800.0,4.405865903888562,54800.0,36.02901909170403,54800.0,0.0,54800.0,0.0,54800.0,26.8769379998159,54800.0,34.324229163386306,54800.0,0.50200004,54800.0,0.50200004
55000.0,4.3488011879196105,55000.0,34.70672459564025,55000.0,0.0,55000.0,0.0,55000.0,5.308501928641586,55000.0,18.096812431054783,55000.0,0.0,55000.0,0.0,55000.0,10.382024683207879,55000.0,30.50715172311668,55000.0,0.0,55000.0,0.0,55000.0,10.715541448089937,55000.0,31.016759285775773,55000.0,0.0,55000.0,0.0,55000.0,10.706984150669022,55000.0,31.002366208342394,55000.0,0.0,55000.0,0.04000000799999998,55000.0,1.5699215674119622,55000.0,7.4363645941696195,55000.0,0.0,55000.0,0.0,55000.0,17.938926629589716,55000.0,14.058766256897318,55000.0,0.14900000000000002,55000.0,0.0,55000.0,17.950010275577956,55000.0,14.223158464335437,55000.0,0.14899999999999997,55000.0,0.14899999999999997,55000.0,16.86699430287407,55000.0,13.572513400464347,55000.0,0.0,55000.0,0.0,55000.0,4.348764245323352,55000.0,34.3349316014702,55000.0,0.0,55000.0,0.0,55000.0,26.830935189012905,55000.0,34.11812370310092,55000.0,0.50200004,55000.0,0.50200004
55200.0,4.318153637162991,55200.0,30.117338496763118,55200.0,0.0,55200.0,0.0,55200.0,5.261213796363107,55200.0,17.929706128331667,55200.0,0.0,55200.0,0.0,55200.0,10.33657459648835,55200.0,30.079413616608058,55200.0,0.0,55200.0,0.0,55200.0,10.694030610103631,55200.0,30.69820547916516,55200.0,0.0,55200.0,0.0,55200.0,10.685717140227725,55200.0,30.683952536113043,55200.0,0.0,55200.0,0.04000000799999998,55200.0,1.5768346501703692,55200.0,7.4947170390946685,55200.0,0.0,55200.0,0.0,55200.0,17.926593729812456,55200.0,14.043663492030669,55200.0,0.14900000000000002,55200.0,0.0,55200.0,17.937576071042002,55200.0,14.206364890247187,55200.0,0.14899999999999997,55200.0,0.14899999999999997,55200.0,16.856274056826926,55200.0,13.570749314650287,55200.0,0.0,55200.0,0.0,55200.0,4.318111129974459,55200.0,29.909039448104693,55200.0,0.0,55200.0,0.0,55200.0,26.81124251383584,55200.0,33.89283510195132,55200.0,0.50200004,55200.0,0.50200004
55400.0,4.283109731297285,55400.0,27.236525343928363,55400.0,0.0,55400.0,0.0,55400.0,5.220536460096475,55400.0,17.767317732026843,55400.0,0.0,55400.0,0.0,55400.0,10.30430581094089,55400.0,29.768796588290733,55400.0,0.0,55400.0,0.0,55400.0,10.671265019150116,55400.0,30.45089202856803,55400.0,0.0,55400.0,0.0,55400.0,10.663052697029968,55400.0,30.436408221743374,55400.0,0.0,55400.0,0.04000000799999998,55400.0,1.5862473130365,55400.0,7.583911325946362,55400.0,0.0,55400.0,0.0,55400.0,17.913830385391577,55400.0,14.036648037657372,55400.0,0.14900000000000002,55400.0,0.0,55400.0,17.924689047613224,55400.0,14.197979129063537,55400.0,0.14899999999999997,55400.0,0.14899999999999997,55400.0,16.845305224526168,55400.0,13.573939321829695,55400.0,0.0,55400.0,0.0,55400.0,4.282991405924014,55400.0,27.098176968505115,55400.0,0.0,55400.0,0.0,55400.0,26.790371642973632,55400.0,33.738285028897174,55400.0,0.50200004,55400.0,0.50200004
55600.0,4.239065202047839,55600.0,35.04142461174321,55600.0,0.0,55600.0,0.0,55600.0,5.1846496580230665,55600.0,17.79817195181118,55600.0,0.0,55600.0,0.0,55600.0,10.273856403260185,55600.0,29.520029005175882,55600.0,0.0,55600.0,0.0,55600.0,10.642966016214919,55600.0,30.210394878802116,55600.0,0.0,55600.0,0.0,55600.0,10.634765566107266,55600.0,30.19406543443974,55600.0,0.0,55600.0,0.04000000799999998,55600.0,1.600624671899671,55600.0,7.706274982798015,55600.0,0.0,55600.0,0.0,55600.0,17.898060770847174,55600.0,14.032634490435429,55600.0,0.14900000000000002,55600.0,0.0,55600.0,17.908734073048887,55600.0,14.192534248010189,55600.0,0.14899999999999997,55600.0,0.14899999999999997,55600.0,16.831921837163893,55600.0,13.580537914252137,55600.0,0.0,55600.0,0.0,55600.0,4.238807792872139,55600.0,35.59432593906001,55600.0,0.0,55600.0,0.0,55600.0,26.76396677915236,55600.0,33.600991408818324,55600.0,0.50200004,55600.0,0.50200004
55800.0,4.204862570827176,55800.0,34.29901243673488,55800.0,0.0,55800.0,0.0,55800.0,5.160293215949486,55800.0,17.75863249318152,55800.0,0.0,55800.0,0.0,55800.0,10.248513968142166,55800.0,29.24517223062616,55800.0,0.0,55800.0,0.0,55800.0,10.622795979878006,55800.0,29.898323132609228,55800.0,0.0,55800.0,0.0,55800.0,10.614658775546737,55800.0,29.8830275442121,55800.0,0.0,55800.0,0.04000000799999998,55800.0,1.6126679357995413,55800.0,7.919387486200569,55800.0,0.0,55800.0,0.0,55800.0,17.887097937757122,55800.0,14.032287959969347,55800.0,0.14900000000000002,55800.0,0.0,55800.0,17.897625816299175,55800.0,14.190319997213448,55800.0,0.14899999999999997,55800.0,0.14899999999999997,55800.0,16.822759835375383,55800.0,13.595650496538024,55800.0,0.0,55800.0,0.0,55800.0,4.204683540179334,55800.0,33.93030990434215,55800.0,0.0,55800.0,0.0,55800.0,26.74523992057755,55800.0,33.42949731231805,55800.0,0.50200004,55800.0,0.50200004
56000.0,4.158133046061179,56000.0,29.950072084562855,56000.0,0.0,56000.0,0.0,56000.0,5.135352656500107,56000.0,17.68833493963941,56000.0,0.0,56000.0,0.0,56000.0,10.221063221992022,56000.0,28.98761446083166,56000.0,0.0,56000.0,0.0,56000.0,10.59074280031325,56000.0,29.648821745839367,56000.0,0.0,56000.0,0.0,56000.0,10.582508347880497,56000.0,29.63474150738922,56000.0,0.0,56000.0,0.04000000799999998,56000.0,1.6353782503941767,56000.0,8.121037291108093,56000.0,0.0,56000.0,0.0,56000.0,17.869618356937693,56000.0,14.036367556760686,56000.0,0.14900000000000002,56000.0,0.0,56000.0,17.879878088947322,56000.0,14.193267813051278,56000.0,0.14899999999999997,56000.0,0.14899999999999997,56000.0,16.80832676453936,56000.0,13.611997246679598,56000.0,0.0,56000.0,0.0,56000.0,4.1568147705122085,56000.0,29.746729202844616,56000.0,0.0,56000.0,0.0,56000.0,26.714770955517057,56000.0,33.3243764765918,56000.0,0.50200004,56000.0,0.50200004
56200.0,4.117862586162976,56200.0,30.18495012138462,56200.0,0.0,56200.0,0.0,56200.0,5.119780548112747,56200.0,17.668657718634467,56200.0,0.0,56200.0,0.0,56200.0,10.194650011206054,56200.0,28.746762469671552,56200.0,0.0,56200.0,0.0,56200.0,10.568738791270613,56200.0,29.391637956779267,56200.0,0.0,56200.0,0.0,56200.0,10.560602207481496,56200.0,29.376929581873423,56200.0,0.0,56200.0,0.04000000799999998,56200.0,1.6535011000349205,56200.0,8.369749917840036,56200.0,0.0,56200.0,0.0,56200.0,17.857900861315308,56200.0,14.044878356385526,56200.0,0.14900000000000002,56200.0,0.0,56200.0,17.86797500270576,56200.0,14.200905261722264,56200.0,0.14899999999999997,56200.0,0.14899999999999997,56200.0,16.79882638107402,56200.0,13.634153563936747,56200.0,0.0,56200.0,0.0,56200.0,4.1175126933141275,56200.0,30.574240941800852,56200.0,0.0,56200.0,0.0,56200.0,26.693999239484583,56200.0,33.24590114800908,56200.0,0.50200004,56200.0,0.50200004
56400.0,4.07985332645829,56400.0,38.13149191061612,56400.0,0.0,56400.0,0.0,56400.0,5.106354043041989,56400.0,17.7872707968782,56400.0,0.0,56400.0,0.0,56400.0,10.170618818504654,56400.0,28.491537420076725,56400.0,0.0,56400.0,0.0,56400.0,10.543930428420827,56400.0,29.102982909830573,56400.0,0.0,56400.0,0.0,56400.0,10.53580204201331,56400.0,29.089002706160326,56400.0,0.0,56400.0,0.04000000799999998,56400.0,1.6769544793449864,56400.0,8.693634608514284,56400.0,0.0,56400.0,0.0,56400.0,17.844809913768337,56400.0,14.060923295353591,56400.0,0.14900000000000002,56400.0,0.0,56400.0,17.85468123153576,56400.0,14.216648030855753,56400.0,0.14899999999999997,56400.0,0.14899999999999997,56400.0,16.788360040892098,56400.0,13.667015187307058,56400.0,0.0,56400.0,0.0,56400.0,4.078960231263632,56400.0,37.82821861525053,56400.0,0.0,56400.0,0.0,56400.0,26.670478080676283,56400.0,33.18533054683415,56400.0,0.50200004,56400.0,0.50200004
56600.0,4.027572716925847,56600.0,32.350026994689024,56600.0,0.0,56600.0,0.0,56600.0,5.094725236206772,56600.0,17.79304656872006,56600.0,0.0,56600.0,0.0,56600.0,10.140881686480107,56600.0,28.244756120322734,56600.0,0.0,56600.0,0.0,56600.0,10.506812795929031,56600.0,28.848242468203143,56600.0,0.0,56600.0,0.0,56600.0,10.49857850014196,56600.0,28.836003309122503,56600.0,0.0,56600.0,0.04000000799999998,56600.0,1.7191189931294322,56600.0,9.001788785748362,56600.0,0.0,56600.0,0.0,56600.0,17.82500518672751,56600.0,14.080193010411746,56600.0,0.14900000000000002,56600.0,0.0,56600.0,17.834597180676045,56600.0,14.236519982168092,56600.0,0.14899999999999997,56600.0,0.14899999999999997,56600.0,16.772773527514385,56600.0,13.70121169323529,56600.0,0.0,56600.0,0.0,56600.0,4.026025617992199,56600.0,32.144071445935765,56600.0,0.0,56600.0,0.0,56600.0,26.63443495104728,56600.0,33.16434859451731,56600.0,0.50200004,56600.0,0.50200004
56800.0,7.105698509415308,56800.0,28.832901796734753,56800.0,0.0,56800.0,0.0,56800.0,5.143699137614616,56800.0,17.775161310693342,56800.0,0.0,56800.0,0.0,56800.0,10.101668493514897,56800.0,28.026332895337724,56800.0,0.0,56800.0,0.0,56800.0,10.451393978988179,56800.0,28.635119752951116,56800.0,0.0,56800.0,0.0,56800.0,10.4426808650744,56800.0,28.62392422254916,56800.0,0.0,56800.0,0.04000000799999998,56800.0,1.7990757154629493,56800.0,9.266822315829213,56800.0,0.0,56800.0,0.0,56800.0,17.794088011390347,56800.0,14.099063207053883,56800.0,0.14900000000000002,56800.0,0.0,56800.0,17.80335727856063,56800.0,14.256508034057342,56800.0,0.14899999999999997,56800.0,0.14899999999999997,56800.0,16.748962229404036,56800.0,13.732078193706649,56800.0,0.0,56800.0,0.0,56800.0,7.627552403683958,56800.0,28.690370269524266,56800.0,0.0,56800.0,0.0,56800.0,26.57764787337153,56800.0,33.17757884592203,56800.0,0.50200004,56800.0,0.50200004
57000.0,10.244384032363905,57000.0,29.283120433909453,57000.0,0.0,57000.0,0.0,57000.0,5.210779091031356,57000.0,17.801539677242204,57000.0,0.0,57000.0,0.0,57000.0,10.048737720739128,57000.0,27.79838286304433,57000.0,0.0,57000.0,0.0,57000.0,10.370668745110907,57000.0,28.369079583470885,57000.0,0.0,57000.0,0.0,57000.0,10.361200277545446,57000.0,28.357748039496293,57000.0,0.0,57000.0,0.04000000799999998,57000.0,1.9516313403753607,57000.0,9.633799254012091,57000.0,0.0,57000.0,0.0,57000.0,17.744443591521712,57000.0,14.129966078818798,57000.0,0.14900000000000002,57000.0,0.0,57000.0,17.753545340392055,57000.0,14.28978883331266,57000.0,0.14899999999999997,57000.0,0.14899999999999997,57000.0,16.71175502804622,57000.0,13.778990503554047,57000.0,0.0,57000.0,0.0,57000.0,9.99268664574259,57000.0,29.71076940242029,57000.0,0.0,57000.0,0.0,57000.0,26.486812889255138,57000.0,33.2326401869957,57000.0,0.50200004,57000.0,0.50200004
57200.0,8.720402564433565,57200.0,37.53802264365515,57200.0,0.0,57200.0,0.0,57200.0,5.262971947097902,57200.0,17.970744633225927,57200.0,0.0,57200.0,0.0,57200.0,9.997266145412798,57200.0,27.5707617877488,57200.0,0.0,57200.0,0.0,57200.0,10.319301459976286,57200.0,28.115856121495007,57200.0,0.0,57200.0,0.0,57200.0,10.310602370098875,57200.0,28.104711210957714,57200.0,0.0,57200.0,0.04000000799999998,57200.0,2.0487631273709908,57200.0,9.991543961856763,57200.0,0.0,57200.0,0.0,57200.0,17.71580929222574,57200.0,14.165885233148165,57200.0,0.14900000000000002,57200.0,0.0,57200.0,17.7250146854708,57200.0,14.328764057799997,57200.0,0.14899999999999997,57200.0,0.14899999999999997,57200.0,16.690652521457984,57200.0,13.829538293841843,57200.0,0.0,57200.0,0.0,57200.0,8.616816758490996,57200.0,37.25067294623025,57200.0,0.0,57200.0,0.0,57200.0,26.435204483143973,57200.0,33.320300717852334,57200.0,0.50200004,57200.0,0.50200004
57400.0,7.970686944964352,57400.0,31.96149967585047,57400.0,0.0,57400.0,0.0,57400.0,5.310480408299245,57400.0,18.031738510208836,57400.0,0.0,57400.0,0.0,57400.0,9.954101917404904,57400.0,27.70707257970624,57400.0,0.0,57400.0,0.828,57400.0,10.278029000635218,57400.0,28.015743620791184,57400.0,0.0,57400.0,0.0,57400.0,10.269697087767119,57400.0,27.953287987559538,57400.0,0.0,57400.0,0.04000000799999998,57400.0,2.1300525032091957,57400.0,10.293399867520776,57400.0,0.0,57400.0,0.0,57400.0,17.693955831276035,57400.0,14.201117741873105,57400.0,0.14900000000000002,57400.0,0.0,57400.0,17.703386647582963,57400.0,14.366964863380067,57400.0,0.14899999999999997,57400.0,0.14899999999999997,57400.0,16.674658195671917,57400.0,13.876181670563268,57400.0,0.0,57400.0,0.0,57400.0,7.916581286791398,57400.0,31.76189787422531,57400.0,0.0,57400.0,0.0,57400.0,26.397043206320802,57400.0,33.42441632088459,57400.0,0.50200004,57400.0,0.50200004
57600.0,7.529225815668872,57600.0,28.4665465497814,57600.0,0.0,57600.0,0.0,57600.0,5.347949766321706,57600.0,18.108281259063105,57600.0,0.0,57600.0,0.0,57600.0,9.921419804376402,57600.0,28.127920046281236,57600.0,0.0,57600.0,0.828,57600.0,10.248614773395259,57600.0,28.225294276714383,57600.0,0.0,57600.0,0.0,57600.0,10.240548805084927,57600.0,28.154000136510383,57600.0,0.0,57600.0,0.04000000799999998,57600.0,2.188549038492695,57600.0,10.583680989014294,57600.0,0.0,57600.0,0.0,57600.0,17.678920833650874,57600.0,14.23950795683656,57600.0,0.14900000000000002,57600.0,0.0,57600.0,17.68857974750843,57600.0,14.408413065329208,57600.0,0.14899999999999997,57600.0,0.14899999999999997,57600.0,16.66366876323302,57600.0,13.924482565701787,57600.0,0.0,57600.0,0.0,57600.0,7.494743733275555,57600.0,28.311665016149835,57600.0,0.0,57600.0,0.0,57600.0,26.3716902228658,57600.0,33.560480188621575,57600.0,0.50200004,57600.0,0.50200004
57800.0,7.239575010640654,57800.0,36.201932917899825,57800.0,0.0,57800.0,0.0,57800.0,5.375692227398387,57800.0,18.386479378719486,57800.0,0.0,57800.0,0.0,57800.0,9.89746462096049,57800.0,28.414337284521178,57800.0,0.0,57800.0,0.828,57800.0,10.22741772152265,57800.0,28.45892861292298,57800.0,0.0,57800.0,0.0,57800.0,10.219526991634206,57800.0,28.383712100705033,57800.0,0.0,57800.0,0.04000000799999998,57800.0,2.2309114208243868,57800.0,10.880498111494155,57800.0,0.0,57800.0,0.0,57800.0,17.66830437518904,57800.0,14.286100796026002,57800.0,0.14900000000000002,57800.0,0.0,57800.0,17.678156711499668,57800.0,14.458309185864454,57800.0,0.14899999999999997,57800.0,0.14899999999999997,57800.0,16.65590593255,57800.0,13.980409209532265,57800.0,0.0,57800.0,0.0,57800.0,7.214976074713786,57800.0,36.73027234660429,57800.0,0.0,57800.0,0.0,57800.0,26.354342238542365,57800.0,33.7320466834157,57800.0,0.50200004,57800.0,0.50200004
58000.0,7.0440532050029425,58000.0,35.294436310028885,58000.0,0.0,58000.0,0.0,58000.0,5.395543585923539,58000.0,18.587389694169907,58000.0,0.0,58000.0,0.0,58000.0,9.880182552061537,58000.0,28.66280264934334,58000.0,0.0,58000.0,0.828,58000.0,10.212098452307297,58000.0,28.687206566326374,58000.0,0.0,58000.0,0.0,58000.0,10.204342787393841,58000.0,28.610554082053785,58000.0,0.0,58000.0,0.04000000799999998,58000.0,2.2616064752779295,58000.0,11.142711525641818,58000.0,0.0,58000.0,0.0,58000.0,17.660716181455804,58000.0,14.333232138674934,58000.0,0.14900000000000002,58000.0,0.0,58000.0,17.670722500563958,58000.0,14.508176464044011,58000.0,0.14899999999999997,58000.0,0.14899999999999997,58000.0,16.650351733090663,58000.0,14.034885699216348,58000.0,0.0,58000.0,0.0,58000.0,7.024585237481531,58000.0,34.91658841758059,58000.0,0.0,58000.0,0.0,58000.0,26.342270148779825,58000.0,33.907740105249744,58000.0,0.50200004,58000.0,0.50200004
58200.0,6.6904415452257915,58200.0,30.74385307165434,58200.0,0.0,58200.0,0.0,58200.0,5.414251913680133,58200.0,18.726231190475914,58200.0,0.0,58200.0,0.0,58200.0,9.848284193889508,58200.0,28.886578055019243,58200.0,0.0,58200.0,0.828,58200.0,10.14394598048654,58200.0,28.9046282597005,58200.0,0.0,58200.0,0.0,58200.0,10.134628964750137,58200.0,28.827646182353202,58200.0,0.0,58200.0,0.04000000799999998,58200.0,2.4294597466497727,58200.0,11.366863542547868,58200.0,0.0,58200.0,0.0,58200.0,17.616980012959647,58200.0,14.37944737158874,58200.0,0.14900000000000002,58200.0,0.0,58200.0,17.62786607648005,58200.0,14.556327767037718,58200.0,0.14899999999999997,58200.0,0.14899999999999997,58200.0,16.617198561103198,58200.0,14.085670621277481,58200.0,0.0,58200.0,0.0,58200.0,6.642444743264189,58200.0,30.52539632663366,58200.0,0.0,58200.0,0.0,58200.0,26.277179623059844,58200.0,34.090591172727976,58200.0,0.50200004,58200.0,0.50200004
58400.0,6.069696562937628,58400.0,27.597835931683328,58400.0,0.0,58400.0,0.0,58400.0,5.439200054729028,58400.0,18.81957482852623,58400.0,0.0,58400.0,0.0,58400.0,9.765334964822047,58400.0,29.10803433883823,58400.0,0.0,58400.0,0.828,58400.0,10.026622870174837,58400.0,29.135145780212653,58400.0,0.0,58400.0,0.0,58400.0,10.01758092937726,58400.0,29.05761641679907,58400.0,0.0,58400.0,0.04000000799999998,58400.0,2.5584888650952236,58400.0,11.43986476294926,58400.0,0.0,58400.0,0.0,58400.0,17.53822308480186,58400.0,14.428990906577964,58400.0,0.14900000000000002,58400.0,0.0,58400.0,17.550218460745064,58400.0,14.606397172165012,58400.0,0.14899999999999997,58400.0,0.14899999999999997,58400.0,16.543857910072116,58400.0,14.126246294250933,58400.0,0.0,58400.0,0.0,58400.0,6.041621804570145,58400.0,27.46097461105779,58400.0,0.0,58400.0,0.0,58400.0,26.189411427796205,58400.0,34.301013997224324,58400.0,0.50200004,58400.0,0.50200004
58600.0,5.618085364913164,58600.0,35.74239121398321,58600.0,0.0,58600.0,0.0,58600.0,5.433550551670847,58600.0,19.042289180995226,58600.0,0.0,58600.0,0.0,58600.0,9.668242514164,58600.0,29.328892674924436,58600.0,0.0,58600.0,0.828,58600.0,9.9148704146836,58600.0,29.361888767315552,58600.0,0.0,58600.0,0.0,58600.0,9.90604667245578,58600.0,29.283615042587922,58600.0,0.0,58600.0,0.04000000799999998,58600.0,2.4830980803909535,58600.0,11.297806539096895,58600.0,0.0,58600.0,0.0,58600.0,17.45850292206312,58600.0,14.471871772895142,58600.0,0.14900000000000002,58600.0,0.0,58600.0,17.471396483326906,58600.0,14.649000216701298,58600.0,0.14899999999999997,58600.0,0.14899999999999997,58600.0,16.456416571184093,58600.0,14.148546577099856,58600.0,0.0,58600.0,0.0,58600.0,5.59936641119958,58600.0,36.284379299398374,58600.0,0.0,58600.0,0.0,58600.0,26.14281892858664,58600.0,34.503889388741676,58600.0,0.50200004,58600.0,0.50200004
58800.0,5.268676781811011,58800.0,35.04438552514469,58800.0,0.0,58800.0,0.0,58800.0,5.383923387581673,58800.0,19.12357489863483,58800.0,0.0,58800.0,0.0,58800.0,9.567053121246701,58800.0,29.550326217012252,58800.0,0.0,58800.0,0.828,58800.0,9.806015416770144,58800.0,29.586333925294173,58800.0,0.0,58800.0,0.0,58800.0,9.797304481725417,58800.0,29.50775839054982,58800.0,0.0,58800.0,0.04000000799999998,58800.0,2.2971308917784055,58800.0,11.037252685212216,58800.0,0.0,58800.0,0.0,58800.0,17.37529667893756,58800.0,14.50610843217471,58800.0,0.14900000000000002,58800.0,0.0,58800.0,17.38904167587536,58800.0,14.68273824130895,58800.0,0.14899999999999997,58800.0,0.14899999999999997,58800.0,16.360499409367602,58800.0,14.158452442791033,58800.0,0.0,58800.0,0.0,58800.0,5.255131336558957,58800.0,34.67533630008904,58800.0,0.0,58800.0,0.0,58800.0,26.121329089183387,58800.0,34.687706398729624,58800.0,0.50200004,58800.0,0.50200004
59000.0,5.00845800457205,59000.0,30.55831329838284,59000.0,0.0,59000.0,0.0,59000.0,5.300282201241358,59000.0,19.091187172632523,59000.0,0.0,59000.0,0.0,59000.0,9.472604534384176,59000.0,29.761001904398675,59000.0,0.0,59000.0,0.828,59000.0,9.722224918389639,59000.0,29.804956858985005,59000.0,0.0,59000.0,0.0,59000.0,9.71418846480235,59000.0,29.72597121428604,59000.0,0.0,59000.0,0.04000000799999998,59000.0,2.109172845972834,59000.0,10.692513354075954,59000.0,0.0,59000.0,0.0,59000.0,17.312577590021327,59000.0,14.531103509838301,59000.0,0.14900000000000002,59000.0,0.0,59000.0,17.326766079314083,59000.0,14.707023361857054,59000.0,0.14899999999999997,59000.0,0.14899999999999997,59000.0,16.287347584877526,59000.0,14.158578689498695,59000.0,0.0,59000.0,0.0,59000.0,5.000621837576623,59000.0,30.35414363517976,59000.0,0.0,59000.0,0.0,59000.0,26.109505733530074,59000.0,34.846209714913904,59000.0,0.50200004,59000.0,0.50200004
59200.0,4.830238074580553,59200.0,27.547685790622683,59200.0,0.0,59200.0,0.0,59200.0,5.2089754554756205,59200.0,18.981797526575505,59200.0,0.0,59200.0,0.0,59200.0,9.400478802917322,59200.0,29.95829848561151,59200.0,0.0,59200.0,0.828,59200.0,9.665196748111276,59200.0,30.015409963758998,59200.0,0.0,59200.0,0.0,59200.0,9.657261644227592,59200.0,29.93595783565075,59200.0,0.0,59200.0,0.04000000799999998,59200.0,1.9713040449891412,59200.0,10.288537572776878,59200.0,0.0,59200.0,0.0,59200.0,17.27361920375821,59200.0,14.546970796273412,59200.0,0.14900000000000002,59200.0,0.0,59200.0,17.28796909456565,59200.0,14.721895556543627,59200.0,0.14899999999999997,59200.0,0.14899999999999997,59200.0,16.241786186613517,59200.0,14.15020242076185,59200.0,0.0,59200.0,0.0,59200.0,4.82355913642894,59200.0,27.417526803467354,59200.0,0.0,59200.0,0.0,59200.0,26.10009989664894,59200.0,34.953154742097695,59200.0,0.50200004,59200.0,0.50200004
59400.0,4.669663528333446,59400.0,35.73297856922329,59400.0,0.0,59400.0,0.0,59400.0,5.112801197188932,59400.0,19.01359352750461,59400.0,0.0,59400.0,0.0,59400.0,9.337912003124817,59400.0,30.143943791268622,59400.0,0.0,59400.0,0.828,59400.0,9.608892769490495,59400.0,30.2069585922079,59400.0,0.0,59400.0,0.0,59400.0,9.600951171818584,59400.0,30.12629174426421,59400.0,0.0,59400.0,0.04000000799999998,59400.0,1.8274317121134886,59400.0,9.878193908908676,59400.0,0.0,59400.0,0.0,59400.0,17.23509663267348,59400.0,14.553787424951889,59400.0,0.14900000000000002,59400.0,0.0,59400.0,17.249513852213987,59400.0,14.727500962883399,59400.0,0.14899999999999997,59400.0,0.14899999999999997,59400.0,16.196893118123366,59400.0,14.1354908807223,59400.0,0.0,59400.0,0.0,59400.0,4.6634235975292375,59400.0,36.27376082881377,59400.0,0.0,59400.0,0.0,59400.0,26.087944405336618,59400.0,34.99827069414551,59400.0,0.50200004,59400.0,0.50200004
59600.0,4.518560975967549,59600.0,35.27557211064588,59600.0,0.0,59600.0,0.0,59600.0,5.01167264134472,59600.0,18.944970739022963,59600.0,0.0,59600.0,0.0,59600.0,9.27745508834669,59600.0,30.306116302933003,59600.0,0.0,59600.0,0.828,59600.0,9.551386035121967,59600.0,30.370411327052054,59600.0,0.0,59600.0,0.0,59600.0,9.543390828150416,59600.0,30.29024285879107,59600.0,0.0,59600.0,0.04000000799999998,59600.0,1.673481268102115,59600.0,9.50247533005438,59600.0,0.0,59600.0,0.0,59600.0,17.19523674332992,59600.0,14.554000162782303,59600.0,0.14900000000000002,59600.0,0.0,59600.0,17.209599631864922,59600.0,14.726469320320376,59600.0,0.14899999999999997,59600.0,0.14899999999999997,59600.0,16.150614079033364,59600.0,14.118157733067322,59600.0,0.0,59600.0,0.0,59600.0,4.5127305279896754,59600.0,34.89470544106439,59600.0,0.0,59600.0,0.0,59600.0,26.07165841611518,59600.0,34.99826260947173,59600.0,0.50200004,59600.0,0.50200004
59800.0,4.37728282817534,59800.0,30.83828196139917,59800.0,0.0,59800.0,0.0,59800.0,4.906451904459401,59800.0,18.795829632098968,59800.0,0.0,59800.0,0.0,59800.0,9.217240269647005,59800.0,30.462461671989992,59800.0,0.0,59800.0,0.828,59800.0,9.494505006498853,59800.0,30.543852405024406,59800.0,0.0,59800.0,0.0,59800.0,9.486483139394783,59800.0,30.463484959514624,59800.0,0.0,59800.0,0.04000000799999998,59800.0,1.5163796749797642,59800.0,9.072952968091366,59800.0,0.0,59800.0,0.0,59800.0,17.15549082139426,59800.0,14.548507082824075,59800.0,0.14900000000000002,59800.0,0.0,59800.0,17.169660811068262,59800.0,14.71933765473042,59800.0,0.14899999999999997,59800.0,0.14899999999999997,59800.0,16.104623152353504,59800.0,14.093590779106558,59800.0,0.0,59800.0,0.0,59800.0,4.372099984026732,59800.0,30.618357487429527,59800.0,0.0,59800.0,0.0,59800.0,26.051130190666555,59800.0,34.9673386942918,59800.0,0.50200004,59800.0,0.50200004
60000.0,4.244237282188499,60000.0,27.705735764836803,60000.0,0.0,60000.0,0.0,60000.0,4.798227707532749,60000.0,18.589035570322604,60000.0,0.0,60000.0,0.0,60000.0,9.1572211488448,60000.0,30.618613375557537,60000.0,0.0,60000.0,0.828,60000.0,9.437615363687764,60000.0,30.72510686809041,60000.0,0.0,60000.0,0.0,60000.0,9.42953428982842,60000.0,30.643974116851364,60000.0,0.0,60000.0,0.04000000799999998,60000.0,1.3554435685225157,60000.0,8.578234625647054,60000.0,0.0,60000.0,0.0,60000.0,17.115448952480854,60000.0,14.535144057221036,60000.0,0.14900000000000002,60000.0,0.0,60000.0,17.129285958793094,60000.0,14.70385434447789,60000.0,0.14899999999999997,60000.0,0.14899999999999997,60000.0,16.058441091970284,60000.0,14.05928911715792,60000.0,0.0,60000.0,0.0,60000.0,4.239383823481363,60000.0,27.56837996872893,60000.0,0.0,60000.0,0.0,60000.0,26.025804072428432,60000.0,34.87976160733435,60000.0,0.50200004,60000.0,0.50200004
60200.0,4.116075355358529,60200.0,35.65728621198015,60200.0,0.0,60200.0,0.0,60200.0,4.6870451595313085,60200.0,18.536383818948437,60200.0,0.0,60200.0,0.0,60200.0,9.096703634073194,60200.0,30.757397171380195,60200.0,0.0,60200.0,0.828,60200.0,9.380100504443329,60200.0,30.856819946687203,60200.0,0.0,60200.0,0.0,60200.0,9.371952653037619,60200.0,30.7735095196317,60200.0,0.0,60200.0,0.04000000799999998,60200.0,1.1899184521642003,60200.0,8.215569812179115,60200.0,0.0,60200.0,0.0,60200.0,17.074653518396186,60200.0,14.520973317147895,60200.0,0.14900000000000002,60200.0,0.0,60200.0,17.088016114840478,60200.0,14.688043537898134,60200.0,0.14899999999999997,60200.0,0.14899999999999997,60200.0,16.011539464111205,60200.0,14.030524853215734,60200.0,0.0,60200.0,0.0,60200.0,4.111490694298582,60200.0,36.17249723092958,60200.0,0.0,60200.0,0.0,60200.0,25.99507058013021,60200.0,34.782329581506424,60200.0,0.50200004,60200.0,0.50200004
60400.0,3.9739133276050986,60400.0,34.973288906743875,60400.0,0.0,60400.0,0.0,60400.0,4.56773803635554,60400.0,18.409560419272882,60400.0,0.0,60400.0,0.0,60400.0,9.026026194075076,60400.0,30.88524070009966,60400.0,0.0,60400.0,0.828,60400.0,9.293677308623861,60400.0,31.010489943775262,60400.0,0.0,60400.0,0.0,60400.0,9.28438495714079,60400.0,30.92771900749539,60400.0,0.0,60400.0,0.04000000799999998,60400.0,0.9452118878048201,60400.0,7.810083699127554,60400.0,0.0,60400.0,0.0,60400.0,17.004688211213026,60400.0,14.499970098185837,60400.0,0.14900000000000002,60400.0,0.0,60400.0,17.017643565463075,60400.0,14.665694788953859,60400.0,0.14899999999999997,60400.0,0.14899999999999997,60400.0,15.937162406800617,60400.0,13.9989276552922,60400.0,0.0,60400.0,0.0,60400.0,3.9665368234571488,60400.0,34.59268437154107,60400.0,0.0,60400.0,0.0,60400.0,25.93159995980174,60400.0,34.63661867267281,60400.0,0.50200004,60400.0,0.50200004
60600.0,11.001403545703198,60600.0,30.39200161566926,60600.0,0.0,60600.0,0.0,60600.0,4.567185069213144,60600.0,18.24895148520168,60600.0,0.0,60600.0,0.0,60600.0,8.944878810656562,60600.0,31.019362103547262,60600.0,0.0,60600.0,0.828,60600.0,9.222028631065449,60600.0,31.168641191108133,60600.0,0.0,60600.0,0.0,60600.0,9.213685194360362,60600.0,31.08564935450868,60600.0,0.0,60600.0,0.04000000799999998,60600.0,0.9149577155363432,60600.0,7.697104176052644,60600.0,0.0,60600.0,0.0,60600.0,16.949830827200213,60600.0,14.477229169635745,60600.0,0.14900000000000002,60600.0,0.0,60600.0,16.962429495262963,60600.0,14.641892489717861,60600.0,0.14899999999999997,60600.0,0.14899999999999997,60600.0,15.887056270644413,60600.0,13.98218332435581,60600.0,0.0,60600.0,0.0,60600.0,11.06693321313203,60600.0,30.181793718448226,60600.0,0.0,60600.0,0.0,60600.0,25.868891637003347,60600.0,34.43953489660474,60600.0,0.50200004,60600.0,0.50200004
60800.0,9.109529797862386,60800.0,27.278010451912497,60800.0,0.0,60800.0,0.0,60800.0,4.537539497205004,60800.0,18.097964749834663,60800.0,0.0,60800.0,0.0,60800.0,8.876166325707901,60800.0,30.792712466578855,60800.0,0.0,60800.0,0.0,60800.0,9.158903777717232,60800.0,31.17924906860998,60800.0,0.0,60800.0,0.0,60800.0,9.150807964220988,60800.0,31.148823400910864,60800.0,0.0,60800.0,0.04000000799999998,60800.0,0.9438578830752477,60800.0,7.715539103154028,60800.0,0.0,60800.0,0.0,60800.0,16.902275004642686,60800.0,14.45813472025458,60800.0,0.14900000000000002,60800.0,0.0,60800.0,16.914388370407273,60800.0,14.621290212956975,60800.0,0.14899999999999997,60800.0,0.14899999999999997,60800.0,15.846066476354393,60800.0,13.975245658889952,60800.0,0.0,60800.0,0.0,60800.0,9.07929800183636,60800.0,27.143209847481582,60800.0,0.0,60800.0,0.0,60800.0,25.805242359193723,60800.0,34.214036143351684,60800.0,0.50200004,60800.0,0.50200004
61000.0,8.151033766950512,61000.0,35.12404418835368,61000.0,0.0,61000.0,0.0,61000.0,4.52010373644809,61000.0,18.118370232663956,61000.0,0.0,61000.0,0.0,61000.0,8.820932416927615,61000.0,30.329737604750413,61000.0,0.0,61000.0,0.0,61000.0,9.107988626852494,61000.0,30.964645786402922,61000.0,0.0,61000.0,0.0,61000.0,9.100087032059259,61000.0,30.944483528979713,61000.0,0.0,61000.0,0.04000000799999998,61000.0,0.9854340301577363,61000.0,7.769420696038068,61000.0,0.0,61000.0,0.0,61000.0,16.868056213834738,61000.0,14.449597501588068,61000.0,0.14900000000000002,61000.0,0.0,61000.0,16.87961571235579,61000.0,14.611684865159972,61000.0,0.14899999999999997,61000.0,0.14899999999999997,61000.0,15.817631549167867,61000.0,13.974943358934166,61000.0,0.0,61000.0,0.0,61000.0,8.112681923860467,61000.0,35.67369865427232,61000.0,0.0,61000.0,0.0,61000.0,25.754155711610498,61000.0,34.08054278901638,61000.0,0.50200004,61000.0,0.50200004
61200.0,7.530794822479442,61200.0,34.63279905047208,61200.0,0.0,61200.0,0.0,61200.0,4.508503046582045,61200.0,18.06685944712722,61200.0,0.0,61200.0,0.0,61200.0,8.776988196826919,61200.0,30.01995848403248,61200.0,0.0,61200.0,0.0,61200.0,9.069886526666199,61200.0,30.690749719041936,61200.0,0.0,61200.0,0.0,61200.0,9.062091929839623,61200.0,30.672585652842283,61200.0,0.0,61200.0,0.04000000799999998,61200.0,1.0240718642531867,61200.0,7.882268810696312,61200.0,0.0,61200.0,0.0,61200.0,16.844210289767656,61200.0,14.441189811595393,61200.0,0.14900000000000002,61200.0,0.0,61200.0,16.85529322311415,61200.0,14.60166882655726,61200.0,0.14899999999999997,61200.0,0.14899999999999997,61200.0,15.798311503374878,61200.0,13.978392530728517,61200.0,0.0,61200.0,0.0,61200.0,7.497108960101027,61200.0,34.25179666332436,61200.0,0.0,61200.0,0.0,61200.0,25.71658556312277,61200.0,33.91354835893007,61200.0,0.50200004,61200.0,0.50200004
61400.0,7.095091627111746,61400.0,30.027160288457758,61400.0,0.0,61400.0,0.0,61400.0,4.499243363760446,61400.0,17.96484015965476,61400.0,0.0,61400.0,0.0,61400.0,8.742608655737014,61400.0,29.716145197077964,61400.0,0.0,61400.0,0.0,61400.0,9.041174194037566,61400.0,30.37204395013903,61400.0,0.0,61400.0,0.0,61400.0,9.03349234548845,61400.0,30.355684670594343,61400.0,0.0,61400.0,0.04000000799999998,61400.0,1.0575742197910452,61400.0,8.072519372087026,61400.0,0.0,61400.0,0.0,61400.0,16.827097607012924,61400.0,14.436272680763349,61400.0,0.14900000000000002,61400.0,0.0,61400.0,16.83779838591889,61400.0,14.594806391422821,61400.0,0.14899999999999997,61400.0,0.14899999999999997,61400.0,15.784706047215542,61400.0,13.988817597072737,61400.0,0.0,61400.0,0.0,61400.0,7.067209710479783,61400.0,29.81647790651525,61400.0,0.0,61400.0,0.0,61400.0,25.68888372340035,61400.0,33.72541420263084,61400.0,0.50200004,61400.0,0.50200004
61600.0,6.783719016182399,61600.0,27.153446904869924,61600.0,0.0,61600.0,0.0,61600.0,4.491040122688264,61600.0,17.85989427774076,61600.0,0.0,61600.0,0.0,61600.0,8.716114464019912,61600.0,29.451527116321365,61600.0,0.0,61600.0,0.0,61600.0,9.019557738009198,61600.0,30.130719699045443,61600.0,0.0,61600.0,0.0,61600.0,9.011970528112252,61600.0,30.11563410008784,61600.0,0.0,61600.0,0.04000000799999998,61600.0,1.085247902164788,61600.0,8.24485593147786,61600.0,0.0,61600.0,0.0,61600.0,16.81466544414051,61600.0,14.436721395068275,61600.0,0.14900000000000002,61600.0,0.0,61600.0,16.82507226420344,61600.0,14.594105777510935,61600.0,0.14899999999999997,61600.0,0.14899999999999997,61600.0,15.774980337421159,61600.0,14.00047779278369,61600.0,0.0,61600.0,0.0,61600.0,6.759904255903932,61600.0,27.015110877031955,61600.0,0.0,61600.0,0.0,61600.0,25.66847064446007,61600.0,33.614454165240616,61600.0,0.50200004,61600.0,0.50200004
61800.0,6.51678584629479,61800.0,34.99029149881314,61800.0,0.0,61800.0,0.0,61800.0,4.483016352485588,61800.0,17.94060322017281,61800.0,0.0,61800.0,0.0,61800.0,8.693771264694982,61800.0,29.226439873379423,61800.0,0.0,61800.0,0.0,61800.0,9.000174747623111,61800.0,29.90030419915626,61800.0,0.0,61800.0,0.0,61800.0,8.992652257097234,61800.0,29.884279815995768,61800.0,0.0,61800.0,0.04000000799999998,61800.0,1.1120999321931104,61800.0,8.44293737138857,61800.0,0.0,61800.0,0.0,61800.0,16.80371020294671,61800.0,14.440289774551571,61800.0,0.14900000000000002,61800.0,0.0,61800.0,16.813851024398804,61800.0,14.596755728991761,61800.0,0.14899999999999997,61800.0,0.14899999999999997,61800.0,15.766538326472261,61800.0,14.015639867611052,61800.0,0.0,61800.0,0.0,61800.0,6.497447803250369,61800.0,35.54327297528505,61800.0,0.0,61800.0,0.0,61800.0,25.650336915651913,61800.0,33.530040809129154,61800.0,0.50200004,61800.0,0.50200004
62000.0,6.315037887850369,62000.0,34.27467428002701,62000.0,0.0,62000.0,0.0,62000.0,4.475402141639372,62000.0,17.950199416240395,62000.0,0.0,62000.0,0.0,62000.0,8.675486075648257,62000.0,28.97023055474559,62000.0,0.0,62000.0,0.0,62000.0,8.983731694101214,62000.0,29.601387033605768,62000.0,0.0,62000.0,0.0,62000.0,8.976257047094537,62000.0,29.58660679588243,62000.0,0.0,62000.0,0.04000000799999998,62000.0,1.1364385145286204,62000.0,8.748467915742161,62000.0,0.0,62000.0,0.0,62000.0,16.794604620629578,62000.0,14.450808646397581,62000.0,0.14900000000000002,62000.0,0.0,62000.0,16.80453162571744,62000.0,14.606591350081617,62000.0,0.14899999999999997,62000.0,0.14899999999999997,62000.0,15.759629519589025,62000.0,14.043014775455303,62000.0,0.0,62000.0,0.0,62000.0,6.295400920559648,62000.0,33.90690893004858,62000.0,0.0,62000.0,0.0,62000.0,25.63519887608416,62000.0,33.4414219019604,62000.0,0.50200004,62000.0,0.50200004
62200.0,6.049133329534897,62200.0,29.833922853734503,62200.0,0.0,62200.0,0.0,62200.0,4.465997567151204,62200.0,17.924323722866617,62200.0,0.0,62200.0,0.0,62200.0,8.654419401400116,62200.0,28.714366998231917,62200.0,0.0,62200.0,0.0,62200.0,8.958420093632602,62200.0,29.34018337251781,62200.0,0.0,62200.0,0.0,62200.0,8.950897219766707,62200.0,29.32737278099979,62200.0,0.0,62200.0,0.04000000799999998,62200.0,1.1778905424904684,62200.0,9.040319248203051,62200.0,0.0,62200.0,0.0,62200.0,16.78054165128496,62200.0,14.465024920099575,62200.0,0.14900000000000002,62200.0,0.0,62200.0,16.790157386164747,62200.0,14.621036848088547,62200.0,0.14899999999999997,62200.0,0.14899999999999997,62200.0,15.749111856786717,62200.0,14.072063026152307,62200.0,0.0,62200.0,0.0,62200.0,6.02706815110874,62200.0,29.64256155555333,62200.0,0.0,62200.0,0.0,62200.0,25.61172796101244,62200.0,33.39640518781597,62200.0,0.50200004,62200.0,0.50200004
62400.0,5.739532621279297,62400.0,29.902239736182658,62400.0,0.0,62400.0,0.0,62400.0,4.457460196666815,62400.0,17.946263724908942,62400.0,0.0,62400.0,0.0,62400.0,8.627533343597953,62400.0,28.501172035934854,62400.0,0.0,62400.0,0.0,62400.0,8.92620565851106,62400.0,29.157540402715068,62400.0,0.0,62400.0,0.0,62400.0,8.918653449968465,62400.0,29.14667796612772,62400.0,0.0,62400.0,0.04000000799999998,62400.0,1.2381682926456197,62400.0,9.246356187641936,62400.0,0.0,62400.0,0.0,62400.0,16.762589053647538,62400.0,14.476823172876065,62400.0,0.14900000000000002,62400.0,0.0,62400.0,16.771870691556007,62400.0,14.633454581071955,62400.0,0.14899999999999997,62400.0,0.14899999999999997,62400.0,15.73593153541567,62400.0,14.093609152176917,62400.0,0.0,62400.0,0.0,62400.0,5.718477297647742,62400.0,30.280010184167832,62400.0,0.0,62400.0,0.0,62400.0,25.581825123559156,62400.0,33.389090405953354,62400.0,0.50200004,62400.0,0.50200004
62600.0,5.546625908862958,62600.0,37.959979234197355,62600.0,0.0,62600.0,0.0,62600.0,4.4532014474331705,62600.0,18.09580540478779,62600.0,0.0,62600.0,0.0,62600.0,8.604856395296242,62600.0,28.28713056863092,62600.0,0.0,62600.0,0.0,62600.0,8.909269339179554,62600.0,28.881045973927336,62600.0,0.0,62600.0,0.0,62600.0,8.901860336348776,62600.0,28.869473928180287,62600.0,0.0,62600.0,0.04000000799999998,62600.0,1.2722208441455665,62600.0,9.607519512750839,62600.0,0.0,62600.0,0.0,62600.0,16.75350932960872,62600.0,14.501688556074233,62600.0,0.14900000000000002,62600.0,0.0,62600.0,16.762661009858146,62600.0,14.660259056665362,62600.0,0.14899999999999997,62600.0,0.14899999999999997,62600.0,15.729372777628303,62600.0,14.135010354334376,62600.0,0.0,62600.0,0.0,62600.0,5.533414651713967,62600.0,37.659123430288396,62600.0,0.0,62600.0,0.0,62600.0,25.56682983705186,62600.0,33.41207173653363,62600.0,0.50200004,62600.0,0.50200004
62800.0,5.389776939321227,62800.0,32.19496639504605,62800.0,0.0,62800.0,0.0,62800.0,4.449215332286118,62800.0,18.126113382947683,62800.0,0.0,62800.0,0.0,62800.0,8.586709048637925,62800.0,28.055738075157244,62800.0,0.0,62800.0,0.0,62800.0,8.89154651355809,62800.0,28.61839865680129,62800.0,0.0,62800.0,0.0,62800.0,8.884204176983676,62800.0,28.607034167776654,62800.0,0.0,62800.0,0.04000000799999998,62800.0,1.309974747715836,62800.0,9.965405009608983,62800.0,0.0,62800.0,0.0,62800.0,16.744124779112077,62800.0,14.531836839996728,62800.0,0.14900000000000002,62800.0,0.0,62800.0,16.753168237794362,62800.0,14.69324306222634,62800.0,0.14899999999999997,62800.0,0.14899999999999997,62800.0,15.722627235986856,62800.0,14.180589948420405,62800.0,0.0,62800.0,0.0,62800.0,5.375534690935785,62800.0,31.97963864251671,62800.0,0.0,62800.0,0.0,62800.0,25.55144236916255,62800.0,33.4705075737183,62800.0,0.50200004,62800.0,0.50200004
63000.0,5.215363387392475,63000.0,28.709279152029353,63000.0,0.0,63000.0,0.0,63000.0,4.445873226270246,63000.0,18.132317266994182,63000.0,0.0,63000.0,0.0,63000.0,8.568077794213506,63000.0,27.84170888662096,63000.0,0.0,63000.0,0.0,63000.0,8.870950824195637,63000.0,28.406348467973096,63000.0,0.0,63000.0,0.0,63000.0,8.863631792160794,63000.0,28.395568327916248,63000.0,0.0,63000.0,0.04000000799999998,63000.0,1.3559935966257974,63000.0,10.239685916308204,63000.0,0.0,63000.0,0.0,63000.0,16.73325025773409,63000.0,14.558540212579823,63000.0,0.14900000000000002,63000.0,0.0,63000.0,16.742206186499697,63000.0,14.722506741177702,63000.0,0.14899999999999997,63000.0,0.14899999999999997,63000.0,15.714834411644631,63000.0,14.218193205069158,63000.0,0.0,63000.0,0.0,63000.0,5.2012091324459915,63000.0,28.559508462296687,63000.0,0.0,63000.0,0.0,63000.0,25.53380400190734,63000.0,33.5416453678466,63000.0,0.50200004,63000.0,0.50200004
63200.0,5.058318089728283,63200.0,29.43315805413601,63200.0,0.0,63200.0,0.0,63200.0,4.444214776235287,63200.0,18.182124281536375,63200.0,0.0,63200.0,0.0,63200.0,8.54976572260892,63200.0,27.645708284611953,63200.0,0.0,63200.0,0.0,63200.0,8.852662996728608,63200.0,28.19662232874838,63200.0,0.0,63200.0,0.0,63200.0,8.845401857569376,63200.0,28.18518976593554,63200.0,0.0,63200.0,0.04000000799999998,63200.0,1.3978486922424456,63200.0,10.510961970399295,63200.0,0.0,63200.0,0.0,63200.0,16.723687331098724,63200.0,14.588668321791925,63200.0,0.14900000000000002,63200.0,0.0,63200.0,16.732610359189827,63200.0,14.755425991895072,63200.0,0.14899999999999997,63200.0,0.14899999999999997,63200.0,15.708008022557529,63200.0,14.25821867096703,63200.0,0.0,63200.0,0.0,63200.0,5.046615771140813,63200.0,29.848440177965493,63200.0,0.0,63200.0,0.0,63200.0,25.518537689848127,63200.0,33.64336707193986,63200.0,0.50200004,63200.0,0.50200004
63400.0,4.950801926877086,63400.0,37.7114051172344,63400.0,0.0,63400.0,0.0,63400.0,4.443782452410458,63400.0,18.373334435546315,63400.0,0.0,63400.0,0.0,63400.0,8.535154049328705,63400.0,27.794937595693376,63400.0,0.0,63400.0,0.828,63400.0,8.840389450282736,63400.0,28.096298653255314,63400.0,0.0,63400.0,0.0,63400.0,8.833200762096775,63400.0,28.032752077082506,63400.0,0.0,63400.0,0.04000000799999998,63400.0,1.4261775553886442,63400.0,10.815632772707477,63400.0,0.0,63400.0,0.0,63400.0,16.71734469272707,63400.0,14.629650549410261,63400.0,0.14900000000000002,63400.0,0.0,63400.0,16.726269573934086,63400.0,14.799900227029472,63400.0,0.14899999999999997,63400.0,0.14899999999999997,63400.0,15.703495106307587,63400.0,14.309608421856156,63400.0,0.0,63400.0,0.0,63400.0,4.941382365995159,63400.0,37.42134106944263,63400.0,0.0,63400.0,0.0,63400.0,25.508590459064262,63400.0,33.79105232185214,63400.0,0.50200004,63400.0,0.50200004
63600.0,4.8808679993849005,63600.0,32.19164234305049,63600.0,0.0,63600.0,0.0,63600.0,4.443774533276114,63600.0,18.49117717985453,63600.0,0.0,63600.0,0.0,63600.0,8.524818496177573,63600.0,28.22976171593957,63600.0,0.0,63600.0,0.828,63600.0,8.831931006532763,63600.0,28.306986622383736,63600.0,0.0,63600.0,0.0,63600.0,8.824802300597653,63600.0,28.234238479128898,63600.0,0.0,63600.0,0.04000000799999998,63600.0,1.4458338258659489,63600.0,11.05904785649994,63600.0,0.0,63600.0,0.0,63600.0,16.712986886461476,63600.0,14.667302862223606,63600.0,0.14900000000000002,63600.0,0.0,63600.0,16.72192489911063,63600.0,14.840285478096764,63600.0,0.14899999999999997,63600.0,0.14899999999999997,63600.0,15.700402817275457,63600.0,14.35479429858889,63600.0,0.0,63600.0,0.0,63600.0,4.871954068206692,63600.0,31.994102221724024,63600.0,0.0,63600.0,0.0,63600.0,25.501865962384873,63600.0,33.93199838428908,63600.0,0.50200004,63600.0,0.50200004
63800.0,4.683407157058739,63800.0,28.70039457185605,63800.0,0.0,63800.0,0.0,63800.0,4.4431140946239065,63800.0,18.584341748177362,63800.0,0.0,63800.0,0.0,63800.0,8.499105411444733,63800.0,28.506011837021617,63800.0,0.0,63800.0,0.828,63800.0,8.772591033236964,63800.0,28.53143868277695,63800.0,0.0,63800.0,0.0,63800.0,8.763946515545,63800.0,28.45619765951101,63800.0,0.0,63800.0,0.04000000799999998,63800.0,1.6165455062765086,63800.0,11.295197022650033,63800.0,0.0,63800.0,0.0,63800.0,16.673224908356023,63800.0,14.709029391748297,63800.0,0.14900000000000002,63800.0,0.0,63800.0,16.682301448333703,63800.0,14.88428926519661,63800.0,0.14899999999999997,63800.0,0.14899999999999997,63800.0,15.670959538192157,63800.0,14.402017560494933,63800.0,0.0,63800.0,0.0,63800.0,4.654313028790924,63800.0,28.549319159626574,63800.0,0.0,63800.0,0.0,63800.0,25.443019208479882,63800.0,34.10087009947096,63800.0,0.50200004,63800.0,0.50200004
64000.0,4.292306272649199,64000.0,29.32119169771579,64000.0,0.0,64000.0,0.0,64000.0,4.453744086338488,64000.0,18.718134498421275,64000.0,0.0,64000.0,0.0,64000.0,8.424918343839902,64000.0,28.747874406572056,64000.0,0.0,64000.0,0.828,64000.0,8.666447333911364,64000.0,28.76916409997257,64000.0,0.0,64000.0,0.0,64000.0,8.658040523415135,64000.0,28.69245256209719,64000.0,0.0,64000.0,0.04000000799999998,64000.0,1.7523956551831652,64000.0,11.376431070846436,64000.0,0.0,64000.0,0.0,64000.0,16.5993215987502,64000.0,14.753629442654779,64000.0,0.14900000000000002,64000.0,0.0,64000.0,16.60883698791862,64000.0,14.929782294244786,64000.0,0.14899999999999997,64000.0,0.14899999999999997,64000.0,15.603018858248259,64000.0,14.438405249387166,64000.0,0.0,64000.0,0.0,64000.0,4.275473128396913,64000.0,29.75521478102932,64000.0,0.0,64000.0,0.0,64000.0,25.357082286834988,64000.0,34.29891923182297,64000.0,0.50200004,64000.0,0.50200004
64200.0,4.004478875207683,64200.0,37.752058881045045,64200.0,0.0,64200.0,0.0,64200.0,4.442089519810179,64200.0,18.937878369342535,64200.0,0.0,64200.0,0.0,64200.0,8.337502588845963,64200.0,28.984222137755143,64200.0,0.0,64200.0,0.828,64200.0,8.565391463006714,64200.0,29.00487617966394,64200.0,0.0,64200.0,0.0,64200.0,8.557172786485784,64200.0,28.92722560777443,64200.0,0.0,64200.0,0.04000000799999998,64200.0,1.6830058240846324,64200.0,11.240176141941296,64200.0,0.0,64200.0,0.0,64200.0,16.524326301517828,64200.0,14.791789381461632,64200.0,0.14900000000000002,64200.0,0.0,64200.0,16.53469347002386,64200.0,14.968012207262644,64200.0,0.14899999999999997,64200.0,0.14899999999999997,64200.0,15.521011993055167,64200.0,14.45655800201636,64200.0,0.0,64200.0,0.0,64200.0,3.9933889051499514,64200.0,37.47028370893059,64200.0,0.0,64200.0,0.0,64200.0,25.307841906896616,64200.0,34.49289898045943,64200.0,0.50200004,64200.0,0.50200004
64400.0,11.148571861192723,64400.0,32.2094530706829,64400.0,0.0,64400.0,0.0,64400.0,4.506394902286167,64400.0,18.972935280308853,64400.0,0.0,64400.0,0.0,64400.0,8.250060020206458,64400.0,29.212871096718608,64400.0,0.0,64400.0,0.828,64400.0,8.468197457180093,64400.0,29.236776598658533,64400.0,0.0,64400.0,0.0,64400.0,8.459940986571127,64400.0,29.158648231286588,64400.0,0.0,64400.0,0.04000000799999998,64400.0,1.5033181146807815,64400.0,10.98432858805277,64400.0,0.0,64400.0,0.0,64400.0,16.445861910289754,64400.0,14.821487336836693,64400.0,0.14900000000000002,64400.0,0.0,64400.0,16.457369397990142,64400.0,14.99752269106701,64400.0,0.14899999999999997,64400.0,0.14899999999999997,64400.0,15.430505881246429,64400.0,14.462398592797268,64400.0,0.0,64400.0,0.0,64400.0,11.230935008544762,64400.0,32.00509427905729,64400.0,0.0,64400.0,0.0,64400.0,25.282316204607433,64400.0,34.670542805942134,64400.0,0.50200004,64400.0,0.50200004
64600.0,9.091565345263605,64600.0,28.696583053076875,64600.0,0.0,64600.0,0.0,64600.0,4.473657271139333,64600.0,18.91954787089949,64600.0,0.0,64600.0,0.0,64600.0,8.175406442357104,64600.0,29.4282197787192,64600.0,0.0,64600.0,0.828,64600.0,8.405319750313565,64600.0,29.46169192043683,64600.0,0.0,64600.0,0.0,64600.0,8.397927224915685,64600.0,29.383059877812904,64600.0,0.0,64600.0,0.04000000799999998,64600.0,1.3498362034939262,64600.0,10.643446073188104,64600.0,0.0,64600.0,0.0,64600.0,16.395389282837538,64600.0,14.842097676377298,64600.0,0.14900000000000002,64600.0,0.0,64600.0,16.407556224001606,64600.0,15.017694898945848,64600.0,0.14899999999999997,64600.0,0.14899999999999997,64600.0,15.371526434722206,64600.0,14.458554371344558,64600.0,0.0,64600.0,0.0,64600.0,9.06062294995676,64600.0,28.554987195276365,64600.0,0.0,64600.0,0.0,64600.0,25.269953101841622,64600.0,34.82491128096744,64600.0,0.50200004,64600.0,0.50200004
64800.0,8.09828786507465,64800.0,29.40766936330374,64800.0,0.0,64800.0,0.0,64800.0,4.427710690146361,64800.0,18.86563332446514,64800.0,0.0,64800.0,0.0,64800.0,8.12229472945147,64800.0,29.63103178852257,64800.0,0.0,64800.0,0.828,64800.0,8.362412405364916,64800.0,29.67818107772529,64800.0,0.0,64800.0,0.0,64800.0,8.355129783664553,64800.0,29.598923515621088,64800.0,0.0,64800.0,0.04000000799999998,64800.0,1.2370568989593023,64800.0,10.24258315925993,64800.0,0.0,64800.0,0.0,64800.0,16.363932969347548,64800.0,14.853709994255018,64800.0,0.14900000000000002,64800.0,0.0,64800.0,16.376430886508253,64800.0,15.028562757597992,64800.0,0.14899999999999997,64800.0,0.14899999999999997,64800.0,15.33458332585409,64800.0,14.446303992452197,64800.0,0.0,64800.0,0.0,64800.0,8.059952380441866,64800.0,29.846301877063496,64800.0,0.0,64800.0,0.0,64800.0,25.261214150474895,64800.0,34.929155676670355,64800.0,0.50200004,64800.0,0.50200004
65000.0,7.3926209155523,65000.0,37.91092659344525,65000.0,0.0,65000.0,0.0,65000.0,4.369314995797814,65000.0,18.90560943447593,65000.0,0.0,65000.0,0.0,65000.0,8.079158618711412,65000.0,29.826989837688707,65000.0,0.0,65000.0,0.828,65000.0,8.320704607498973,65000.0,29.877050962920947,65000.0,0.0,65000.0,0.0,65000.0,8.313314921822101,65000.0,29.796683422943303,65000.0,0.0,65000.0,0.04000000799999998,65000.0,1.12215460505741,65000.0,9.834627792721347,65000.0,0.0,65000.0,0.0,65000.0,16.333887209432245,65000.0,14.856713341372961,65000.0,0.14900000000000002,65000.0,0.0,65000.0,16.34663228040527,65000.0,15.030565747657102,65000.0,0.14899999999999997,65000.0,0.14899999999999997,65000.0,15.29937378452278,65000.0,14.428103492225327,65000.0,0.0,65000.0,0.0,65000.0,7.348855274166943,65000.0,37.63693144346716,65000.0,0.0,65000.0,0.0,65000.0,25.251278559899085,65000.0,34.97266945990359,65000.0,0.50200004,65000.0,0.50200004
65200.0,6.7205512978084005,65200.0,32.445291558828835,65200.0,0.0,65200.0,0.0,65200.0,4.293974331558317,65200.0,18.789303624693396,65200.0,0.0,65200.0,0.0,65200.0,8.033120190651973,65200.0,30.008286426666622,65200.0,0.0,65200.0,0.828,65200.0,8.272490635904504,65200.0,30.06584054692866,65200.0,0.0,65200.0,0.0,65200.0,8.264982431379332,65200.0,29.984886198588836,65200.0,0.0,65200.0,0.04000000799999998,65200.0,0.9803319992051888,65200.0,9.412633234575402,65200.0,0.0,65200.0,0.0,65200.0,16.297889426823865,65200.0,14.852952020765839,65200.0,0.14900000000000002,65200.0,0.0,65200.0,16.31082967917916,65200.0,15.02554767680392,65200.0,0.14899999999999997,65200.0,0.14899999999999997,65200.0,15.257362756503703,65200.0,14.404535986493155,65200.0,0.0,65200.0,0.0,65200.0,6.682702063569591,65200.0,32.2480087630153,65200.0,0.0,65200.0,0.0,65200.0,25.23686014041407,65200.0,34.96891500044648,65200.0,0.50200004,65200.0,0.50200004
65400.0,6.139353170523019,65400.0,29.009439891143625,65400.0,0.0,65400.0,0.0,65400.0,4.203508878489549,65400.0,18.616935054726333,65400.0,0.0,65400.0,0.0,65400.0,7.9830559364149805,65400.0,30.169320483695355,65400.0,0.0,65400.0,0.828,65400.0,8.222472268210353,65400.0,30.243776395656262,65400.0,0.0,65400.0,0.0,65400.0,8.21489978145584,65400.0,30.163081751195204,65400.0,0.0,65400.0,0.04000000799999998,65400.0,0.8264516371099208,65400.0,8.977175531701107,65400.0,0.0,65400.0,0.0,65400.0,16.25973103173549,65400.0,14.84317156329881,65400.0,0.14900000000000002,65400.0,0.0,65400.0,16.27272481992644,65400.0,15.014267045822312,65400.0,0.14899999999999997,65400.0,0.14899999999999997,65400.0,15.212983068982009,65400.0,14.375943316505316,65400.0,0.0,65400.0,0.0,65400.0,6.1088136090560905,65400.0,28.8564697270118,65400.0,0.0,65400.0,0.0,65400.0,25.217974830254548,65400.0,34.93196413004893,65400.0,0.50200004,65400.0,0.50200004
65600.0,5.6504585526773115,65600.0,29.593490281267847,65600.0,0.0,65600.0,0.0,65600.0,4.102136144657988,65600.0,18.463994924997397,65600.0,0.0,65600.0,0.0,65600.0,7.93113926331692,65600.0,30.329793823582673,65600.0,0.0,65600.0,0.828,65600.0,8.172981110381286,65600.0,30.429263606916763,65600.0,0.0,65600.0,0.0,65600.0,8.165353654219599,65600.0,30.347905298362292,65600.0,0.0,65600.0,0.04000000799999998,65600.0,0.6698786790374275,65600.0,8.482158582575055,65600.0,0.0,65600.0,0.0,65600.0,16.221673741946624,65600.0,14.82505905042511,65600.0,0.14900000000000002,65600.0,0.0,65600.0,16.23455815826702,65600.0,14.994177551558437,65600.0,0.14899999999999997,65600.0,0.14899999999999997,65600.0,15.168858614605334,65600.0,14.33730373670799,65600.0,0.0,65600.0,0.0,65600.0,5.62524391863904,65600.0,30.02568791884648,65600.0,0.0,65600.0,0.0,65600.0,25.194978330687746,65600.0,34.83853792713166,65600.0,0.50200004,65600.0,0.50200004
65800.0,5.232121387564562,65800.0,38.09161484754648,65800.0,0.0,65800.0,0.0,65800.0,3.9932309117718585,65800.0,18.42344973622393,65800.0,0.0,65800.0,0.0,65800.0,7.8785458250307965,65800.0,30.48168807565629,65800.0,0.0,65800.0,0.828,65800.0,8.123863854833266,65800.0,30.579056800842462,65800.0,0.0,65800.0,0.0,65800.0,8.116164666149261,65800.0,30.496021443290836,65800.0,0.0,65800.0,0.04000000799999998,65800.0,0.5118458124314831,65800.0,8.079192579401882,65800.0,0.0,65800.0,0.0,65800.0,16.18379229863091,65800.0,14.805424259601054,65800.0,0.14900000000000002,65800.0,0.0,65800.0,16.196414392919724,65800.0,14.97280960703604,65800.0,0.14899999999999997,65800.0,0.14899999999999997,65800.0,15.125070225355516,65800.0,14.301792796643321,65800.0,0.0,65800.0,0.0,65800.0,5.21041495389358,65800.0,37.82982968567548,65800.0,0.0,65800.0,0.0,65800.0,25.16770612018407,65800.0,34.72485899143644,65800.0,0.50200004,65800.0,0.50200004
66000.0,4.864987709098225,66000.0,32.5419899878751,66000.0,0.0,66000.0,0.0,66000.0,3.878936140654702,66000.0,18.245300188520744,66000.0,0.0,66000.0,0.0,66000.0,7.825337306530639,66000.0,30.619973838534282,66000.0,0.0,66000.0,0.828,66000.0,8.075071111622306,66000.0,30.734027203210374,66000.0,0.0,66000.0,0.0,66000.0,8.067329181403455,66000.0,30.650556802127348,66000.0,0.0,66000.0,0.04000000799999998,66000.0,0.35409801191221857,66000.0,7.635873179458455,66000.0,0.0,66000.0,0.0,66000.0,16.146209687773993,66000.0,14.779360193881596,66000.0,0.14900000000000002,66000.0,0.0,66000.0,16.158501498643478,66000.0,14.944922280663551,66000.0,0.14899999999999997,66000.0,0.14899999999999997,66000.0,15.082092511461966,66000.0,14.259982276779054,66000.0,0.0,66000.0,0.0,66000.0,4.846648659228604,66000.0,32.34781166024478,66000.0,0.0,66000.0,0.0,66000.0,25.136178498478127,66000.0,34.57576926751365,66000.0,0.50200004,66000.0,0.50200004
66200.0,4.415707003396879,66200.0,28.859864121570013,66200.0,0.0,66200.0,0.0,66200.0,3.7497155469578387,66200.0,18.035568120261154,66200.0,0.0,66200.0,0.0,66200.0,7.748386039576603,66200.0,30.753095622143586,66200.0,0.0,66200.0,0.828,66200.0,7.979500537490154,66200.0,30.895472715414012,66200.0,0.0,66200.0,0.0,66200.0,7.971551129322461,66200.0,30.812064758704693,66200.0,0.0,66200.0,0.04000000799999998,66200.0,0.16300744390014246,66200.0,7.345147814373018,66200.0,0.0,66200.0,0.0,66200.0,16.06018653416097,66200.0,14.74755922211177,66200.0,0.14900000000000002,66200.0,0.0,66200.0,16.072311002531617,66200.0,14.91215260910758,66200.0,0.14899999999999997,66200.0,0.14899999999999997,66200.0,14.997537774938197,66200.0,14.227018468068888,66200.0,0.0,66200.0,0.0,66200.0,4.398199187733343,66200.0,28.71340851243086,66200.0,0.0,66200.0,0.0,66200.0,25.047500685033725,66200.0,34.372198265338845,66200.0,0.50200004,66200.0,0.50200004
66400.0,4.190551218740305,66400.0,29.38076282420304,66400.0,0.0,66400.0,0.0,66400.0,3.6611024909145877,66400.0,17.919671977780528,66400.0,0.0,66400.0,0.0,66400.0,7.687459731511543,66400.0,30.882453378005938,66400.0,0.0,66400.0,0.828,66400.0,7.948396181248941,66400.0,31.046668853914028,66400.0,0.0,66400.0,0.0,66400.0,7.94077225315431,66400.0,30.963078630027308,66400.0,0.0,66400.0,0.04000000799999998,66400.0,0.1727772759055963,66400.0,7.323032038233621,66400.0,0.0,66400.0,0.0,66400.0,16.03830043936594,66400.0,14.718634652826795,66400.0,0.14900000000000002,66400.0,0.0,66400.0,16.05024796735743,66400.0,14.882009785151206,66400.0,0.14899999999999997,66400.0,0.14899999999999997,66400.0,14.978420253902842,66400.0,14.208804345014606,66400.0,0.0,66400.0,0.0,66400.0,4.182355479906782,66400.0,29.811932170244017,66400.0,0.0,66400.0,0.0,66400.0,25.019160215608718,66400.0,34.13446682998981,66400.0,0.50200004,66400.0,0.50200004
66600.0,4.074638692800466,66600.0,37.52055577009514,66600.0,0.0,66600.0,0.0,66600.0,3.604722812705783,66600.0,17.970870398580765,66600.0,0.0,66600.0,0.0,66600.0,7.651777149249037,66600.0,30.99122195433182,66600.0,0.0,66600.0,0.828,66600.0,7.930497434249127,66600.0,31.147162016784584,66600.0,0.0,66600.0,0.0,66600.0,7.923033981755181,66600.0,31.063466977720545,66600.0,0.0,66600.0,0.04000000799999998,66600.0,0.18219657503660824,66600.0,7.362368921323092,66600.0,0.0,66600.0,0.0,66600.0,16.026735999789384,66600.0,14.703564072599672,66600.0,0.14900000000000002,66600.0,0.0,66600.0,16.038574255604814,66600.0,14.865962082882733,66600.0,0.14899999999999997,66600.0,0.14899999999999997,66600.0,14.968553237147498,66600.0,14.202324905951016,66600.0,0.0,66600.0,0.0,66600.0,4.065750097261624,66600.0,37.25807510551744,66600.0,0.0,66600.0,0.0,66600.0,25.003260713563908,66600.0,33.983000844435104,66600.0,0.50200004,66600.0,0.50200004
66800.0,7.048747635446688,66800.0,31.921836108901417,66800.0,0.0,66800.0,0.0,66800.0,3.606537963996259,66800.0,17.937418847514042,66800.0,0.0,66800.0,0.0,66800.0,7.6196446660928645,66800.0,31.11190986078022,66800.0,0.0,66800.0,0.828,66800.0,7.893765354580199,66800.0,31.29039132412565,66800.0,0.0,66800.0,0.0,66800.0,7.885864558982418,66800.0,31.20676304166437,66800.0,0.0,66800.0,0.04000000799999998,66800.0,0.21052370662049533,66800.0,7.478952037486595,66800.0,0.0,66800.0,0.0,66800.0,16.001810580437482,66800.0,14.683745769164153,66800.0,0.14900000000000002,66800.0,0.0,66800.0,16.013344513191445,66800.0,14.844295831453323,66800.0,0.14899999999999997,66800.0,0.14899999999999997,66800.0,14.947727958222684,66800.0,14.197578988294108,66800.0,0.0,66800.0,0.0,66800.0,7.560280520157458,66800.0,31.716488154132087,66800.0,0.0,66800.0,0.0,66800.0,24.9674676841399,66800.0,33.75547909488116,66800.0,0.50200004,66800.0,0.50200004
67000.0,9.96309500913928,67000.0,28.27809270867105,67000.0,0.0,67000.0,0.0,67000.0,3.625931593783818,67000.0,17.858546965608777,67000.0,0.0,67000.0,0.0,67000.0,7.574961409263357,67000.0,30.523390732198447,67000.0,0.0,67000.0,0.0,67000.0,7.828731075145065,67000.0,31.05368590293072,67000.0,0.0,67000.0,0.0,67000.0,7.820185302225219,67000.0,31.039453864688145,67000.0,0.0,67000.0,0.04000000799999998,67000.0,0.28978400115676084,67000.0,7.661294916578025,67000.0,0.0,67000.0,0.0,67000.0,15.953341316220849,67000.0,14.670082119913973,67000.0,0.14900000000000002,67000.0,0.0,67000.0,15.964064937263867,67000.0,14.828718688048966,67000.0,0.14899999999999997,67000.0,0.14899999999999997,67000.0,14.908905443769529,67000.0,14.199794940688248,67000.0,0.0,67000.0,0.0,67000.0,9.697660512094197,67000.0,28.132468354164192,67000.0,0.0,67000.0,0.0,67000.0,24.89284860982142,67000.0,33.54605698200016,67000.0,0.50200004,67000.0,0.50200004
67200.0,8.251161682818502,67200.0,35.77490970180209,67200.0,0.0,67200.0,0.0,67200.0,3.6386445295108394,67200.0,17.948558134369105,67200.0,0.0,67200.0,0.0,67200.0,7.529192508310973,67200.0,30.156109453651545,67200.0,0.0,67200.0,0.0,67200.0,7.784445833073673,67200.0,30.83913826947424,67200.0,0.0,67200.0,0.0,67200.0,7.776399131840311,67200.0,30.823392155332385,67200.0,0.0,67200.0,0.04000000799999998,67200.0,0.3577102241718851,67200.0,7.8002237703346236,67200.0,0.0,67200.0,0.0,67200.0,15.923550625641386,67200.0,14.6652793577024,67200.0,0.14900000000000002,67200.0,0.0,67200.0,15.933597705951852,67200.0,14.822927959807114,67200.0,0.14899999999999997,67200.0,0.14899999999999997,67200.0,14.886022729147852,67200.0,14.20454583437971,67200.0,0.0,67200.0,0.0,67200.0,8.134652773838843,67200.0,36.31566749784008,67200.0,0.0,67200.0,0.0,67200.0,24.843550685940926,67200.0,33.44022763074297,67200.0,0.50200004,67200.0,0.50200004
67400.0,7.321123163884018,67400.0,35.05580730066013,67400.0,0.0,67400.0,0.0,67400.0,3.650496920534929,67400.0,17.955730548622466,67400.0,0.0,67400.0,0.0,67400.0,7.488518150218125,67400.0,29.875865136235273,67400.0,0.0,67400.0,0.0,67400.0,7.747026337602338,67400.0,30.560331369712046,67400.0,0.0,67400.0,0.0,67400.0,7.739296601541328,67400.0,30.54402002999769,67400.0,0.0,67400.0,0.04000000799999998,67400.0,0.4259327639059707,67400.0,8.021670165789454,67400.0,0.0,67400.0,0.0,67400.0,15.899967660911512,67400.0,14.662307160354727,67400.0,0.14900000000000002,67400.0,0.0,67400.0,15.909445882776312,67400.0,14.818803160604897,67400.0,0.14899999999999997,67400.0,0.14899999999999997,67400.0,14.868478177283883,67400.0,14.215335393507404,67400.0,0.0,67400.0,0.0,67400.0,7.257930275470321,67400.0,34.667617432676536,67400.0,0.0,67400.0,0.0,67400.0,24.80352314063464,67400.0,33.32248559255472,67400.0,0.50200004,67400.0,0.50200004
67600.0,6.719253179408217,67600.0,30.311623502412928,67600.0,0.0,67600.0,0.0,67600.0,3.6597894663091832,67600.0,17.907622022980394,67600.0,0.0,67600.0,0.0,67600.0,7.45516601054945,67600.0,29.584606059414522,67600.0,0.0,67600.0,0.0,67600.0,7.717405551663904,67600.0,30.24282346985002,67600.0,0.0,67600.0,0.0,67600.0,7.709892374593862,67600.0,30.227422265341687,67600.0,0.0,67600.0,0.04000000799999998,67600.0,0.48625978024010397,67600.0,8.325537666012966,67600.0,0.0,67600.0,0.0,67600.0,15.882163538038837,67600.0,14.66467406643042,67600.0,0.14900000000000002,67600.0,0.0,67600.0,15.89121183898443,67600.0,14.820312321607787,67600.0,0.14899999999999997,67600.0,0.14899999999999997,67600.0,14.85557060404705,67600.0,14.235060590456815,67600.0,0.0,67600.0,0.0,67600.0,6.677299345904956,67600.0,30.095581639244827,67600.0,0.0,67600.0,0.0,67600.0,24.77312117947344,67600.0,33.213650182975016,67600.0,0.50200004,67600.0,0.50200004
67800.0,6.290496547872904,67800.0,27.242927027714266,67800.0,0.0,67800.0,0.0,67800.0,3.666236112655919,67800.0,17.850189234360318,67800.0,0.0,67800.0,0.0,67800.0,7.428384227450972,67800.0,29.30923228327992,67800.0,0.0,67800.0,0.0,67800.0,7.694036532288926,67800.0,29.9827958736963,67800.0,0.0,67800.0,0.0,67800.0,7.686673839392044,67800.0,29.969857762672184,67800.0,0.0,67800.0,0.04000000799999998,67800.0,0.5374624305449457,67800.0,8.593299867979765,67800.0,0.0,67800.0,0.0,67800.0,15.86860623023183,67800.0,14.671265489222879,67800.0,0.14900000000000002,67800.0,0.0,67800.0,15.877351659147873,67800.0,14.826867911689265,67800.0,0.14899999999999997,67800.0,0.14899999999999997,67800.0,14.845937043283701,67800.0,14.25566954010204,67800.0,0.0,67800.0,0.0,67800.0,6.2597344550236285,67800.0,27.124984522266313,67800.0,0.0,67800.0,0.0,67800.0,24.750079012862226,67800.0,33.15630068798382,67800.0,0.50200004,67800.0,0.50200004
68000.0,5.90806364428072,68000.0,35.07014272367893,68000.0,0.0,68000.0,0.0,68000.0,3.670228897485069,68000.0,17.975709547852258,68000.0,0.0,68000.0,0.0,68000.0,7.404060859381116,68000.0,29.084117458556467,68000.0,0.0,68000.0,0.0,68000.0,7.667169071936885,68000.0,29.7757396908445,68000.0,0.0,68000.0,0.0,68000.0,7.659801254171782,68000.0,29.763938324762726,68000.0,0.0,68000.0,0.04000000799999998,68000.0,0.6015830149255574,68000.0,8.814329964986861,68000.0,0.0,68000.0,0.0,68000.0,15.853075758299179,68000.0,14.678952885104634,68000.0,0.14900000000000002,68000.0,0.0,68000.0,15.861523566195801,68000.0,14.834999965668771,68000.0,0.14899999999999997,68000.0,0.14899999999999997,68000.0,14.835106781381194,68000.0,14.274038397959858,68000.0,0.0,68000.0,0.0,68000.0,5.875255923090976,68000.0,35.59088318417491,68000.0,0.0,68000.0,0.0,68000.0,24.723987571524166,68000.0,33.136367899479886,68000.0,0.50200004,68000.0,0.50200004
68200.0,5.5767806323157965,68200.0,34.28552360308014,68200.0,0.0,68200.0,0.0,68200.0,3.6738853249700996,68200.0,18.021421065611676,68200.0,0.0,68200.0,0.0,68200.0,7.380759331489384,68200.0,28.852225372859998,68200.0,0.0,68200.0,0.0,68200.0,7.645931702174962,68200.0,29.480437769805302,68200.0,0.0,68200.0,0.0,68200.0,7.638718649996955,68200.0,29.468112997811378,68200.0,0.0,68200.0,0.04000000799999998,68200.0,0.6552803975972717,68200.0,9.179733361434128,68200.0,0.0,68200.0,0.0,68200.0,15.841183384495299,68200.0,14.696201384023286,68200.0,0.14900000000000002,68200.0,0.0,68200.0,15.849463288848556,68200.0,14.853907622379698,68200.0,0.14899999999999997,68200.0,0.14899999999999997,68200.0,14.826970189548147,68200.0,14.308501592953567,68200.0,0.0,68200.0,0.0,68200.0,5.554720601960047,68200.0,33.9119563032747,68200.0,0.0,68200.0,0.0,68200.0,24.704367774481135,68200.0,33.14146937718438,68200.0,0.50200004,68200.0,0.50200004
68400.0,5.365482251992008,68400.0,29.846316054467234,68400.0,0.0,68400.0,0.0,68400.0,3.6763607459950274,68400.0,18.025963738149553,68400.0,0.0,68400.0,0.0,68400.0,7.363147116746822,68400.0,28.608457891602008,68400.0,0.0,68400.0,0.0,68400.0,7.630502276390674,68400.0,29.224425370098167,68400.0,0.0,68400.0,0.0,68400.0,7.6233867969392515,68400.0,29.213136313306617,68400.0,0.0,68400.0,0.04000000799999998,68400.0,0.6963221534484335,68400.0,9.502003556996458,68400.0,0.0,68400.0,0.0,68400.0,15.83274505354471,68400.0,14.715898780133013,68400.0,0.14900000000000002,68400.0,0.0,68400.0,15.840941285336386,68400.0,14.87590535402208,68400.0,0.14899999999999997,68400.0,0.14899999999999997,68400.0,14.821258545583406,68400.0,14.342623411416021,68400.0,0.0,68400.0,0.0,68400.0,5.344696832300614,68400.0,29.65366939989771,68400.0,0.0,68400.0,0.0,68400.0,24.690726992436858,68400.0,33.17768048621293,68400.0,0.50200004,68400.0,0.50200004
68600.0,5.154287676312028,68600.0,29.937654923496364,68600.0,0.0,68600.0,0.0,68600.0,3.6783977492141107,68600.0,18.073253586859714,68600.0,0.0,68600.0,0.0,68600.0,7.347126174223606,68600.0,28.401808920934002,68600.0,0.0,68600.0,0.0,68600.0,7.614466293028038,68600.0,29.041795211524196,68600.0,0.0,68600.0,0.0,68600.0,7.60741947526737,68600.0,29.031768866135323,68600.0,0.0,68600.0,0.04000000799999998,68600.0,0.7406656330037653,68600.0,9.721175608117212,68600.0,0.0,68600.0,0.0,68600.0,15.824053952252417,68600.0,14.73142326096178,68600.0,0.14900000000000002,68600.0,0.0,68600.0,15.832194916474647,68600.0,14.893267875248467,68600.0,0.14899999999999997,68600.0,0.14899999999999997,68600.0,14.815396743169064,68600.0,14.367275703378008,68600.0,0.0,68600.0,0.0,68600.0,5.135689007769959,68600.0,30.316236732306162,68600.0,0.0,68600.0,0.0,68600.0,24.676945888641306,68600.0,33.22353910972996,68600.0,0.50200004,68600.0,0.50200004
68800.0,4.92920868995166,68800.0,38.008846122378685,68800.0,0.0,68800.0,0.0,68800.0,3.6807294363110175,68800.0,18.243547265180766,68800.0,0.0,68800.0,0.0,68800.0,7.330190750163462,68800.0,28.193532090164986,68800.0,0.0,68800.0,0.0,68800.0,7.596005224618678,68800.0,28.77286087229281,68800.0,0.0,68800.0,0.0,68800.0,7.589011289037352,68800.0,28.762084850732883,68800.0,0.0,68800.0,0.04000000799999998,68800.0,0.7932600614974571,68800.0,10.07104829245266,68800.0,0.0,68800.0,0.0,68800.0,15.814065268262908,68800.0,14.76145829451975,68800.0,0.14900000000000002,68800.0,0.0,68800.0,15.822192009437254,68800.0,14.926730589421933,68800.0,0.14899999999999997,68800.0,0.14899999999999997,68800.0,14.808675883507616,68800.0,14.411024811037274,68800.0,0.0,68800.0,0.0,68800.0,4.913280877739611,68800.0,37.70839018499071,68800.0,0.0,68800.0,0.0,68800.0,24.661489669189688,68800.0,33.332013541299155,68800.0,0.50200004,68800.0,0.50200004
69000.0,4.75437612817762,69000.0,32.25615044621421,69000.0,0.0,69000.0,0.0,69000.0,3.6835425873003773,69000.0,18.288216949881868,69000.0,0.0,69000.0,0.0,69000.0,7.314926150402272,69000.0,27.969217885753096,69000.0,0.0,69000.0,0.0,69000.0,7.58078880019621,69000.0,28.517755686169256,69000.0,0.0,69000.0,0.0,69000.0,7.57386818000628,69000.0,28.507143355820666,69000.0,0.0,69000.0,0.04000000799999998,69000.0,0.8369633417887485,69000.0,10.392256673617783,69000.0,0.0,69000.0,0.0,69000.0,15.805955246861723,69000.0,14.795567627664735,69000.0,0.14900000000000002,69000.0,0.0,69000.0,15.814111172519548,69000.0,14.964438628228137,69000.0,0.14899999999999997,69000.0,0.14899999999999997,69000.0,14.803233569045444,69000.0,14.456665540031647,69000.0,0.0,69000.0,0.0,69000.0,4.739684703958433,69000.0,32.04130496233146,69000.0,0.0,69000.0,0.0,69000.0,24.649322417627364,69000.0,33.46656971221679,69000.0,0.50200004,69000.0,0.50200004
69200.0,4.672445948124878,69200.0,28.79150669339602,69200.0,0.0,69200.0,0.0,69200.0,3.6849788964553394,69200.0,18.301324386807266,69200.0,0.0,69200.0,0.0,69200.0,7.305199295109858,69200.0,27.76224844145426,69200.0,0.0,69200.0,0.0,69200.0,7.575476297155579,69200.0,28.313847331827894,69200.0,0.0,69200.0,0.0,69200.0,7.568657797522329,69200.0,28.303827569858772,69200.0,0.0,69200.0,0.04000000799999998,69200.0,0.8522877639031665,69200.0,10.62515673297419,69200.0,0.0,69200.0,0.0,69200.0,15.803140217073155,69200.0,14.824057240896284,69200.0,0.14900000000000002,69200.0,0.0,69200.0,15.811320190192308,69200.0,14.99554095960959,69200.0,0.14899999999999997,69200.0,0.14899999999999997,69200.0,14.801340761686772,69200.0,14.492772036254243,69200.0,0.0,69200.0,0.0,69200.0,4.662336651234216,69200.0,28.64330237945799,69200.0,0.0,69200.0,0.0,69200.0,24.645209678090513,69200.0,33.586883818724495,69200.0,0.50200004,69200.0,0.50200004
69400.0,4.599997323598441,69400.0,29.5310843130213,69400.0,0.0,69400.0,0.0,69400.0,3.686793796216575,69400.0,18.35173234337107,69400.0,0.0,69400.0,0.0,69400.0,7.298211287793018,69400.0,27.57255794989431,69400.0,0.0,69400.0,0.0,69400.0,7.5688021815910425,69400.0,28.110185221450696,69400.0,0.0,69400.0,0.0,69400.0,7.562051179964739,69400.0,28.099449889026484,69400.0,0.0,69400.0,0.04000000799999998,69400.0,0.8714984413530129,69400.0,10.853767246136474,69400.0,0.0,69400.0,0.0,69400.0,15.799627677913335,69400.0,14.855671642471522,69400.0,0.14900000000000002,69400.0,0.0,69400.0,15.807841146222131,69400.0,15.029559812294902,69400.0,0.14899999999999997,69400.0,0.14899999999999997,69400.0,14.798987781813086,69400.0,14.531137695315504,69400.0,0.0,69400.0,0.0,69400.0,4.589061483913879,69400.0,29.947396416598938,69400.0,0.0,69400.0,0.0,69400.0,24.640158272889973,69400.0,33.7322573618344,69400.0,0.50200004,69400.0,0.50200004
69600.0,4.116448699076394,69600.0,37.81938780560685,69600.0,0.0,69600.0,0.0,69600.0,3.6974336494246116,69600.0,18.53397820347888,69600.0,0.0,69600.0,0.0,69600.0,7.250294990462559,69600.0,27.727909919353174,69600.0,0.0,69600.0,0.828,69600.0,7.473271676500975,69600.0,28.01746022173677,69600.0,0.0,69600.0,0.0,69600.0,7.466040626760946,69600.0,27.954527392445783,69600.0,0.0,69600.0,0.04000000799999998,69600.0,1.15735942822867,69600.0,11.059444875729113,69600.0,0.0,69600.0,0.0,69600.0,15.733193895347723,69600.0,14.89640831317455,69600.0,0.14900000000000002,69600.0,0.0,69600.0,15.74203806279033,69600.0,15.072104277798754,69600.0,0.14899999999999997,69600.0,0.14899999999999997,69600.0,14.747833253783586,69600.0,14.57280381153896,69600.0,0.0,69600.0,0.0,69600.0,4.096460808207742,69600.0,37.52982056949491,69600.0,0.0,69600.0,0.0,69600.0,24.558326616857055,69600.0,33.921977939864085,69600.0,0.50200004,69600.0,0.50200004
69800.0,7.048820016015872,69800.0,32.186506612284944,69800.0,0.0,69800.0,0.0,69800.0,3.7696681571809596,69800.0,18.607215233758406,69800.0,0.0,69800.0,0.0,69800.0,7.179939735459493,69800.0,28.17649324234357,69800.0,0.0,69800.0,0.828,69800.0,7.384465264031687,69800.0,28.258000582292095,69800.0,0.0,69800.0,0.0,69800.0,7.377037516480494,69800.0,28.186612800567925,69800.0,0.0,69800.0,0.04000000799999998,69800.0,1.1875827413179774,69800.0,11.015561787247467,69800.0,0.0,69800.0,0.0,69800.0,15.66770231313376,69800.0,14.933023260487317,69800.0,0.14900000000000002,69800.0,0.0,69800.0,15.677366303397338,69800.0,15.109096428235988,69800.0,0.14899999999999997,69800.0,0.14899999999999997,69800.0,14.680222227367212,69800.0,14.594259317641168,69800.0,0.0,69800.0,0.0,69800.0,7.5887949070982925,69800.0,31.97768341573691,69800.0,0.0,69800.0,0.0,69800.0,24.517290771328714,69800.0,34.11379337468217,69800.0,0.50200004,69800.0,0.50200004
70000.0,10.142044611461666,70000.0,28.612386917657677,70000.0,0.0,70000.0,0.0,70000.0,3.817803569612113,70000.0,18.604043816830366,70000.0,0.0,70000.0,0.0,70000.0,7.109089248132241,70000.0,28.47201533720022,70000.0,0.0,70000.0,0.828,70000.0,7.30089239170336,70000.0,28.50005111633968,70000.0,0.0,70000.0,0.0,70000.0,7.293466676470443,70000.0,28.425104825795355,70000.0,0.0,70000.0,0.04000000799999998,70000.0,1.073231749810616,70000.0,10.820497094632021,70000.0,0.0,70000.0,0.0,70000.0,15.599568536640248,70000.0,14.962130867400855,70000.0,0.14900000000000002,70000.0,0.0,70000.0,15.61039679528902,70000.0,15.138145791026568,70000.0,0.14899999999999997,70000.0,0.14899999999999997,70000.0,14.601648657734428,70000.0,14.60123637866648,70000.0,0.0,70000.0,0.0,70000.0,9.853518274363081,70000.0,28.468004276788417,70000.0,0.0,70000.0,0.0,70000.0,24.509626214430735,70000.0,34.307682440813956,70000.0,0.50200004,70000.0,0.50200004
70200.0,8.033370996484203,70200.0,29.282333192783874,70200.0,0.0,70200.0,0.0,70200.0,3.795985349587381,70200.0,18.599146703660406,70200.0,0.0,70200.0,0.0,70200.0,7.037552669419166,70200.0,28.71471747620695,70200.0,0.0,70200.0,0.828,70200.0,7.222632779550454,70200.0,28.736486199051672,70200.0,0.0,70200.0,0.0,70200.0,7.215271336430815,70200.0,28.659651153093677,70200.0,0.0,70200.0,0.04000000799999998,70200.0,0.8721858839433488,70200.0,10.523456030978473,70200.0,0.0,70200.0,0.0,70200.0,15.530415616947996,70200.0,14.982513266739959,70200.0,0.14900000000000002,70200.0,0.0,70200.0,15.542400219867776,70200.0,15.158230630035062,70200.0,0.14899999999999997,70200.0,0.14899999999999997,70200.0,14.519682384345275,70200.0,14.597620608413887,70200.0,0.0,70200.0,0.0,70200.0,7.909594987879318,70200.0,29.719025428872367,70200.0,0.0,70200.0,0.0,70200.0,24.515696161412023,70200.0,34.47967442248485,70200.0,0.50200004,70200.0,0.50200004
70400.0,7.0724598770554685,70400.0,37.72129216130325,70400.0,0.0,70400.0,0.0,70400.0,3.750516864728057,70400.0,18.682498991659703,70400.0,0.0,70400.0,0.0,70400.0,6.986208758276705,70400.0,28.94268856808539,70400.0,0.0,70400.0,0.828,70400.0,7.189979461457344,70400.0,28.967968681284177,70400.0,0.0,70400.0,0.0,70400.0,7.182981275645771,70400.0,28.88991522870346,70400.0,0.0,70400.0,0.04000000799999998,70400.0,0.7827833461798449,70400.0,10.154589787777546,70400.0,0.0,70400.0,0.0,70400.0,15.506012590703182,70400.0,14.993962627842848,70400.0,0.14900000000000002,70400.0,0.0,70400.0,15.518296625416108,70400.0,15.169096686502654,70400.0,0.14899999999999997,70400.0,0.14899999999999997,70400.0,14.490444793245366,70400.0,14.585210636417502,70400.0,0.0,70400.0,0.0,70400.0,7.017902941901612,70400.0,37.43985384441767,70400.0,0.0,70400.0,0.0,70400.0,24.517407185091553,70400.0,34.60547459594549,70400.0,0.50200004,70400.0,0.50200004
70600.0,6.373540581886917,70600.0,32.269196958973744,70600.0,0.0,70600.0,0.0,70600.0,3.6899764226558855,70600.0,18.601119206727553,70600.0,0.0,70600.0,0.0,70600.0,6.944960637282901,70600.0,29.150557198280115,70600.0,0.0,70600.0,0.828,70600.0,7.152122697212123,70600.0,29.171456057152707,70600.0,0.0,70600.0,0.0,70600.0,7.145115826144471,70600.0,29.092105927946488,70600.0,0.0,70600.0,0.04000000799999998,70600.0,0.6677849779073585,70600.0,9.790307306098095,70600.0,0.0,70600.0,0.0,70600.0,15.477154482571462,70600.0,14.996772746060001,70600.0,0.14900000000000002,70600.0,0.0,70600.0,15.48976504438065,70600.0,15.171115102865388,70600.0,0.14899999999999997,70600.0,0.14899999999999997,70600.0,14.456006109223692,70600.0,14.567906607121452,70600.0,0.0,70600.0,0.0,70600.0,6.33193109257324,70600.0,32.07391605759412,70600.0,0.0,70600.0,0.0,70600.0,24.51778923136116,70600.0,34.67229002986098,70600.0,0.50200004,70600.0,0.50200004
70800.0,5.759611835808261,70800.0,28.842237445063788,70800.0,0.0,70800.0,0.0,70800.0,3.613480569495786,70800.0,18.459700998890938,70800.0,0.0,70800.0,0.0,70800.0,6.9029190555585656,70800.0,29.332343352817315,70800.0,0.0,70800.0,0.828,70800.0,7.110358410654962,70800.0,29.36907173456493,70800.0,0.0,70800.0,0.0,70800.0,7.103294136537414,70800.0,29.289896670106494,70800.0,0.0,70800.0,0.04000000799999998,70800.0,0.5319643070807094,70800.0,9.387498204350951,70800.0,0.0,70800.0,0.0,70800.0,15.444369033622198,70800.0,14.993278135047005,70800.0,0.14900000000000002,70800.0,0.0,70800.0,15.457243557663263,70800.0,15.166530695770318,70800.0,0.14899999999999997,70800.0,0.14899999999999997,70800.0,14.41705090983649,70800.0,14.544714738998113,70800.0,0.0,70800.0,0.0,70800.0,5.726023813358453,70800.0,28.689294861816943,70800.0,0.0,70800.0,0.0,70800.0,24.515415787227813,70800.0,34.70683106925055,70800.0,0.50200004,70800.0,0.50200004
71000.0,5.232068147928045,71000.0,29.433019511627904,71000.0,0.0,71000.0,0.0,71000.0,3.5236301320991075,71000.0,18.334270089230525,71000.0,0.0,71000.0,0.0,71000.0,6.858518748050962,71000.0,29.514605010282246,71000.0,0.0,71000.0,0.828,71000.0,7.067301694700984,71000.0,29.576256905446265,71000.0,0.0,71000.0,0.0,71000.0,7.060188027895471,71000.0,29.496339463553873,71000.0,0.0,71000.0,0.04000000799999998,71000.0,0.38480198097843565,71000.0,8.91809996681673,71000.0,0.0,71000.0,0.0,71000.0,15.409909954167095,71000.0,14.981898873793103,71000.0,0.14900000000000002,71000.0,0.0,71000.0,15.422913918522843,71000.0,15.153563981929622,71000.0,0.14899999999999997,71000.0,0.14899999999999997,71000.0,14.376280593077832,71000.0,14.511844275250818,71000.0,0.0,71000.0,0.0,71000.0,5.2046651063315,71000.0,29.865151615252014,71000.0,0.0,71000.0,0.0,71000.0,24.509055275681074,71000.0,34.69109543817949,71000.0,0.50200004,71000.0,0.50200004
71200.0,4.783957675935627,71200.0,37.94394920080349,71200.0,0.0,71200.0,0.0,71200.0,3.4241918528677546,71200.0,18.317461170690624,71200.0,0.0,71200.0,0.0,71200.0,6.8127809576896725,71200.0,29.6872749625855,71200.0,0.0,71200.0,0.828,71200.0,7.024544469493677,71200.0,29.744307571563617,71200.0,0.0,71200.0,0.0,71200.0,7.017381681190507,71200.0,29.66254106629668,71200.0,0.0,71200.0,0.04000000799999998,71200.0,0.2340485640481291,71200.0,8.529184995434441,71200.0,0.0,71200.0,0.0,71200.0,15.375426664300168,71200.0,14.967328519775288,71200.0,0.14900000000000002,71200.0,0.0,71200.0,15.388400283134562,71200.0,15.137490114555872,71200.0,0.14899999999999997,71200.0,0.14899999999999997,71200.0,14.335643347020438,71200.0,14.480673420014483,71200.0,0.0,71200.0,0.0,71200.0,4.761073974285062,71200.0,37.68237186183911,71200.0,0.0,71200.0,0.0,71200.0,24.49824153096092,71200.0,34.635226379599594,71200.0,0.50200004,71200.0,0.50200004
71400.0,4.397854582233422,71400.0,32.417816977022596,71400.0,0.0,71400.0,0.0,71400.0,3.3182097351533915,71400.0,18.15991729531715,71400.0,0.0,71400.0,0.0,71400.0,6.766449222956244,71400.0,29.844898297694307,71400.0,0.0,71400.0,0.828,71400.0,6.981972640086503,71400.0,29.91838464493615,71400.0,0.0,71400.0,0.0,71400.0,6.974742680253579,71400.0,29.836159706849195,71400.0,0.0,71400.0,0.04000000799999998,71400.0,0.08111618581651532,71400.0,8.095177896685286,71400.0,0.0,71400.0,0.0,71400.0,15.340998955025542,71400.0,14.946463111971108,71400.0,0.14900000000000002,71400.0,0.0,71400.0,15.353788324195266,71400.0,15.114837026563217,71400.0,0.14899999999999997,71400.0,0.14899999999999997,71400.0,14.295226336767147,71400.0,14.442433226620626,71400.0,0.0,71400.0,0.0,71400.0,4.377969775755941,71400.0,32.223494532713715,71400.0,0.0,71400.0,0.0,71400.0,24.482742081677195,71400.0,34.54435289971471,71400.0,0.50200004,71400.0,0.50200004
71600.0,4.1265201907888605,71600.0,28.750675548618954,71600.0,0.0,71600.0,0.0,71600.0,3.2347283172381127,71600.0,17.947840921772496,71600.0,0.0,71600.0,0.0,71600.0,6.725459493622964,71600.0,29.998044342625832,71600.0,0.0,71600.0,0.828,71600.0,6.956045705580312,71600.0,30.10146147332782,71600.0,0.0,71600.0,0.0,71600.0,6.948955796842809,71600.0,30.019264628242563,71600.0,0.0,71600.0,0.04000000799999998,71600.0,-0.011097806667426621,71600.0,7.594771954058361,71600.0,0.0,71600.0,0.0,71600.0,15.320370095540225,71600.0,14.916005271524579,71600.0,0.14900000000000002,71600.0,0.0,71600.0,15.332986438157661,71600.0,15.082227806519539,71600.0,0.14899999999999997,71600.0,0.14899999999999997,71600.0,14.271093808210892,71600.0,14.393299867145156,71600.0,0.0,71600.0,0.0,71600.0,4.120129448802985,71600.0,28.604494400480053,71600.0,0.0,71600.0,0.0,71600.0,24.471107708119295,71600.0,34.39998010637096,71600.0,0.50200004,71600.0,0.50200004
71800.0,7.043738659578357,71800.0,29.286188531425907,71800.0,0.0,71800.0,0.0,71800.0,3.168880955452493,71800.0,17.774485780506662,71800.0,0.0,71800.0,0.0,71800.0,6.665736261624664,71800.0,30.145868103019858,71800.0,0.0,71800.0,0.828,71800.0,6.869903254575505,71800.0,30.272697702940448,71800.0,0.0,71800.0,0.0,71800.0,6.86214606782405,71800.0,30.190131546132463,71800.0,0.0,71800.0,0.04000000799999998,71800.0,-0.25693922481521403,71800.0,7.250282971883303,71800.0,0.0,71800.0,0.0,71800.0,15.238563444229682,71800.0,14.882141226370695,71800.0,0.14900000000000002,71800.0,0.0,71800.0,15.251091879356348,71800.0,15.047181823790671,71800.0,0.14899999999999997,71800.0,0.14899999999999997,71800.0,14.186597643396798,71800.0,14.354068912740674,71800.0,0.0,71800.0,0.0,71800.0,7.581462456544255,71800.0,29.71785310708001,71800.0,0.0,71800.0,0.0,71800.0,24.40944360436254,71800.0,34.20924646092954,71800.0,0.50200004,71800.0,0.50200004
72000.0,10.003559509990517,72000.0,37.43328132604448,72000.0,0.0,72000.0,0.0,72000.0,3.135902144216017,72000.0,17.76383463086829,72000.0,0.0,72000.0,0.0,72000.0,6.602944429521463,72000.0,30.26664483718655,72000.0,0.0,72000.0,0.828,72000.0,6.8070085970632634,72000.0,30.38548063223124,72000.0,0.0,72000.0,0.0,72000.0,6.798995168939852,72000.0,30.302690741377294,72000.0,0.0,72000.0,0.04000000799999998,72000.0,-0.2373470991730388,72000.0,7.207233322040588,72000.0,0.0,72000.0,0.0,72000.0,15.183425143324493,72000.0,14.862544398720914,72000.0,0.14900000000000002,72000.0,0.0,72000.0,15.195527993985078,72000.0,15.026906035373177,72000.0,0.14899999999999997,72000.0,0.14899999999999997,72000.0,14.137919437568854,72000.0,14.338773049978746,72000.0,0.0,72000.0,0.0,72000.0,9.733148577994134,72000.0,37.17074358219245,72000.0,0.0,72000.0,0.0,72000.0,24.348968083254956,72000.0,34.074251457353725,72000.0,0.50200004,72000.0,0.50200004
72200.0,8.19989983627301,72200.0,31.833276132522144,72200.0,0.0,72200.0,0.0,72200.0,3.1102813728799243,72200.0,17.680699354068135,72200.0,0.0,72200.0,0.0,72200.0,6.552221322807306,72200.0,30.398478043404175,72200.0,0.0,72200.0,0.828,72200.0,6.7665648217253365,72200.0,30.545045289111787,72200.0,0.0,72200.0,0.0,72200.0,6.758911054145057,72200.0,30.462234345512414,72200.0,0.0,72200.0,0.04000000799999998,72200.0,-0.1960645753989134,72200.0,7.231175649252755,72200.0,0.0,72200.0,0.0,72200.0,15.15194000381,72200.0,14.833732757780089,72200.0,0.14900000000000002,72200.0,0.0,72200.0,15.163588783089336,72200.0,14.99665652069349,72200.0,0.14899999999999997,72200.0,0.14899999999999997,72200.0,14.11183586819079,72200.0,14.321912636363416,72200.0,0.0,72200.0,0.0,72200.0,8.078599357209876,72200.0,31.627519209319072,72200.0,0.0,72200.0,0.0,72200.0,24.307659378126136,72200.0,33.85111454558573,72200.0,0.50200004,72200.0,0.50200004
72400.0,7.184090096517186,72400.0,28.18205939557432,72400.0,0.0,72400.0,0.0,72400.0,3.0912143057544346,72400.0,17.603880818450783,72400.0,0.0,72400.0,0.0,72400.0,6.510184147548754,72400.0,30.533184539681535,72400.0,0.0,72400.0,0.828,72400.0,6.731885865408851,72400.0,30.698143395746474,72400.0,0.0,72400.0,0.0,72400.0,6.724535549857869,72400.0,30.615177395665658,72400.0,0.0,72400.0,0.04000000799999998,72400.0,-0.1510622981529642,72400.0,7.336267341816556,72400.0,0.0,72400.0,0.0,72400.0,15.126829968096725,72400.0,14.810009844144771,72400.0,0.14900000000000002,72400.0,0.0,72400.0,15.138014730014216,72400.0,14.971098261373246,72400.0,0.14899999999999997,72400.0,0.14899999999999997,72400.0,14.09181118857329,72400.0,14.313176841827039,72400.0,0.0,72400.0,0.0,72400.0,7.117440563566613,72400.0,28.035871978834674,72400.0,0.0,72400.0,0.0,72400.0,24.271984793573626,72400.0,33.62226859725553,72400.0,0.50200004,72400.0,0.50200004
72600.0,6.513518995616557,72600.0,35.74488805088485,72600.0,0.0,72600.0,0.0,72600.0,3.0761396906708094,72600.0,17.728182940605148,72600.0,0.0,72600.0,0.0,72600.0,6.476007872785411,72600.0,30.658218066661327,72600.0,0.0,72600.0,0.828,72600.0,6.704063278247774,72600.0,30.811658615387195,72600.0,0.0,72600.0,0.0,72600.0,6.696915708910649,72600.0,30.727232072097884,72600.0,0.0,72600.0,0.04000000799999998,72600.0,-0.10795949889785565,72600.0,7.454596643946666,72600.0,0.0,72600.0,0.0,72600.0,15.10777732306789,72600.0,14.796980760100416,72600.0,0.14900000000000002,72600.0,0.0,72600.0,15.118544512248826,72600.0,14.956664547608556,72600.0,0.14899999999999997,72600.0,0.14899999999999997,72600.0,14.077049170735089,72600.0,14.311511962733125,72600.0,0.0,72600.0,0.0,72600.0,6.469697388526915,72600.0,36.24804216163907,72600.0,0.0,72600.0,0.0,72600.0,24.243707826489718,72600.0,33.466381178211066,72600.0,0.50200004,72600.0,0.50200004
72800.0,6.035459764372154,72800.0,34.857889203309696,72800.0,0.0,72800.0,0.0,72800.0,3.0632683618492176,72800.0,17.792636410686036,72800.0,0.0,72800.0,0.0,72800.0,6.448568890337332,72800.0,30.779316099847666,72800.0,0.0,72800.0,0.828,72800.0,6.681977948508847,72800.0,30.947465010438147,72800.0,0.0,72800.0,0.0,72800.0,6.674958712246278,72800.0,30.863857446691316,72800.0,0.0,72800.0,0.04000000799999998,72800.0,-0.06957637000073912,72800.0,7.645232189214007,72800.0,0.0,72800.0,0.0,72800.0,15.093310420191395,72800.0,14.785670765928723,72800.0,0.14900000000000002,72800.0,0.0,72800.0,15.103726180600265,72800.0,14.943746843471969,72800.0,0.14899999999999997,72800.0,0.14899999999999997,72800.0,14.066105879123054,72800.0,14.314545513410248,72800.0,0.0,72800.0,0.0,72800.0,6.002988109197728,72800.0,34.47055574633705,72800.0,0.0,72800.0,0.0,72800.0,24.221742257850853,72800.0,33.30411083150643,72800.0,0.50200004,72800.0,0.50200004
73000.0,5.675225852769576,73000.0,30.14073728772242,73000.0,0.0,73000.0,0.0,73000.0,3.0515970645251964,73000.0,17.824680257695384,73000.0,0.0,73000.0,0.0,73000.0,6.426397769422377,73000.0,30.91147185114957,73000.0,0.0,73000.0,0.828,73000.0,6.663671597851583,73000.0,31.09270366794113,73000.0,0.0,73000.0,0.0,73000.0,6.656737686137554,73000.0,31.00924131349581,73000.0,0.0,73000.0,0.04000000799999998,73000.0,-0.03494295139150355,73000.0,7.904592384735494,73000.0,0.0,73000.0,0.0,73000.0,15.081723937238179,73000.0,14.779039578959159,73000.0,0.14900000000000002,73000.0,0.0,73000.0,15.091836430124163,73000.0,14.935645819405277,73000.0,0.14899999999999997,73000.0,0.14899999999999997,73000.0,14.057531870278373,73000.0,14.324736830082534,73000.0,0.0,73000.0,0.0,73000.0,5.647876924577125,73000.0,29.92534741331072,73000.0,0.0,73000.0,0.0,73000.0,24.20394020129857,73000.0,33.15798229694474,73000.0,0.50200004,73000.0,0.50200004
73200.0,5.398565398044798,73200.0,29.98689906080963,73200.0,0.0,73200.0,0.0,73200.0,3.0414145540867383,73200.0,17.903986235752686,73200.0,0.0,73200.0,0.0,73200.0,6.408381529305049,73200.0,31.031806341432695,73200.0,0.0,73200.0,0.828,73200.0,6.649298459190946,73200.0,31.195954103139027,73200.0,0.0,73200.0,0.0,73200.0,6.642443863615967,73200.0,31.11139818670581,73200.0,0.0,73200.0,0.04000000799999998,73200.0,-0.005953909748264031,73200.0,8.109348019307946,73200.0,0.0,73200.0,0.0,73200.0,15.072886064752973,73200.0,14.778455155316337,73200.0,0.14900000000000002,73200.0,0.0,73200.0,15.082762827795957,73200.0,14.934360878977207,73200.0,0.14899999999999997,73200.0,0.14899999999999997,73200.0,14.051133755986735,73200.0,14.33600593258332,73200.0,0.0,73200.0,0.0,73200.0,5.37597143064031,73200.0,30.364367395766347,73200.0,0.0,73200.0,0.0,73200.0,24.190290563467578,73200.0,33.080169351052206,73200.0,0.50200004,73200.0,0.50200004
73400.0,5.153684735309906,73400.0,38.09038482830495,73400.0,0.0,73400.0,0.0,73400.0,3.031139165606217,73400.0,18.11141697251235,73400.0,0.0,73400.0,0.0,73400.0,6.392632276450491,73400.0,30.798915335359187,73400.0,0.0,73400.0,0.0,73400.0,6.634328755023728,73400.0,31.201748033300202,73400.0,0.0,73400.0,0.0,73400.0,6.627506035655823,73400.0,31.168710629273892,73400.0,0.0,73400.0,0.04000000799999998,73400.0,0.026361523820744727,73400.0,8.346702447879844,73400.0,0.0,73400.0,0.0,73400.0,15.0638166925101,73400.0,14.781084840669608,73400.0,0.14900000000000002,73400.0,0.0,73400.0,15.073459343104199,73400.0,14.936646979056215,73400.0,0.14899999999999997,73400.0,0.14899999999999997,73400.0,14.04469541161634,73400.0,14.351023979537244,73400.0,0.0,73400.0,0.0,73400.0,5.129756336968315,73400.0,37.81446327865497,73400.0,0.0,73400.0,0.0,73400.0,24.176259137163036,73400.0,33.02659001700942,73400.0,0.50200004,73400.0,0.50200004
73600.0,4.823255675838401,73600.0,32.30111610255686,73600.0,0.0,73600.0,0.0,73600.0,3.019978040138912,73600.0,18.14483611586029,73600.0,0.0,73600.0,0.0,73600.0,6.373166304190099,73600.0,30.289479345992937,73600.0,0.0,73600.0,0.0,73600.0,6.610498903622823,73600.0,30.881420152033815,73600.0,0.0,73600.0,0.0,73600.0,6.603621542998436,73600.0,30.858801347875957,73600.0,0.0,73600.0,0.04000000799999998,73600.0,0.0838689974009893,73600.0,8.696304844387827,73600.0,0.0,73600.0,0.0,73600.0,15.04927332991781,73600.0,14.7900647624059,73600.0,0.14900000000000002,73600.0,0.0,73600.0,15.05857819531028,73600.0,14.946039509390255,73600.0,0.14899999999999997,73600.0,0.14899999999999997,73600.0,14.034601492654689,73600.0,14.377546086351607,73600.0,0.0,73600.0,0.0,73600.0,4.796869087615004,73600.0,32.088014504347655,73600.0,0.0,73600.0,0.0,73600.0,24.153804858523475,73600.0,32.9903914356948,73600.0,0.50200004,73600.0,0.50200004
73800.0,4.493338866432148,73800.0,28.562188690319097,73800.0,0.0,73800.0,0.0,73800.0,3.0125629810837715,73800.0,18.140016733530764,73800.0,0.0,73800.0,0.0,73800.0,6.350449681963841,73800.0,29.928869912062783,73800.0,0.0,73800.0,0.0,73800.0,6.586836771123234,73800.0,30.563871519387213,73800.0,0.0,73800.0,0.0,73800.0,6.580041617424377,73800.0,30.54583923970185,73800.0,0.0,73800.0,0.04000000799999998,73800.0,0.1476778232278375,73800.0,9.060340194123583,73800.0,0.0,73800.0,0.0,73800.0,15.035072905865842,73800.0,14.80506851150101,73800.0,0.14900000000000002,73800.0,0.0,73800.0,15.044119303137704,73800.0,14.96259959884066,73800.0,0.14899999999999997,73800.0,0.14899999999999997,73800.0,14.02500740629177,73800.0,14.40986050056946,73800.0,0.0,73800.0,0.0,73800.0,4.473808794991153,73800.0,28.412533890894753,73800.0,0.0,73800.0,0.0,73800.0,24.13212567806492,73800.0,32.99345157388593,73800.0,0.50200004,73800.0,0.50200004
74000.0,4.282595792103416,74000.0,29.245521488118275,74000.0,0.0,74000.0,0.0,74000.0,3.008588124022667,74000.0,18.18689028697461,74000.0,0.0,74000.0,0.0,74000.0,6.331976303455498,74000.0,29.655414525594516,74000.0,0.0,74000.0,0.0,74000.0,6.5714991220537575,74000.0,30.32728953426724,74000.0,0.0,74000.0,0.0,74000.0,6.564808244277351,74000.0,30.311709456927403,74000.0,0.0,74000.0,0.04000000799999998,74000.0,0.1916971350934046,74000.0,9.323718334016707,74000.0,0.0,74000.0,0.0,74000.0,15.026215459115978,74000.0,14.818767439696582,74000.0,0.14900000000000002,74000.0,0.0,74000.0,15.035144988622516,74000.0,14.977975015792238,74000.0,0.14899999999999997,74000.0,0.14899999999999997,74000.0,14.019141746454778,74000.0,14.43524030822566,74000.0,0.0,74000.0,0.0,74000.0,4.267088934714869,74000.0,29.656875141977,74000.0,0.0,74000.0,0.0,74000.0,24.11884101076314,74000.0,33.0206761883985,74000.0,0.50200004,74000.0,0.50200004
74200.0,4.116266978881292,74200.0,37.30433083684016,74200.0,0.0,74200.0,0.0,74200.0,3.0056410984741437,74200.0,18.352287927200717,74200.0,0.0,74200.0,0.0,74200.0,6.317288178379936,74200.0,29.434120485011704,74200.0,0.0,74200.0,0.0,74200.0,6.55787421908046,74200.0,30.094327242054042,74200.0,0.0,74200.0,0.0,74200.0,6.551250934229323,74200.0,30.078622656328285,74200.0,0.0,74200.0,0.04000000799999998,74200.0,0.2326176789350688,74200.0,9.598145300280445,74200.0,0.0,74200.0,0.0,74200.0,15.018480191841954,74200.0,14.835783028372564,74200.0,0.14900000000000002,74200.0,0.0,74200.0,15.027338609468169,74200.0,14.997115238991993,74200.0,0.14899999999999997,74200.0,0.14899999999999997,74200.0,14.014064514496312,74200.0,14.463742267267113,74200.0,0.0,74200.0,0.0,74200.0,4.100587582328955,74200.0,37.028891283011184,74200.0,0.0,74200.0,0.0,74200.0,24.107441677159645,74200.0,33.0757960161711,74200.0,0.50200004,74200.0,0.50200004
74400.0,6.98261204074451,74400.0,31.736700192889955,74400.0,0.0,74400.0,0.0,74400.0,3.0602882843215538,74400.0,18.39054425109605,74400.0,0.0,74400.0,0.0,74400.0,6.298137337836595,74400.0,29.183758772887376,74400.0,0.0,74400.0,0.0,74400.0,6.526669533120997,74400.0,29.801318420906842,74400.0,0.0,74400.0,0.0,74400.0,6.519677699470383,74400.0,29.78707392346895,74400.0,0.0,74400.0,0.04000000799999998,74400.0,0.3376214617022756,74400.0,9.949249730974177,74400.0,0.0,74400.0,0.0,74400.0,14.999512943073272,74400.0,14.863627428793809,74400.0,0.14900000000000002,74400.0,0.0,74400.0,15.008311001403712,74400.0,15.028329125231824,74400.0,0.14899999999999997,74400.0,0.14899999999999997,74400.0,14.001696925783975,74400.0,14.505713911025373,74400.0,0.0,74400.0,0.0,74400.0,7.482142766951377,74400.0,31.532952664148908,74400.0,0.0,74400.0,0.0,74400.0,24.08036359649392,74400.0,33.178999700593224,74400.0,0.50200004,74400.0,0.50200004
74600.0,9.761341791983334,74600.0,28.388470128364418,74600.0,0.0,74600.0,0.0,74600.0,3.132694613018844,74600.0,18.402794630187156,74600.0,0.0,74600.0,0.0,74600.0,6.269201886776946,74600.0,28.949452268803277,74600.0,0.0,74600.0,0.0,74600.0,6.476643611859509,74600.0,29.568993644272933,74600.0,0.0,74600.0,0.0,74600.0,6.46919550114948,74600.0,29.55614217616089,74600.0,0.0,74600.0,0.04000000799999998,74600.0,0.5296407467465664,74600.0,10.207034917268379,74600.0,0.0,74600.0,0.0,74600.0,14.965585852159714,74600.0,14.88768362440321,74600.0,0.14900000000000002,74600.0,0.0,74600.0,14.974759038967528,74600.0,15.055113204331377,74600.0,0.14899999999999997,74600.0,0.14899999999999997,74600.0,13.979864099154907,74600.0,14.539221498484709,74600.0,0.0,74600.0,0.0,74600.0,9.48712080706905,74600.0,28.245673133067637,74600.0,0.0,74600.0,0.0,74600.0,24.036470172152246,74600.0,33.27976731439045,74600.0,0.50200004,74600.0,0.50200004
74800.0,7.975552107921325,74800.0,35.97569623543699,74800.0,0.0,74800.0,0.0,74800.0,3.1934406426054105,74800.0,18.579592756115815,74800.0,0.0,74800.0,0.0,74800.0,6.238169170808696,74800.0,28.753675491630695,74800.0,0.0,74800.0,0.0,74800.0,6.4408729811265495,74800.0,29.363509952391944,74800.0,0.0,74800.0,0.0,74800.0,6.433870284587822,74800.0,29.34975054628225,74800.0,0.0,74800.0,0.04000000799999998,74800.0,0.6579381964313388,74800.0,10.434143714238326,74800.0,0.0,74800.0,0.0,74800.0,14.943426925247763,74800.0,14.911669377274093,74800.0,0.14900000000000002,74800.0,0.0,74800.0,14.953163189221604,74800.0,15.081564199841198,74800.0,0.14899999999999997,74800.0,0.14899999999999997,74800.0,13.965671564172748,74800.0,14.570824523138327,74800.0,0.0,74800.0,0.0,74800.0,7.853614706484613,74800.0,36.52456303308461,74800.0,0.0,74800.0,0.0,74800.0,24.01249569347799,74800.0,33.39302730142335,74800.0,0.50200004,74800.0,0.50200004
75000.0,6.990245263709131,75000.0,35.124853060158415,75000.0,0.0,75000.0,0.0,75000.0,3.2481775259627588,75000.0,18.6659686799495,75000.0,0.0,75000.0,0.0,75000.0,6.210408531509733,75000.0,28.532107645676785,75000.0,0.0,75000.0,0.0,75000.0,6.411309374669625,75000.0,29.098985365018386,75000.0,0.0,75000.0,0.0,75000.0,6.4046344952598275,75000.0,29.08641134736533,75000.0,0.0,75000.0,0.04000000799999998,75000.0,0.7647581311604056,75000.0,10.722634591200334,75000.0,0.0,75000.0,0.0,75000.0,14.926095850809661,75000.0,14.948794397442132,75000.0,0.14900000000000002,75000.0,0.0,75000.0,14.936446976247854,75000.0,15.121885578611353,75000.0,0.14899999999999997,75000.0,0.14899999999999997,75000.0,13.954587725528649,75000.0,14.616993477504241,75000.0,0.0,75000.0,0.0,75000.0,6.924790015233905,75000.0,34.753292678896585,75000.0,0.0,75000.0,0.0,75000.0,23.997354480773915,75000.0,33.568438895629185,75000.0,0.50200004,75000.0,0.50200004
75200.0,6.1732466926844225,75200.0,30.517512482660877,75200.0,0.0,75200.0,0.0,75200.0,3.2932608485074937,75200.0,18.690183929419796,75200.0,0.0,75200.0,0.0,75200.0,6.179633194758972,75200.0,28.30245317186954,75200.0,0.0,75200.0,0.0,75200.0,6.363648067767689,75200.0,28.845618848381562,75200.0,0.0,75200.0,0.0,75200.0,6.356384759312315,75200.0,28.833947911817944,75200.0,0.0,75200.0,0.04000000799999998,75200.0,0.9655905136259142,75200.0,10.981124211716644,75200.0,0.0,75200.0,0.0,75200.0,14.893306207560117,75200.0,14.988463801325816,75200.0,0.14900000000000002,75200.0,0.0,75200.0,14.904947269997377,75200.0,15.164033572577264,75200.0,0.14899999999999997,75200.0,0.14899999999999997,75200.0,13.932591179481074,75200.0,14.662916252187642,75200.0,0.0,75200.0,0.0,75200.0,6.102526009540001,75200.0,30.30948783153379,75200.0,0.0,75200.0,0.0,75200.0,23.977827928448903,75200.0,33.754669327833426,75200.0,0.50200004,75200.0,0.50200004
75400.0,5.250124267439471,75400.0,27.422646114748822,75400.0,0.0,75400.0,0.0,75400.0,3.3388879374353855,75400.0,18.66397249984972,75400.0,0.0,75400.0,0.0,75400.0,6.127589562462586,75400.0,28.07244123235309,75400.0,0.0,75400.0,0.0,75400.0,6.293281726671289,75400.0,28.600177335146753,75400.0,0.0,75400.0,0.0,75400.0,6.286263548162794,75400.0,28.5891923633025,75400.0,0.0,75400.0,0.04000000799999998,75400.0,1.1156032319575573,75400.0,11.065336183645554,75400.0,0.0,75400.0,0.0,75400.0,14.841499025550268,75400.0,15.026902368543917,75400.0,0.14900000000000002,75400.0,0.0,75400.0,14.854580599096376,75400.0,15.203278614583127,75400.0,0.14899999999999997,75400.0,0.14899999999999997,75400.0,13.88464899452772,75400.0,14.693377114925093,75400.0,0.0,75400.0,0.0,75400.0,5.2069437435563515,75400.0,27.289435702655673,75400.0,0.0,75400.0,0.0,75400.0,23.97814901965923,75400.0,33.957843858988646,75400.0,0.50200004,75400.0,0.50200004
75600.0,4.568383190687971,75600.0,35.5824334074839,75600.0,0.0,75600.0,0.0,75600.0,3.3499181535204796,75600.0,18.76398514113106,75600.0,0.0,75600.0,0.0,75600.0,6.069850115533372,75600.0,27.849001511587165,75600.0,0.0,75600.0,0.0,75600.0,6.226449253258986,75600.0,28.36230743380064,75600.0,0.0,75600.0,0.0,75600.0,6.219589466195802,75600.0,28.351488128531052,75600.0,0.0,75600.0,0.04000000799999998,75600.0,1.0589223803067784,75600.0,10.932955045387473,75600.0,0.0,75600.0,0.0,75600.0,14.787967206602039,75600.0,15.05904913326106,75600.0,0.14900000000000002,75600.0,0.0,75600.0,14.802148649574407,75600.0,15.235409565923666,75600.0,0.14899999999999997,75600.0,0.14899999999999997,75600.0,13.822323687623863,75600.0,14.705850581535314,75600.0,0.0,75600.0,0.0,75600.0,4.538535753607272,75600.0,36.125483186902656,75600.0,0.0,75600.0,0.0,75600.0,24.013797267000687,75600.0,34.163929421920855,75600.0,0.50200004,75600.0,0.50200004
75800.0,4.0401206296163235,75800.0,34.87883336278945,75800.0,0.0,75800.0,0.0,75800.0,3.3146818947551466,75800.0,18.720620791770667,75800.0,0.0,75800.0,0.0,75800.0,6.009698655799431,75800.0,27.635037884606525,75800.0,0.0,75800.0,0.0,75800.0,6.161347990618557,75800.0,28.13264352689029,75800.0,0.0,75800.0,0.0,75800.0,6.15454844755235,75800.0,28.122256585449062,75800.0,0.0,75800.0,0.04000000799999998,75800.0,0.8895183700867708,75800.0,10.681018428360023,75800.0,0.0,75800.0,0.0,75800.0,14.73032796984785,75800.0,15.082891833530175,75800.0,0.14900000000000002,75800.0,0.0,75800.0,14.745482832683697,75800.0,15.258986059960082,75800.0,0.14899999999999997,75800.0,0.14899999999999997,75800.0,13.751120836848198,75800.0,14.70620486873273,75800.0,0.0,75800.0,0.0,75800.0,4.017987401269032,75800.0,34.509381335906546,75800.0,0.0,75800.0,0.0,75800.0,24.067224741912828,75800.0,34.34795832885955,75800.0,0.50200004,75800.0,0.50200004
76000.0,10.950096722642341,76000.0,30.371029974970774,76000.0,0.0,76000.0,0.0,76000.0,3.353134005831995,76000.0,18.574850304013506,76000.0,0.0,76000.0,0.0,76000.0,5.953106851653401,76000.0,27.77556511224693,76000.0,0.0,76000.0,0.828,76000.0,6.104390439919699,76000.0,28.04624678859868,76000.0,0.0,76000.0,0.0,76000.0,6.097699647594664,76000.0,27.98332742534229,76000.0,0.0,76000.0,0.04000000799999998,76000.0,0.6758278455137007,76000.0,10.343992445552116,76000.0,0.0,76000.0,0.0,76000.0,14.676501687647825,76000.0,15.097810799869544,76000.0,0.14900000000000002,76000.0,0.0,76000.0,14.692255478611475,76000.0,15.273397535223932,76000.0,0.14899999999999997,76000.0,0.14899999999999997,76000.0,13.684298239983029,76000.0,14.697042549216796,76000.0,0.0,76000.0,0.0,76000.0,11.015819831397332,76000.0,30.16571362693866,76000.0,0.0,76000.0,0.0,76000.0,24.111546619400553,76000.0,34.49657693119226,76000.0,0.50200004,76000.0,0.50200004
76200.0,8.83260200327203,76200.0,27.32948052577575,76200.0,0.0,76200.0,0.0,76200.0,3.3031808076343174,76200.0,18.40878446967838,76200.0,0.0,76200.0,0.0,76200.0,5.907245890131025,76200.0,28.20527999109608,76200.0,0.0,76200.0,0.828,76200.0,6.066164945879895,76200.0,28.284552567042002,76200.0,0.0,76200.0,0.0,76200.0,6.0598162905416215,76200.0,28.212657043785658,76200.0,0.0,76200.0,0.04000000799999998,76200.0,0.5098385557586081,76200.0,9.946929649971107,76200.0,0.0,76200.0,0.0,76200.0,14.640055439947092,76200.0,15.103900068157825,76200.0,0.14900000000000002,76200.0,0.0,76200.0,14.656042615402953,76200.0,15.278670331055988,76200.0,0.14899999999999997,76200.0,0.14899999999999997,76200.0,13.639322797323858,76200.0,14.679629499135155,76200.0,0.0,76200.0,0.0,76200.0,8.79483090091048,76200.0,27.197749907447523,76200.0,0.0,76200.0,0.0,76200.0,24.13330715494976,76200.0,34.608607663624966,76200.0,0.50200004,76200.0,0.50200004
76400.0,7.681576502599559,76400.0,35.50720081969933,76400.0,0.0,76400.0,0.0,76400.0,3.2386535348468444,76400.0,18.405339833353885,76400.0,0.0,76400.0,0.0,76400.0,5.870962118219824,76400.0,28.485241478861205,76400.0,0.0,76400.0,0.828,76400.0,6.034698631068364,76400.0,28.520418537909862,76400.0,0.0,76400.0,0.0,76400.0,6.028362958937924,76400.0,28.444359039532603,76400.0,0.0,76400.0,0.04000000799999998,76400.0,0.37035098770206043,76400.0,9.508535269622456,76400.0,0.0,76400.0,0.0,76400.0,14.611687164140168,76400.0,15.101532418042657,76400.0,0.14900000000000002,76400.0,0.0,76400.0,14.627720140717946,76400.0,15.275133712913307,76400.0,0.14899999999999997,76400.0,0.14899999999999997,76400.0,13.604446002790727,76400.0,14.654665090162984,76400.0,0.0,76400.0,0.0,76400.0,7.636090819862418,76400.0,36.05047501597299,76400.0,0.0,76400.0,0.0,76400.0,24.144391113196743,76400.0,34.663423913636336,76400.0,0.50200004,76400.0,0.50200004
76600.0,6.851294460514207,76600.0,34.81256072012635,76600.0,0.0,76600.0,0.0,76600.0,3.1623198115099123,76600.0,18.298999866177414,76600.0,0.0,76600.0,0.0,76600.0,5.838613079607965,76600.0,28.71849300053335,76600.0,0.0,76600.0,0.828,76600.0,6.00447719108554,76600.0,28.7474975679337,76600.0,0.0,76600.0,0.0,76600.0,5.998009625773166,76600.0,28.66946892159579,76600.0,0.0,76600.0,0.04000000799999998,76600.0,0.2335641637136635,76600.0,9.051266337554567,76600.0,0.0,76600.0,0.0,76600.0,14.584863327646087,76600.0,15.091401725531629,76600.0,0.14900000000000002,76600.0,0.0,76600.0,14.600834189414924,76600.0,15.263528543543218,76600.0,0.14899999999999997,76600.0,0.14899999999999997,76600.0,13.571679438080185,76600.0,14.623285420556911,76600.0,0.0,76600.0,0.0,76600.0,6.802164463536057,76600.0,34.44520697521569,76600.0,0.0,76600.0,0.0,76600.0,24.14991699188085,76600.0,34.65766796241071,76600.0,0.50200004,76600.0,0.50200004
76800.0,6.098330588568874,76800.0,30.4781253971151,76800.0,0.0,76800.0,0.0,76800.0,3.0716069117791607,76800.0,18.1217772692998,76800.0,0.0,76800.0,0.0,76800.0,5.803976891634473,76800.0,28.908709071942457,76800.0,0.0,76800.0,0.828,76800.0,5.971197273767853,76800.0,28.932838621352115,76800.0,0.0,76800.0,0.0,76800.0,5.9646333318585745,76800.0,28.853527800104768,76800.0,0.0,76800.0,0.04000000799999998,76800.0,0.07861980580938645,76800.0,8.6658133376491,76800.0,0.0,76800.0,0.0,76800.0,14.554697631819826,76800.0,15.07800838818984,76800.0,0.14900000000000002,76800.0,0.0,76800.0,14.57047840217275,76800.0,15.24873993703925,76800.0,0.14899999999999997,76800.0,0.14899999999999997,76800.0,13.535089255043554,76800.0,14.593493390439013,76800.0,0.0,76800.0,0.0,76800.0,6.056674219744218,76800.0,30.272556997622015,76800.0,0.0,76800.0,0.0,76800.0,24.150524599890243,76800.0,34.613743332827084,76800.0,0.50200004,76800.0,0.50200004
77000.0,5.463982748483024,77000.0,27.520477348496442,77000.0,0.0,77000.0,0.0,77000.0,2.969491898392384,77000.0,17.90937683263841,77000.0,0.0,77000.0,0.0,77000.0,5.7671228801213115,77000.0,29.071618180747805,77000.0,0.0,77000.0,0.828,77000.0,5.93755191521355,77000.0,29.114790047671406,77000.0,0.0,77000.0,0.0,77000.0,5.930917834761076,77000.0,29.035448576432916,77000.0,0.0,77000.0,0.04000000799999998,77000.0,-0.0795003068305372,77000.0,8.250959573070773,77000.0,0.0,77000.0,0.0,77000.0,14.524051237532138,77000.0,15.059216002888713,77000.0,0.14900000000000002,77000.0,0.0,77000.0,14.539500614717515,77000.0,15.228316661275798,77000.0,0.14899999999999997,77000.0,0.14899999999999997,77000.0,13.498136055804613,77000.0,14.558035872204629,77000.0,0.0,77000.0,0.0,77000.0,5.4298061447183095,77000.0,27.37131934970285,77000.0,0.0,77000.0,0.0,77000.0,24.145081048170166,77000.0,34.5421174846446,77000.0,0.50200004,77000.0,0.50200004
77200.0,4.920141109327123,77200.0,35.537608539410606,77200.0,0.0,77200.0,0.0,77200.0,2.858751027123038,77200.0,17.860514020576566,77200.0,0.0,77200.0,0.0,77200.0,5.728576179693661,77200.0,29.244664782883138,77200.0,0.0,77200.0,0.828,77200.0,5.903046690438033,77200.0,29.316488005732158,77200.0,0.0,77200.0,0.0,77200.0,5.896338241158561,77200.0,29.235963480807,77200.0,0.0,77200.0,0.04000000799999998,77200.0,-0.2420314264697613,77200.0,7.753696225213061,77200.0,0.0,77200.0,0.0,77200.0,14.492589283141664,77200.0,15.029938539497197,77200.0,0.14900000000000002,77200.0,0.0,77200.0,14.507565225233051,77200.0,15.19685627323353,77200.0,0.14899999999999997,77200.0,0.14899999999999997,77200.0,13.460406937482388,77200.0,14.509274513854892,77200.0,0.0,77200.0,0.0,77200.0,4.89122826628433,77200.0,36.072529055726186,77200.0,0.0,77200.0,0.0,77200.0,24.133318959303143,77200.0,34.40837191446039,77200.0,0.50200004,77200.0,0.50200004
77400.0,4.378250460804119,77400.0,34.71055041140395,77400.0,0.0,77400.0,0.0,77400.0,2.736204395500265,77400.0,17.71513909404985,77400.0,0.0,77400.0,0.0,77400.0,5.682432925828495,77400.0,29.41958418029217,77400.0,0.0,77400.0,0.828,77400.0,5.849909140105484,77400.0,29.509300641723133,77400.0,0.0,77400.0,0.0,77400.0,5.842469049303809,77400.0,29.42816416608393,77400.0,0.0,77400.0,0.04000000799999998,77400.0,-0.4827783380821883,77400.0,7.319581665998159,77400.0,0.0,77400.0,0.0,77400.0,14.437961388673171,77400.0,14.995629811539525,77400.0,0.14900000000000002,77400.0,0.0,77400.0,14.452501436684296,77400.0,15.161050096250785,77400.0,0.14899999999999997,77400.0,0.14899999999999997,77400.0,13.400927909777446,77400.0,14.463894122879704,77400.0,0.0,77400.0,0.0,77400.0,4.342871017473834,77400.0,34.33522343913527,77400.0,0.0,77400.0,0.0,77400.0,24.099804489894176,77400.0,34.22680719692199,77400.0,0.50200004,77400.0,0.50200004
77600.0,7.008878351541762,77600.0,30.285513028778325,77600.0,0.0,77600.0,0.0,77600.0,2.677509419374208,77600.0,17.54302161335892,77600.0,0.0,77600.0,0.0,77600.0,5.625615861049573,77600.0,29.569980374275435,77600.0,0.0,77600.0,0.828,77600.0,5.799552138197231,77600.0,29.662280310736563,77600.0,0.0,77600.0,0.0,77600.0,5.792551817458422,77600.0,29.58037188504016,77600.0,0.0,77600.0,0.04000000799999998,77600.0,-0.5052026204062979,77600.0,7.229971114860788,77600.0,0.0,77600.0,0.0,77600.0,14.389897115609003,77600.0,14.969711156976816,77600.0,0.14900000000000002,77600.0,0.0,77600.0,14.404000274804863,77600.0,15.134394013457035,77600.0,0.14899999999999997,77600.0,0.14899999999999997,77600.0,13.358120581004247,77600.0,14.442888619567315,77600.0,0.0,77600.0,0.0,77600.0,7.517703865495901,77600.0,30.080120268241792,77600.0,0.0,77600.0,0.0,77600.0,24.053423243810528,77600.0,34.06505396273125,77600.0,0.50200004,77600.0,0.50200004
77800.0,9.782710859799517,77800.0,27.08543319170205,77800.0,0.0,77800.0,0.0,77800.0,2.6610321774375763,77800.0,17.396853471313253,77800.0,0.0,77800.0,0.0,77800.0,5.581263705201451,77800.0,29.715441124366492,77800.0,0.0,77800.0,0.828,77800.0,5.755014020557001,77800.0,29.83746186649984,77800.0,0.0,77800.0,0.0,77800.0,5.747614760065488,77800.0,29.75540402760687,77800.0,0.0,77800.0,0.04000000799999998,77800.0,-0.4594161085710864,77800.0,7.243479487470754,77800.0,0.0,77800.0,0.0,77800.0,14.34874326738113,77800.0,14.939535617042633,77800.0,0.14900000000000002,77800.0,0.0,77800.0,14.362209073713256,77800.0,15.10288709655789,77800.0,0.14899999999999997,77800.0,0.14899999999999997,77800.0,13.324511399515778,77800.0,14.424928888135089,77800.0,0.0,77800.0,0.0,77800.0,9.509320907918417,77800.0,26.946894658457357,77800.0,0.0,77800.0,0.0,77800.0,24.0012439662001,77800.0,33.840166836418284,77800.0,0.50200004,77800.0,0.50200004
78000.0,7.969685982579201,78000.0,35.10345114916255,78000.0,0.0,78000.0,0.0,78000.0,2.645181505421815,78000.0,17.478545864488133,78000.0,0.0,78000.0,0.0,78000.0,5.542466658103432,78000.0,29.865303195425007,78000.0,0.0,78000.0,0.828,78000.0,5.7222826382858285,78000.0,30.005005369788837,78000.0,0.0,78000.0,0.0,78000.0,5.715217541748248,78000.0,29.92249710821838,78000.0,0.0,78000.0,0.04000000799999998,78000.0,-0.40927702123342397,78000.0,7.339074317762643,78000.0,0.0,78000.0,0.0,78000.0,14.321832876520915,78000.0,14.914885133737561,78000.0,0.14900000000000002,78000.0,0.0,78000.0,14.334664062519535,78000.0,15.076491952207416,78000.0,0.14899999999999997,78000.0,0.14899999999999997,78000.0,13.303677173272586,78000.0,14.415052752802678,78000.0,0.0,78000.0,0.0,78000.0,7.845793093715208,78000.0,35.64203770085641,78000.0,0.0,78000.0,0.0,78000.0,23.961333805969765,78000.0,33.60889255035572,78000.0,0.50200004,78000.0,0.50200004
78200.0,6.934127326730701,78200.0,34.49145070760093,78200.0,0.0,78200.0,0.0,78200.0,2.6328333022708743,78200.0,17.510423992975337,78200.0,0.0,78200.0,0.0,78200.0,5.508782849651935,78200.0,30.005375959622917,78200.0,0.0,78200.0,0.828,78200.0,5.693880575503863,78200.0,30.143487058256852,78200.0,0.0,78200.0,0.0,78200.0,5.68707050930514,78200.0,30.061457322055144,78200.0,0.0,78200.0,0.04000000799999998,78200.0,-0.35515649973094243,78200.0,7.467955862739025,78200.0,0.0,78200.0,0.0,78200.0,14.300267468294802,78200.0,14.899898659784176,78200.0,0.14900000000000002,78200.0,0.0,78200.0,14.312483100883783,78200.0,15.059975914113187,78200.0,0.14899999999999997,78200.0,0.14899999999999997,78200.0,13.287601967148841,78200.0,14.412380441327299,78200.0,0.0,78200.0,0.0,78200.0,6.866288945183549,78200.0,34.10506139975106,78200.0,0.0,78200.0,0.0,78200.0,23.926883095746206,78200.0,33.437649616438975,78200.0,0.50200004,78200.0,0.50200004
78400.0,6.243185253579943,78400.0,29.93875762486734,78400.0,0.0,78400.0,0.0,78400.0,2.6224917089858466,78400.0,17.51229727767909,78400.0,0.0,78400.0,0.0,78400.0,5.480836140243081,78400.0,30.142759197239208,78400.0,0.0,78400.0,0.828,78400.0,5.670694448935772,78400.0,30.290416437643625,78400.0,0.0,78400.0,0.0,78400.0,5.6640539583448914,78400.0,30.208447906954156,78400.0,0.0,78400.0,0.04000000799999998,78400.0,-0.30408081332146514,78400.0,7.65100252819873,78400.0,0.0,78400.0,0.0,78400.0,14.283687076575704,78400.0,14.888115189012098,78400.0,0.14900000000000002,78400.0,0.0,78400.0,14.295370443225922,78400.0,15.046551140357966,78400.0,0.14899999999999997,78400.0,0.14899999999999997,78400.0,13.275632034771744,78400.0,14.41452267214586,78400.0,0.0,78400.0,0.0,78400.0,6.197674549636202,78400.0,29.714538479237024,78400.0,0.0,78400.0,0.0,78400.0,23.899349769967735,78400.0,33.27943586688013,78400.0,0.50200004,78400.0,0.50200004
78600.0,5.746553000846905,78600.0,29.92812081790118,78600.0,0.0,78600.0,0.0,78600.0,2.613149992912803,78600.0,17.57943564796556,78600.0,0.0,78600.0,0.0,78600.0,5.458044158024206,78600.0,30.28592719634893,78600.0,0.0,78600.0,0.828,78600.0,5.65218705687597,78600.0,30.44735730395055,78600.0,0.0,78600.0,0.0,78600.0,5.645664721385955,78600.0,30.364991907340663,78600.0,0.0,78600.0,0.04000000799999998,78600.0,-0.2591816105623215,78600.0,7.902324597413606,78600.0,0.0,78600.0,0.0,78600.0,14.271099312953911,78600.0,14.880786839401813,78600.0,0.14900000000000002,78600.0,0.0,78600.0,14.282349639510514,78600.0,15.037663761264453,78600.0,0.14899999999999997,78600.0,0.14899999999999997,78600.0,13.26680545303349,78600.0,14.423464843602089,78600.0,0.0,78600.0,0.0,78600.0,5.712530509109628,78600.0,30.324641818431257,78600.0,0.0,78600.0,0.0,78600.0,23.878048582821787,78600.0,33.13135004342284,78600.0,0.50200004,78600.0,0.50200004
78800.0,5.365630443635068,78800.0,37.75770850313765,78800.0,0.0,78800.0,0.0,78800.0,2.6042990618838955,78800.0,17.77548409681023,78800.0,0.0,78800.0,0.0,78800.0,5.4393246576861625,78800.0,30.411752075534253,78800.0,0.0,78800.0,0.828,78800.0,5.636766926942361,78800.0,30.555181275376253,78800.0,0.0,78800.0,0.0,78800.0,5.630331529810899,78800.0,30.472590355300543,78800.0,0.0,78800.0,0.04000000799999998,78800.0,-0.21890096667553025,78800.0,8.086897900038807,78800.0,0.0,78800.0,0.0,78800.0,14.261007849207028,78800.0,14.879658055429658,78800.0,0.14900000000000002,78800.0,0.0,78800.0,14.27189616719571,78800.0,15.035826230857653,78800.0,0.14899999999999997,78800.0,0.14899999999999997,78800.0,13.259922036919175,78800.0,14.432695598891195,78800.0,0.0,78800.0,0.0,78800.0,5.337864662374704,78800.0,37.4827932498603,78800.0,0.0,78800.0,0.0,78800.0,23.86083367398885,78800.0,33.06168164202968,78800.0,0.50200004,78800.0,0.50200004
79000.0,5.068988477615163,79000.0,32.010425556863424,79000.0,0.0,79000.0,0.0,79000.0,2.5961470742124027,79000.0,17.865885475008046,79000.0,0.0,79000.0,0.0,79000.0,5.423884240436903,79000.0,30.552658910206286,79000.0,0.0,79000.0,0.828,79000.0,5.624080204353645,79000.0,30.711613018995063,79000.0,0.0,79000.0,0.0,79000.0,5.617718698945904,79000.0,30.629143323632803,79000.0,0.0,79000.0,0.04000000799999998,79000.0,-0.1837488025337866,79000.0,8.405708798126515,79000.0,0.0,79000.0,0.0,79000.0,14.252963469136375,79000.0,14.88289343122271,79000.0,0.14900000000000002,79000.0,0.0,79000.0,14.26356772252011,79000.0,15.038427355905146,79000.0,0.14899999999999997,79000.0,0.14899999999999997,79000.0,13.254580306474875,79000.0,14.452938154489015,79000.0,0.0,79000.0,0.0,79000.0,5.045240985597537,79000.0,31.799013555243985,79000.0,0.0,79000.0,0.0,79000.0,23.84709247799383,79000.0,32.99163715541517,79000.0,0.50200004,79000.0,0.50200004
79200.0,4.759828529399188,79200.0,28.295008225531774,79200.0,0.0,79200.0,0.0,79200.0,2.5871531737521583,79200.0,17.941651495586108,79200.0,0.0,79200.0,0.0,79200.0,5.408640886528698,79200.0,30.699049848871617,79200.0,0.0,79200.0,0.828,79200.0,5.6072920878412855,79200.0,30.865579566625826,79200.0,0.0,79200.0,0.0,79200.0,5.6009233390138276,79200.0,30.783138461924636,79200.0,0.0,79200.0,0.04000000799999998,79200.0,-0.13313470476317,79200.0,8.753140454819189,79200.0,0.0,79200.0,0.0,79200.0,14.24237871590986,79200.0,14.892396103504739,79200.0,0.14900000000000002,79200.0,0.0,79200.0,14.252635730970246,79200.0,15.048231120782962,79200.0,0.14899999999999997,79200.0,0.14899999999999997,79200.0,13.247737960017746,79200.0,14.47967576621333,79200.0,0.0,79200.0,0.0,79200.0,4.731453358117706,79200.0,28.146287614456963,79200.0,0.0,79200.0,0.0,79200.0,23.829065940001957,79200.0,32.961198812078656,79200.0,0.50200004,79200.0,0.50200004
79400.0,4.397672168130981,79400.0,35.84504579674038,79400.0,0.0,79400.0,0.0,79400.0,2.5801433582940163,79400.0,18.19805943313501,79400.0,0.0,79400.0,0.0,79400.0,5.390313104378987,79400.0,30.837734616417755,79400.0,0.0,79400.0,0.828,79400.0,5.58699517797245,79400.0,30.982641653869816,79400.0,0.0,79400.0,0.0,79400.0,5.580663755086247,79400.0,30.898842101402476,79400.0,0.0,79400.0,0.04000000799999998,79400.0,-0.06550227318036868,79400.0,9.01502376363244,79400.0,0.0,79400.0,0.0,79400.0,14.229730151697117,79400.0,14.903011968319841,79400.0,0.14900000000000002,79400.0,0.0,79400.0,14.239634741130999,79400.0,15.059712936529849,79400.0,0.14899999999999997,79400.0,0.14899999999999997,79400.0,13.239821415088091,79400.0,14.502625905028502,79400.0,0.0,79400.0,0.0,79400.0,4.373352047948461,79400.0,36.347678088083335,79400.0,0.0,79400.0,0.0,79400.0,23.80777084062527,79400.0,32.96338083456463,79400.0,0.50200004,79400.0,0.50200004
79600.0,4.166501747954539,79600.0,34.97525750452382,79600.0,0.0,79600.0,0.0,79600.0,2.576913326918132,79600.0,18.375126631609508,79600.0,0.0,79600.0,0.0,79600.0,5.374997043382672,79600.0,30.97377375238109,79600.0,0.0,79600.0,0.828,79600.0,5.575378106754278,79600.0,31.12619834796725,79600.0,0.0,79600.0,0.0,79600.0,5.56915956047918,79600.0,31.043412538972976,79600.0,0.0,79600.0,0.04000000799999998,79600.0,-0.0244496092153957,79600.0,9.350990460307411,79600.0,0.0,79600.0,0.0,79600.0,14.222808029915017,79600.0,14.9199232306506,79600.0,0.14900000000000002,79600.0,0.0,79600.0,14.232561404331049,79600.0,15.078406918519473,79600.0,0.14899999999999997,79600.0,0.14899999999999997,79600.0,13.235608052771438,79600.0,14.534316949509682,79600.0,0.0,79600.0,0.0,79600.0,4.150566972716321,79600.0,34.588929511021654,79600.0,0.0,79600.0,0.0,79600.0,23.79634084872108,79600.0,33.00112573927727,79600.0,0.50200004,79600.0,0.50200004
79800.0,4.012846019427659,79800.0,30.30109453472874,79800.0,0.0,79800.0,0.0,79800.0,2.57417995126544,79800.0,18.5081466757383,79800.0,0.0,79800.0,0.0,79800.0,5.363973677358832,79800.0,31.123197279538182,79800.0,0.0,79800.0,0.828,79800.0,5.565630976208662,79800.0,31.282763236142753,79800.0,0.0,79800.0,0.0,79800.0,5.559481218629048,79800.0,31.200272807206687,79800.0,0.0,79800.0,0.04000000799999998,79800.0,0.011605422253204808,79800.0,9.72256328692695,79800.0,0.0,79800.0,0.0,79800.0,14.217115218728182,79800.0,14.94423849923892,79800.0,0.14900000000000002,79800.0,0.0,79800.0,14.226769027793807,79800.0,15.10555222915915,79800.0,0.14899999999999997,79800.0,0.14899999999999997,79800.0,13.232183731685828,79800.0,14.574401910237595,79800.0,0.0,79800.0,0.0,79800.0,3.9948630876920257,79800.0,30.087758263456827,79800.0,0.0,79800.0,0.0,79800.0,23.787104835222035,79800.0,33.08265315084585,79800.0,0.50200004,79800.0,0.50200004
80000.0,10.45229408821512,80000.0,27.308815406415302,80000.0,0.0,80000.0,0.0,80000.0,2.67813987873678,80000.0,18.583622888245927,80000.0,0.0,80000.0,0.0,80000.0,5.345770757154552,80000.0,30.57850068117993,80000.0,0.0,80000.0,0.0,80000.0,5.534007594683888,80000.0,31.11182259835837,80000.0,0.0,80000.0,0.0,80000.0,5.5277166235263495,80000.0,31.09967018261038,80000.0,0.0,80000.0,0.04000000799999998,80000.0,0.14464205890497103,80000.0,10.009917764460667,80000.0,0.0,80000.0,0.0,80000.0,14.197098765089356,80000.0,14.96708608305451,80000.0,0.14900000000000002,80000.0,0.0,80000.0,14.206558716502148,80000.0,15.131009726022835,80000.0,0.14899999999999997,80000.0,0.14899999999999997,80000.0,13.22029243582872,80000.0,14.608676270996634,80000.0,0.0,80000.0,0.0,80000.0,10.50730976908059,80000.0,27.194492757706993,80000.0,0.0,80000.0,0.0,80000.0,23.755847405461957,80000.0,33.170053749619015,80000.0,0.50200004,80000.0,0.50200004
80200.0,8.30043716424552,80200.0,35.22192332338051,80200.0,0.0,80200.0,0.0,80200.0,2.734401945824252,80200.0,18.793832631219722,80200.0,0.0,80200.0,0.0,80200.0,5.319517155408084,80200.0,30.238161220808344,80200.0,0.0,80200.0,0.0,80200.0,5.494574682356228,80200.0,30.901625121539734,80200.0,0.0,80200.0,0.0,80200.0,5.488474909445977,80200.0,30.889836719693328,80200.0,0.0,80200.0,0.04000000799999998,80200.0,0.3334090657900024,80200.0,10.228202916953183,80200.0,0.0,80200.0,0.0,80200.0,14.169517101745413,80200.0,14.986426071589483,80200.0,0.14900000000000002,80200.0,0.0,80200.0,14.179207247579981,80200.0,15.152462479019377,80200.0,0.14899999999999997,80200.0,0.14899999999999997,80200.0,13.20432738294658,80200.0,14.635970561093535,80200.0,0.0,80200.0,0.0,80200.0,8.263073020455133,80200.0,35.74629398928831,80200.0,0.0,80200.0,0.0,80200.0,23.717630807692306,80200.0,33.25471333655081,80200.0,0.50200004,80200.0,0.50200004
80400.0,7.151058507455976,80400.0,34.5182042617003,80400.0,0.0,80400.0,0.0,80400.0,2.7909612454918595,80400.0,18.90186231642977,80400.0,0.0,80400.0,0.0,80400.0,5.29507452605246,80400.0,29.96801941175903,80400.0,0.0,80400.0,0.0,80400.0,5.463761943391517,80400.0,30.597602199631595,80400.0,0.0,80400.0,0.0,80400.0,5.457791139561748,80400.0,30.585400325117355,80400.0,0.0,80400.0,0.04000000799999998,80400.0,0.4781383091976224,80400.0,10.556633018299713,80400.0,0.0,80400.0,0.0,80400.0,14.14991613820761,80400.0,15.021304228173246,80400.0,0.14900000000000002,80400.0,0.0,80400.0,14.160143843873017,80400.0,15.19085088213437,80400.0,0.14899999999999997,80400.0,0.14899999999999997,80400.0,13.1932060510034,80400.0,14.682018577808929,80400.0,0.0,80400.0,0.0,80400.0,7.105813977132577,80400.0,34.14836308657503,80400.0,0.0,80400.0,0.0,80400.0,23.69588369409641,80400.0,33.417661461343776,80400.0,0.50200004,80400.0,0.50200004
80600.0,6.393377419328747,80600.0,30.060602109540966,80600.0,0.0,80600.0,0.0,80600.0,2.840229895730282,80600.0,18.944861211277935,80600.0,0.0,80600.0,0.0,80600.0,5.274876986083433,80600.0,29.699375544494508,80600.0,0.0,80600.0,0.0,80600.0,5.440973045798197,80600.0,30.30680398050556,80600.0,0.0,80600.0,0.0,80600.0,5.435116127605542,80600.0,30.29465085847261,80600.0,0.0,80600.0,0.04000000799999998,80600.0,0.5853288167754513,80600.0,10.854314057704162,80600.0,0.0,80600.0,0.0,80600.0,14.136316496522229,80600.0,15.059508066061152,80600.0,0.14900000000000002,80600.0,0.0,80600.0,14.147093627379588,80600.0,15.23231060919193,80600.0,0.14899999999999997,80600.0,0.14899999999999997,80600.0,13.185565175734231,80600.0,14.729374008634451,80600.0,0.0,80600.0,0.0,80600.0,6.354344155860557,80600.0,29.857246494721775,80600.0,0.0,80600.0,0.0,80600.0,23.6845187638144,80600.0,33.59730863585454,80600.0,0.50200004,80600.0,0.50200004
80800.0,5.861150464928768,80800.0,27.320657505830386,80800.0,0.0,80800.0,0.0,80800.0,2.87992842494449,80800.0,18.95745911397307,80800.0,0.0,80800.0,0.0,80800.0,5.258995206710178,80800.0,29.468107294714248,80800.0,0.0,80800.0,0.0,80800.0,5.4238612799393575,80800.0,30.089252528766725,80800.0,0.0,80800.0,0.0,80800.0,5.418126309635715,80800.0,30.07726109985969,80800.0,0.0,80800.0,0.04000000799999998,80800.0,0.6656014751230459,80800.0,11.051947613414944,80800.0,0.0,80800.0,0.0,80800.0,14.12653862330193,80800.0,15.087957663156667,80800.0,0.14900000000000002,80800.0,0.0,80800.0,14.13778778766043,80800.0,15.262747497171787,80800.0,0.14899999999999997,80800.0,0.14899999999999997,80800.0,13.180081979073075,80800.0,14.763299969724425,80800.0,0.0,80800.0,0.0,80800.0,5.828800767347829,80800.0,27.186637564700867,80800.0,0.0,80800.0,0.0,80800.0,23.678659496472044,80800.0,33.73333757197249,80800.0,0.50200004,80800.0,0.50200004
81000.0,4.985041765621698,81000.0,35.5112958069037,81000.0,0.0,81000.0,0.0,81000.0,2.9225517993004924,81000.0,19.128929670545155,81000.0,0.0,81000.0,0.0,81000.0,5.226188267946191,81000.0,29.230409454747633,81000.0,0.0,81000.0,0.0,81000.0,5.366464784291132,81000.0,29.814445461589475,81000.0,0.0,81000.0,0.0,81000.0,5.360601283424674,81000.0,29.802550883065265,81000.0,0.0,81000.0,0.04000000799999998,81000.0,0.9441132410931562,81000.0,11.256923040932758,81000.0,0.0,81000.0,0.0,81000.0,14.084954165482516,81000.0,15.12937311923869,81000.0,0.14900000000000002,81000.0,0.0,81000.0,14.098022775213604,81000.0,15.305787015435708,81000.0,0.14899999999999997,81000.0,0.14899999999999997,81000.0,13.150674255768324,81000.0,14.805111448415227,81000.0,0.0,81000.0,0.0,81000.0,4.946996349125555,81000.0,36.05438371354607,81000.0,0.0,81000.0,0.0,81000.0,23.674774318059413,81000.0,33.94437629747808,81000.0,0.50200004,81000.0,0.50200004
81200.0,4.284167474666393,81200.0,34.8450496843129,81200.0,0.0,81200.0,0.0,81200.0,2.953390739727528,81200.0,19.178876239357393,81200.0,0.0,81200.0,0.0,81200.0,5.183327932759298,81200.0,28.99464059031166,81200.0,0.0,81200.0,0.0,81200.0,5.313136660390693,81200.0,29.552891968942117,81200.0,0.0,81200.0,0.0,81200.0,5.307285895142041,81200.0,29.541526456235285,81200.0,0.0,81200.0,0.04000000799999998,81200.0,0.9758404611930053,81200.0,11.211564282746119,81200.0,0.0,81200.0,0.0,81200.0,14.043531766985614,81200.0,15.166498868012841,81200.0,0.14900000000000002,81200.0,0.0,81200.0,14.057729914834109,81200.0,15.343118071517605,81200.0,0.14899999999999997,81200.0,0.14899999999999997,81200.0,13.104610782796733,81200.0,14.826648342584667,81200.0,0.0,81200.0,0.0,81200.0,4.254939130635832,81200.0,34.47730469304639,81200.0,0.0,81200.0,0.0,81200.0,23.71061596938844,81200.0,34.15573176234166,81200.0,0.50200004,81200.0,0.50200004
81400.0,7.067838290356954,81400.0,30.38537711743679,81400.0,0.0,81400.0,0.0,81400.0,3.0043440476777947,81400.0,19.106807305534435,81400.0,0.0,81400.0,0.0,81400.0,5.1387352461248295,81400.0,28.758020353006987,81400.0,0.0,81400.0,0.0,81400.0,5.262166437560091,81400.0,29.299215152317583,81400.0,0.0,81400.0,0.0,81400.0,5.256215199111049,81400.0,29.288188703222197,81400.0,0.0,81400.0,0.04000000799999998,81400.0,0.86213359537971,81400.0,11.014859815457916,81400.0,0.0,81400.0,0.0,81400.0,13.99864323945703,81400.0,15.195967749680538,81400.0,0.14900000000000002,81400.0,0.0,81400.0,14.013804288021918,81400.0,15.37236739278631,81400.0,0.14899999999999997,81400.0,0.14899999999999997,81400.0,13.04720194227925,81400.0,14.83364437971996,81400.0,0.0,81400.0,0.0,81400.0,7.599699473539677,81400.0,30.182399497325907,81400.0,0.0,81400.0,0.0,81400.0,23.773588527985794,81400.0,34.35354492007103,81400.0,0.50200004,81400.0,0.50200004
81600.0,10.025587272305659,81600.0,27.395008825712537,81600.0,0.0,81600.0,0.0,81600.0,3.0211778766343675,81600.0,18.944681256869156,81600.0,0.0,81600.0,0.0,81600.0,5.097109877477847,81600.0,28.518916272858895,81600.0,0.0,81600.0,0.0,81600.0,5.213936737358869,81600.0,29.05003205789584,81600.0,0.0,81600.0,0.0,81600.0,5.207973211879479,81600.0,29.039221051175094,81600.0,0.0,81600.0,0.04000000799999998,81600.0,0.6508951540749992,81600.0,10.715981218108848,81600.0,0.0,81600.0,0.0,81600.0,13.948725684220758,81600.0,15.216586755908386,81600.0,0.14900000000000002,81600.0,0.0,81600.0,13.964652111734747,81600.0,15.392545269119152,81600.0,0.14899999999999997,81600.0,0.14899999999999997,81600.0,12.982124277530083,81600.0,14.829978466867338,81600.0,0.0,81600.0,0.0,81600.0,9.732003804396786,81600.0,27.265808619668643,81600.0,0.0,81600.0,0.0,81600.0,23.842556307522027,81600.0,34.53236386494952,81600.0,0.50200004,81600.0,0.50200004
81800.0,7.969711343321712,81800.0,35.62364434456936,81800.0,0.0,81800.0,0.0,81800.0,2.978785518983633,81800.0,18.911333654020755,81800.0,0.0,81800.0,0.0,81800.0,5.0593125809856065,81800.0,28.282440625383437,81800.0,0.0,81800.0,0.0,81800.0,5.179308130464623,81800.0,28.80503534901388,81800.0,0.0,81800.0,0.0,81800.0,5.173497115200594,81800.0,28.794057464419467,81800.0,0.0,81800.0,0.04000000799999998,81800.0,0.46731071536010405,81800.0,10.344930640228178,81800.0,0.0,81800.0,0.0,81800.0,13.91288936604361,81800.0,15.22817038218386,81800.0,0.14900000000000002,81800.0,0.0,81800.0,13.929092870717525,81800.0,15.403412300171036,81800.0,0.14899999999999997,81800.0,0.14899999999999997,81800.0,12.935759422824042,81800.0,14.817451262186436,81800.0,0.0,81800.0,0.0,81800.0,7.8568292415048875,81800.0,36.1692735047035,81800.0,0.0,81800.0,0.0,81800.0,23.8815015299221,81800.0,34.671800803093895,81800.0,0.50200004,81800.0,0.50200004
82000.0,6.842373046926386,82000.0,34.951141435058474,82000.0,0.0,82000.0,0.0,82000.0,2.9124271989702297,82000.0,18.751854419135118,82000.0,0.0,82000.0,0.0,82000.0,5.027993556137448,82000.0,28.052534262301428,82000.0,0.0,82000.0,0.0,82000.0,5.1532531674887645,82000.0,28.56530694634079,82000.0,0.0,82000.0,0.0,82000.0,5.1474410312845045,82000.0,28.554525983397788,82000.0,0.0,82000.0,0.04000000799999998,82000.0,0.32120572992568824,82000.0,9.923678554594032,82000.0,0.0,82000.0,0.0,82000.0,13.887003185530267,82000.0,15.231001164609806,82000.0,0.14900000000000002,82000.0,0.0,82000.0,13.903274678074641,82000.0,15.40518758629739,82000.0,0.14899999999999997,82000.0,0.14899999999999997,82000.0,12.90257760967555,82000.0,14.796990498220685,82000.0,0.0,82000.0,0.0,82000.0,6.779857418745343,82000.0,34.58294453615666,82000.0,0.0,82000.0,0.0,82000.0,23.90219983762613,82000.0,34.75416224303541,82000.0,0.50200004,82000.0,0.50200004
82200.0,6.0232500868651915,82200.0,30.669897154049675,82200.0,0.0,82200.0,0.0,82200.0,2.830389694830623,82200.0,18.51456306730355,82200.0,0.0,82200.0,0.0,82200.0,4.998743904138377,82200.0,27.839822307708147,82200.0,0.0,82200.0,0.0,82200.0,5.1276590690678905,82200.0,28.36910760687139,82200.0,0.0,82200.0,0.0,82200.0,5.121795917517886,82200.0,28.35866249711269,82200.0,0.0,82200.0,0.04000000799999998,82200.0,0.17319368387239212,82200.0,9.570936081358132,82200.0,0.0,82200.0,0.0,82200.0,13.861511094520454,82200.0,15.227425862757629,82200.0,0.14900000000000002,82200.0,0.0,82200.0,13.877737107317813,82200.0,15.40055906918494,82200.0,0.14899999999999997,82200.0,0.14899999999999997,82200.0,12.87023124489637,82200.0,14.776243599597443,82200.0,0.0,82200.0,0.0,82200.0,5.9777489179506444,82200.0,30.467290702511082,82200.0,0.0,82200.0,0.0,82200.0,23.916288177492977,82200.0,34.77745178335445,82200.0,0.50200004,82200.0,0.50200004
82400.0,5.350695555194793,82400.0,27.74109093489479,82400.0,0.0,82400.0,0.0,82400.0,2.7355759330275253,82400.0,18.23187427020121,82400.0,0.0,82400.0,0.0,82400.0,4.968785156569467,82400.0,27.634637053556723,82400.0,0.0,82400.0,0.0,82400.0,5.101258609285946,82400.0,28.16164135532351,82400.0,0.0,82400.0,0.0,82400.0,5.0953362820644745,82400.0,28.150309893065916,82400.0,0.0,82400.0,0.04000000799999998,82400.0,0.017851447361776178,82400.0,9.17215068113593,82400.0,0.0,82400.0,0.0,82400.0,13.835033365761515,82400.0,15.21847233941665,82400.0,0.14900000000000002,82400.0,0.0,82400.0,13.85108467342668,82400.0,15.39024873108706,82400.0,0.14899999999999997,82400.0,0.14899999999999997,82400.0,12.836948840255733,82400.0,14.749374895171995,82400.0,0.0,82400.0,0.0,82400.0,5.314880526888276,82400.0,27.593177739040055,82400.0,0.0,82400.0,0.0,82400.0,23.92439237703626,82400.0,34.77430158297421,82400.0,0.50200004,82400.0,0.50200004
82600.0,4.7942287450000425,82600.0,35.77752200576703,82600.0,0.0,82600.0,0.0,82600.0,2.6320809548587127,82600.0,18.10579713240211,82600.0,0.0,82600.0,0.0,82600.0,4.937986939957459,82600.0,27.76360933976277,82600.0,0.0,82600.0,0.828,82600.0,5.075068974063176,82600.0,28.060415231809944,82600.0,0.0,82600.0,0.0,82600.0,5.069084248672522,82600.0,27.996216139745144,82600.0,0.0,82600.0,0.04000000799999998,82600.0,-0.1361690760531998,82600.0,8.685975435197102,82600.0,0.0,82600.0,0.0,82600.0,13.80891433137728,82600.0,15.20063985074853,82600.0,0.14900000000000002,82600.0,0.0,82600.0,13.824663836458685,82600.0,15.37046601951042,82600.0,0.14899999999999997,82600.0,0.14899999999999997,82600.0,12.804385007088582,82600.0,14.710599089110529,82600.0,0.0,82600.0,0.0,82600.0,4.764721326785069,82600.0,36.31301943184201,82600.0,0.0,82600.0,0.0,82600.0,23.92600870532554,82600.0,34.71780240952403,82600.0,0.50200004,82600.0,0.50200004
82800.0,4.311350286350356,82800.0,34.97385166585407,82800.0,0.0,82800.0,0.0,82800.0,2.5220495081390237,82800.0,17.927018358251317,82800.0,0.0,82800.0,0.0,82800.0,4.906069149978504,82800.0,28.182737406994505,82800.0,0.0,82800.0,0.828,82800.0,5.047918863561144,82800.0,28.283628575564787,82800.0,0.0,82800.0,0.0,82800.0,5.041858679538845,82800.0,28.210441781666407,82800.0,0.0,82800.0,0.04000000799999998,82800.0,-0.2949789632680856,82800.0,8.195133494910866,82800.0,0.0,82800.0,0.0,82800.0,13.781950820319418,82800.0,15.175983909726343,82800.0,0.14900000000000002,82800.0,0.0,82800.0,13.797265472128272,82800.0,15.343668287450907,82800.0,0.14899999999999997,82800.0,0.14899999999999997,82800.0,12.771022771725331,82800.0,14.666140268764922,82800.0,0.0,82800.0,0.0,82800.0,4.286062829865295,82800.0,34.601002709254495,82800.0,0.0,82800.0,0.0,82800.0,23.921340235306328,82800.0,34.60721792943339,82800.0,0.50200004,82800.0,0.50200004
83000.0,3.887499950417531,83000.0,30.56185668873182,83000.0,0.0,83000.0,0.0,83000.0,2.4072939180441963,83000.0,17.69587308744793,83000.0,0.0,83000.0,0.0,83000.0,4.872953183355103,83000.0,28.42747136280289,83000.0,0.0,83000.0,0.828,83000.0,5.02006535357917,83000.0,28.468303757528975,83000.0,0.0,83000.0,0.0,83000.0,5.013931607020505,83000.0,28.39081960454119,83000.0,0.0,83000.0,0.04000000799999998,83000.0,-0.45525623539370413,83000.0,7.802147911078462,83000.0,0.0,83000.0,0.0,83000.0,13.754565319418498,83000.0,15.15211300074976,83000.0,0.14900000000000002,83000.0,0.0,83000.0,13.769389241329398,83000.0,15.318161040643929,83000.0,0.14899999999999997,83000.0,0.14899999999999997,83000.0,12.737704927974862,83000.0,14.628186587923931,83000.0,0.0,83000.0,0.0,83000.0,3.865817310487083,83000.0,30.356212704989048,83000.0,0.0,83000.0,0.0,83000.0,23.91032429031045,83000.0,34.493525935478445,83000.0,0.50200004,83000.0,0.50200004
83200.0,10.697602592614976,83200.0,27.35616812616988,83200.0,0.0,83200.0,0.0,83200.0,2.3953151421217944,83200.0,17.45394343969194,83200.0,0.0,83200.0,0.0,83200.0,4.829045620616528,83200.0,28.622777445885355,83200.0,0.0,83200.0,0.828,83200.0,4.966026844325164,83200.0,28.681252370459184,83200.0,0.0,83200.0,0.0,83200.0,4.95959629086405,83200.0,28.60216331408366,83200.0,0.0,83200.0,0.04000000799999998,83200.0,-0.6473268860170064,83200.0,7.512523486670539,83200.0,0.0,83200.0,0.0,83200.0,13.692476481159819,83200.0,15.119608336005427,83200.0,0.14900000000000002,83200.0,0.0,83200.0,13.706804604423047,83200.0,15.284676623504406,83200.0,0.14899999999999997,83200.0,0.14899999999999997,83200.0,12.675852550694435,83200.0,14.594223522072275,83200.0,0.0,83200.0,0.0,83200.0,10.760739898745745,83200.0,27.217114306293777,83200.0,0.0,83200.0,0.0,83200.0,23.864473699931587,83200.0,34.31370440692604,83200.0,0.50200004,83200.0,0.50200004
83400.0,8.49948000863876,83400.0,35.35783629645747,83400.0,0.0,83400.0,0.0,83400.0,2.3472252894108854,83400.0,17.45059480825381,83400.0,0.0,83400.0,0.0,83400.0,4.7867926431166605,83400.0,28.806707986093716,83400.0,0.0,83400.0,0.828,83400.0,4.93187934730189,83400.0,28.883457380230855,83400.0,0.0,83400.0,0.0,83400.0,4.925700952385776,83400.0,28.803202764314303,83400.0,0.0,83400.0,0.04000000799999998,83400.0,-0.6217955551787181,83400.0,7.487522233458015,83400.0,0.0,83400.0,0.0,83400.0,13.6566041148613,83400.0,15.089866073323034,83400.0,0.14900000000000002,83400.0,0.0,83400.0,13.67039070192686,83400.0,15.253709974447426,83400.0,0.14899999999999997,83400.0,0.14899999999999997,83400.0,12.646155200548844,83400.0,14.574856950715484,83400.0,0.0,83400.0,0.0,83400.0,8.460508755650551,83400.0,35.89551445341486,83400.0,0.0,83400.0,0.0,83400.0,23.821726297863105,83400.0,34.09660672035731,83400.0,0.50200004,83400.0,0.50200004
83600.0,7.2681307387159455,83600.0,34.72518291425213,83600.0,0.0,83600.0,0.0,83600.0,2.315368459649321,83600.0,17.416131073347124,83600.0,0.0,83600.0,0.0,83600.0,4.7526606929745165,83600.0,28.97144592592187,83600.0,0.0,83600.0,0.828,83600.0,4.902626328203301,83600.0,29.048716338953753,83600.0,0.0,83600.0,0.0,83600.0,4.896533201228521,83600.0,28.968629987170814,83600.0,0.0,83600.0,0.04000000799999998,83600.0,-0.5755522710971749,83600.0,7.53822293513799,83600.0,0.0,83600.0,0.0,83600.0,13.629630949264651,83600.0,15.069738570274243,83600.0,0.14900000000000002,83600.0,0.0,83600.0,13.642809096598972,83600.0,15.232286509689317,83600.0,0.14899999999999997,83600.0,0.14899999999999997,83600.0,12.625345477539682,83600.0,14.5657854007811,83600.0,0.0,83600.0,0.0,83600.0,7.2201424204382265,83600.0,34.337586301192104,83600.0,0.0,83600.0,0.0,83600.0,23.781820651840466,83600.0,33.91409569289768,83600.0,0.50200004,83600.0,0.50200004
83800.0,6.435810773027408,83800.0,30.146660186042133,83800.0,0.0,83800.0,0.0,83800.0,2.292541821923802,83800.0,17.3643863158094,83800.0,0.0,83800.0,0.0,83800.0,4.724632885269417,83800.0,29.130940994997495,83800.0,0.0,83800.0,0.828,83800.0,4.879626263015979,83800.0,29.222541444772578,83800.0,0.0,83800.0,0.0,83800.0,4.8735857681522825,83800.0,29.142310751120142,83800.0,0.0,83800.0,0.04000000799999998,83800.0,-0.5278912641665175,83800.0,7.647225492829928,83800.0,0.0,83800.0,0.0,83800.0,13.610350943608141,83800.0,15.05191156020655,83800.0,0.14900000000000002,83800.0,0.0,83800.0,13.62296369380799,83800.0,15.212789186066056,83800.0,0.14899999999999997,83800.0,0.14899999999999997,83800.0,12.611200932595453,83800.0,14.561148613178418,83800.0,0.0,83800.0,0.0,83800.0,6.393864117555626,83800.0,29.920981594187097,83800.0,0.0,83800.0,0.0,83800.0,23.74999904601563,83800.0,33.72758360135636,83800.0,0.50200004,83800.0,0.50200004
84000.0,5.833710106757104,84000.0,30.113758360072698,84000.0,0.0,84000.0,0.0,84000.0,2.274344438426113,84000.0,17.387071932522176,84000.0,0.0,84000.0,0.0,84000.0,4.701819158155155,84000.0,29.296113319422194,84000.0,0.0,84000.0,0.828,84000.0,4.8613676608389484,84000.0,29.406813603573262,84000.0,0.0,84000.0,0.0,84000.0,4.855393790968145,84000.0,29.325982213295166,84000.0,0.0,84000.0,0.04000000799999998,84000.0,-0.48393644687476484,84000.0,7.826790089421209,84000.0,0.0,84000.0,0.0,84000.0,13.596127721698648,84000.0,15.037547801360883,84000.0,0.14900000000000002,84000.0,0.0,84000.0,13.608252618070896,84000.0,15.196481765017186,84000.0,0.14899999999999997,84000.0,0.14899999999999997,84000.0,12.60116353048857,84000.0,14.562265164170075,84000.0,0.0,84000.0,0.0,84000.0,5.798482266485453,84000.0,30.510413881364947,84000.0,0.0,84000.0,0.0,84000.0,23.725140984836937,84000.0,33.534469923813184,84000.0,0.50200004,84000.0,0.50200004
84200.0,5.378099957083499,84200.0,38.21344157264363,84200.0,0.0,84200.0,0.0,84200.0,2.258814425053339,84200.0,17.565326521652963,84200.0,0.0,84200.0,0.0,84200.0,4.683135759501928,84200.0,29.460854032438345,84200.0,0.0,84200.0,0.828,84200.0,4.846500160737167,84200.0,29.562633912340768,84200.0,0.0,84200.0,0.0,84200.0,4.840589735039713,84200.0,29.48043060249208,84200.0,0.0,84200.0,0.04000000799999998,84200.0,-0.4443082409864927,84200.0,8.015146925604055,84200.0,0.0,84200.0,0.0,84200.0,13.585174552361094,84200.0,15.03065012710707,84200.0,0.14900000000000002,84200.0,0.0,84200.0,13.596891481988544,84200.0,15.188187973663412,84200.0,0.14899999999999997,84200.0,0.14899999999999997,84200.0,12.593692672253617,84200.0,14.568361008974906,84200.0,0.0,84200.0,0.0,84200.0,5.34767912427921,84200.0,37.933656906002355,84200.0,0.0,84200.0,0.0,84200.0,23.705382821623363,84200.0,33.39810433393787,84200.0,0.50200004,84200.0,0.50200004
84400.0,5.019714537279112,84400.0,32.42618221465429,84400.0,0.0,84400.0,0.0,84400.0,2.2452914656108334,84400.0,17.63005526584913,84400.0,0.0,84400.0,0.0,84400.0,4.667565599287089,84400.0,29.619748099506847,84400.0,0.0,84400.0,0.828,84400.0,4.834135731486564,84400.0,29.727651204917624,84400.0,0.0,84400.0,0.0,84400.0,4.828281955755807,84400.0,29.64533693330339,84400.0,0.0,84400.0,0.04000000799999998,84400.0,-0.40868000122388626,84400.0,8.256865770388716,84400.0,0.0,84400.0,0.0,84400.0,13.576456158040994,84400.0,15.028054659641613,84400.0,0.14900000000000002,84400.0,0.0,84400.0,13.587829050660625,84400.0,15.184399903865216,84400.0,0.14899999999999997,84400.0,0.14899999999999997,84400.0,12.587943695554928,84400.0,14.580242103540288,84400.0,0.0,84400.0,0.0,84400.0,4.993490371389414,84400.0,32.22170438543327,84400.0,0.0,84400.0,0.0,84400.0,23.68935640351745,84400.0,33.28701476492869,84400.0,0.50200004,84400.0,0.50200004
84600.0,4.745952989696739,84600.0,28.61687116649547,84600.0,0.0,84600.0,0.0,84600.0,2.2338177561098815,84600.0,17.678525848260573,84600.0,0.0,84600.0,0.0,84600.0,4.654846924452933,84600.0,29.780327269764182,84600.0,0.0,84600.0,0.828,84600.0,4.824397096084962,84600.0,29.90434863292945,84600.0,0.0,84600.0,0.0,84600.0,4.818594026860986,84600.0,29.822475654746814,84600.0,0.0,84600.0,0.04000000799999998,84600.0,-0.37888030307938825,84600.0,8.568334373413187,84600.0,0.0,84600.0,0.0,84600.0,13.569839379305778,84600.0,15.031204570589637,84600.0,0.14900000000000002,84600.0,0.0,84600.0,13.580947938516506,84600.0,15.186721287617713,84600.0,0.14899999999999997,84600.0,0.14899999999999997,84600.0,12.583726286419521,84600.0,14.600279019598151,84600.0,0.0,84600.0,0.0,84600.0,4.72313738516698,84600.0,28.464977980090037,84600.0,0.0,84600.0,0.0,84600.0,23.677067377865715,84600.0,33.20447794580751,84600.0,0.50200004,84600.0,0.50200004
84800.0,4.471603180990266,84800.0,29.079729674530135,84800.0,0.0,84800.0,0.0,84800.0,2.2218680601452165,84800.0,17.79426692925314,84800.0,0.0,84800.0,0.0,84800.0,4.6428607468974405,84800.0,29.94369176391396,84800.0,0.0,84800.0,0.828,84800.0,4.812321505406319,84800.0,30.07678761566349,84800.0,0.0,84800.0,0.0,84800.0,4.806517930812356,84800.0,29.99502735750936,84800.0,0.0,84800.0,0.04000000799999998,84800.0,-0.3388769223646011,84800.0,8.907979717537936,84800.0,0.0,84800.0,0.0,84800.0,13.561749847909885,84800.0,15.040651144136435,84800.0,0.14900000000000002,84800.0,0.0,84800.0,13.572550349747617,84800.0,15.196175114623202,84800.0,0.14899999999999997,84800.0,0.14899999999999997,84800.0,12.578737507922847,84800.0,14.626737627704138,84800.0,0.0,84800.0,0.0,84800.0,4.444715510609406,84800.0,29.50840309781096,84800.0,0.0,84800.0,0.0,84800.0,23.661951145346247,84800.0,33.16066163127622,84800.0,0.50200004,84800.0,0.50200004
85000.0,4.119098570813091,85000.0,37.21411621970836,85000.0,0.0,85000.0,0.0,85000.0,2.2112447547761938,85000.0,18.034915513955948,85000.0,0.0,85000.0,0.0,85000.0,4.628075012464325,85000.0,30.086176804203056,85000.0,0.0,85000.0,0.828,85000.0,4.7957494734580575,85000.0,30.196187356008778,85000.0,0.0,85000.0,0.0,85000.0,4.789950912421759,85000.0,30.11458317418685,85000.0,0.0,85000.0,0.04000000799999998,85000.0,-0.27785154174576165,85000.0,9.134309930195444,85000.0,0.0,85000.0,0.0,85000.0,13.550749320302556,85000.0,15.049460824827696,85000.0,0.14900000000000002,85000.0,0.0,85000.0,13.56117625650532,85000.0,15.205522336115049,85000.0,0.14899999999999997,85000.0,0.14899999999999997,85000.0,12.572212274299103,85000.0,14.64602166434529,85000.0,0.0,85000.0,0.0,85000.0,4.094264481450859,85000.0,36.95093332972869,85000.0,0.0,85000.0,0.0,85000.0,23.641367184900975,85000.0,33.15588450836369,85000.0,0.50200004,85000.0,0.50200004
85200.0,6.843580279609651,85200.0,31.651416966712986,85200.0,0.0,85200.0,0.0,85200.0,2.2613394389376045,85200.0,18.16838564845143,85200.0,0.0,85200.0,0.0,85200.0,4.610494640796255,85200.0,30.245081308114425,85200.0,0.0,85200.0,0.828,85200.0,4.7714781657216205,85200.0,30.370024164589548,85200.0,0.0,85200.0,0.0,85200.0,4.765471438992191,85200.0,30.288676862930576,85200.0,0.0,85200.0,0.04000000799999998,85200.0,-0.17076943680840967,85200.0,9.496524445189952,85200.0,0.0,85200.0,0.0,85200.0,13.534180853447785,85200.0,15.068063946336592,85200.0,0.14900000000000002,85200.0,0.0,85200.0,13.544189300704412,85200.0,15.225837461505682,85200.0,0.14899999999999997,85200.0,0.14899999999999997,85200.0,12.562906804507412,85200.0,14.681091344894641,85200.0,0.0,85200.0,0.0,85200.0,7.335196508473723,85200.0,31.447408512859255,85200.0,0.0,85200.0,0.0,85200.0,23.6107757655775,85200.0,33.188970430904426,85200.0,0.50200004,85200.0,0.50200004
85400.0,9.522684529370324,85400.0,28.072400800879493,85400.0,0.0,85400.0,0.0,85400.0,2.329308266951825,85400.0,18.283633485638827,85400.0,0.0,85400.0,0.0,85400.0,4.589955721772136,85400.0,30.411120639941895,85400.0,0.0,85400.0,0.828,85400.0,4.736648335742214,85400.0,30.5427630119254,85400.0,0.0,85400.0,0.0,85400.0,4.730359554015685,85400.0,30.461511374412567,85400.0,0.0,85400.0,0.04000000799999998,85400.0,0.024617492177917664,85400.0,9.866798285390542,85400.0,0.0,85400.0,0.0,85400.0,13.507974224398831,85400.0,15.092319490767082,85400.0,0.14900000000000002,85400.0,0.0,85400.0,13.517741092414791,85400.0,15.252762784237017,85400.0,0.14899999999999997,85400.0,0.14899999999999997,85400.0,12.549219417043737,85400.0,14.721333812619049,85400.0,0.0,85400.0,0.0,85400.0,9.242815769332255,85400.0,27.929420402815943,85400.0,0.0,85400.0,0.0,85400.0,23.564979142053993,85400.0,33.25842245199473,85400.0,0.50200004,85400.0,0.50200004
85600.0,7.6531577100583394,85600.0,35.65035178885318,85600.0,0.0,85600.0,0.0,85600.0,2.386386191700339,85600.0,18.55977912837542,85600.0,0.0,85600.0,0.0,85600.0,4.569061409790658,85600.0,30.551203203728484,85600.0,0.0,85600.0,0.828,85600.0,4.711354548474854,85600.0,30.65868718926781,85600.0,0.0,85600.0,0.0,85600.0,4.705384571688961,85600.0,30.577345302199557,85600.0,0.0,85600.0,0.04000000799999998,85600.0,0.16595508351796026,85600.0,10.090384679973972,85600.0,0.0,85600.0,0.0,85600.0,13.49087524030865,85600.0,15.109082281829137,85600.0,0.14900000000000002,85600.0,0.0,85600.0,13.500818103395302,85600.0,15.271419978178125,85600.0,0.14899999999999997,85600.0,0.14899999999999997,85600.0,12.540934783342538,85600.0,14.746998629748159,85600.0,0.0,85600.0,0.0,85600.0,7.527594245444529,85600.0,36.194865740845174,85600.0,0.0,85600.0,0.0,85600.0,23.538397055583808,85600.0,33.31785015919068,85600.0,0.50200004,85600.0,0.50200004
85800.0,6.602452269498826,85800.0,35.05206706600751,85800.0,0.0,85800.0,0.0,85800.0,2.4382867534985704,85800.0,18.758461156989995,85800.0,0.0,85800.0,0.0,85800.0,4.550833716457211,85800.0,30.69866632088317,85800.0,0.0,85800.0,0.828,85800.0,4.690715575505998,85800.0,30.809439054543315,85800.0,0.0,85800.0,0.0,85800.0,4.68500972964865,85800.0,30.728865968842545,85800.0,0.0,85800.0,0.04000000799999998,85800.0,0.2857430832539358,85800.0,10.379757215662046,85800.0,0.0,85800.0,0.0,85800.0,13.477833691993835,85800.0,15.134360373800673,85800.0,0.14900000000000002,85800.0,0.0,85800.0,13.488138615344388,85800.0,15.299465843533252,85800.0,0.14899999999999997,85800.0,0.14899999999999997,85800.0,12.534896881920629,85800.0,14.783078784086761,85800.0,0.0,85800.0,0.0,85800.0,6.534271261544441,85800.0,34.667869839406826,85800.0,0.0,85800.0,0.0,85800.0,23.52120126814587,85800.0,33.423678743688704,85800.0,0.50200004,85800.0,0.50200004
86000.0,5.917242945279918,86000.0,30.425000335256907,86000.0,0.0,86000.0,0.0,86000.0,2.481547443374767,86000.0,18.90818970562237,86000.0,0.0,86000.0,0.0,86000.0,4.536237240923729,86000.0,30.86516954406367,86000.0,0.0,86000.0,0.828,86000.0,4.674651029422404,86000.0,30.986487077471356,86000.0,0.0,86000.0,0.0,86000.0,4.669122766871546,86000.0,30.905802480465383,86000.0,0.0,86000.0,0.04000000799999998,86000.0,0.3809640848186015,86000.0,10.704674764414449,86000.0,0.0,86000.0,0.0,86000.0,13.468132280827913,86000.0,15.169334736005675,86000.0,0.14900000000000002,86000.0,0.0,86000.0,13.47884468044987,86000.0,15.33803544686028,86000.0,0.14899999999999997,86000.0,0.14899999999999997,86000.0,12.53051712027623,86000.0,14.829437070647154,86000.0,0.0,86000.0,0.0,86000.0,5.87172215942101,86000.0,30.21397844100572,86000.0,0.0,86000.0,0.0,86000.0,23.510784253132897,86000.0,33.57675057392226,86000.0,0.50200004,86000.0,0.50200004
86200.0,5.431609279681134,86200.0,27.488542073362957,86200.0,0.0,86200.0,0.0,86200.0,2.5159306942609456,86200.0,19.02817735304363,86200.0,0.0,86200.0,0.0,86200.0,4.524702575286359,86200.0,31.024526723678314,86200.0,0.0,86200.0,0.828,86200.0,4.662180535383449,86200.0,31.132102682512883,86200.0,0.0,86200.0,0.0,86200.0,4.6567809940063,86200.0,31.050319861894415,86200.0,0.0,86200.0,0.04000000799999998,86200.0,0.45550718516977073,86200.0,10.943713929757964,86200.0,0.0,86200.0,0.0,86200.0,13.460854124234702,86200.0,15.199319758984462,86200.0,0.14900000000000002,86200.0,0.0,86200.0,13.47194686402827,86200.0,15.37073548071793,86200.0,0.14899999999999997,86200.0,0.14899999999999997,86200.0,12.527275439176025,86200.0,14.867104721478348,86200.0,0.0,86200.0,0.0,86200.0,5.397860294972083,86200.0,27.37674340897852,86200.0,0.0,86200.0,0.0,86200.0,23.504621628604884,86200.0,33.711216190257176,86200.0,0.50200004,86200.0,0.50200004
86400.0,5.078981587726929,86400.0,35.464157417884806,86400.0,0.0,86400.0,0.0,86400.0,2.5422383894898304,86400.0,19.3031483239839,86400.0,0.0,86400.0,0.0,86400.0,4.5156898109933685,86400.0,31.16418688456431,86400.0,0.0,86400.0,0.828,86400.0,4.6526285723909595,86400.0,31.25441223902473,86400.0,0.0,86400.0,0.0,86400.0,4.6473311415517955,86400.0,31.171889135925863,86400.0,0.0,86400.0,0.04000000799999998,86400.0,0.5127985951516548,86400.0,11.126396407380172,86400.0,0.0,86400.0,0.0,86400.0,13.455422367869957,86400.0,15.224227615651035,86400.0,0.14900000000000002,86400.0,0.0,86400.0,13.466836222469775,86400.0,15.397574705135773,86400.0,0.14899999999999997,86400.0,0.14899999999999997,86400.0,12.52486846420697,86400.0,14.897326746258504,86400.0,0.0,86400.0,0.0,86400.0,5.052320796075037,86400.0,35.98960521523701,86400.0,0.0,86400.0,0.0,86400.0,23.50110348924307,86400.0,33.829487058934966,86400.0,0.50200004,86400.0,0.50200004
86600.0,4.3072365699410735,86600.0,34.80230799682584,86600.0,0.0,86600.0,0.0,86600.0,2.5790334422561685,86600.0,19.452390001010862,86600.0,0.0,86600.0,0.0,86600.0,4.491044991408616,86600.0,30.609195635533855,86600.0,0.0,86600.0,0.0,86600.0,4.6068593565305695,86600.0,31.05972290770721,86600.0,0.0,86600.0,0.0,86600.0,4.6014616215303015,86600.0,31.047560240215383,86600.0,0.0,86600.0,0.04000000799999998,86600.0,0.8022233841448758,86600.0,11.344278617427104,86600.0,0.0,86600.0,0.0,86600.0,13.421837945711086,86600.0,15.26517837681332,86600.0,0.14900000000000002,86600.0,0.0,86600.0,13.435032248886667,86600.0,15.440473019605813,86600.0,0.14899999999999997,86600.0,0.14899999999999997,86600.0,12.503829513921104,86600.0,14.93928613042189,86600.0,0.0,86600.0,0.0,86600.0,4.273434589068084,86600.0,34.434255817931536,86600.0,0.0,86600.0,0.0,86600.0,23.498679643748176,86600.0,34.0325388539105,86600.0,0.50200004,86600.0,0.50200004
86800.0,7.00737402042639,86800.0,30.3850075933719,86800.0,0.0,86800.0,0.0,86800.0,2.6708561327082676,86800.0,19.471992523323518,86800.0,0.0,86800.0,0.0,86800.0,4.4588517133625185,86800.0,30.22593113781146,86800.0,0.0,86800.0,0.0,86800.0,4.5649244349763745,86800.0,30.77822417840039,86800.0,0.0,86800.0,0.0,86800.0,4.559460452658083,86800.0,30.766508248458116,86800.0,0.0,86800.0,0.04000000799999998,86800.0,0.8398636635226537,86800.0,11.307044166152945,86800.0,0.0,86800.0,0.0,86800.0,13.38839107003824,86800.0,15.301978835707576,86800.0,0.14900000000000002,86800.0,0.0,86800.0,13.402749314283957,86800.0,15.477798420801644,86800.0,0.14899999999999997,86800.0,0.14899999999999997,86800.0,12.465717760725035,86800.0,14.960793706666031,86800.0,0.0,86800.0,0.0,86800.0,7.535363764211291,86800.0,30.183401176122917,86800.0,0.0,86800.0,0.0,86800.0,23.537024125370184,86800.0,34.23733306680767,86800.0,0.50200004,86800.0,0.50200004
87000.0,9.910415712245786,87000.0,27.43564161256521,87000.0,0.0,87000.0,0.0,87000.0,2.7332820611333233,87000.0,19.388727125649705,87000.0,0.0,87000.0,0.0,87000.0,4.429515456538802,87000.0,29.92499131533314,87000.0,0.0,87000.0,0.0,87000.0,4.526766737937043,87000.0,30.49855456161465,87000.0,0.0,87000.0,0.0,87000.0,4.521336758794341,87000.0,30.486772421463527,87000.0,0.0,87000.0,0.04000000799999998,87000.0,0.7302656021360564,87000.0,11.115984003705194,87000.0,0.0,87000.0,0.0,87000.0,13.351381210053145,87000.0,15.331172665572117,87000.0,0.14900000000000002,87000.0,0.0,87000.0,13.366769750679774,87000.0,15.50706213117355,87000.0,0.14899999999999997,87000.0,0.14899999999999997,87000.0,12.415981067350188,87000.0,14.96767298930255,87000.0,0.0,87000.0,0.0,87000.0,9.614752323197454,87000.0,27.308339248042255,87000.0,0.0,87000.0,0.0,87000.0,23.603697577991362,87000.0,34.43541856819884,87000.0,0.50200004,87000.0,0.50200004
87200.0,7.656930221748007,87200.0,35.709363245557455,87200.0,0.0,87200.0,0.0,87200.0,2.72189659365576,87200.0,19.41958665482662,87200.0,0.0,87200.0,0.0,87200.0,4.3988982060263035,87200.0,29.653177688396955,87200.0,0.0,87200.0,0.0,87200.0,4.490384690460262,87200.0,30.224238226240143,87200.0,0.0,87200.0,0.0,87200.0,4.484917801276759,87200.0,30.212110604232006,87200.0,0.0,87200.0,0.04000000799999998,87200.0,0.5220309482552273,87200.0,10.821126645051464,87200.0,0.0,87200.0,0.0,87200.0,13.309195353625702,87200.0,15.351533504380253,87200.0,0.14900000000000002,87200.0,0.0,87200.0,13.325429275812226,87200.0,15.52723232383767,87200.0,0.14899999999999997,87200.0,0.14899999999999997,87200.0,12.358367235567226,87200.0,14.963843983472332,87200.0,0.0,87200.0,0.0,87200.0,7.524585719966194,87200.0,36.25709214567483,87200.0,0.0,87200.0,0.0,87200.0,23.67728135611727,87200.0,34.618668855690935,87200.0,0.50200004,87200.0,0.50200004
87400.0,6.495195335603896,87400.0,35.07863780890316,87400.0,0.0,87400.0,0.0,87400.0,2.673899998815988,87400.0,19.312030329944484,87400.0,0.0,87400.0,0.0,87400.0,4.372573147983632,87400.0,29.39703739840877,87400.0,0.0,87400.0,0.0,87400.0,4.470477627671414,87400.0,29.957220218117047,87400.0,0.0,87400.0,0.0,87400.0,4.465147325855927,87400.0,29.945233064513445,87400.0,0.0,87400.0,0.04000000799999998,87400.0,0.39525401719958136,87400.0,10.453143170612021,87400.0,0.0,87400.0,0.0,87400.0,13.287889306011218,87400.0,15.362854693070334,87400.0,0.14900000000000002,87400.0,0.0,87400.0,13.304358254867688,87400.0,15.538060142871917,87400.0,0.14899999999999997,87400.0,0.14899999999999997,87400.0,12.329502006627072,87400.0,14.951123866904283,87400.0,0.0,87400.0,0.0,87400.0,6.43743319449267,87400.0,34.71262415759926,87400.0,0.0,87400.0,0.0,87400.0,23.707629593701288,87400.0,34.75681236869353,87400.0,0.50200004,87400.0,0.50200004
87600.0,5.734790703192481,87600.0,30.72181458447824,87600.0,0.0,87600.0,0.0,87600.0,2.6097850681503205,87600.0,19.104618551852216,87600.0,0.0,87600.0,0.0,87600.0,4.35053660007968,87600.0,29.150135012385135,87600.0,0.0,87600.0,0.0,87600.0,4.452244352800569,87600.0,29.71976328242504,87600.0,0.0,87600.0,0.0,87600.0,4.446892918000479,87600.0,29.70879441491946,87600.0,0.0,87600.0,0.04000000799999998,87600.0,0.27093788315894823,87600.0,10.089935617367729,87600.0,0.0,87600.0,0.0,87600.0,13.26860991119807,87600.0,15.365475849545499,87600.0,0.14900000000000002,87600.0,0.0,87600.0,13.285217092890145,87600.0,15.539961457765958,87600.0,0.14899999999999997,87600.0,0.14899999999999997,87600.0,12.303689178607575,87600.0,14.93349923996857,87600.0,0.0,87600.0,0.0,87600.0,5.69160462079044,87600.0,30.533845157618615,87600.0,0.0,87600.0,0.0,87600.0,23.730048906167724,87600.0,34.8305741464348,87600.0,0.50200004,87600.0,0.50200004
87800.0,5.088242601057896,87800.0,27.938666859102224,87800.0,0.0,87800.0,0.0,87800.0,2.531216910616261,87800.0,18.852682273868357,87800.0,0.0,87800.0,0.0,87800.0,4.328136200421254,87800.0,28.929325684651342,87800.0,0.0,87800.0,0.0,87800.0,4.432523440406889,87800.0,29.520603185396,87800.0,0.0,87800.0,0.0,87800.0,4.427114778961222,87800.0,29.510213083182478,87800.0,0.0,87800.0,0.04000000799999998,87800.0,0.13146691215384426,87800.0,9.774949800575381,87800.0,0.0,87800.0,0.0,87800.0,13.247374504972319,87800.0,15.362998928772864,87800.0,0.14900000000000002,87800.0,0.0,87800.0,13.264025407726304,87800.0,15.536704007739008,87800.0,0.14899999999999997,87800.0,0.14899999999999997,87800.0,12.275622168809562,87800.0,14.915511672184198,87800.0,0.0,87800.0,0.0,87800.0,5.052755538212207,87800.0,27.823373345792444,87800.0,0.0,87800.0,0.0,87800.0,23.74912085474708,87800.0,34.862716641344655,87800.0,0.50200004,87800.0,0.50200004
88000.0,4.5273511167871,88000.0,36.04916482905398,88000.0,0.0,88000.0,0.0,88000.0,2.4402875688015575,88000.0,18.74624441161951,88000.0,0.0,88000.0,0.0,88000.0,4.303910510544519,88000.0,28.69651598911088,88000.0,0.0,88000.0,0.0,88000.0,4.411418065773134,88000.0,29.256211918816863,88000.0,0.0,88000.0,0.0,88000.0,4.405940852581122,88000.0,29.24478432553488,88000.0,0.0,88000.0,0.04000000799999998,88000.0,-0.02089590420957762,88000.0,9.30211547053974,88000.0,0.0,88000.0,0.0,88000.0,13.224345338618852,88000.0,15.352786499167621,88000.0,0.14900000000000002,88000.0,0.0,88000.0,13.2409046113912,88000.0,15.525025690796943,88000.0,0.14899999999999997,88000.0,0.14899999999999997,88000.0,12.245556930653077,88000.0,14.883414669150568,88000.0,0.0,88000.0,0.0,88000.0,4.497604781211173,88000.0,36.593125583110314,88000.0,0.0,88000.0,0.0,88000.0,23.76324463395834,88000.0,34.86707491548733,88000.0,0.50200004,88000.0,0.50200004
88200.0,4.048630753271533,88200.0,35.26336377218301,88200.0,0.0,88200.0,0.0,88200.0,2.3403708702600925,88200.0,18.52115895448064,88200.0,0.0,88200.0,0.0,88200.0,4.2780927808401215,88200.0,28.452135687013918,88200.0,0.0,88200.0,0.0,88200.0,4.3898607309109385,88200.0,28.997930740274466,88200.0,0.0,88200.0,0.0,88200.0,4.384313672079394,88200.0,28.9862713884673,88200.0,0.0,88200.0,0.04000000799999998,88200.0,-0.17651561758965237,88200.0,8.8149941730155,88200.0,0.0,88200.0,0.0,88200.0,13.200871367346592,88200.0,15.334892807824696,88200.0,0.14900000000000002,88200.0,0.0,88200.0,13.2171895801057,88200.0,15.505290564332158,88200.0,0.14899999999999997,88200.0,0.14899999999999997,88200.0,12.215249255948336,88200.0,14.844574287967575,88200.0,0.0,88200.0,0.0,88200.0,4.02351365235865,88200.0,34.89180181750451,88200.0,0.0,88200.0,0.0,88200.0,23.770821281383103,88200.0,34.81121319045109,88200.0,0.50200004,88200.0,0.50200004
88400.0,10.54296419924314,88400.0,30.88459968598036,88400.0,0.0,88400.0,0.0,88400.0,2.3404102201712425,88400.0,18.22785382448171,88400.0,0.0,88400.0,0.0,88400.0,4.254072882248311,88400.0,28.220596119206288,88400.0,0.0,88400.0,0.0,88400.0,4.368131320634611,88400.0,28.784944671595003,88400.0,0.0,88400.0,0.0,88400.0,4.362398330888599,88400.0,28.77343826741956,88400.0,0.0,88400.0,0.04000000799999998,88400.0,-0.33567481942435007,88400.0,8.426211244301767,88400.0,0.0,88400.0,0.0,88400.0,13.176749912282032,88400.0,15.316175533624603,88400.0,0.14900000000000002,88400.0,0.0,88400.0,13.192681055015836,88400.0,15.484969319405286,88400.0,0.14899999999999997,88400.0,0.14899999999999997,88400.0,12.184420757985775,88400.0,14.810276892011228,88400.0,0.0,88400.0,0.0,88400.0,10.603941427610525,88400.0,30.678938656106922,88400.0,0.0,88400.0,0.0,88400.0,23.7718123630157,88400.0,34.73127844388358,88400.0,0.50200004,88400.0,0.50200004
88600.0,8.388628405853131,88600.0,27.868348739505578,88600.0,0.0,88600.0,0.0,88600.0,2.265722414865861,88600.0,17.89728170246477,88600.0,0.0,88600.0,0.0,88600.0,4.2281665301292675,88600.0,27.99568484525045,88600.0,0.0,88600.0,0.0,88600.0,4.342828995877281,88600.0,28.559065247471082,88600.0,0.0,88600.0,0.0,88600.0,4.337154688977326,88600.0,28.546500771239064,88600.0,0.0,88600.0,0.04000000799999998,88600.0,-0.538762462240051,88600.0,8.000187330716395,88600.0,0.0,88600.0,0.0,88600.0,13.14483368329209,88600.0,15.291500548983326,88600.0,0.14900000000000002,88600.0,0.0,88600.0,13.160112134893357,88600.0,15.458456714509245,88600.0,0.14899999999999997,88600.0,0.14899999999999997,88600.0,12.14418725252499,88600.0,14.769382744447816,88600.0,0.0,88600.0,0.0,88600.0,8.352371820050845,88600.0,27.717318545704035,88600.0,0.0,88600.0,0.0,88600.0,23.76415211366402,88600.0,34.622435024743375,88600.0,0.50200004,88600.0,0.50200004
88800.0,7.0064785911495715,88800.0,35.815670231001924,88800.0,0.0,88800.0,0.0,88800.0,2.1669984135187894,88800.0,17.72312130548832,88800.0,0.0,88800.0,0.0,88800.0,4.197373796308296,88800.0,27.747095823874826,88800.0,0.0,88800.0,0.0,88800.0,4.305676955036329,88800.0,28.29810520864864,88800.0,0.0,88800.0,0.0,88800.0,4.2995207459719085,88800.0,28.285409035272107,88800.0,0.0,88800.0,0.04000000799999998,88800.0,-0.8031067708415737,88800.0,7.563939652134961,88800.0,0.0,88800.0,0.0,88800.0,13.095822093686207,88800.0,15.257061899534508,88800.0,0.14900000000000002,88800.0,0.0,88800.0,13.110384430488436,88800.0,15.422467004556433,88800.0,0.14899999999999997,88800.0,0.14899999999999997,88800.0,12.088990826881577,88800.0,14.723783183145402,88800.0,0.0,88800.0,0.0,88800.0,6.934910135070305,88800.0,36.34752826073667,88800.0,0.0,88800.0,0.0,88800.0,23.732980899398378,88800.0,34.44810826302575,88800.0,0.50200004,88800.0,0.50200004
89000.0,5.926886675847367,89000.0,34.94003681471509,89000.0,0.0,89000.0,0.0,89000.0,2.070454734389458,89000.0,17.493152171729637,89000.0,0.0,89000.0,0.0,89000.0,4.160184170956142,89000.0,27.49733168778788,89000.0,0.0,89000.0,0.0,89000.0,4.277012404650231,89000.0,28.043454637516017,89000.0,0.0,89000.0,0.0,89000.0,4.2711480522714735,89000.0,28.03119887518014,89000.0,0.0,89000.0,0.04000000799999998,89000.0,-0.8264210899817335,89000.0,7.4612005957648915,89000.0,0.0,89000.0,0.0,89000.0,13.061612369052156,89000.0,15.224240135366546,89000.0,0.14900000000000002,89000.0,0.0,89000.0,13.075697360966771,89000.0,15.388620775098149,89000.0,0.14899999999999997,89000.0,0.14899999999999997,89000.0,12.05892858045442,89000.0,14.69784146104098,89000.0,0.0,89000.0,0.0,89000.0,5.891009901591618,89000.0,34.56409107249321,89000.0,0.0,89000.0,0.0,89000.0,23.695708217671587,89000.0,34.23555823778624,89000.0,0.50200004,89000.0,0.50200004
89200.0,5.449344548551093,89200.0,30.462474849706407,89200.0,0.0,89200.0,0.0,89200.0,2.0069811257403503,89200.0,17.301918410807186,89200.0,0.0,89200.0,0.0,89200.0,4.134489029927407,89200.0,27.95355174021724,89200.0,0.0,89200.0,0.828,89200.0,4.264692143878802,89200.0,28.14913791750251,89200.0,0.0,89200.0,0.0,89200.0,4.258904521318738,89200.0,28.066711097204724,89200.0,0.0,89200.0,0.04000000799999998,89200.0,-0.8132824083767001,89200.0,7.476088174767351,89200.0,0.0,89200.0,0.0,89200.0,13.049918775129672,89200.0,15.201159655275541,89200.0,0.14900000000000002,89200.0,0.0,89200.0,13.06376899912041,89200.0,15.36442170951756,89200.0,0.14899999999999997,89200.0,0.14899999999999997,89200.0,12.049499925536132,89200.0,14.68467105136415,89200.0,0.0,89200.0,0.0,89200.0,5.419555091576152,89200.0,30.25348143096805,89200.0,0.0,89200.0,0.0,89200.0,23.679373270026694,89200.0,34.05754149373879,89200.0,0.50200004,89200.0,0.50200004
89400.0,5.073401356690993,89400.0,27.208116892264748,89400.0,0.0,89400.0,0.0,89400.0,1.9576750539850836,89400.0,17.160852689095833,89400.0,0.0,89400.0,0.0,89400.0,4.115735845448742,89400.0,28.247584630928753,89400.0,0.0,89400.0,0.828,89400.0,4.254013559529935,89400.0,28.354668222140134,89400.0,0.0,89400.0,0.0,89400.0,4.248278615032892,89400.0,28.27290529977653,89400.0,0.0,89400.0,0.04000000799999998,89400.0,-0.7973582291918847,89400.0,7.568091057445041,89400.0,0.0,89400.0,0.0,89400.0,13.040461099202753,89400.0,15.176309629936924,89400.0,0.14900000000000002,89400.0,0.0,89400.0,13.054093811400717,89400.0,15.337780652702056,89400.0,0.14899999999999997,89400.0,0.14899999999999997,89400.0,12.04214439196892,89400.0,14.674645817565322,89400.0,0.0,89400.0,0.0,89400.0,5.046030967681416,89400.0,27.067062524674228,89400.0,0.0,89400.0,0.0,89400.0,23.665029292426336,89400.0,33.831824431088876,89400.0,0.50200004,89400.0,0.50200004
89600.0,4.753307151171934,89600.0,35.17950319740059,89600.0,0.0,89600.0,0.0,89600.0,1.9177933891329044,89600.0,17.254066626789793,89600.0,0.0,89600.0,0.0,89600.0,4.10045826643926,89600.0,28.467217824394574,89600.0,0.0,89600.0,0.828,89600.0,4.244355493011963,89600.0,28.55734560731263,89600.0,0.0,89600.0,0.0,89600.0,4.238655380845243,89600.0,28.475910934801085,89600.0,0.0,89600.0,0.04000000799999998,89600.0,-0.7807407353184586,89600.0,7.727536150477672,89600.0,0.0,89600.0,0.0,89600.0,13.03231092837998,89600.0,15.15782008262232,89600.0,0.14900000000000002,89600.0,0.0,89600.0,13.045727955321274,89600.0,15.317337659131109,89600.0,0.14899999999999997,89600.0,0.14899999999999997,89600.0,12.036008650167416,89600.0,14.671718708208079,89600.0,0.0,89600.0,0.0,89600.0,4.728630138890096,89600.0,35.716315590509794,89600.0,0.0,89600.0,0.0,89600.0,23.651894284172986,89600.0,33.61982325679535,89600.0,0.50200004,89600.0,0.50200004
89800.0,4.452149630800076,89800.0,34.538070339975434,89800.0,0.0,89800.0,0.0,89800.0,1.8822074288602582,89800.0,17.299230804099484,89800.0,0.0,89800.0,0.0,89800.0,4.086675372244571,89800.0,28.64993798366018,89800.0,0.0,89800.0,0.828,89800.0,4.233838253734114,89800.0,28.726127358308787,89800.0,0.0,89800.0,0.0,89800.0,4.228145109530015,89800.0,28.64583998665407,89800.0,0.0,89800.0,0.04000000799999998,89800.0,-0.7601086143865953,89800.0,7.900236020838863,89800.0,0.0,89800.0,0.0,89800.0,13.023734761158108,89800.0,15.14784772101964,89800.0,0.14900000000000002,89800.0,0.0,89800.0,13.036894110235774,89800.0,15.305926618589877,89800.0,0.14899999999999997,89800.0,0.14899999999999997,89800.0,12.029763184507624,89800.0,14.674447696991772,89800.0,0.0,89800.0,0.0,89800.0,4.426310462906888,89800.0,34.15004921036325,89800.0,0.0,89800.0,0.0,89800.0,23.637344724758748,89800.0,33.47358464001683,89800.0,0.50200004,89800.0,0.50200004
90000.0,4.170064967040571,90000.0,29.962773176694895,90000.0,0.0,90000.0,0.0,90000.0,1.8524709143009936,90000.0,17.316566267486966,90000.0,0.0,90000.0,0.0,90000.0,4.073567185941436,90000.0,28.82273422195626,90000.0,0.0,90000.0,0.828,90000.0,4.223516136770724,90000.0,28.90598978981554,90000.0,0.0,90000.0,0.0,90000.0,4.217836846870466,90000.0,28.826001293906714,90000.0,0.0,90000.0,0.04000000799999998,90000.0,-0.7371951716713364,90000.0,8.126222829473226,90000.0,0.0,90000.0,0.0,90000.0,13.015602361422983,90000.0,15.141640924710988,90000.0,0.14900000000000002,90000.0,0.0,90000.0,13.028490664476404,90000.0,15.298401511031122,90000.0,0.14899999999999997,90000.0,0.14899999999999997,90000.0,12.024053250667349,90000.0,14.68268383091207,90000.0,0.0,90000.0,0.0,90000.0,4.145376277297067,90000.0,29.737228587353236,90000.0,0.0,90000.0,0.0,90000.0,23.622890894806737,90000.0,33.348754263134126,90000.0,0.50200004,90000.0,0.50200004
90200.0,6.905415267467975,90200.0,29.935952591727446,90200.0,0.0,90200.0,0.0,90200.0,1.8809369675269783,90200.0,17.402071088496324,90200.0,0.0,90200.0,0.0,90200.0,4.05895539687395,90200.0,29.000937820734976,90200.0,0.0,90200.0,0.828,90200.0,4.204720255035835,90200.0,29.098657939053833,90200.0,0.0,90200.0,0.0,90200.0,4.198780616978358,90200.0,29.01830036636365,90200.0,0.0,90200.0,0.04000000799999998,90200.0,-0.6847182129132732,90200.0,8.420851065621124,90200.0,0.0,90200.0,0.0,90200.0,13.000144809087027,90200.0,15.140734536320378,90200.0,0.14900000000000002,90200.0,0.0,90200.0,13.012475218771513,90200.0,15.296470579519196,90200.0,0.14899999999999997,90200.0,0.14899999999999997,90200.0,12.013722482384532,90200.0,14.698728234902376,90200.0,0.0,90200.0,0.0,90200.0,7.389384571353528,90200.0,30.331429678195608,90200.0,0.0,90200.0,0.0,90200.0,23.59407985266062,90200.0,33.24267401427783,90200.0,0.50200004,90200.0,0.50200004
90400.0,9.52344386015986,90400.0,38.067488859062365,90400.0,0.0,90400.0,0.0,90400.0,1.9257579592062986,90400.0,17.63801651121319,90400.0,0.0,90400.0,0.0,90400.0,4.038995989725482,90400.0,29.178588206294403,90400.0,0.0,90400.0,0.828,90400.0,4.171811702015595,90400.0,29.2621028788612,90400.0,0.0,90400.0,0.0,90400.0,4.165588905630762,90400.0,29.180453192992594,90400.0,0.0,90400.0,0.04000000799999998,90400.0,-0.5487488636432832,90400.0,8.68898480724553,90400.0,0.0,90400.0,0.0,90400.0,12.970415703658494,90400.0,15.144854258692016,90400.0,0.14900000000000002,90400.0,0.0,90400.0,12.981679386995216,90400.0,15.300292697709045,90400.0,0.14899999999999997,90400.0,0.14899999999999997,90400.0,11.995643455719255,90400.0,14.716892521535407,90400.0,0.0,90400.0,0.0,90400.0,9.237743589575818,90400.0,37.78917826351819,90400.0,0.0,90400.0,0.0,90400.0,23.534739026509943,90400.0,33.18562982299786,90400.0,0.50200004,90400.0,0.50200004
90600.0,7.5932972472115585,90600.0,32.31912876494258,90600.0,0.0,90600.0,0.0,90600.0,1.960379583535544,90600.0,17.755100173767868,90600.0,0.0,90600.0,0.0,90600.0,4.017944969478125,90600.0,29.350386332477314,90600.0,0.0,90600.0,0.828,90600.0,4.148160538587483,90600.0,29.436758089289423,90600.0,0.0,90600.0,0.0,90600.0,4.142193347987796,90600.0,29.355075854587266,90600.0,0.0,90600.0,0.04000000799999998,90600.0,-0.4354347620235731,90600.0,8.999601701162618,90600.0,0.0,90600.0,0.0,90600.0,12.951364964610999,90600.0,15.153858758365384,90600.0,0.14900000000000002,90600.0,0.0,90600.0,12.962031551511433,90600.0,15.30969511834048,90600.0,0.14899999999999997,90600.0,0.14899999999999997,90600.0,11.985349221067985,90600.0,14.741023156663141,90600.0,0.0,90600.0,0.0,90600.0,7.464187841991968,90600.0,32.11652452376445,90600.0,0.0,90600.0,0.0,90600.0,23.494465184490185,90600.0,33.16299400349215,90600.0,0.50200004,90600.0,0.50200004
90800.0,6.487563866013101,90800.0,28.545852453183457,90800.0,0.0,90800.0,0.0,90800.0,1.9917430477589555,90800.0,17.851015286408582,90800.0,0.0,90800.0,0.0,90800.0,3.999045369854418,90800.0,29.52506807090507,90800.0,0.0,90800.0,0.828,90800.0,4.128296375047815,90800.0,29.626021239234433,90800.0,0.0,90800.0,0.0,90800.0,4.122556248303065,90800.0,29.544903005450376,90800.0,0.0,90800.0,0.04000000799999998,90800.0,-0.3282562049335915,90800.0,9.365346881211376,90800.0,0.0,90800.0,0.0,90800.0,12.936561686637114,90800.0,15.169618406506382,90800.0,0.14900000000000002,90800.0,0.0,90800.0,12.946920907011364,90800.0,15.326919172155174,90800.0,0.14899999999999997,90800.0,0.14899999999999997,90800.0,11.978082994104406,90800.0,14.773733768023588,90800.0,0.0,90800.0,0.0,90800.0,6.416115715018689,90800.0,28.395445992283083,90800.0,0.0,90800.0,0.0,90800.0,23.46319889945907,90800.0,33.180881219761616,90800.0,0.50200004,90800.0,0.50200004
91000.0,5.759069617808177,91000.0,28.890336639162527,91000.0,0.0,91000.0,0.0,91000.0,2.0181396440517854,91000.0,17.993072911284898,91000.0,0.0,91000.0,0.0,91000.0,3.9835541624340096,91000.0,29.687279961856927,91000.0,0.0,91000.0,0.828,91000.0,4.112755465316764,91000.0,29.764575816509197,91000.0,0.0,91000.0,0.0,91000.0,4.107181538011234,91000.0,29.682333535769352,91000.0,0.0,91000.0,0.04000000799999998,91000.0,-0.23725697873551146,91000.0,9.626522335140338,91000.0,0.0,91000.0,0.0,91000.0,12.92566641543424,91000.0,15.184047039748307,91000.0,0.14900000000000002,91000.0,0.0,91000.0,12.93593267759782,91000.0,15.342992568951065,91000.0,0.14899999999999997,91000.0,0.14899999999999997,91000.0,11.973164382081833,91000.0,14.799805548069557,91000.0,0.0,91000.0,0.0,91000.0,5.711526046128216,91000.0,29.295499322168723,91000.0,0.0,91000.0,0.0,91000.0,23.44084523673382,91000.0,33.21576477910943,91000.0,0.50200004,91000.0,0.50200004
91200.0,5.237612385558269,91200.0,37.325194395435474,91200.0,0.0,91200.0,0.0,91200.0,2.0391904082295373,91200.0,18.264734109442056,91200.0,0.0,91200.0,0.0,91200.0,3.971150987585488,91200.0,29.835668004507067,91200.0,0.0,91200.0,0.828,91200.0,4.100466255406518,91200.0,29.907920322716073,91200.0,0.0,91200.0,0.0,91200.0,4.095010492779495,91200.0,29.825662219749695,91200.0,0.0,91200.0,0.04000000799999998,91200.0,-0.1616611757429621,91200.0,9.888622890772723,91200.0,0.0,91200.0,0.0,91200.0,12.917432444283358,91200.0,15.200596608867938,91200.0,0.14900000000000002,91200.0,0.0,91200.0,12.92771733001348,91200.0,15.361515063753629,91200.0,0.14899999999999997,91200.0,0.14899999999999997,91200.0,11.969650939309657,91200.0,14.827214165799742,91200.0,0.0,91200.0,0.0,91200.0,5.202201069839455,91200.0,37.06502488719202,91200.0,0.0,91200.0,0.0,91200.0,23.424676515842346,91200.0,33.27271121766653,91200.0,0.50200004,91200.0,0.50200004
91400.0,4.852915017252745,91400.0,31.760126703066483,91400.0,0.0,91400.0,0.0,91400.0,2.0553625668232565,91400.0,18.419891440049952,91400.0,0.0,91400.0,0.0,91400.0,3.9613071424094315,91400.0,30.00433952441177,91400.0,0.0,91400.0,0.828,91400.0,4.090856825357228,91400.0,30.099163074234003,91400.0,0.0,91400.0,0.0,91400.0,4.085496041118006,91400.0,30.017834479826995,91400.0,0.0,91400.0,0.04000000799999998,91400.0,-0.10116806964938387,91400.0,10.248218902876273,91400.0,0.0,91400.0,0.0,91400.0,12.911214277442255,91400.0,15.22886089495611,91400.0,0.14900000000000002,91400.0,0.0,91400.0,12.921570837630684,91400.0,15.393096983294496,91400.0,0.14899999999999997,91400.0,0.14899999999999997,91400.0,11.967084815219247,91400.0,14.869614917415056,91400.0,0.0,91400.0,0.0,91400.0,4.8246845330989885,91400.0,31.556699690615616,91400.0,0.0,91400.0,0.0,91400.0,23.413071293062842,91400.0,33.38746327206183,91400.0,0.50200004,91400.0,0.50200004
91600.0,4.557815013652946,91600.0,28.201425024186086,91600.0,0.0,91600.0,0.0,91600.0,2.067759993010087,91600.0,18.552284582920493,91600.0,0.0,91600.0,0.0,91600.0,3.9533906947182182,91600.0,30.184004635227314,91600.0,0.0,91600.0,0.828,91600.0,4.0830607580804275,91600.0,30.28705032901454,91600.0,0.0,91600.0,0.0,91600.0,4.077778612213642,91600.0,30.206178210103207,91600.0,0.0,91600.0,0.04000000799999998,91600.0,-0.05139206031426152,91600.0,10.581688837824357,91600.0,0.0,91600.0,0.0,91600.0,12.906289665804549,91600.0,15.26131989344293,91600.0,0.14900000000000002,91600.0,0.0,91600.0,12.91674288052398,91600.0,15.429137632980073,91600.0,0.14899999999999997,91600.0,0.14899999999999997,91600.0,11.965085570636907,91600.0,14.91411275394851,91600.0,0.0,91600.0,0.0,91600.0,4.533830777859892,91600.0,28.059233727658413,91600.0,0.0,91600.0,0.0,91600.0,23.4043532956147,91600.0,33.52805213645244,91600.0,0.50200004,91600.0,0.50200004
91800.0,4.334769793631637,91800.0,35.81721568222983,91800.0,0.0,91800.0,0.0,91800.0,2.0769874870957117,91800.0,18.839066572112518,91800.0,0.0,91800.0,0.0,91800.0,3.947084661840988,91800.0,30.335754066093877,91800.0,0.0,91800.0,0.828,91800.0,4.077067406232179,91800.0,30.414227155765268,91800.0,0.0,91800.0,0.0,91800.0,4.071853821500481,91800.0,30.333618138681686,91800.0,0.0,91800.0,0.04000000799999998,91800.0,-0.01284047754299628,91800.0,10.77602561477996,91800.0,0.0,91800.0,0.0,91800.0,12.902574825640935,91800.0,15.282581005147836,91800.0,0.14900000000000002,91800.0,0.0,91800.0,12.913126174656949,91800.0,15.452549993418206,91800.0,0.14899999999999997,91800.0,0.14899999999999997,91800.0,11.96359010803158,91800.0,14.941775618648041,91800.0,0.0,91800.0,0.0,91800.0,4.314204499545767,91800.0,36.36464256239003,91800.0,0.0,91800.0,0.0,91800.0,23.398107996164207,91800.0,33.62594184078994,91800.0,0.50200004,91800.0,0.50200004
92000.0,4.161571149039536,92000.0,35.238713135811025,92000.0,0.0,92000.0,0.0,92000.0,2.0839994398636708,92000.0,19.042935838730756,92000.0,0.0,92000.0,0.0,92000.0,3.9420506421804844,92000.0,30.495219870903476,92000.0,0.0,92000.0,0.828,92000.0,4.072286203701777,92000.0,30.577595715631926,92000.0,0.0,92000.0,0.0,92000.0,4.06713189277889,92000.0,30.49779619425859,92000.0,0.0,92000.0,0.04000000799999998,92000.0,0.018103548301369763,92000.0,11.0177780912427,92000.0,0.0,92000.0,0.0,92000.0,12.899647766246199,92000.0,15.312806547682422,92000.0,0.14900000000000002,92000.0,0.0,92000.0,12.910291353531063,92000.0,15.48540889873871,92000.0,0.14899999999999997,92000.0,0.14899999999999997,92000.0,11.96241470197573,92000.0,14.979315270598782,92000.0,0.0,92000.0,0.0,92000.0,4.1432840833324525,92000.0,34.855764267754864,92000.0,0.0,92000.0,0.0,92000.0,23.393411991223278,92000.0,33.77502059819681,92000.0,0.50200004,92000.0,0.50200004
92200.0,3.8084795302870518,92200.0,30.631410509830587,92200.0,0.0,92200.0,0.0,92200.0,2.093704727350558,92200.0,19.190586078463742,92200.0,0.0,92200.0,0.0,92200.0,3.931451318545477,92200.0,30.674393153595492,92200.0,0.0,92200.0,0.828,92200.0,4.0487753776662885,92200.0,30.769096664828016,92200.0,0.0,92200.0,0.0,92200.0,4.0431290996720275,92200.0,30.68913777207465,92200.0,0.0,92200.0,0.04000000799999998,92200.0,0.20640097290814544,92200.0,11.28038853497662,92200.0,0.0,92200.0,0.0,92200.0,12.881145443348881,92200.0,15.352689472838035,92200.0,0.14900000000000002,92200.0,0.0,92200.0,12.892394548321061,92200.0,15.52790937368612,92200.0,0.14899999999999997,92200.0,0.14899999999999997,92200.0,11.953891659547763,92200.0,15.025470036328768,92200.0,0.0,92200.0,0.0,92200.0,3.758613575647006,92200.0,30.421310534788535,92200.0,0.0,92200.0,0.0,92200.0,23.36738555709896,92200.0,33.96979296511989,92200.0,0.50200004,92200.0,0.50200004
92400.0,10.500459075739489,92400.0,27.56898073121573,92400.0,0.0,92400.0,0.0,92400.0,2.2371056648305454,92400.0,19.290836766588445,92400.0,0.0,92400.0,0.0,92400.0,3.9074534697874355,92400.0,30.855678770116878,92400.0,0.0,92400.0,0.828,92400.0,4.009429430486903,92400.0,30.957312873163886,92400.0,0.0,92400.0,0.0,92400.0,4.003826959761066,92400.0,30.877215461900626,92400.0,0.0,92400.0,0.04000000799999998,92400.0,0.366905818587865,92400.0,11.367736163877378,92400.0,0.0,92400.0,0.0,92400.0,12.84832123616975,92400.0,15.391276482997293,92400.0,0.14900000000000002,92400.0,0.0,92400.0,12.860506760037568,92400.0,15.567425560751342,92400.0,0.14899999999999997,92400.0,0.14899999999999997,92400.0,11.925559251709338,92400.0,15.055976971072099,92400.0,0.0,92400.0,0.0,92400.0,10.55948288772519,92400.0,27.436812049633406,92400.0,0.0,92400.0,0.0,92400.0,23.349423202445582,92400.0,34.169141900613404,92400.0,0.50200004,92400.0,0.50200004
92600.0,8.033525977408878,92600.0,35.77658476214878,92600.0,0.0,92600.0,0.0,92600.0,2.286531510870094,92600.0,19.51829793308347,92600.0,0.0,92600.0,0.0,92600.0,3.882755295202405,92600.0,31.03809034742837,92600.0,0.0,92600.0,0.828,92600.0,3.974331105776224,92600.0,31.143367529137173,92600.0,0.0,92600.0,0.0,92600.0,3.9689076377220696,92600.0,31.06276095183395,92600.0,0.0,92600.0,0.04000000799999998,92600.0,0.31764216647384375,92600.0,11.237586006351417,92600.0,0.0,92600.0,0.0,92600.0,12.813695709301763,92600.0,15.423480318174752,92600.0,0.14900000000000002,92600.0,0.0,92600.0,12.82683398196671,92600.0,15.599721434004227,92600.0,0.14899999999999997,92600.0,0.14899999999999997,92600.0,11.882249707895097,92600.0,15.068338640321572,92600.0,0.0,92600.0,0.0,92600.0,7.980840922379941,92600.0,36.32189605641038,92600.0,0.0,92600.0,0.0,92600.0,23.369532432831154,92600.0,34.37682257055564,92600.0,0.50200004,92600.0,0.50200004
92800.0,6.462059693804958,92800.0,35.12389449175152,92800.0,0.0,92800.0,0.0,92800.0,2.282019212344418,92800.0,19.590568033821345,92800.0,0.0,92800.0,0.0,92800.0,3.855544944344763,92800.0,30.866627904426146,92800.0,0.0,92800.0,0.0,92800.0,3.941037257881238,92800.0,31.19018677911785,92800.0,0.0,92800.0,0.0,92800.0,3.935634452959831,92800.0,31.16219048679499,92800.0,0.0,92800.0,0.04000000799999998,92800.0,0.15443844300727094,92800.0,10.987449525026216,92800.0,0.0,92800.0,0.0,92800.0,12.774782761930892,92800.0,15.447281675544529,92800.0,0.14900000000000002,92800.0,0.0,92800.0,12.788939166250412,92800.0,15.623348908114634,92800.0,0.14899999999999997,92800.0,0.14899999999999997,92800.0,11.829621111229217,92800.0,15.068471220586073,92800.0,0.0,92800.0,0.0,92800.0,6.404915415574608,92800.0,34.757279569762225,92800.0,0.0,92800.0,0.0,92800.0,23.411316345186126,92800.0,34.57105532517426,92800.0,0.50200004,92800.0,0.50200004
93000.0,5.444986903177734,93000.0,30.6717681897816,93000.0,0.0,93000.0,0.0,93000.0,2.2352554772186948,93000.0,19.48961996811289,93000.0,0.0,93000.0,0.0,93000.0,3.8289108305126924,93000.0,30.392112246534953,93000.0,0.0,93000.0,0.0,93000.0,3.917721112944207,93000.0,30.908466624100207,93000.0,0.0,93000.0,0.0,93000.0,3.9124931198378694,93000.0,30.889256599884376,93000.0,0.0,93000.0,0.04000000799999998,93000.0,0.0020631690549169465,93000.0,10.651965204843805,93000.0,0.0,93000.0,0.0,93000.0,12.747209275682,93000.0,15.46206290684726,93000.0,0.14900000000000002,93000.0,0.0,93000.0,12.761905734645353,93000.0,15.63769997411328,93000.0,0.14899999999999997,93000.0,0.14899999999999997,93000.0,11.792241982854158,93000.0,15.058998247214143,93000.0,0.0,93000.0,0.0,93000.0,5.408318111724215,93000.0,30.469433569926807,93000.0,0.0,93000.0,0.0,93000.0,23.439518726321214,93000.0,34.725258921737094,93000.0,0.50200004,93000.0,0.50200004
93200.0,4.831358815141106,93200.0,27.72587844689668,93200.0,0.0,93200.0,0.0,93200.0,2.173114325000818,93200.0,19.293930413376565,93200.0,0.0,93200.0,0.0,93200.0,3.8076361110400603,93200.0,30.061959232367315,93200.0,0.0,93200.0,0.0,93200.0,3.9017345156985246,93200.0,30.64186958786668,93200.0,0.0,93200.0,0.0,93200.0,3.896484258615603,93200.0,30.626932391854062,93200.0,0.0,93200.0,0.04000000799999998,93200.0,-0.1090848773465131,93200.0,10.291209360739,93200.0,0.0,93200.0,0.0,93200.0,12.729702865384075,93200.0,15.467690481847809,93200.0,0.14900000000000002,93200.0,0.0,93200.0,12.744646575269499,93200.0,15.642655783616888,93200.0,0.14899999999999997,93200.0,0.14899999999999997,93200.0,11.76867751402182,93200.0,15.042988506556922,93200.0,0.0,93200.0,0.0,93200.0,4.7978289330606785,93200.0,27.603353319998188,93200.0,0.0,93200.0,0.0,93200.0,23.45415507805577,93200.0,34.823561661345366,93200.0,0.50200004,93200.0,0.50200004
93400.0,4.280100115792369,93400.0,35.83420079738749,93400.0,0.0,93400.0,0.0,93400.0,2.0981733648112137,93400.0,19.244409921637775,93400.0,0.0,93400.0,0.0,93400.0,3.786954320956839,93400.0,29.80386253967749,93400.0,0.0,93400.0,0.0,93400.0,3.8841042593279695,93400.0,30.402393626966056,93400.0,0.0,93400.0,0.0,93400.0,3.878801181824359,93400.0,30.387522230907273,93400.0,0.0,93400.0,0.04000000799999998,93400.0,-0.23730975259012113,93400.0,9.933972153693302,93400.0,0.0,93400.0,0.0,93400.0,12.710130214793205,93400.0,15.46673282454252,93400.0,0.14900000000000002,93400.0,0.0,93400.0,12.72525972287984,93400.0,15.640846426882092,93400.0,0.14899999999999997,93400.0,0.14899999999999997,93400.0,11.742646193822102,93400.0,15.023591235681042,93400.0,0.0,93400.0,0.0,93400.0,4.250029732875324,93400.0,36.38855310285012,93400.0,0.0,93400.0,0.0,93400.0,23.466793946840873,93400.0,34.88070759187119,93400.0,0.50200004,93400.0,0.50200004
93600.0,6.890459055921117,93600.0,35.17967029969567,93600.0,0.0,93600.0,0.0,93600.0,2.0685085202078644,93600.0,19.063999021113524,93600.0,0.0,93600.0,0.0,93600.0,3.7655677767004008,93600.0,29.542044257955077,93600.0,0.0,93600.0,0.0,93600.0,3.864726021886577,93600.0,30.123033063668206,93600.0,0.0,93600.0,0.0,93600.0,3.859277020720161,93600.0,30.10918076696444,93600.0,0.0,93600.0,0.04000000799999998,93600.0,-0.38386371395621655,93600.0,9.476218473159436,93600.0,0.0,93600.0,0.0,93600.0,12.688090352013448,93600.0,15.458198085506618,93600.0,0.14900000000000002,93600.0,0.0,93600.0,12.703292207475258,93600.0,15.630898053455615,93600.0,0.14899999999999997,93600.0,0.14899999999999997,93600.0,11.713687813791832,93600.0,14.99294537216053,93600.0,0.0,93600.0,0.0,93600.0,7.386502077844773,93600.0,34.814241479647805,93600.0,0.0,93600.0,0.0,93600.0,23.476044213429045,93600.0,34.89872390351836,93600.0,0.50200004,93600.0,0.50200004
93800.0,9.630124251086043,93800.0,30.77537282119114,93800.0,0.0,93800.0,0.0,93800.0,2.0353608049491614,93800.0,18.794229438026452,93800.0,0.0,93800.0,0.0,93800.0,3.7446540645347475,93800.0,29.282131296402127,93800.0,0.0,93800.0,0.0,93800.0,3.839294859173993,93800.0,29.87309092970707,93800.0,0.0,93800.0,0.0,93800.0,3.8335326997768946,93800.0,29.860715912729663,93800.0,0.0,93800.0,0.04000000799999998,93800.0,-0.6057315901673933,93800.0,9.056803512120677,93800.0,0.0,93800.0,0.0,93800.0,12.654509387515102,93800.0,15.444316776958939,93800.0,0.14900000000000002,93800.0,0.0,93800.0,12.669574729276501,93800.0,15.615486507582395,93800.0,0.14899999999999997,93800.0,0.14899999999999997,93800.0,11.670319452393608,93800.0,14.960463348419212,93800.0,0.0,93800.0,0.0,93800.0,9.346303288708729,93800.0,30.58548700018345,93800.0,0.0,93800.0,0.0,93800.0,23.48044092451035,93800.0,34.86417723515528,93800.0,0.50200004,93800.0,0.50200004
94000.0,7.718587964026066,94000.0,27.94531656264837,94000.0,0.0,94000.0,0.0,94000.0,1.9676248183999197,94000.0,18.490925263937875,94000.0,0.0,94000.0,0.0,94000.0,3.723266428983588,94000.0,29.04743572575412,94000.0,0.0,94000.0,0.0,94000.0,3.821302134290927,94000.0,29.663760805209186,94000.0,0.0,94000.0,0.0,94000.0,3.815548205026841,94000.0,29.652243963648655,94000.0,0.0,94000.0,0.04000000799999998,94000.0,-0.7534467683858084,94000.0,8.711157979935532,94000.0,0.0,94000.0,0.0,94000.0,12.631812522976178,94000.0,15.429464393305933,94000.0,0.14900000000000002,94000.0,0.0,94000.0,12.64657184098799,94000.0,15.599278863442843,94000.0,0.14899999999999997,94000.0,0.14899999999999997,94000.0,11.64125238676242,94000.0,14.931433263948803,94000.0,0.0,94000.0,0.0,94000.0,7.590051574870784,94000.0,27.828183678362173,94000.0,0.0,94000.0,0.0,94000.0,23.47626994805298,94000.0,34.81224999781525,94000.0,0.50200004,94000.0,0.50200004
94200.0,6.613196604261606,94200.0,36.001609850521916,94200.0,0.0,94200.0,0.0,94200.0,1.8847805625296383,94200.0,18.341033772562163,94200.0,0.0,94200.0,0.0,94200.0,3.701911925690921,94200.0,28.799575879375613,94200.0,0.0,94200.0,0.0,94200.0,3.804951165150307,94200.0,29.38497391602851,94200.0,0.0,94200.0,0.0,94200.0,3.7992270964070918,94200.0,29.37244735698223,94200.0,0.0,94200.0,0.04000000799999998,94200.0,-0.884318355425002,94200.0,8.207714237173148,94200.0,0.0,94200.0,0.0,94200.0,12.612056971858436,94200.0,15.401810719059254,94200.0,0.14900000000000002,94200.0,0.0,94200.0,12.626467604333238,94200.0,15.569467611820722,94200.0,0.14899999999999997,94200.0,0.14899999999999997,94200.0,11.61616252283784,94200.0,14.883849744706941,94200.0,0.0,94200.0,0.0,94200.0,6.541698829124689,94200.0,36.54344208185878,94200.0,0.0,94200.0,0.0,94200.0,23.468154200418862,94200.0,34.69934164931777,94200.0,0.50200004,94200.0,0.50200004
94400.0,5.676096599146451,94400.0,35.16277463946659,94400.0,0.0,94400.0,0.0,94400.0,1.7870048008751032,94400.0,18.082144027099616,94400.0,0.0,94400.0,0.0,94400.0,3.676945477401864,94400.0,28.539059692300725,94400.0,0.0,94400.0,0.0,94400.0,3.7776640855746106,94400.0,29.111793498097224,94400.0,0.0,94400.0,0.0,94400.0,3.77146180496741,94400.0,29.099058824800007,94400.0,0.0,94400.0,0.04000000799999998,94400.0,-1.1079904148484205,94400.0,7.74881327645362,94400.0,0.0,94400.0,0.0,94400.0,12.574563923679795,94400.0,15.368418184235068,94400.0,0.14900000000000002,94400.0,0.0,94400.0,12.588582215665971,94400.0,15.534332961271554,94400.0,0.14899999999999997,94400.0,0.14899999999999997,94400.0,11.572769287536133,94400.0,14.836878184333615,94400.0,0.0,94400.0,0.0,94400.0,5.6001652716005355,94400.0,34.78897598635241,94400.0,0.0,94400.0,0.0,94400.0,23.44357707107609,94400.0,34.53588208929212,94400.0,0.50200004,94400.0,0.50200004
94600.0,4.739278208764275,94600.0,30.650834541292518,94600.0,0.0,94600.0,0.0,94600.0,1.6797770421182727,94600.0,17.789806653493194,94600.0,0.0,94600.0,0.0,94600.0,3.6413232013182677,94600.0,28.284272656928287,94600.0,0.0,94600.0,0.0,94600.0,3.746835866121821,94600.0,28.8723561825215,94600.0,0.0,94600.0,0.0,94600.0,3.7409312105262,94600.0,28.86020996774888,94600.0,0.0,94600.0,0.04000000799999998,94600.0,-1.1622991728489047,94600.0,7.6095370143251895,94600.0,0.0,94600.0,0.0,94600.0,12.535037328312798,94600.0,15.340503912223822,94600.0,0.14900000000000002,94600.0,0.0,94600.0,12.548683998989956,94600.0,15.505548081758146,94600.0,0.14899999999999997,94600.0,0.14899999999999997,94600.0,11.536265810313806,94600.0,14.811492727013418,94600.0,0.0,94600.0,0.0,94600.0,4.702306737170815,94600.0,30.449007259422608,94600.0,0.0,94600.0,0.0,94600.0,23.401358137451087,94600.0,34.36750973970243,94600.0,0.50200004,94600.0,0.50200004
94800.0,4.376706535921788,94800.0,27.62172848160517,94800.0,0.0,94800.0,0.0,94800.0,1.6192859620765063,94800.0,17.521531835621545,94800.0,0.0,94800.0,0.0,94800.0,3.6163662582424423,94800.0,28.045157053811522,94800.0,0.0,94800.0,0.0,94800.0,3.738117477429986,94800.0,28.635283008896767,94800.0,0.0,94800.0,0.0,94800.0,3.7323840775355457,94800.0,28.62212503543227,94800.0,0.0,94800.0,0.04000000799999998,94800.0,-1.1544315014141169,94800.0,7.602226126206317,94800.0,0.0,94800.0,0.0,94800.0,12.526395886296415,94800.0,15.315071761526472,94800.0,0.14900000000000002,94800.0,0.0,94800.0,12.539917354616895,94800.0,15.479009602677513,94800.0,0.14899999999999997,94800.0,0.14899999999999997,94800.0,11.52910353163872,94800.0,14.794619049430427,94800.0,0.0,94800.0,0.0,94800.0,4.360430172929974,94800.0,27.470861213568913,94800.0,0.0,94800.0,0.0,94800.0,23.389232035162166,94800.0,34.190461370973274,94800.0,0.50200004,94800.0,0.50200004
95000.0,4.130316473741351,95000.0,35.547018354575066,95000.0,0.0,95000.0,0.0,95000.0,1.566002197830406,95000.0,17.470960859696167,95000.0,0.0,95000.0,0.0,95000.0,3.599668110591705,95000.0,27.788659727788826,95000.0,0.0,95000.0,0.0,95000.0,3.7300177762816342,95000.0,28.36371269280271,95000.0,0.0,95000.0,0.0,95000.0,3.724353052792442,95000.0,28.350697192590673,95000.0,0.0,95000.0,0.04000000799999998,95000.0,-1.1436913550252474,95000.0,7.6706582949201945,95000.0,0.0,95000.0,0.0,95000.0,12.518990652949485,95000.0,15.288668861931535,95000.0,0.14900000000000002,95000.0,0.0,95000.0,12.532374509620041,95000.0,15.450868531682696,95000.0,0.14899999999999997,95000.0,0.14899999999999997,95000.0,11.523167367248526,95000.0,14.782172736007013,95000.0,0.0,95000.0,0.0,95000.0,4.111258611612557,95000.0,36.0793095713253,95000.0,0.0,95000.0,0.0,95000.0,23.37808496228057,95000.0,33.9658536151786,95000.0,0.50200004,95000.0,0.50200004
95200.0,6.85032490070434,95200.0,34.67239863797919,95200.0,0.0,95200.0,0.0,95200.0,1.56906989838883,95200.0,17.374055068834206,95200.0,0.0,95200.0,0.0,95200.0,3.5836238094699135,95200.0,27.53745347700662,95200.0,0.0,95200.0,0.0,95200.0,3.712675194467113,95200.0,28.102031789617442,95200.0,0.0,95200.0,0.0,95200.0,3.7067675133946105,95200.0,28.089683735978927,95200.0,0.0,95200.0,0.04000000799999998,95200.0,-1.111428218115116,95200.0,7.808104811201143,95200.0,0.0,95200.0,0.0,95200.0,12.502627700316582,95200.0,15.268606194206873,95200.0,0.14900000000000002,95200.0,0.0,95200.0,12.515621284184947,95200.0,15.428879211510802,95200.0,0.14899999999999997,95200.0,0.14899999999999997,95200.0,11.510629356222063,95200.0,14.77719972944244,95200.0,0.0,95200.0,0.0,95200.0,7.3333297361232646,95200.0,34.296708550838325,95200.0,0.0,95200.0,0.0,95200.0,23.351622475584655,95200.0,33.75262282316038,95200.0,0.50200004,95200.0,0.50200004
95400.0,9.421671950299784,95400.0,30.206669034070995,95400.0,0.0,95400.0,0.0,95400.0,1.591169087048793,95400.0,17.265256242313782,95400.0,0.0,95400.0,0.0,95400.0,3.563621490846632,95400.0,27.65762389752637,95400.0,0.0,95400.0,0.828,95400.0,3.6830708750847663,95400.0,28.005099834237807,95400.0,0.0,95400.0,0.0,95400.0,3.6768988848531547,95400.0,27.94098989331959,95400.0,0.0,95400.0,0.04000000799999998,95400.0,-1.0220765348915872,95400.0,7.9609554627402686,95400.0,0.0,95400.0,0.0,95400.0,12.47187812301522,95400.0,15.257326839604987,95400.0,0.14900000000000002,95400.0,0.0,95400.0,12.483888482993212,95400.0,15.416120867506951,95400.0,0.14899999999999997,95400.0,0.14899999999999997,95400.0,11.48911444490134,95400.0,14.778184672287985,95400.0,0.0,95400.0,0.0,95400.0,9.135927905168987,95400.0,29.998252772510224,95400.0,0.0,95400.0,0.0,95400.0,23.29575932865862,95400.0,33.60936813619535,95400.0,0.50200004,95400.0,0.50200004
95600.0,7.477498536579786,95600.0,30.1821700999119,95600.0,0.0,95600.0,0.0,95600.0,1.60564453466493,95600.0,17.271222306347415,95600.0,0.0,95600.0,0.0,95600.0,3.5425914357794652,95600.0,28.065291798856713,95600.0,0.0,95600.0,0.828,95600.0,3.661525567813284,95600.0,28.21109700468835,95600.0,0.0,95600.0,0.0,95600.0,3.6555701718230162,95600.0,28.13783702710343,95600.0,0.0,95600.0,0.04000000799999998,95600.0,-0.9389028772337349,95600.0,8.198905364693648,95600.0,0.0,95600.0,0.0,95600.0,12.45197539772502,95600.0,15.248443298341487,95600.0,0.14900000000000002,95600.0,0.0,95600.0,12.463157874496265,95600.0,15.405600621914234,95600.0,0.14899999999999997,95600.0,0.14899999999999997,95600.0,11.476685464608872,95600.0,14.785544862107683,95600.0,0.0,95600.0,0.0,95600.0,7.347267271775322,95600.0,30.580936103908705,95600.0,0.0,95600.0,0.0,95600.0,23.255130238611937,95600.0,33.459406157311,95600.0,0.50200004,95600.0,0.50200004
95800.0,6.344640437594863,95800.0,38.11955064719849,95800.0,0.0,95800.0,0.0,95800.0,1.6187131330811058,95800.0,17.44966483774516,95800.0,0.0,95800.0,0.0,95800.0,3.523263983260803,95800.0,28.331681763806426,95800.0,0.0,95800.0,0.828,95800.0,3.642962522407711,95800.0,28.42150519360367,95800.0,0.0,95800.0,0.0,95800.0,3.6372036547867466,95800.0,28.344475060756064,95800.0,0.0,95800.0,0.04000000799999998,95800.0,-0.8531852473134584,95800.0,8.481353209287999,95800.0,0.0,95800.0,0.0,95800.0,12.436242336291885,95800.0,15.246133391786591,95800.0,0.14900000000000002,95800.0,0.0,95800.0,12.446716926071916,95800.0,15.40212337787057,95800.0,0.14899999999999997,95800.0,0.14899999999999997,95800.0,11.467771382628577,95800.0,14.799982582488369,95800.0,0.0,95800.0,0.0,95800.0,6.272469692259212,95800.0,37.818077925857104,95800.0,0.0,95800.0,0.0,95800.0,23.221433544033744,95800.0,33.34524958863215,95800.0,0.50200004,95800.0,0.50200004
96000.0,5.591404812523817,96000.0,32.33135796741019,96000.0,0.0,96000.0,0.0,96000.0,1.629440688492741,96000.0,17.52690174886306,96000.0,0.0,96000.0,0.0,96000.0,3.5070295781665983,96000.0,28.548157059287952,96000.0,0.0,96000.0,0.828,96000.0,3.628213518727675,96000.0,28.612470105619177,96000.0,0.0,96000.0,0.0,96000.0,3.622599904593371,96000.0,28.53331846044425,96000.0,0.0,96000.0,0.04000000799999998,96000.0,-0.7767745669436358,96000.0,8.762581870412646,96000.0,0.0,96000.0,0.0,96000.0,12.424624834904135,96000.0,15.249554319454392,96000.0,0.14900000000000002,96000.0,0.0,96000.0,12.43457395832433,96000.0,15.405026506062232,96000.0,0.14899999999999997,96000.0,0.14899999999999997,96000.0,11.461747198307522,96000.0,14.818443342448814,96000.0,0.0,96000.0,0.0,96000.0,5.543241605640596,96000.0,32.12411034625658,96000.0,0.0,96000.0,0.0,96000.0,23.19614249011882,96000.0,33.27997597664047,96000.0,0.50200004,96000.0,0.50200004
96200.0,5.041631113187784,96200.0,28.66930791190657,96200.0,0.0,96200.0,0.0,96200.0,1.637446316536303,96200.0,17.585629467316423,96200.0,0.0,96200.0,0.0,96200.0,3.4936505387957317,96200.0,28.735684665085937,96200.0,0.0,96200.0,0.828,96200.0,3.6161122683141707,96200.0,28.80260279628223,96200.0,0.0,96200.0,0.0,96200.0,3.610598612121556,96200.0,28.72347115893271,96200.0,0.0,96200.0,0.04000000799999998,96200.0,-0.7090742040548575,96200.0,9.073375620763574,96200.0,0.0,96200.0,0.0,96200.0,12.415610997269694,96200.0,15.257903161780316,96200.0,0.14900000000000002,96200.0,0.0,96200.0,12.425184641607018,96200.0,15.41354274321275,96200.0,0.14899999999999997,96200.0,0.14899999999999997,96200.0,11.457418182810255,96200.0,14.842041042150592,96200.0,0.0,96200.0,0.0,96200.0,5.004821496540557,96200.0,28.507826832115725,96200.0,0.0,96200.0,0.0,96200.0,23.176588316474454,96200.0,33.25735256028211,96200.0,0.50200004,96200.0,0.50200004
96400.0,4.624337607082056,96400.0,29.103779370510317,96400.0,0.0,96400.0,0.0,96400.0,1.643142584079124,96400.0,17.713955728913433,96400.0,0.0,96400.0,0.0,96400.0,3.48261403510332,96400.0,28.92729272381259,96400.0,0.0,96400.0,0.828,96400.0,3.6061763070603146,96400.0,29.005752746846262,96400.0,0.0,96400.0,0.0,96400.0,3.60074504616149,96400.0,28.92620167232293,96400.0,0.0,96400.0,0.04000000799999998,96400.0,-0.650421641176312,96400.0,9.430690792690534,96400.0,0.0,96400.0,0.0,96400.0,12.40854032834736,96400.0,15.272909445812983,96400.0,0.14900000000000002,96400.0,0.0,96400.0,12.417865675259366,96400.0,15.429723969545279,96400.0,0.14899999999999997,96400.0,0.14899999999999997,96400.0,11.454257086067008,96400.0,14.873955821865117,96400.0,0.0,96400.0,0.0,96400.0,4.594034658746725,96400.0,29.529338280062085,96400.0,0.0,96400.0,0.0,96400.0,23.16147391168676,96400.0,33.26830135781794,96400.0,0.50200004,96400.0,0.50200004
96600.0,4.2807687820335065,96600.0,37.53580848978563,96600.0,0.0,96600.0,0.0,96600.0,1.6473224632009968,96600.0,17.989001638853438,96600.0,0.0,96600.0,0.0,96600.0,3.4731434361730367,96600.0,29.11700591803127,96600.0,0.0,96600.0,0.828,96600.0,3.5976461173284706,96600.0,29.176314919301063,96600.0,0.0,96600.0,0.0,96600.0,3.592289950484193,96600.0,29.095329671327637,96600.0,0.0,96600.0,0.04000000799999998,96600.0,-0.5972866445321627,96600.0,9.725461873643384,96600.0,0.0,96600.0,0.0,96600.0,12.402666651562924,96600.0,15.289029086334793,96600.0,0.14900000000000002,96600.0,0.0,96600.0,12.41183236742711,96600.0,15.447521491500426,96600.0,0.14899999999999997,96600.0,0.14899999999999997,96600.0,11.451802620474837,96600.0,14.903382144492932,96600.0,0.0,96600.0,0.0,96600.0,4.257172527930172,96600.0,37.271615159850015,96600.0,0.0,96600.0,0.0,96600.0,23.14918137468135,96600.0,33.303422369018456,96600.0,0.50200004,96600.0,0.50200004
96800.0,4.04135969476588,96800.0,31.984276041125252,96800.0,0.0,96800.0,0.0,96800.0,1.6501240664520762,96800.0,18.14113738065479,96800.0,0.0,96800.0,0.0,96800.0,3.4657819522227746,96800.0,29.299982687216016,96800.0,0.0,96800.0,0.828,96800.0,3.5913272816045874,96800.0,29.36098791070711,96800.0,0.0,96800.0,0.0,96800.0,3.586038930896191,96800.0,29.28001494913571,96800.0,0.0,96800.0,0.04000000799999998,96800.0,-0.5562189739430173,96800.0,10.051262632847356,96800.0,0.0,96800.0,0.0,96800.0,12.398458817794404,96800.0,15.310384408884513,96800.0,0.14900000000000002,96800.0,0.0,96800.0,12.40754167431861,96800.0,15.471277781516395,96800.0,0.14899999999999997,96800.0,0.14899999999999997,96800.0,11.450118081371686,96800.0,14.938525416294384,96800.0,0.0,96800.0,0.0,96800.0,4.01993296761576,96800.0,31.789816663306357,96800.0,0.0,96800.0,0.0,96800.0,23.140598001683568,96800.0,33.37507642846628,96800.0,0.50200004,96800.0,0.50200004
97000.0,10.32287183099078,97000.0,28.35293684915233,97000.0,0.0,97000.0,0.0,97000.0,1.7611400210155612,97000.0,18.268044540966265,97000.0,0.0,97000.0,0.0,97000.0,3.4560297724771383,97000.0,29.487552390609345,97000.0,0.0,97000.0,0.828,97000.0,3.5720086527677015,97000.0,29.563524429257566,97000.0,0.0,97000.0,0.0,97000.0,3.566615084728434,97000.0,29.483196703050915,97000.0,0.0,97000.0,0.04000000799999998,97000.0,-0.4114843206825486,97000.0,10.411704221043054,97000.0,0.0,97000.0,0.0,97000.0,12.384486235514945,97000.0,15.339538641393021,97000.0,0.14900000000000002,97000.0,0.0,97000.0,12.393471245796288,97000.0,15.503675299917209,97000.0,0.14899999999999997,97000.0,0.14899999999999997,97000.0,11.44479865150144,97000.0,14.981934353565522,97000.0,0.0,97000.0,0.0,97000.0,10.374465041171874,97000.0,28.208573855997084,97000.0,0.0,97000.0,0.0,97000.0,23.11353679695204,97000.0,33.49291640717168,97000.0,0.50200004,97000.0,0.50200004
97200.0,8.045415665483317,97200.0,36.129786902624346,97200.0,0.0,97200.0,0.0,97200.0,1.8239031007513797,97200.0,18.58165432788542,97200.0,0.0,97200.0,0.0,97200.0,3.442931523502908,97200.0,29.68330733759102,97200.0,0.0,97200.0,0.828,97200.0,3.5489361816843257,97200.0,29.761110135361445,97200.0,0.0,97200.0,0.0,97200.0,3.5437478911929468,97200.0,29.680696385252435,97200.0,0.0,97200.0,0.04000000799999998,97200.0,-0.2098849658837347,97200.0,10.741859338299088,97200.0,0.0,97200.0,0.0,97200.0,12.366159848432968,97200.0,15.372125847967569,97200.0,0.14900000000000002,97200.0,0.0,97200.0,12.375529778155718,97200.0,15.539666044091891,97200.0,0.14899999999999997,97200.0,0.14899999999999997,97200.0,11.438522188059512,97200.0,15.026550188905953,97200.0,0.0,97200.0,0.0,97200.0,8.004759860321828,97200.0,36.66164372995372,97200.0,0.0,97200.0,0.0,97200.0,23.08341476711453,97200.0,33.63235874639752,97200.0,0.50200004,97200.0,0.50200004
97400.0,6.798097824519271,97400.0,35.424790487564124,97400.0,0.0,97400.0,0.0,97400.0,1.8858590488848823,97400.0,18.803686476573347,97400.0,0.0,97400.0,0.0,97400.0,3.431053150443629,97400.0,29.86840410648794,97400.0,0.0,97400.0,0.828,97400.0,3.5312073858977757,97400.0,29.933099075837024,97400.0,0.0,97400.0,0.0,97400.0,3.5261425449776773,97400.0,29.85367336605459,97400.0,0.0,97400.0,0.04000000799999998,97400.0,-0.05335655347741121,97400.0,11.000434426973127,97400.0,0.0,97400.0,0.0,97400.0,12.35353185979422,97400.0,15.401397919446042,97400.0,0.14900000000000002,97400.0,0.0,97400.0,12.363578690044415,97400.0,15.571730199956415,97400.0,0.14899999999999997,97400.0,0.14899999999999997,97400.0,11.434744073691649,97400.0,15.06433901733908,97400.0,0.0,97400.0,0.0,97400.0,6.7492264397893615,97400.0,35.03596936122204,97400.0,0.0,97400.0,0.0,97400.0,23.068879185751673,97400.0,33.764918855008375,97400.0,0.50200004,97400.0,0.50200004
97600.0,5.962993798542537,97600.0,30.859181272260134,97600.0,0.0,97600.0,0.0,97600.0,1.9398529472279153,97600.0,18.961653951461066,97600.0,0.0,97600.0,0.0,97600.0,3.4214090777549586,97600.0,30.053054380913892,97600.0,0.0,97600.0,0.828,97600.0,3.5181781390103866,97600.0,30.119598583540864,97600.0,0.0,97600.0,0.0,97600.0,3.5132196573948726,97600.0,30.040506561485586,97600.0,0.0,97600.0,0.04000000799999998,97600.0,0.06437157387890091,97600.0,11.262493913551829,97600.0,0.0,97600.0,0.0,97600.0,12.344941099173578,97600.0,15.436102239002635,97600.0,0.14900000000000002,97600.0,0.0,97600.0,12.35565303633822,97600.0,15.609287323541736,97600.0,0.14899999999999997,97600.0,0.14899999999999997,97600.0,11.432444097627426,97600.0,15.106994569597376,97600.0,0.0,97600.0,0.0,97600.0,5.920589844626988,97600.0,30.63572146128801,97600.0,0.0,97600.0,0.0,97600.0,23.0634313871599,97600.0,33.93469043780387,97600.0,0.50200004,97600.0,0.50200004
97800.0,5.3671577543066595,97800.0,27.695645875351627,97800.0,0.0,97800.0,0.0,97800.0,1.9837561039989755,97800.0,19.088363619667586,97800.0,0.0,97800.0,0.0,97800.0,3.413859007234586,97800.0,30.24488852335467,97800.0,0.0,97800.0,0.828,97800.0,3.508388206038399,97800.0,30.321417655464938,97800.0,0.0,97800.0,0.0,97800.0,3.5035370515081774,97800.0,30.242145973325364,97800.0,0.0,97800.0,0.04000000799999998,97800.0,0.15423262521715952,97800.0,11.530427688114994,97800.0,0.0,97800.0,0.0,97800.0,12.33882353522794,97800.0,15.477928841048438,97800.0,0.14900000000000002,97800.0,0.0,97800.0,12.350105937615902,97800.0,15.653852048985836,97800.0,0.14899999999999997,97800.0,0.14899999999999997,97800.0,11.430934762473067,97800.0,15.156124215286479,97800.0,0.0,97800.0,0.0,97800.0,5.331847153841508,97800.0,27.557484812181258,97800.0,0.0,97800.0,0.0,97800.0,23.06246667540369,97800.0,34.13637786305482,97800.0,0.50200004,97800.0,0.50200004
98000.0,4.444924913932119,98000.0,35.83954015792827,98000.0,0.0,98000.0,0.0,98000.0,2.032283774807438,98000.0,19.38775659889728,98000.0,0.0,98000.0,0.0,98000.0,3.397959854159473,98000.0,30.44149564403502,98000.0,0.0,98000.0,0.828,98000.0,3.4787278106945694,98000.0,30.521771666176534,98000.0,0.0,98000.0,0.0,98000.0,3.4738910340960074,98000.0,30.442106809519313,98000.0,0.0,98000.0,0.04000000799999998,98000.0,0.44127604986783997,98000.0,11.726489006805686,98000.0,0.0,98000.0,0.0,98000.0,12.315902640312691,98000.0,15.520745727703586,98000.0,0.14900000000000002,98000.0,0.0,98000.0,12.329161461811774,98000.0,15.69813816304921,98000.0,0.14899999999999997,98000.0,0.14899999999999997,98000.0,11.419689009484012,98000.0,15.198852370915873,98000.0,0.0,98000.0,0.0,98000.0,4.404488170170486,98000.0,36.38161157523037,98000.0,0.0,98000.0,0.0,98000.0,23.081479837399712,98000.0,34.341749297037175,98000.0,0.50200004,98000.0,0.50200004
98200.0,7.029023508749467,98200.0,35.153532968984784,98200.0,0.0,98200.0,0.0,98200.0,2.1318987858647964,98200.0,19.56564573104687,98200.0,0.0,98200.0,0.0,98200.0,3.3786944534632246,98200.0,30.643820020688754,98200.0,0.0,98200.0,0.828,98200.0,3.452099740896781,98200.0,30.722959220873303,98200.0,0.0,98200.0,0.0,98200.0,3.447233406883463,98200.0,30.643281854403163,98200.0,0.0,98200.0,0.04000000799999998,98200.0,0.47958647470817073,98200.0,11.67437499459883,98200.0,0.0,98200.0,0.0,98200.0,12.292851347179058,98200.0,15.55907734711403,98200.0,0.14900000000000002,98200.0,0.0,98200.0,12.307339673496301,98200.0,15.736532709294208,98200.0,0.14899999999999997,98200.0,0.14899999999999997,98200.0,11.391495370458399,98200.0,15.221145624742109,98200.0,0.0,98200.0,0.0,98200.0,7.551588024011788,98200.0,34.785404579087825,98200.0,0.0,98200.0,0.0,98200.0,23.1399948874135,98200.0,34.557354802802905,98200.0,0.50200004,98200.0,0.50200004
98400.0,9.836489453515105,98400.0,30.692314280437554,98400.0,0.0,98400.0,0.0,98400.0,2.1991731342930203,98400.0,19.62138524827209,98400.0,0.0,98400.0,0.0,98400.0,3.3631308729197245,98400.0,30.839439129479086,98400.0,0.0,98400.0,0.828,98400.0,3.4288250852958284,98400.0,30.921331538439603,98400.0,0.0,98400.0,0.0,98400.0,3.423999621813409,98400.0,30.84145069705584,98400.0,0.0,98400.0,0.04000000799999998,98400.0,0.37103588625599104,98400.0,11.47199673580153,98400.0,0.0,98400.0,0.0,98400.0,12.266029830953702,98400.0,15.589568818892376,98400.0,0.14900000000000002,98400.0,0.0,98400.0,12.281539999405762,98400.0,15.766691862406702,98400.0,0.14899999999999997,98400.0,0.14899999999999997,98400.0,11.351646425500464,98400.0,15.22875810046158,98400.0,0.0,98400.0,0.0,98400.0,9.536821002587818,98400.0,30.489610017151836,98400.0,0.0,98400.0,0.0,98400.0,23.22454039554946,98400.0,34.76621064882369,98400.0,0.50200004,98400.0,0.50200004
98600.0,7.513557323768691,98600.0,27.716491772726712,98600.0,0.0,98600.0,0.0,98600.0,2.1910945170382923,98600.0,19.587127971739925,98600.0,0.0,98600.0,0.0,98600.0,3.3462634195715752,98600.0,31.02433235573083,98600.0,0.0,98600.0,0.828,98600.0,3.4069898475597085,98600.0,31.11419736625431,98600.0,0.0,98600.0,0.0,98600.0,3.402123142034599,98600.0,31.034005627073682,98600.0,0.0,98600.0,0.04000000799999998,98600.0,0.1640071828410078,98600.0,11.16827958282486,98600.0,0.0,98600.0,0.0,98600.0,12.233872987797456,98600.0,15.611046502667083,98600.0,0.14900000000000002,98600.0,0.0,98600.0,12.250184062129703,98600.0,15.787640871100455,98600.0,0.14899999999999997,98600.0,0.14899999999999997,98600.0,11.303820000976655,98600.0,15.225585866138418,98600.0,0.0,98600.0,0.0,98600.0,7.377871794496848,98600.0,27.58826624803537,98600.0,0.0,98600.0,0.0,98600.0,23.313567581856745,98600.0,34.941699605602466,98600.0,0.50200004,98600.0,0.50200004
98800.0,6.193158729915621,98800.0,35.97180507479017,98800.0,0.0,98800.0,0.0,98800.0,2.1376469652910357,98800.0,19.681353192787817,98800.0,0.0,98800.0,0.0,98800.0,3.3286402847527166,98800.0,31.20315932652806,98800.0,0.0,98800.0,0.828,98800.0,3.391432854783261,98800.0,31.3016735305953,98800.0,0.0,98800.0,0.0,98800.0,3.3865884972923217,98800.0,31.2208069054054,98800.0,0.0,98800.0,0.04000000799999998,98800.0,-0.00900495221633138,98800.0,10.793091544540278,98800.0,0.0,98800.0,0.0,98800.0,12.210658553378153,98800.0,15.623338320751072,98800.0,0.14900000000000002,98800.0,0.0,98800.0,12.227259669469573,98800.0,15.799154135259569,98800.0,0.14899999999999997,98800.0,0.14899999999999997,98800.0,11.270264286357314,98800.0,15.213439398083382,98800.0,0.0,98800.0,0.0,98800.0,6.129373968846609,98800.0,36.51898745610896,98800.0,0.0,98800.0,0.0,98800.0,23.36268210948773,98800.0,35.06880158757218,98800.0,0.50200004,98800.0,0.50200004
99000.0,5.365672862706583,99000.0,35.37239343668446,99000.0,0.0,99000.0,0.0,99000.0,2.064360865098029,99000.0,19.609040081378623,99000.0,0.0,99000.0,0.0,99000.0,3.3122412259361327,99000.0,30.669256021886394,99000.0,0.0,99000.0,0.0,99000.0,3.379027199064573,99000.0,31.1146669345148,99000.0,0.0,99000.0,0.0,99000.0,3.3741392030149595,99000.0,31.103197050664615,99000.0,0.0,99000.0,0.04000000799999998,99000.0,-0.14998493437208038,99000.0,10.38915619136306,99000.0,0.0,99000.0,0.0,99000.0,12.19301776545106,99000.0,15.626736780089702,99000.0,0.14900000000000002,99000.0,0.0,99000.0,12.209707025563464,99000.0,15.801518215291988,99000.0,0.14899999999999997,99000.0,0.14899999999999997,99000.0,11.24530672523179,99000.0,15.194462145607194,99000.0,0.0,99000.0,0.0,99000.0,5.321767908388035,99000.0,35.007537950777674,99000.0,0.0,99000.0,0.0,99000.0,23.391132115347713,99000.0,35.14865289089612,99000.0,0.50200004,99000.0,0.50200004
99200.0,4.703373080028258,99200.0,30.900167211469505,99200.0,0.0,99200.0,0.0,99200.0,1.977868890150878,99200.0,19.399274303187845,99200.0,0.0,99200.0,0.0,99200.0,3.295383498749716,99200.0,30.28303663131694,99200.0,0.0,99200.0,0.0,99200.0,3.3661060069304622,99200.0,30.83211354691676,99200.0,0.0,99200.0,0.0,99200.0,3.3611576282429323,99200.0,30.82024473363716,99200.0,0.0,99200.0,0.04000000799999998,99200.0,-0.29603988564853684,99200.0,9.931823579793388,99200.0,0.0,99200.0,0.0,99200.0,12.174897123209584,99200.0,15.622117144086571,99200.0,0.14900000000000002,99200.0,0.0,99200.0,12.191560602598836,99200.0,15.795478919825731,99200.0,0.14899999999999997,99200.0,0.14899999999999997,99200.0,11.220152235389756,99200.0,15.167174023867624,99200.0,0.0,99200.0,0.0,99200.0,4.668116866065729,99200.0,30.696973887418228,99200.0,0.0,99200.0,0.0,99200.0,23.412957047790307,99200.0,35.182231639491825,99200.0,0.50200004,99200.0,0.50200004
99400.0,4.1391983874367595,99400.0,27.874015801266584,99400.0,0.0,99400.0,0.0,99400.0,1.8811217034972445,99400.0,19.111764605665407,99400.0,0.0,99400.0,0.0,99400.0,3.2771550063970176,99400.0,29.967663953464818,99400.0,0.0,99400.0,0.0,99400.0,3.3522332482401738,99400.0,30.546490482034198,99400.0,0.0,99400.0,0.0,99400.0,3.347212847649348,99400.0,30.534046298038948,99400.0,0.0,99400.0,0.04000000799999998,99400.0,-0.44971963045441427,99400.0,9.451495565817684,99400.0,0.0,99400.0,0.0,99400.0,12.155743396150598,99400.0,15.609467648943076,99400.0,0.14900000000000002,99400.0,0.0,99400.0,12.17224911957594,99400.0,15.781098650970023,99400.0,0.14899999999999997,99400.0,0.14899999999999997,99400.0,11.194009165912727,99400.0,15.132829870898913,99400.0,0.0,99400.0,0.0,99400.0,4.109448720162974,99400.0,27.74358121547596,99400.0,0.0,99400.0,0.0,99400.0,23.42851698375981,99400.0,35.15504574231214,99400.0,0.50200004,99400.0,0.50200004
99600.0,6.772615056586294,99600.0,35.802323435345215,99600.0,0.0,99600.0,0.0,99600.0,1.8340843726841822,99600.0,18.998937391829497,99600.0,0.0,99600.0,0.0,99600.0,3.2583015162566604,99600.0,29.726955830781826,99600.0,0.0,99600.0,0.0,99600.0,3.3372966772471564,99600.0,30.354103543664518,99600.0,0.0,99600.0,0.0,99600.0,3.3321124751908173,99600.0,30.34044138188463,99600.0,0.0,99600.0,0.04000000799999998,99600.0,-0.6117274496022366,99600.0,9.145147596121825,99600.0,0.0,99600.0,0.0,99600.0,12.135343964880619,99600.0,15.598190078971117,99600.0,0.14900000000000002,99600.0,0.0,99600.0,12.15154165683977,99600.0,15.768633814461992,99600.0,0.14899999999999997,99600.0,0.14899999999999997,99600.0,11.166589916091562,99600.0,15.108875500302796,99600.0,0.0,99600.0,0.0,99600.0,7.270090517804976,99600.0,36.35447686030558,99600.0,0.0,99600.0,0.0,99600.0,23.437327089592532,99600.0,35.11098101579537,99600.0,0.50200004,99600.0,0.50200004
99800.0,9.502986457200883,99800.0,35.34871866076739,99800.0,0.0,99800.0,0.0,99800.0,1.7862177411792153,99800.0,18.793042014266707,99800.0,0.0,99800.0,0.0,99800.0,3.2405835146390793,99800.0,29.500297852464065,99800.0,0.0,99800.0,0.0,99800.0,3.317441789106795,99800.0,30.113700775502128,99800.0,0.0,99800.0,0.0,99800.0,3.3119702568222835,99800.0,30.099194678861767,99800.0,0.0,99800.0,0.04000000799999998,99800.0,-0.8503608583365221,99800.0,8.735154364015232,99800.0,0.0,99800.0,0.0,99800.0,12.104323712898813,99800.0,15.579169199896361,99800.0,0.14900000000000002,99800.0,0.0,99800.0,12.119848099674213,99800.0,15.747919920671858,99800.0,0.14899999999999997,99800.0,0.14899999999999997,99800.0,11.125720607392443,99800.0,15.07354643131707,99800.0,0.0,99800.0,0.0,99800.0,9.219673692827207,99800.0,34.968904168991436,99800.0,0.0,99800.0,0.0,99800.0,23.437873551068282,99800.0,35.032276844669994,99800.0,0.50200004,99800.0,0.50200004
100000.0,7.583740144088113,100000.0,30.755901418387445,100000.0,0.0,100000.0,0.0,100000.0,1.705620317819508,100000.0,18.487221016331727,100000.0,0.0,100000.0,0.0,100000.0,3.2219321704248793,100000.0,29.236834455181928,100000.0,0.0,100000.0,0.0,100000.0,3.3027075001924913,100000.0,29.82917296794423,100000.0,0.0,100000.0,0.0,100000.0,3.297207783022905,100000.0,29.815104659774846,100000.0,0.0,100000.0,0.04000000799999998,100000.0,-1.009207805632622,100000.0,8.237230354413382,100000.0,0.0,100000.0,0.0,100000.0,12.082773508189069,100000.0,15.54917361381709,100000.0,0.14900000000000002,100000.0,0.0,100000.0,12.097746005718237,100000.0,15.715798011087102,100000.0,0.14899999999999997,100000.0,0.14899999999999997,100000.0,11.098196606315001,100000.0,15.025303349646014,100000.0,0.0,100000.0,0.0,100000.0,7.45511469075044,100000.0,30.54563620788129,100000.0,0.0,100000.0,0.0,100000.0,23.42919008665558,100000.0,34.88798849553662,100000.0,0.50200004,100000.0,0.50200004
100200.0,6.080921314351899,100200.0,27.68952555910181,100200.0,0.0,100200.0,0.0,100200.0,1.5985118331744779,100200.0,18.150205268359983,100200.0,0.0,100200.0,0.0,100200.0,3.194004186443487,100200.0,28.96560545037749,100200.0,0.0,100200.0,0.0,100200.0,3.27302102664872,100200.0,29.56929321575492,100200.0,0.0,100200.0,0.0,100200.0,3.2674431252782776,100200.0,29.556410051929937,100200.0,0.0,100200.0,0.04000000799999998,100200.0,-1.1906415600010347,100200.0,7.972124920502735,100200.0,0.0,100200.0,0.0,100200.0,12.03492108800899,100200.0,15.520553677684306,100200.0,0.14900000000000002,100200.0,0.0,100200.0,12.04930496658884,100200.0,15.686239455360887,100200.0,0.14899999999999997,100200.0,0.14899999999999997,100200.0,11.050478476528788,100200.0,14.99484890025772,100200.0,0.0,100200.0,0.0,100200.0,6.005950526681282,100200.0,27.56305940993547,100200.0,0.0,100200.0,0.0,100200.0,23.38794147836253,100200.0,34.71956090920403,100200.0,0.50200004,100200.0,0.50200004
100400.0,5.3399971101128,100400.0,35.54095259888239,100400.0,0.0,100400.0,0.0,100400.0,1.5197528545187569,100400.0,18.044034921908093,100400.0,0.0,100400.0,0.0,100400.0,3.1694233349411904,100400.0,28.73216353004117,100400.0,0.0,100400.0,0.0,100400.0,3.2612700713287155,100400.0,29.37581443196754,100400.0,0.0,100400.0,0.0,100400.0,3.2558306057046233,100400.0,29.364194970361503,100400.0,0.0,100400.0,0.04000000799999998,100400.0,-1.178284626888994,100400.0,7.940287580559438,100400.0,0.0,100400.0,0.0,100400.0,12.02085471507659,100400.0,15.502129467206624,100400.0,0.14900000000000002,100400.0,0.0,100400.0,12.03495881306408,100400.0,15.667101730932925,100400.0,0.14899999999999997,100400.0,0.14899999999999997,100400.0,11.039213483964557,100400.0,14.981522485311983,100400.0,0.0,100400.0,0.0,100400.0,5.303127580323432,100400.0,36.06035600631706,100400.0,0.0,100400.0,0.0,100400.0,23.367986297618664,100400.0,34.590950647411866,100400.0,0.50200004,100400.0,0.50200004
100600.0,4.906559689125577,100600.0,34.74184953523568,100600.0,0.0,100600.0,0.0,100600.0,1.4636365291399605,100600.0,17.894670478305287,100600.0,0.0,100600.0,0.0,100600.0,3.1518670003340623,100600.0,28.49450639531696,100600.0,0.0,100600.0,0.0,100600.0,3.2529703108171626,100600.0,29.093312724013256,100600.0,0.0,100600.0,0.0,100600.0,3.247586775302624,100600.0,29.081048848878726,100600.0,0.0,100600.0,0.04000000799999998,100600.0,-1.163436056476516,100600.0,7.965209738956395,100600.0,0.0,100600.0,0.0,100600.0,12.012062730634401,100600.0,15.475035600551868,100600.0,0.14900000000000002,100600.0,0.0,100600.0,12.025958346349142,100600.0,15.638458027048472,100600.0,0.14899999999999997,100600.0,0.14899999999999997,100600.0,11.03255737386369,100600.0,14.96696936291107,100600.0,0.0,100600.0,0.0,100600.0,4.8758360574865005,100600.0,34.36686179731254,100600.0,0.0,100600.0,0.0,100600.0,23.353768341847196,100600.0,34.36955381888546,100600.0,0.50200004,100600.0,0.50200004
100800.0,4.548053990970256,100800.0,30.154527391618956,100800.0,0.0,100800.0,0.0,100800.0,1.4189486006210994,100800.0,17.7212253726557,100800.0,0.0,100800.0,0.0,100800.0,3.1380031228594776,100800.0,28.235006190865214,100800.0,0.0,100800.0,0.0,100800.0,3.245479756097513,100800.0,28.817727982667055,100800.0,0.0,100800.0,0.0,100800.0,3.2401331075351765,100800.0,28.805356368078158,100800.0,0.0,100800.0,0.04000000799999998,100800.0,-1.1472211006964792,100800.0,8.069570957325517,100800.0,0.0,100800.0,0.0,100800.0,12.00465797665227,100800.0,15.453608197893377,100800.0,0.14900000000000002,100800.0,0.0,100800.0,12.018346730259447,100800.0,15.615085534906216,100800.0,0.14899999999999997,100800.0,0.14899999999999997,100800.0,11.027182788246538,100800.0,14.960262117269162,100800.0,0.0,100800.0,0.0,100800.0,4.521405801972418,100800.0,29.944999060973412,100800.0,0.0,100800.0,0.0,100800.0,23.340827102366866,100800.0,34.14534240520679,100800.0,0.50200004,100800.0,0.50200004
101000.0,4.224565886409592,101000.0,27.26790820341155,101000.0,0.0,101000.0,0.0,101000.0,1.380372924419721,101000.0,17.55881583878901,101000.0,0.0,101000.0,0.0,101000.0,3.125963135994921,101000.0,28.002036393485106,101000.0,0.0,101000.0,0.0,101000.0,3.2377469267031276,101000.0,28.607175439757217,101000.0,0.0,101000.0,0.0,101000.0,3.232418868692093,101000.0,28.594981547695625,101000.0,0.0,101000.0,0.04000000799999998,101000.0,-1.128123726074342,101000.0,8.187187577321195,101000.0,0.0,101000.0,0.0,101000.0,11.997400627074564,101000.0,15.4424677980891,101000.0,0.14900000000000002,101000.0,0.0,101000.0,12.01085267777006,101000.0,15.60251638074873,101000.0,0.14899999999999997,101000.0,0.14899999999999997,101000.0,11.022131392377895,101000.0,14.959938013937427,101000.0,0.0,101000.0,0.0,101000.0,4.198430541512547,101000.0,27.128808398942258,101000.0,0.0,101000.0,0.0,101000.0,23.32731824955487,101000.0,33.9993134511145,101000.0,0.50200004,101000.0,0.50200004
101200.0,3.9430899716221717,101200.0,35.083527909618006,101200.0,0.0,101200.0,0.0,101200.0,1.3493637434956727,101200.0,17.594155358182398,101200.0,0.0,101200.0,0.0,101200.0,3.115170786503157,101200.0,27.798817782280366,101200.0,0.0,101200.0,0.0,101200.0,3.230844206022021,101200.0,28.400562212089092,101200.0,0.0,101200.0,0.0,101200.0,3.2255427007046347,101200.0,28.387039828441665,101200.0,0.0,101200.0,0.04000000799999998,101200.0,-1.1090775334744198,101200.0,8.337995965734516,101200.0,0.0,101200.0,0.0,101200.0,11.991233857134086,101200.0,15.43434110511755,101200.0,0.14900000000000002,101200.0,0.0,101200.0,12.00445921721059,101200.0,15.593029902295276,101200.0,0.14899999999999997,101200.0,0.14899999999999997,101200.0,11.01802261375618,101200.0,14.96320957210774,101200.0,0.0,101200.0,0.0,101200.0,3.9205168555977403,101200.0,35.6343481616987,101200.0,0.0,101200.0,0.0,101200.0,23.31521328496209,101200.0,33.873120494698426,101200.0,0.50200004,101200.0,0.50200004
101400.0,10.206578361000311,101400.0,34.327438771125344,101400.0,0.0,101400.0,0.0,101400.0,1.4203781984909534,101400.0,17.565573808641602,101400.0,0.0,101400.0,0.0,101400.0,3.102329911577759,101400.0,27.569421632540656,101400.0,0.0,101400.0,0.0,101400.0,3.212496206009335,101400.0,28.136720726168463,101400.0,0.0,101400.0,0.0,101400.0,3.207065073490727,101400.0,28.124139586012863,101400.0,0.0,101400.0,0.04000000799999998,101400.0,-1.0428447902346607,101400.0,8.58440756386641,101400.0,0.0,101400.0,0.0,101400.0,11.973789592541783,101400.0,15.428546473756066,101400.0,0.14900000000000002,101400.0,0.0,101400.0,11.986274940632038,101400.0,15.585682906906,101400.0,0.14899999999999997,101400.0,0.14899999999999997,101400.0,11.007176400729135,101400.0,14.973865232772319,101400.0,0.0,101400.0,0.0,101400.0,10.252624232704136,101400.0,33.957552160726536,101400.0,0.0,101400.0,0.0,101400.0,23.27856145120521,101400.0,33.72473703588771,101400.0,0.50200004,101400.0,0.50200004
101600.0,7.915226872712604,101600.0,29.84673102746856,101600.0,0.0,101600.0,0.0,101600.0,1.444272680271947,101600.0,17.51645019029518,101600.0,0.0,101600.0,0.0,101600.0,3.086398978076564,101600.0,27.688623382981394,101600.0,0.0,101600.0,0.828,101600.0,3.189792727846343,101600.0,28.022484841374492,101600.0,0.0,101600.0,0.0,101600.0,3.1845007508942578,101600.0,27.95914081282637,101600.0,0.0,101600.0,0.04000000799999998,101600.0,-0.921482600421971,101600.0,8.839014810349848,101600.0,0.0,101600.0,0.0,101600.0,11.950633337422431,101600.0,15.42892297224323,101600.0,0.14900000000000002,101600.0,0.0,101600.0,11.962002587516395,101600.0,15.58517606064463,101600.0,0.14899999999999997,101600.0,0.14899999999999997,101600.0,10.99468899073802,101600.0,14.989102078989578,101600.0,0.0,101600.0,0.0,101600.0,7.87278838210693,101600.0,29.65338958195836,101600.0,0.0,101600.0,0.0,101600.0,23.22497541949829,101600.0,33.625638820827355,101600.0,0.50200004,101600.0,0.50200004
101800.0,6.645523857914491,101800.0,29.868558102096003,101800.0,0.0,101800.0,0.0,101800.0,1.4702812399621694,101800.0,17.55917791658494,101800.0,0.0,101800.0,0.0,101800.0,3.0711803340184476,101800.0,28.07317089492249,101800.0,0.0,101800.0,0.828,101800.0,3.1716121462242333,101800.0,28.162073232142173,101800.0,0.0,101800.0,0.0,101800.0,3.1663896787235424,101800.0,28.086257440446317,101800.0,0.0,101800.0,0.04000000799999998,101800.0,-0.801381874794042,101800.0,9.02713621758472,101800.0,0.0,101800.0,0.0,101800.0,11.934318733838552,101800.0,15.431903528554889,101800.0,0.14900000000000002,101800.0,0.0,101800.0,11.944886593778392,101800.0,15.587920851196182,101800.0,0.14899999999999997,101800.0,0.14899999999999997,101800.0,10.987412466167328,101800.0,15.00200628691214,101800.0,0.0,101800.0,0.0,101800.0,6.594995529913146,101800.0,30.24271015426054,101800.0,0.0,101800.0,0.0,101800.0,23.184142849749033,101800.0,33.5827377773173,101800.0,0.50200004,101800.0,0.50200004
102000.0,5.786114178150945,102000.0,37.89334569770265,102000.0,0.0,102000.0,0.0,102000.0,1.4943392536369433,102000.0,17.769398710198296,102000.0,0.0,102000.0,0.0,102000.0,3.0583001905302982,102000.0,28.323379420485907,102000.0,0.0,102000.0,0.828,102000.0,3.1577962713073715,102000.0,28.384808340040266,102000.0,0.0,102000.0,0.0,102000.0,3.1526427337531313,102000.0,28.306863894400582,102000.0,0.0,102000.0,0.04000000799999998,102000.0,-0.6990710575427018,102000.0,9.366818529702297,102000.0,0.0,102000.0,0.0,102000.0,11.923111486104501,102000.0,15.44172550148458,102000.0,0.14900000000000002,102000.0,0.0,102000.0,11.933214430846112,102000.0,15.598172961854415,102000.0,0.14899999999999997,102000.0,0.14899999999999997,102000.0,10.983232265627944,102000.0,15.029026838154683,102000.0,0.0,102000.0,0.0,102000.0,5.74219196823389,102000.0,37.59060317228709,102000.0,0.0,102000.0,0.0,102000.0,23.155597129888264,102000.0,33.54527737235756,102000.0,0.50200004,102000.0,0.50200004
102200.0,5.16600280053398,102200.0,32.19494694585631,102200.0,0.0,102200.0,0.0,102200.0,1.5144123436021668,102200.0,17.87974905779609,102200.0,0.0,102200.0,0.0,102200.0,3.047889560620318,102200.0,28.5442536187929,102200.0,0.0,102200.0,0.828,102200.0,3.1471041084758546,102200.0,28.586096154456992,102200.0,0.0,102200.0,0.0,102200.0,3.142032557792292,102200.0,28.50677287446757,102200.0,0.0,102200.0,0.04000000799999998,102200.0,-0.6140316488650918,102200.0,9.679595689155295,102200.0,0.0,102200.0,0.0,102200.0,11.915064354607614,102200.0,15.455327350671455,102200.0,0.14900000000000002,102200.0,0.0,102200.0,11.924928320200719,102200.0,15.613162571579508,102200.0,0.14899999999999997,102200.0,0.14899999999999997,102200.0,10.98069888142748,102200.0,15.057652229646594,102200.0,0.0,102200.0,0.0,102200.0,5.128957423547105,102200.0,31.991523294361315,102200.0,0.0,102200.0,0.0,102200.0,23.135369955869844,102200.0,33.545488340377084,102200.0,0.50200004,102200.0,0.50200004
102400.0,4.7047425710430435,102400.0,28.744857279535648,102400.0,0.0,102400.0,0.0,102400.0,1.530152426768818,102400.0,17.964513719928227,102400.0,0.0,102400.0,0.0,102400.0,3.0395510112877107,102400.0,28.73077578466475,102400.0,0.0,102400.0,0.828,102400.0,3.1387759470979755,102400.0,28.756654896483653,102400.0,0.0,102400.0,0.0,102400.0,3.1337845570858995,102400.0,28.676705460643976,102400.0,0.0,102400.0,0.04000000799999998,102400.0,-0.5440158343276356,102400.0,9.943600991726973,102400.0,0.0,102400.0,0.0,102400.0,11.9091330142852,102400.0,15.46949793890018,102400.0,0.14900000000000002,102400.0,0.0,102400.0,11.918896188376769,102400.0,15.629047222038938,102400.0,0.14899999999999997,102400.0,0.14899999999999997,102400.0,10.979088969130315,102400.0,15.083669775117292,102400.0,0.0,102400.0,0.0,102400.0,4.673683126539681,102400.0,28.605124821648026,102400.0,0.0,102400.0,0.0,102400.0,23.120886238712348,102400.0,33.57534152741171,102400.0,0.50200004,102400.0,0.50200004
102600.0,4.346900232263063,102600.0,29.25775389943754,102600.0,0.0,102600.0,0.0,102600.0,1.5423364058094737,102600.0,18.110200134848757,102600.0,0.0,102600.0,0.0,102600.0,3.032762423156538,102600.0,28.92234845803758,102600.0,0.0,102600.0,0.828,102600.0,3.1319930045685296,102600.0,28.973112498280905,102600.0,0.0,102600.0,0.0,102600.0,3.1270721938695405,102600.0,28.89347881440331,102600.0,0.0,102600.0,0.04000000799999998,102600.0,-0.4848359027389924,102600.0,10.301146042414413,102600.0,0.0,102600.0,0.0,102600.0,11.904486631682106,102600.0,15.49376632095793,102600.0,0.14900000000000002,102600.0,0.0,102600.0,11.914226307084089,102600.0,15.656313793165603,102600.0,0.14899999999999997,102600.0,0.14899999999999997,102600.0,10.977960237425425,102600.0,15.123210391837386,102600.0,0.0,102600.0,0.0,102600.0,4.3202522292573535,102600.0,29.688119082264386,102600.0,0.0,102600.0,0.0,102600.0,23.109953813247536,102600.0,33.65251149031151,102600.0,0.50200004,102600.0,0.50200004
102800.0,4.075982945797953,102800.0,37.57587777974917,102800.0,0.0,102800.0,0.0,102800.0,1.5515131173579018,102800.0,18.40443723554268,102800.0,0.0,102800.0,0.0,102800.0,3.027324167845509,102800.0,29.13188399057235,102800.0,0.0,102800.0,0.828,102800.0,3.126744210051344,102800.0,29.188004040959797,102800.0,0.0,102800.0,0.0,102800.0,3.1218845305352585,102800.0,29.108451494453405,102800.0,0.0,102800.0,0.04000000799999998,102800.0,-0.43820062550738687,102800.0,10.640065808683513,102800.0,0.0,102800.0,0.0,102800.0,11.90100061456056,102800.0,15.522692105416427,102800.0,0.14900000000000002,102800.0,0.0,102800.0,11.910760397762374,102800.0,15.688651022258487,102800.0,0.14899999999999997,102800.0,0.14899999999999997,102800.0,10.977174343636436,102800.0,15.165507725300522,102800.0,0.0,102800.0,0.0,102800.0,4.052947019707012,102800.0,37.29070142181028,102800.0,0.0,102800.0,0.0,102800.0,23.102084295414837,102800.0,33.759850659055466,102800.0,0.50200004,102800.0,0.50200004
103000.0,6.795074082807462,103000.0,32.07054952718108,103000.0,0.0,103000.0,0.0,103000.0,1.618185297528951,103000.0,18.576299153026035,103000.0,0.0,103000.0,0.0,103000.0,3.021391377406678,103000.0,29.337610732497165,103000.0,0.0,103000.0,0.828,103000.0,3.115647322061182,103000.0,29.38193314425664,103000.0,0.0,103000.0,0.0,103000.0,3.110662543542826,103000.0,29.302020892645213,103000.0,0.0,103000.0,0.04000000799999998,103000.0,-0.3280119508742124,103000.0,10.91787480180813,103000.0,0.0,103000.0,0.0,103000.0,11.893126579174547,103000.0,15.55107000714953,103000.0,0.14900000000000002,103000.0,0.0,103000.0,11.903048835419355,103000.0,15.720099407681577,103000.0,0.14899999999999997,103000.0,0.14899999999999997,103000.0,10.975531760839447,103000.0,15.203937038008965,103000.0,0.0,103000.0,0.0,103000.0,7.2737964651633025,103000.0,31.873509121385194,103000.0,0.0,103000.0,0.0,103000.0,23.085407833284965,103000.0,33.87698341238598,103000.0,0.50200004,103000.0,0.50200004
103200.0,9.334484317416427,103200.0,28.63884361021917,103200.0,0.0,103200.0,0.0,103200.0,1.702767309487334,103200.0,18.70741454993716,103200.0,0.0,103200.0,0.0,103200.0,3.0146701528802313,103200.0,29.527900513966465,103200.0,0.0,103200.0,0.828,103200.0,3.097939372762723,103200.0,29.576561456383168,103200.0,0.0,103200.0,0.0,103200.0,3.092864602283656,103200.0,29.49750748977374,103200.0,0.0,103200.0,0.04000000799999998,103200.0,-0.11976682506390222,103200.0,11.184368142535023,103200.0,0.0,103200.0,0.0,103200.0,11.879081533768645,103200.0,15.582392206202787,103200.0,0.14900000000000002,103200.0,0.0,103200.0,11.889731600431029,103200.0,15.754379425497339,103200.0,0.14899999999999997,103200.0,0.14899999999999997,103200.0,10.973099494630166,103200.0,15.243945865907385,103200.0,0.0,103200.0,0.0,103200.0,9.050013760933345,103200.0,28.48609048363558,103200.0,0.0,103200.0,0.0,103200.0,23.061198298933675,103200.0,34.023217964371355,103200.0,0.50200004,103200.0,0.50200004
103400.0,7.400141884496124,103400.0,29.27111004001502,103400.0,0.0,103400.0,0.0,103400.0,1.7757760558734321,103400.0,18.887088016041933,103400.0,0.0,103400.0,0.0,103400.0,3.007668569081427,103400.0,29.727724040408237,103400.0,0.0,103400.0,0.828,103400.0,3.0853330105241183,103400.0,29.78794414906433,103400.0,0.0,103400.0,0.0,103400.0,3.080487078740754,103400.0,29.70879721379133,103400.0,0.0,103400.0,0.04000000799999998,103400.0,0.024825354619338703,103400.0,11.457377115894447,103400.0,0.0,103400.0,0.0,103400.0,11.870195310405807,103400.0,15.62086343373241,103400.0,0.14900000000000002,103400.0,0.0,103400.0,11.88163872386289,103400.0,15.795799653448677,103400.0,0.14899999999999997,103400.0,0.14899999999999997,103400.0,10.972050063933764,103400.0,15.290547606404965,103400.0,0.0,103400.0,0.0,103400.0,7.271091275309468,103400.0,29.70550503097249,103400.0,0.0,103400.0,0.0,103400.0,23.052336623362304,103400.0,34.202902645319796,103400.0,0.50200004,103400.0,0.50200004
103600.0,6.127623199713206,103600.0,37.714565865383925,103600.0,0.0,103600.0,0.0,103600.0,1.8411313582574524,103600.0,19.195068463456586,103600.0,0.0,103600.0,0.0,103600.0,2.9996833923950748,103600.0,29.93609213827083,103600.0,0.0,103600.0,0.828,103600.0,3.0693889057262753,103600.0,29.99672260652119,103600.0,0.0,103600.0,0.0,103600.0,3.0645310738999365,103600.0,29.917507727457266,103600.0,0.0,103600.0,0.04000000799999998,103600.0,0.24185701338244386,103600.0,11.697386780536865,103600.0,0.0,103600.0,0.0,103600.0,11.858075196294395,103600.0,15.66077823255064,103600.0,0.14900000000000002,103600.0,0.0,103600.0,11.870846887333144,103600.0,15.837879490626475,103600.0,0.14899999999999997,103600.0,0.14899999999999997,103600.0,10.970221665573858,103600.0,15.33582989287051,103600.0,0.0,103600.0,0.0,103600.0,6.031408507425499,103600.0,37.43428926836678,103600.0,0.0,103600.0,0.0,103600.0,23.05226748352024,103600.0,34.38660264917463,103600.0,0.50200004,103600.0,0.50200004
103800.0,4.94927777863106,103800.0,32.20374107443121,103800.0,0.0,103800.0,0.0,103800.0,1.9051931740902304,103800.0,19.3549746372652,103800.0,0.0,103800.0,0.0,103800.0,2.9867395250638182,103800.0,30.146787037157587,103800.0,0.0,103800.0,0.828,103800.0,3.0483496870869295,103800.0,30.208174176878522,103800.0,0.0,103800.0,0.0,103800.0,3.0436726227700497,103800.0,30.129008209635177,103800.0,0.0,103800.0,0.04000000799999998,103800.0,0.3997404217558966,103800.0,11.769090944107587,103800.0,0.0,103800.0,0.0,103800.0,11.840788842176346,103800.0,15.69997441306784,103800.0,0.14900000000000002,103800.0,0.0,103800.0,11.854901551917111,103800.0,15.877617555775767,103800.0,0.14899999999999997,103800.0,0.14899999999999997,103800.0,10.955014640167414,103800.0,15.36635974823848,103800.0,0.0,103800.0,0.0,103800.0,4.8918720949538805,103800.0,32.00105948685386,103800.0,0.0,103800.0,0.0,103800.0,23.085561960270773,103800.0,34.58849843391997,103800.0,0.50200004,103800.0,0.50200004
104000.0,4.08553348710299,104000.0,28.732938004308615,104000.0,0.0,104000.0,0.0,104000.0,1.9318786114773763,104000.0,19.423226752535406,104000.0,0.0,104000.0,0.0,104000.0,2.9724801946996484,104000.0,30.35087653469152,104000.0,0.0,104000.0,0.828,104000.0,3.029209754020579,104000.0,30.416372253348737,104000.0,0.0,104000.0,0.0,104000.0,3.024617408902708,104000.0,30.33704618769323,104000.0,0.0,104000.0,0.04000000799999998,104000.0,0.34905903637471614,104000.0,11.62622158363462,104000.0,0.0,104000.0,0.0,104000.0,11.820978716954281,104000.0,15.73262448390686,104000.0,0.14900000000000002,104000.0,0.0,104000.0,11.83605284530592,104000.0,15.910004359198979,104000.0,0.14899999999999997,104000.0,0.14899999999999997,104000.0,10.924828401899685,104000.0,15.378728105021322,104000.0,0.0,104000.0,0.0,104000.0,4.046202596381892,104000.0,28.593470428673974,104000.0,0.0,104000.0,0.0,104000.0,23.1530842052997,104000.0,34.791765478338796,104000.0,0.50200004,104000.0,0.50200004
104200.0,10.76729781449661,104200.0,29.499390870104214,104200.0,0.0,104200.0,0.0,104200.0,2.025537382732786,104200.0,19.474214810360216,104200.0,0.0,104200.0,0.0,104200.0,2.9600977034042537,104200.0,30.54652259296318,104200.0,0.0,104200.0,0.828,104200.0,3.0119101767467558,104200.0,30.619512725928374,104200.0,0.0,104200.0,0.0,104200.0,3.007188944204333,104200.0,30.53979348437041,104200.0,0.0,104200.0,0.04000000799999998,104200.0,0.18404944505000348,104200.0,11.365097035860133,104200.0,0.0,104200.0,0.0,104200.0,11.796309445361794,104200.0,15.756745060204693,104200.0,0.14900000000000002,104200.0,0.0,104200.0,11.812215903453959,104200.0,15.933641105511553,104200.0,0.14899999999999997,104200.0,0.14899999999999997,104200.0,10.885153088508662,104200.0,15.37882515156297,104200.0,0.0,104200.0,0.0,104200.0,10.826026311246826,104200.0,29.94113673731456,104200.0,0.0,104200.0,0.0,104200.0,23.236324349641148,104200.0,34.97194037510804,104200.0,0.50200004,104200.0,0.50200004
104400.0,8.261277811259859,104400.0,38.02105005999517,104400.0,0.0,104400.0,0.0,104400.0,2.004173380339193,104400.0,19.600599473772448,104400.0,0.0,104400.0,0.0,104400.0,2.9487141945913526,104400.0,30.7417427184128,104400.0,0.0,104400.0,0.828,104400.0,2.997111568378323,104400.0,30.819574969525995,104400.0,0.0,104400.0,0.0,104400.0,2.9924488633428297,104400.0,30.739356512330794,104400.0,0.0,104400.0,0.04000000799999998,104400.0,-0.03717952763735859,104400.0,11.019775695109336,104400.0,0.0,104400.0,0.0,104400.0,11.76906294144723,104400.0,15.771743472450476,104400.0,0.14900000000000002,104400.0,0.0,104400.0,11.785482285164568,104400.0,15.947943170357084,104400.0,0.14899999999999997,104400.0,0.14899999999999997,104400.0,10.843169777133504,104400.0,15.369264772946599,104400.0,0.0,104400.0,0.0,104400.0,8.208859083753635,104400.0,37.74342124970438,104400.0,0.0,104400.0,0.0,104400.0,23.307285871336763,104400.0,35.11155994009808,104400.0,0.50200004,104400.0,0.50200004
104600.0,6.931726844518384,104600.0,32.53622727504987,104600.0,0.0,104600.0,0.0,104600.0,1.9499055446618823,104600.0,19.549727772814002,104600.0,0.0,104600.0,0.0,104600.0,2.9370312810483323,104600.0,30.92955380645994,104600.0,0.0,104600.0,0.828,104600.0,2.9872457952978864,104600.0,31.013538623426605,104600.0,0.0,104600.0,0.0,104600.0,2.982564414212179,104600.0,30.932978599409772,104600.0,0.0,104600.0,0.04000000799999998,104600.0,-0.1942399190637907,104600.0,10.619376396603624,104600.0,0.0,104600.0,0.0,104600.0,11.751328381673375,104600.0,15.777711294097793,104600.0,0.14900000000000002,104600.0,0.0,104600.0,11.767872233493922,104600.0,15.95293740685677,104600.0,0.14899999999999997,104600.0,0.14899999999999997,104600.0,10.81682247264437,104600.0,15.351522981419658,104600.0,0.0,104600.0,0.0,104600.0,6.873026319090416,104600.0,32.335366398665705,104600.0,0.0,104600.0,0.0,104600.0,23.340443596207404,104600.0,35.21135682736274,104600.0,0.50200004,104600.0,0.50200004
104800.0,5.975337238501607,104800.0,29.051998255211622,104800.0,0.0,104800.0,0.0,104800.0,1.8770671202559341,104800.0,19.420981525796552,104800.0,0.0,104800.0,0.0,104800.0,2.9248868500376974,104800.0,31.104074230958087,104800.0,0.0,104800.0,0.828,104800.0,2.9779360407453477,104800.0,31.20101702911957,104800.0,0.0,104800.0,0.0,104800.0,2.9731951664290728,104800.0,31.120056237906432,104800.0,0.0,104800.0,0.04000000799999998,104800.0,-0.34086348279502604,104800.0,10.17461213923808,104800.0,0.0,104800.0,0.0,104800.0,11.735106393218247,104800.0,15.775166569079536,104800.0,0.14900000000000002,104800.0,0.0,104800.0,11.751648922132897,104800.0,15.949080671461997,104800.0,0.14899999999999997,104800.0,0.14899999999999997,104800.0,10.793326750442006,104800.0,15.325974155217407,104800.0,0.0,104800.0,0.0,104800.0,5.924233766679822,104800.0,28.912099217274225,104800.0,0.0,104800.0,0.0,104800.0,23.36258735153405,104800.0,35.26240005557476,104800.0,0.50200004,104800.0,0.50200004
105000.0,5.196498617529572,105000.0,29.77139795760483,105000.0,0.0,105000.0,0.0,105000.0,1.790085547448214,105000.0,19.289641821692122,105000.0,0.0,105000.0,0.0,105000.0,2.9113253964858825,105000.0,30.91039172690027,105000.0,0.0,105000.0,0.0,105000.0,2.9680361470235543,105000.0,31.24026781652562,105000.0,0.0,105000.0,0.0,105000.0,2.9632243061242356,105000.0,31.211482722411994,105000.0,0.0,105000.0,0.04000000799999998,105000.0,-0.4908604620377989,105000.0,9.702597297905028,105000.0,0.0,105000.0,0.0,105000.0,11.718390652432676,105000.0,15.764442325876185,105000.0,0.14900000000000002,105000.0,0.0,105000.0,11.734813871619442,105000.0,15.936728736242623,105000.0,0.14899999999999997,105000.0,0.14899999999999997,105000.0,10.769630014987213,105000.0,15.293229108548744,105000.0,0.0,105000.0,0.0,105000.0,5.154037479923872,105000.0,30.210779348229053,105000.0,0.0,105000.0,0.0,105000.0,23.378082962247934,105000.0,35.25321926516554,105000.0,0.50200004,105000.0,0.50200004
105200.0,4.5409667028650125,105200.0,38.05739499918134,105200.0,0.0,105200.0,0.0,105200.0,1.6921953957004414,105200.0,19.23151858172713,105200.0,0.0,105200.0,0.0,105200.0,2.8960138269013327,105200.0,30.468514422078005,105200.0,0.0,105200.0,0.0,105200.0,2.957260804385791,105200.0,31.036961788563172,105200.0,0.0,105200.0,0.0,105200.0,2.952374116402815,105200.0,31.017926988892356,105200.0,0.0,105200.0,0.04000000799999998,105200.0,-0.6455837979014462,105200.0,9.392347159129162,105200.0,0.0,105200.0,0.0,105200.0,11.700885925739753,105200.0,15.75394648649999,105200.0,0.14900000000000002,105200.0,0.0,105200.0,11.717060241460612,105200.0,15.925071058147596,105200.0,0.14899999999999997,105200.0,0.14899999999999997,105200.0,10.745274446677445,105200.0,15.26955977445706,105200.0,0.0,105200.0,0.0,105200.0,4.5057751291908215,105200.0,37.80041066712815,105200.0,0.0,105200.0,0.0,105200.0,23.3871451710923,105200.0,35.21864296033362,105200.0,0.50200004,105200.0,0.50200004
105400.0,3.9843023518868352,105400.0,32.5771636382141,105400.0,0.0,105400.0,0.0,105400.0,1.586621147172565,105400.0,18.995464071320615,105400.0,0.0,105400.0,0.0,105400.0,2.879078641147537,105400.0,30.145718308660435,105400.0,0.0,105400.0,0.0,105400.0,2.9456481294478074,105400.0,30.742158275337236,105400.0,0.0,105400.0,0.0,105400.0,2.9406823921796406,105400.0,30.725811442265197,105400.0,0.0,105400.0,0.04000000799999998,105400.0,-0.8018798830961033,105400.0,8.899663229384908,105400.0,0.0,105400.0,0.0,105400.0,11.682882120469488,105400.0,15.731285724881621,105400.0,0.14900000000000002,105400.0,0.0,105400.0,11.698679696676674,105400.0,15.900372586577356,105400.0,0.14899999999999997,105400.0,0.14899999999999997,105400.0,10.720630123928691,105400.0,15.226589513114519,105400.0,0.0,105400.0,0.0,105400.0,3.9544522833519884,105400.0,32.37670095981669,105400.0,0.0,105400.0,0.0,105400.0,23.3895745509431,105400.0,35.13374040116506,105400.0,0.50200004,105400.0,0.50200004
105600.0,10.338310135732861,105600.0,29.01446089304317,105600.0,0.0,105600.0,0.0,105600.0,1.5804691762121927,105600.0,18.68138719041809,105600.0,0.0,105600.0,0.0,105600.0,2.8636335545514897,105600.0,29.842486699629642,105600.0,0.0,105600.0,0.0,105600.0,2.9331901577304316,105600.0,30.446017691533477,105600.0,0.0,105600.0,0.0,105600.0,2.9280156565842947,105600.0,30.430837477433624,105600.0,0.0,105600.0,0.04000000799999998,105600.0,-0.9662238950194475,105600.0,8.394757673509396,105600.0,0.0,105600.0,0.0,105600.0,11.663513088331085,105600.0,15.701255795848502,105600.0,0.14900000000000002,105600.0,0.0,105600.0,11.67878925153572,105600.0,15.86807954923096,105600.0,0.14899999999999997,105600.0,0.14899999999999997,105600.0,10.694509094168579,105600.0,15.17681057314358,105600.0,0.0,105600.0,0.0,105600.0,10.39347750480808,105600.0,28.872051687891236,105600.0,0.0,105600.0,0.0,105600.0,23.385247028865443,105600.0,34.99647505476991,105600.0,0.50200004,105600.0,0.50200004
105800.0,7.949567220338766,105800.0,29.637397871041742,105800.0,0.0,105800.0,0.0,105800.0,1.4906144134320085,105800.0,18.387619022887836,105800.0,0.0,105800.0,0.0,105800.0,2.8438251512957313,105800.0,29.543280544773136,105800.0,0.0,105800.0,0.0,105800.0,2.909139063571058,105800.0,30.15030506628069,105800.0,0.0,105800.0,0.0,105800.0,2.9037789486787475,105800.0,30.13555444041443,105800.0,0.0,105800.0,0.04000000799999998,105800.0,-1.267848927207387,105800.0,7.953532650491332,105800.0,0.0,105800.0,0.0,105800.0,11.618570023945074,105800.0,15.666085942857304,105800.0,0.14900000000000002,105800.0,0.0,105800.0,11.633004278594404,105800.0,15.831365975829234,105800.0,0.14899999999999997,105800.0,0.14899999999999997,105800.0,10.641909370904749,105800.0,15.130375652143917,105800.0,0.0,105800.0,0.0,105800.0,7.890233445591692,105800.0,30.07250160534112,105800.0,0.0,105800.0,0.0,105800.0,23.353188122195657,105800.0,34.81163801158125,105800.0,0.50200004,105800.0,0.50200004
106000.0,6.520098763356028,106000.0,38.07812706488494,106000.0,0.0,106000.0,0.0,106000.0,1.4029288870153613,106000.0,18.262875622009066,106000.0,0.0,106000.0,0.0,106000.0,2.8199770699622198,106000.0,29.284771119654835,106000.0,0.0,106000.0,0.0,106000.0,2.892423019399527,106000.0,29.929316937246224,106000.0,0.0,106000.0,0.0,106000.0,2.88717904972028,106000.0,29.916036618493354,106000.0,0.0,106000.0,0.04000000799999998,106000.0,-1.290275199069085,106000.0,7.862384495452629,106000.0,0.0,106000.0,0.0,106000.0,11.591757550577304,106000.0,15.642621514766399,106000.0,0.14900000000000002,106000.0,0.0,106000.0,11.605745650973441,106000.0,15.807244440385563,106000.0,0.14899999999999997,106000.0,0.14899999999999997,106000.0,10.619167931332163,106000.0,15.110912717052273,106000.0,0.0,106000.0,0.0,106000.0,6.476633845147792,106000.0,37.821087607685925,106000.0,0.0,106000.0,0.0,106000.0,23.31633618612033,106000.0,34.66743106580914,106000.0,0.50200004,106000.0,0.50200004
106200.0,5.744578462724188,106200.0,32.4228478973757,106200.0,0.0,106200.0,0.0,106200.0,1.3410293913809936,106200.0,18.050469029033227,106200.0,0.0,106200.0,0.0,106200.0,2.800940902318726,106200.0,29.02395689485178,106200.0,0.0,106200.0,0.0,106200.0,2.881763814837783,106200.0,29.636672783739133,106200.0,0.0,106200.0,0.0,106200.0,2.8765419381719033,106200.0,29.6232269399276,106200.0,0.0,106200.0,0.04000000799999998,106200.0,-1.269175725940641,106200.0,7.862421908453235,106200.0,0.0,106200.0,0.0,106200.0,11.57820011823892,106200.0,15.611140503678012,106200.0,0.14900000000000002,106200.0,0.0,106200.0,11.591841900474986,106200.0,15.774451606003199,106200.0,0.14899999999999997,106200.0,0.14899999999999997,106200.0,10.608992514063392,106200.0,15.091182051083189,106200.0,0.0,106200.0,0.0,106200.0,5.7044419926937895,106200.0,32.217007302338345,106200.0,0.0,106200.0,0.0,106200.0,23.29179083699318,106200.0,34.44033089022333,106200.0,0.50200004,106200.0,0.50200004
106400.0,5.155140886994627,106400.0,28.734815910739137,106400.0,0.0,106400.0,0.0,106400.0,1.2935492775915394,106400.0,17.84148611657531,106400.0,0.0,106400.0,0.0,106400.0,2.7854014472322732,106400.0,28.74735458434867,106400.0,0.0,106400.0,0.0,106400.0,2.8725535531841047,106400.0,29.349231890930838,106400.0,0.0,106400.0,0.0,106400.0,2.867366684943311,106400.0,29.33590033136984,106400.0,0.0,106400.0,0.04000000799999998,106400.0,-1.24345405076812,106400.0,7.946694839313329,106400.0,0.0,106400.0,0.0,106400.0,11.567707173852993,106400.0,15.585068768082873,106400.0,0.14900000000000002,106400.0,0.0,106400.0,11.58101370183175,106400.0,15.746629220862687,106400.0,0.14899999999999997,106400.0,0.14899999999999997,106400.0,10.601664394751682,106400.0,15.07981354834782,106400.0,0.0,106400.0,0.0,106400.0,5.1198517254707925,106400.0,28.587455676897488,106400.0,0.0,106400.0,0.0,106400.0,23.270361484978455,106400.0,34.204644555392285,106400.0,0.50200004,106400.0,0.50200004
106600.0,4.694255515078623,106600.0,29.411608957378107,106600.0,0.0,106600.0,0.0,106600.0,1.2558791025120348,106600.0,17.719632971207087,106600.0,0.0,106600.0,0.0,106600.0,2.7723419791140897,106600.0,28.504423351041574,106600.0,0.0,106600.0,0.0,106600.0,2.864663949247042,106600.0,29.133024073574383,106600.0,0.0,106600.0,0.0,106600.0,2.8595123920961036,106600.0,29.11983296813203,106600.0,0.0,106600.0,0.04000000799999998,106600.0,-1.2177638197299554,106600.0,8.050441246908163,106600.0,0.0,106600.0,0.0,106600.0,11.559463566407022,106600.0,15.570963806945567,106600.0,0.14900000000000002,106600.0,0.0,106600.0,11.572454950192787,106600.0,15.731191200082256,106600.0,0.14899999999999997,106600.0,0.14899999999999997,106600.0,10.596256984029562,106600.0,15.076381345965917,106600.0,0.0,106600.0,0.0,106600.0,4.663465050544371,106600.0,29.82172563275748,106600.0,0.0,106600.0,0.0,106600.0,23.25209957613654,106600.0,34.05123807893981,106600.0,0.50200004,106600.0,0.50200004
106800.0,4.3282408858978725,106800.0,37.426297694176775,106800.0,0.0,106800.0,0.0,106800.0,1.2254313765769569,106800.0,17.74705901706257,106800.0,0.0,106800.0,0.0,106800.0,2.7612558195329333,106800.0,28.29545747296113,106800.0,0.0,106800.0,0.0,106800.0,2.8579394489720578,106800.0,28.916915448085486,106800.0,0.0,106800.0,0.0,106800.0,2.8528215914181927,106800.0,28.902589773984715,106800.0,0.0,106800.0,0.04000000799999998,106800.0,-1.1933417037242007,106800.0,8.191006440215947,106800.0,0.0,106800.0,0.0,106800.0,11.552915806547636,106800.0,15.559446063741364,106800.0,0.14900000000000002,106800.0,0.0,106800.0,11.565623371309181,106800.0,15.718311665088734,106800.0,0.14899999999999997,106800.0,0.14899999999999997,106800.0,10.59219991682855,106800.0,15.076414599962302,106800.0,0.0,106800.0,0.0,106800.0,4.301433440145483,106800.0,37.14853435852906,106800.0,0.0,106800.0,0.0,106800.0,23.236735791246158,106800.0,33.91187238667896,106800.0,0.50200004,106800.0,0.50200004
107000.0,4.032574983572474,107000.0,31.792000137416736,107000.0,0.0,107000.0,0.0,107000.0,1.2002847180457408,107000.0,17.665010357021384,107000.0,0.0,107000.0,0.0,107000.0,2.751813047631514,107000.0,28.053949402700418,107000.0,0.0,107000.0,0.0,107000.0,2.852106875718316,107000.0,28.641466897007543,107000.0,0.0,107000.0,0.0,107000.0,2.84701890060243,107000.0,28.628113129929734,107000.0,0.0,107000.0,0.04000000799999998,107000.0,-1.1703108932517732,107000.0,8.42415725715175,107000.0,0.0,107000.0,0.0,107000.0,11.54755824472077,107000.0,15.54909270603018,107000.0,0.14900000000000002,107000.0,0.0,107000.0,11.560011478554316,107000.0,15.706348357640085,107000.0,0.14899999999999997,107000.0,0.14899999999999997,107000.0,10.589062318940316,107000.0,15.08256587283934,107000.0,0.0,107000.0,0.0,107000.0,4.0084481520798505,107000.0,31.585068506473352,107000.0,0.0,107000.0,0.0,107000.0,23.22361570199166,107000.0,33.74556888335061,107000.0,0.50200004,107000.0,0.50200004
107200.0,10.23422631222726,107200.0,28.287354604803397,107200.0,0.0,107200.0,0.0,107200.0,1.2764828821556748,107200.0,17.577083171859858,107200.0,0.0,107200.0,0.0,107200.0,2.741668373357399,107200.0,27.81550452585238,107200.0,0.0,107200.0,0.0,107200.0,2.8373226657218327,107200.0,28.411957665412263,107200.0,0.0,107200.0,0.0,107200.0,2.8321123179968914,107200.0,28.40074077219737,107200.0,0.0,107200.0,0.04000000799999998,107200.0,-1.0965674702292,107200.0,8.651424754526417,107200.0,0.0,107200.0,0.0,107200.0,11.533273527507545,107200.0,15.545672711000083,107200.0,0.14900000000000002,107200.0,0.0,107200.0,11.544976897305592,107200.0,15.701988275675053,107200.0,0.14899999999999997,107200.0,0.14899999999999997,107200.0,10.58141413401807,107200.0,15.093040657418854,107200.0,0.0,107200.0,0.0,107200.0,10.280626754669791,107200.0,28.159878535051146,107200.0,0.0,107200.0,0.0,107200.0,23.1867330132701,107200.0,33.63743759372854,107200.0,0.50200004,107200.0,0.50200004
107400.0,7.906894482256833,107400.0,35.840057273531265,107400.0,0.0,107400.0,0.0,107400.0,1.3053868042246308,107400.0,17.678822072764397,107400.0,0.0,107400.0,0.0,107400.0,2.7291673000752743,107400.0,27.61694194427443,107400.0,0.0,107400.0,0.0,107400.0,2.8180803042206684,107400.0,28.229015664255886,107400.0,0.0,107400.0,0.0,107400.0,2.813015975749961,107400.0,28.21881464502407,107400.0,0.0,107400.0,0.04000000799999998,107400.0,-0.9581742343121312,107400.0,8.849398008094857,107400.0,0.0,107400.0,0.0,107400.0,11.51316734739974,107400.0,15.546066256647155,107400.0,0.14900000000000002,107400.0,0.0,107400.0,11.523772336891456,107400.0,15.701976642005013,107400.0,0.14899999999999997,107400.0,0.14899999999999997,107400.0,10.572505663213615,107400.0,15.104234021239158,107400.0,0.0,107400.0,0.0,107400.0,7.864089915042393,107400.0,36.35482528323663,107400.0,0.0,107400.0,0.0,107400.0,23.130950565919566,107400.0,33.579059136818344,107400.0,0.50200004,107400.0,0.50200004
107600.0,6.617708838222464,107600.0,34.854132528751215,107600.0,0.0,107600.0,0.0,107600.0,1.33608381674717,107600.0,17.704327372553387,107600.0,0.0,107600.0,0.0,107600.0,2.7172427003199413,107600.0,27.41298647939965,107600.0,0.0,107600.0,0.0,107600.0,2.8029043108866523,107600.0,27.971546160925595,107600.0,0.0,107600.0,0.0,107600.0,2.7979119754525588,107600.0,27.96092509849003,107600.0,0.0,107600.0,0.04000000799999998,107600.0,-0.8273308367028158,107600.0,9.183372132137075,107600.0,0.0,107600.0,0.0,107600.0,11.499349219193007,107600.0,15.551626351092084,107600.0,0.14900000000000002,107600.0,0.0,107600.0,11.509268075773338,107600.0,15.707684879912625,107600.0,0.14899999999999997,107600.0,0.14899999999999997,107600.0,10.567969969469976,107600.0,15.127235771155835,107600.0,0.0,107600.0,0.0,107600.0,6.566056334827863,107600.0,34.47362489347874,107600.0,0.0,107600.0,0.0,107600.0,23.090296089651677,107600.0,33.523294863619235,107600.0,0.50200004,107600.0,0.50200004
107800.0,5.7417571574604445,107800.0,30.264973485824594,107800.0,0.0,107800.0,0.0,107800.0,1.3642701219140028,107800.0,17.72949509180167,107800.0,0.0,107800.0,0.0,107800.0,2.707226708576262,107800.0,27.89696745387804,107800.0,0.0,107800.0,0.828,107800.0,2.7914332881048742,107800.0,28.080513854132967,107800.0,0.0,107800.0,0.0,107800.0,2.786512244374537,107800.0,28.000150910053065,107800.0,0.0,107800.0,0.04000000799999998,107800.0,-0.717344040313179,107800.0,9.491493255767526,107800.0,0.0,107800.0,0.0,107800.0,11.489973714317356,107800.0,15.561551807528966,107800.0,0.14900000000000002,107800.0,0.0,107800.0,11.499555835372528,107800.0,15.718711666320843,107800.0,0.14899999999999997,107800.0,0.14899999999999997,107800.0,10.565789002171693,107800.0,15.152357662349795,107800.0,0.0,107800.0,0.0,107800.0,5.69649307509873,107800.0,30.066039716175357,107800.0,0.0,107800.0,0.0,107800.0,23.062611567963433,107800.0,33.508169039530046,107800.0,0.50200004,107800.0,0.50200004
108000.0,5.113133118087806,108000.0,27.327847325192316,108000.0,0.0,108000.0,0.0,108000.0,1.3877771480754657,108000.0,17.766441341953122,108000.0,0.0,108000.0,0.0,108000.0,2.6992369787018644,108000.0,28.195552785255096,108000.0,0.0,108000.0,0.828,108000.0,2.7827516887122052,108000.0,28.2489835292939,108000.0,0.0,108000.0,0.0,108000.0,2.7779140195912757,108000.0,28.168636255656022,108000.0,0.0,108000.0,0.04000000799999998,108000.0,-0.6277966545053664,108000.0,9.747898041046478,108000.0,0.0,108000.0,0.0,108000.0,11.483434215848234,108000.0,15.572558930765101,108000.0,0.14900000000000002,108000.0,0.0,108000.0,11.492891247635674,108000.0,15.73119221235123,108000.0,0.14899999999999997,108000.0,0.14899999999999997,108000.0,10.564771902981548,108000.0,15.175203683446991,108000.0,0.0,108000.0,0.0,108000.0,5.075720430718057,108000.0,27.204854485488084,108000.0,0.0,108000.0,0.0,108000.0,23.043777928469602,108000.0,33.525385038480074,108000.0,0.50200004,108000.0,0.50200004
108200.0,4.638959309539028,108200.0,35.352268216274375,108200.0,0.0,108200.0,0.0,108200.0,1.4064684815514958,108200.0,18.010981734846876,108200.0,0.0,108200.0,0.0,108200.0,2.6928350504939864,108200.0,28.428067396832944,108200.0,0.0,108200.0,0.828,108200.0,2.775873753857513,108200.0,28.47437308166112,108200.0,0.0,108200.0,0.0,108200.0,2.7711156210263406,108200.0,28.39452746448255,108200.0,0.0,108200.0,0.04000000799999998,108200.0,-0.5530873189843677,108200.0,10.109496295805547,108200.0,0.0,108200.0,0.0,108200.0,11.478543870974887,108200.0,15.59295301620779,108200.0,0.14900000000000002,108200.0,0.0,108200.0,11.487989068526067,108200.0,15.75439918487156,108200.0,0.14899999999999997,108200.0,0.14899999999999997,108200.0,10.564284873547699,108200.0,15.211584814534985,108200.0,0.0,108200.0,0.0,108200.0,4.60787649241347,108200.0,35.8927848499426,108200.0,0.0,108200.0,0.0,108200.0,23.030251944168207,108200.0,33.586449052640454,108200.0,0.50200004,108200.0,0.50200004
108400.0,4.279283771987334,108400.0,34.5565245764185,108400.0,0.0,108400.0,0.0,108400.0,1.4210253789937213,108400.0,18.198223472186463,108400.0,0.0,108400.0,0.0,108400.0,2.6877008164701266,108400.0,28.65699873577396,108400.0,0.0,108400.0,0.828,108400.0,2.770438315480732,108400.0,28.69930647028708,108400.0,0.0,108400.0,0.0,108400.0,2.765750334384757,108400.0,28.62008346868405,108400.0,0.0,108400.0,0.04000000799999998,108400.0,-0.4923466684090478,108400.0,10.455701123660516,108400.0,0.0,108400.0,0.0,108400.0,11.47484645383496,108400.0,15.618298155782366,108400.0,0.14900000000000002,108400.0,0.0,108400.0,11.484340505423912,108400.0,15.783071301976433,108400.0,0.14899999999999997,108400.0,0.14899999999999997,108400.0,10.564057917714825,108400.0,15.25114317500454,108400.0,0.0,108400.0,0.0,108400.0,4.252501120903183,108400.0,34.184198853689665,108400.0,0.0,108400.0,0.0,108400.0,23.02052184107845,108400.0,33.67961521440664,108400.0,0.50200004,108400.0,0.50200004
108600.0,3.9976098808843026,108600.0,30.219822451987657,108600.0,0.0,108600.0,0.0,108600.0,1.4323260515528826,108600.0,18.334156301242274,108600.0,0.0,108600.0,0.0,108600.0,2.683518238344178,108600.0,28.860654930518887,108600.0,0.0,108600.0,0.828,108600.0,2.7660875285192765,108600.0,28.88397005985588,108600.0,0.0,108600.0,0.0,108600.0,2.761460030089053,108600.0,28.80480276988062,108600.0,0.0,108600.0,0.04000000799999998,108600.0,-0.442864725827432,108600.0,10.712225722034857,108600.0,0.0,108600.0,0.0,108600.0,11.471980517098375,108600.0,15.640657627845084,108600.0,0.14900000000000002,108600.0,0.0,108600.0,11.481553001246008,108600.0,15.808141746258096,108600.0,0.14899999999999997,108600.0,0.14899999999999997,108600.0,10.563952113386764,108600.0,15.28311908453798,108600.0,0.0,108600.0,0.0,108600.0,3.974635927914737,108600.0,30.015882349029553,108600.0,0.0,108600.0,0.0,108600.0,23.01337826552386,108600.0,33.773202720988,108600.0,0.50200004,108600.0,0.50200004
108800.0,10.249664918751039,108800.0,27.303673350064216,108800.0,0.0,108800.0,0.0,108800.0,1.553848162239726,108800.0,18.438514225991767,108800.0,0.0,108800.0,0.0,108800.0,2.679315895397923,108800.0,29.046310433387028,108800.0,0.0,108800.0,0.828,108800.0,2.7547074310462154,108800.0,29.07545095363306,108800.0,0.0,108800.0,0.0,108800.0,2.7500225618006486,108800.0,28.997271584504503,108800.0,0.0,108800.0,0.04000000799999998,108800.0,-0.2946616891142773,108800.0,10.971959400954395,108800.0,0.0,108800.0,0.0,108800.0,11.46381624495728,108800.0,15.666974616979754,108800.0,0.14900000000000002,108800.0,0.0,108800.0,11.473796639872507,108800.0,15.83732546965776,108800.0,0.14899999999999997,108800.0,0.14899999999999997,108800.0,10.563933889473573,108800.0,15.318353747995193,108800.0,0.0,108800.0,0.0,108800.0,10.295129853097931,108800.0,27.15676884986513,108800.0,0.0,108800.0,0.0,108800.0,22.995065361517653,108800.0,33.898945496131304,108800.0,0.50200004,108800.0,0.50200004
109000.0,7.957109093356128,109000.0,35.41350516608563,109000.0,0.0,109000.0,0.0,109000.0,1.6264941936244715,109000.0,18.733746946922874,109000.0,0.0,109000.0,0.0,109000.0,2.6749292925554866,109000.0,29.25302150331955,109000.0,0.0,109000.0,0.828,109000.0,2.741709804182457,109000.0,29.296338443601293,109000.0,0.0,109000.0,0.0,109000.0,2.737207045764617,109000.0,29.217721627435715,109000.0,0.0,109000.0,0.04000000799999998,109000.0,-0.0939364365609421,109000.0,11.256131025049914,109000.0,0.0,109000.0,0.0,109000.0,11.453686320300532,109000.0,15.702092699251,109000.0,0.14900000000000002,109000.0,0.0,109000.0,11.464623859892244,109000.0,15.875631880672447,109000.0,0.14899999999999997,109000.0,0.14899999999999997,109000.0,10.564718397919135,109000.0,15.362509739539574,109000.0,0.0,109000.0,0.0,109000.0,7.914749134701519,109000.0,35.95234735472516,109000.0,0.0,109000.0,0.0,109000.0,22.97906815305245,109000.0,34.06789171660778,109000.0,0.50200004,109000.0,0.50200004
109200.0,6.526126252322455,109200.0,34.731860772971636,109200.0,0.0,109200.0,0.0,109200.0,1.6990071647089697,109200.0,18.948026888596697,109200.0,0.0,109200.0,0.0,109200.0,2.669382259531678,109200.0,29.46952335204636,109200.0,0.0,109200.0,0.828,109200.0,2.7267166552390014,109200.0,29.51349250744781,109200.0,0.0,109200.0,0.0,109200.0,2.722212881291174,109200.0,29.435006761957013,109200.0,0.0,109200.0,0.04000000799999998,109200.0,0.1732036007743732,109200.0,11.506066446758355,109200.0,0.0,109200.0,0.0,109200.0,11.44238374566776,109200.0,15.73880760539028,109200.0,0.14900000000000002,109200.0,0.0,109200.0,11.454979928849726,109200.0,15.914773468549148,109200.0,0.14899999999999997,109200.0,0.14899999999999997,109200.0,10.566252996141207,109200.0,15.405346192756499,109200.0,0.0,109200.0,0.0,109200.0,6.451682484982888,109200.0,34.36110486055436,109200.0,0.0,109200.0,0.0,109200.0,22.97892893487028,109200.0,34.243424711937315,109200.0,0.50200004,109200.0,0.50200004
109400.0,5.252907373800406,109400.0,30.26106606093385,109400.0,0.0,109400.0,0.0,109400.0,1.7698973984565296,109400.0,19.086277880558253,109400.0,0.0,109400.0,0.0,109400.0,2.66100379527792,109400.0,29.684936555864418,109400.0,0.0,109400.0,0.828,109400.0,2.711060121526167,109400.0,29.73250269763034,109400.0,0.0,109400.0,0.0,109400.0,2.706708627294497,109400.0,29.653918585575063,109400.0,0.0,109400.0,0.04000000799999998,109400.0,0.335017046418334,109400.0,11.587337212724679,109400.0,0.0,109400.0,0.0,109400.0,11.429790560425957,109400.0,15.775154370999958,109400.0,0.14900000000000002,109400.0,0.0,109400.0,11.443804692077789,109400.0,15.951946412646224,109400.0,0.14899999999999997,109400.0,0.14899999999999997,109400.0,10.55562925053494,109400.0,15.433646150441152,109400.0,0.0,109400.0,0.0,109400.0,5.197917350342409,109400.0,30.057275409252505,109400.0,0.0,109400.0,0.0,109400.0,23.01567373316761,109400.0,34.44066945772253,109400.0,0.50200004,109400.0,0.50200004
109600.0,4.3087028312580715,109600.0,27.28748018064229,109600.0,0.0,109600.0,0.0,109600.0,1.8017189680661865,109600.0,19.14104614633387,109600.0,0.0,109600.0,0.0,109600.0,2.6518911043949567,109600.0,29.89371195558557,109600.0,0.0,109600.0,0.828,109600.0,2.697214976663538,109600.0,29.947420635478057,109600.0,0.0,109600.0,0.0,109600.0,2.692924722894274,109600.0,29.86861560609677,109600.0,0.0,109600.0,0.04000000799999998,109600.0,0.2866136093745643,109600.0,11.451815318055166,109600.0,0.0,109600.0,0.0,109600.0,11.414586214167969,109600.0,15.805131085350613,109600.0,0.14900000000000002,109600.0,0.0,109600.0,11.42965716606354,109600.0,15.981936683361088,109600.0,0.14899999999999997,109600.0,0.14899999999999997,109600.0,10.529897457130815,109600.0,15.443804038319843,109600.0,0.0,109600.0,0.0,109600.0,4.267463206930863,109600.0,27.15892403285884,109600.0,0.0,109600.0,0.0,109600.0,23.086887725869367,109600.0,34.64160719231225,109600.0,0.50200004,109600.0,0.50200004
109800.0,6.894647923241176,109800.0,35.5608451370008,109800.0,0.0,109800.0,0.0,109800.0,1.8456336898512011,109800.0,19.315735620008784,109800.0,0.0,109800.0,0.0,109800.0,2.641952780064186,109800.0,30.098719756263705,109800.0,0.0,109800.0,0.828,109800.0,2.6842155527020886,109800.0,30.15833820622505,109800.0,0.0,109800.0,0.0,109800.0,2.679812427147967,109800.0,30.078925399748822,109800.0,0.0,109800.0,0.04000000799999998,109800.0,0.1232077802742419,109800.0,11.196797102676609,109800.0,0.0,109800.0,0.0,109800.0,11.394430613057295,109800.0,15.826721021732595,109800.0,0.14900000000000002,109800.0,0.0,109800.0,11.410435244261494,109800.0,16.003294573165867,109800.0,0.14899999999999997,109800.0,0.14899999999999997,109800.0,10.49457468742832,109800.0,15.44174807171127,109800.0,0.0,109800.0,0.0,109800.0,7.415746904255566,109800.0,36.10838730780799,109800.0,0.0,109800.0,0.0,109800.0,23.173881944535573,109800.0,34.82116697089197,109800.0,0.50200004,109800.0,0.50200004
110000.0,9.765269445048599,110000.0,34.94811406318806,110000.0,0.0,110000.0,0.0,110000.0,1.8552509475183288,110000.0,19.35364382168325,110000.0,0.0,110000.0,0.0,110000.0,2.6344044680448406,110000.0,30.302776006459585,110000.0,0.0,110000.0,0.828,110000.0,2.673266825842848,110000.0,30.366476697965908,110000.0,0.0,110000.0,0.0,110000.0,2.668842282446099,110000.0,30.286820117601067,110000.0,0.0,110000.0,0.04000000799999998,110000.0,-0.1034418590751159,110000.0,10.85679392632253,110000.0,0.0,110000.0,0.0,110000.0,11.370481932145841,110000.0,15.839306693317301,110000.0,0.14900000000000002,110000.0,0.0,110000.0,11.387106461230632,110000.0,16.015407105487277,110000.0,0.14899999999999997,110000.0,0.14899999999999997,110000.0,10.455357963104078,110000.0,15.430103642535038,110000.0,0.0,110000.0,0.0,110000.0,9.474357849219372,110000.0,34.58269711055795,110000.0,0.0,110000.0,0.0,110000.0,23.249971859195742,110000.0,34.96137025752425,110000.0,0.50200004,110000.0,0.50200004
110200.0,7.729668072595313,110200.0,30.588953408690095,110200.0,0.0,110200.0,0.0,110200.0,1.8166199306679844,110200.0,19.28572679416482,110200.0,0.0,110200.0,0.0,110200.0,2.6274647275274963,110200.0,30.49073073629184,110200.0,0.0,110200.0,0.828,110200.0,2.666855770022439,110200.0,30.554204156934503,110200.0,0.0,110200.0,0.0,110200.0,2.662371271271391,110200.0,30.473627786918374,110200.0,0.0,110200.0,0.04000000799999998,110200.0,-0.24597117498139562,110200.0,10.496549727145672,110200.0,0.0,110200.0,0.0,110200.0,11.356497125595533,110200.0,15.842936923064828,110200.0,0.14900000000000002,110200.0,0.0,110200.0,11.37327830745399,110200.0,16.018349596278338,110200.0,0.14899999999999997,110200.0,0.14899999999999997,110200.0,10.433515336772114,110200.0,15.412345810318055,110200.0,0.0,110200.0,0.0,110200.0,7.602545332559937,110200.0,30.397461424535486,110200.0,0.0,110200.0,0.0,110200.0,23.2815241606478,110200.0,35.054908280335944,110200.0,0.50200004,110200.0,0.50200004
110400.0,6.595663556186114,110400.0,27.615789353868227,110400.0,0.0,110400.0,0.0,110400.0,1.7586097566268952,110400.0,19.15028834109355,110400.0,0.0,110400.0,0.0,110400.0,2.6198214807791693,110400.0,30.66494610240877,110400.0,0.0,110400.0,0.828,110400.0,2.6613520745184385,110400.0,30.74867240222337,110400.0,0.0,110400.0,0.0,110400.0,2.656832764995142,110400.0,30.667928684096122,110400.0,0.0,110400.0,0.04000000799999998,110400.0,-0.362737837490762,110400.0,10.056527503312521,110400.0,0.0,110400.0,0.0,110400.0,11.345083245390644,110400.0,15.83889637148898,110400.0,0.14900000000000002,110400.0,0.0,110400.0,11.361909424373682,110400.0,16.013217222161597,110400.0,0.14899999999999997,110400.0,0.14899999999999997,110400.0,10.416185608318413,110400.0,15.385462470655478,110400.0,0.0,110400.0,0.0,110400.0,6.523912076306468,110400.0,27.488149051827794,110400.0,0.0,110400.0,0.0,110400.0,23.30115600950084,110400.0,35.1122524610903,110400.0,0.50200004,110400.0,0.50200004
110600.0,5.704245648887463,110600.0,35.83556312419516,110600.0,0.0,110600.0,0.0,110600.0,1.6846422777632788,110600.0,19.160622223500695,110600.0,0.0,110600.0,0.0,110600.0,2.6105045974239416,110600.0,30.83551921704181,110600.0,0.0,110600.0,0.828,110600.0,2.6546164446176617,110600.0,30.934805015493236,110600.0,0.0,110600.0,0.0,110600.0,2.650030707401918,110600.0,30.85340617517383,110600.0,0.0,110600.0,0.04000000799999998,110600.0,-0.5005517936485785,110600.0,9.589598824292656,110600.0,0.0,110600.0,0.0,110600.0,11.331504404465283,110600.0,15.826712616892573,110600.0,0.14900000000000002,110600.0,0.0,110600.0,11.348289135349967,110600.0,15.999582314285048,110600.0,0.14899999999999997,110600.0,0.14899999999999997,110600.0,10.39605281711858,110600.0,15.351415355804507,110600.0,0.0,110600.0,0.0,110600.0,5.650919957823348,110600.0,36.38165024738733,110600.0,0.0,110600.0,0.0,110600.0,23.31841865115616,110600.0,35.10954366514764,110600.0,0.50200004,110600.0,0.50200004
110800.0,4.941215197033909,110800.0,35.37474221838584,110800.0,0.0,110800.0,0.0,110800.0,1.5959933872178742,110800.0,19.070529716814328,110800.0,0.0,110800.0,0.0,110800.0,2.5988658730182683,110800.0,30.986423610528753,110800.0,0.0,110800.0,0.828,110800.0,2.646564836381876,110800.0,31.084462944446262,110800.0,0.0,110800.0,0.0,110800.0,2.6419022945002717,110800.0,31.003317617007927,110800.0,0.0,110800.0,0.04000000799999998,110800.0,-0.6550639441513255,110800.0,9.201602451237866,110800.0,0.0,110800.0,0.0,110800.0,11.315893517607464,110800.0,15.811807361212088,110800.0,0.14900000000000002,110800.0,0.0,110800.0,11.332500681342518,110800.0,15.983309464705323,110800.0,0.14899999999999997,110800.0,0.14899999999999997,110800.0,10.373432415764695,110800.0,15.319985187797391,110800.0,0.0,110800.0,0.0,110800.0,4.89907617039659,110800.0,34.99501772131684,110800.0,0.0,110800.0,0.0,110800.0,23.33102580464135,110800.0,35.068381477867156,110800.0,0.50200004,110800.0,0.50200004
111000.0,4.301680202607427,111000.0,30.93185190606369,111000.0,0.0,111000.0,0.0,111000.0,1.4963446267139575,111000.0,18.903529056901693,111000.0,0.0,111000.0,0.0,111000.0,2.5851036280318738,111000.0,31.12812521462804,111000.0,0.0,111000.0,0.828,111000.0,2.637582743613105,111000.0,31.24190723395527,111000.0,0.0,111000.0,0.0,111000.0,2.632838781601857,111000.0,31.16049073194536,111000.0,0.0,111000.0,0.04000000799999998,111000.0,-0.8133412937214305,111000.0,8.76380158012415,111000.0,0.0,111000.0,0.0,111000.0,11.299489417087111,111000.0,15.789782392208807,111000.0,0.14900000000000002,111000.0,0.0,111000.0,11.315773090540441,111000.0,15.959552737766078,111000.0,0.14899999999999997,111000.0,0.14899999999999997,111000.0,10.350146619767287,111000.0,15.280114959814329,111000.0,0.0,111000.0,0.0,111000.0,4.267193945132118,111000.0,30.712119625904588,111000.0,0.0,111000.0,0.0,111000.0,23.336872495827624,111000.0,34.99371149968096,111000.0,0.50200004,111000.0,0.50200004
111200.0,6.840688719592319,111200.0,27.79064444285547,111200.0,0.0,111200.0,0.0,111200.0,1.4451724183362948,111200.0,18.6375470767695,111200.0,0.0,111200.0,0.0,111200.0,2.570314624578231,111200.0,30.555184544628666,111200.0,0.0,111200.0,0.0,111200.0,2.6272710040510403,111200.0,31.030607025255502,111200.0,0.0,111200.0,0.0,111200.0,2.6223587449540435,111200.0,31.017901775148605,111200.0,0.0,111200.0,0.04000000799999998,111200.0,-0.9823584953267683,111200.0,8.264313726730887,111200.0,0.0,111200.0,0.0,111200.0,11.28149318009505,111200.0,15.757998976111605,111200.0,0.14900000000000002,111200.0,0.0,111200.0,11.29728768208291,111200.0,15.925590233474113,111200.0,0.14899999999999997,111200.0,0.14899999999999997,111200.0,10.325074003357484,111200.0,15.228756164847686,111200.0,0.0,111200.0,0.0,111200.0,7.329859828401968,111200.0,27.653113958324337,111200.0,0.0,111200.0,0.0,111200.0,23.33568016222171,111200.0,34.86043655495219,111200.0,0.50200004,111200.0,0.50200004
111400.0,9.464599753042371,111400.0,35.72639878651829,111400.0,0.0,111400.0,0.0,111400.0,1.3928846326619737,111400.0,18.50151626910642,111400.0,0.0,111400.0,0.0,111400.0,2.5569460318553783,111400.0,30.16225616056686,111400.0,0.0,111400.0,0.0,111400.0,2.613423784844848,111400.0,30.797886520348882,111400.0,0.0,111400.0,0.0,111400.0,2.608268914422759,111400.0,30.785622997680427,111400.0,0.0,111400.0,0.04000000799999998,111400.0,-1.2228800483681943,111400.0,7.901340158617431,111400.0,0.0,111400.0,0.0,111400.0,11.254342443319421,111400.0,15.731008015766886,111400.0,0.14900000000000002,111400.0,0.0,111400.0,11.269342830367046,111400.0,15.897031416517152,111400.0,0.14899999999999997,111400.0,0.14899999999999997,111400.0,10.289093928911317,111400.0,15.188523290907588,111400.0,0.0,111400.0,0.0,111400.0,9.179870542904622,111400.0,36.24101382104791,111400.0,0.0,111400.0,0.0,111400.0,23.32172309233212,111400.0,34.73325736521363,111400.0,0.50200004,111400.0,0.50200004
111600.0,7.208651880882434,111600.0,34.94965314786408,111600.0,0.0,111600.0,0.0,111600.0,1.2992240757640001,111600.0,18.280659743518935,111600.0,0.0,111600.0,0.0,111600.0,2.536647141150187,111600.0,29.857237684531235,111600.0,0.0,111600.0,0.0,111600.0,2.593645748535234,111600.0,30.49045467900925,111600.0,0.0,111600.0,0.0,111600.0,2.5884512045372907,111600.0,30.477248067432864,111600.0,0.0,111600.0,0.04000000799999998,111600.0,-1.3885935246268184,111600.0,7.595954735859757,111600.0,0.0,111600.0,0.0,111600.0,11.214662289956086,111600.0,15.692628243720067,111600.0,0.14900000000000002,111600.0,0.0,111600.0,11.228985135935522,111600.0,15.857708250832202,111600.0,0.14899999999999997,111600.0,0.14899999999999997,111600.0,10.249733382071268,111600.0,15.148559458537212,111600.0,0.0,111600.0,0.0,111600.0,7.08207940503469,111600.0,34.57621515621666,111600.0,0.0,111600.0,0.0,111600.0,23.27579889586383,111600.0,34.5340657003622,111600.0,0.50200004,111600.0,0.50200004
111800.0,6.093065299091077,111800.0,30.370797669812784,111800.0,0.0,111800.0,0.0,111800.0,1.2271596003581475,111800.0,18.03403397961109,111800.0,0.0,111800.0,0.0,111800.0,2.517787072214829,111800.0,29.55422847551033,111800.0,0.0,111800.0,0.0,111800.0,2.5835855818361875,111800.0,30.183885838307305,111800.0,0.0,111800.0,0.0,111800.0,2.5784546238914365,111800.0,30.17018262359253,111800.0,0.0,111800.0,0.04000000799999998,111800.0,-1.3701767099176463,111800.0,7.569531187157561,111800.0,0.0,111800.0,0.0,111800.0,11.1998703500005,111800.0,15.656549692700114,111800.0,0.14900000000000002,111800.0,0.0,111800.0,11.213800807188523,111800.0,15.820439726268072,111800.0,0.14899999999999997,111800.0,0.14899999999999997,111800.0,10.23845209457471,111800.0,15.123619052075657,111800.0,0.0,111800.0,0.0,111800.0,6.02862470856148,111800.0,30.16169923516846,111800.0,0.0,111800.0,0.0,111800.0,23.24857777737091,111800.0,34.30514497535074,111800.0,0.50200004,111800.0,0.50200004
112000.0,5.384352636209254,112000.0,27.2374683055493,112000.0,0.0,112000.0,0.0,112000.0,1.1741823880056805,112000.0,17.801058372395282,112000.0,0.0,112000.0,0.0,112000.0,2.502363174264219,112000.0,29.252332396745324,112000.0,0.0,112000.0,0.0,112000.0,2.5753102208064536,112000.0,29.880299371167062,112000.0,0.0,112000.0,0.0,112000.0,2.5702333889186812,112000.0,29.86654525933568,112000.0,0.0,112000.0,0.04000000799999998,112000.0,-1.3445463400470845,112000.0,7.638268682961566,112000.0,0.0,112000.0,0.0,112000.0,11.18927685577889,112000.0,15.625623911474696,112000.0,0.14900000000000002,112000.0,0.0,112000.0,11.202856189116273,112000.0,15.787867926068746,112000.0,0.14899999999999997,112000.0,0.14899999999999997,112000.0,10.231083728582037,112000.0,15.107363526223887,112000.0,0.0,112000.0,0.0,112000.0,5.338686878629327,112000.0,27.10207859626903,112000.0,0.0,112000.0,0.0,112000.0,23.225874362468403,112000.0,34.06164294577552,112000.0,0.50200004,112000.0,0.50200004
112200.0,4.844512773374986,112200.0,35.06465006179178,112200.0,0.0,112200.0,0.0,112200.0,1.1327158826753208,112200.0,17.789327766404192,112200.0,0.0,112200.0,0.0,112200.0,2.489368236410558,112200.0,29.012104553141473,112200.0,0.0,112200.0,0.0,112200.0,2.568009985348343,112200.0,29.679512899034787,112200.0,0.0,112200.0,0.0,112200.0,2.562974862236832,112200.0,29.665223891065686,112200.0,0.0,112200.0,0.04000000799999998,112200.0,-1.317649257602299,112200.0,7.718561241190241,112200.0,0.0,112200.0,0.0,112200.0,11.180826028913016,112200.0,15.610433296801565,112200.0,0.14900000000000002,112200.0,0.0,112200.0,11.194065717058995,112200.0,15.77155252374341,112200.0,0.14899999999999997,112200.0,0.14899999999999997,112200.0,10.225635030733407,112200.0,15.101416998895399,112200.0,0.0,112200.0,0.0,112200.0,4.80899566567797,112200.0,35.61273503819344,112200.0,0.0,112200.0,0.0,112200.0,23.205914452619428,112200.0,33.9217545286733,112200.0,0.50200004,112200.0,0.50200004
112400.0,4.42877710378826,112400.0,34.54590047035223,112400.0,0.0,112400.0,0.0,112400.0,1.099508442960455,112400.0,17.721353524123774,112400.0,0.0,112400.0,0.0,112400.0,2.478372761148043,112400.0,28.783957490096164,112400.0,0.0,112400.0,0.0,112400.0,2.561765609075099,112400.0,29.42867906807128,112400.0,0.0,112400.0,0.0,112400.0,2.5567656513401045,112400.0,29.413873837615228,112400.0,0.0,112400.0,0.04000000799999998,112400.0,-1.291867906566343,112400.0,7.861646527344107,112400.0,0.0,112400.0,0.0,112400.0,11.174188935572385,112400.0,15.593544834895512,112400.0,0.14900000000000002,112400.0,0.0,112400.0,11.187120075463458,112400.0,15.753116610479696,112400.0,0.14899999999999997,112400.0,0.14899999999999997,112400.0,10.221644868542965,112400.0,15.097378598387069,112400.0,0.0,112400.0,0.0,112400.0,4.399057657781883,112400.0,34.16338874279451,112400.0,0.0,112400.0,0.0,112400.0,23.189114820978084,112400.0,33.754748046546375,112400.0,0.50200004,112400.0,0.50200004
112600.0,4.087652570561577,112600.0,29.91495617529021,112600.0,0.0,112600.0,0.0,112600.0,1.0715970914377226,112600.0,17.612914210924508,112600.0,0.0,112600.0,0.0,112600.0,2.468899932251138,112600.0,28.522947195835435,112600.0,0.0,112600.0,0.0,112600.0,2.556032012816781,112600.0,29.137737787514364,112600.0,0.0,112600.0,0.0,112600.0,2.5510597084785642,112600.0,29.12379517744167,112600.0,0.0,112600.0,0.04000000799999998,112600.0,-1.2659728501232559,112600.0,8.084930286443688,112600.0,0.0,112600.0,0.0,112600.0,11.168502492914145,112600.0,15.578377392732534,112600.0,0.14900000000000002,112600.0,0.0,112600.0,11.18113910625115,112600.0,15.73622987350603,112600.0,0.14899999999999997,112600.0,0.14899999999999997,112600.0,10.218454444236535,112600.0,15.098725788269748,112600.0,0.0,112600.0,0.0,112600.0,4.060242503531144,112600.0,29.70290044457411,112600.0,0.0,112600.0,0.0,112600.0,23.173951839223722,112600.0,33.57320129893253,112600.0,0.50200004,112600.0,0.50200004
112800.0,6.759061436347137,112800.0,29.844588505950657,112800.0,0.0,112800.0,0.0,112800.0,1.101569686256197,112800.0,17.567499440419088,112800.0,0.0,112800.0,0.0,112800.0,2.459722771950819,112800.0,28.276760600436727,112800.0,0.0,112800.0,0.0,112800.0,2.5458234287953507,112800.0,28.91861228581622,112800.0,0.0,112800.0,0.0,112800.0,2.5406964758925197,112800.0,28.907387876343197,112800.0,0.0,112800.0,0.04000000799999998,112800.0,-1.2101448688581666,112800.0,8.279314863238893,112800.0,0.0,112800.0,0.0,112800.0,11.15819187729332,112800.0,15.571684821312058,112800.0,0.14900000000000002,112800.0,0.0,112800.0,11.170234382406035,112800.0,15.7285699219827,112800.0,0.14899999999999997,112800.0,0.14899999999999997,112800.0,10.213207189887639,112800.0,15.104352871708059,112800.0,0.0,112800.0,0.0,112800.0,7.2338816023719374,112800.0,30.226467343598898,112800.0,0.0,112800.0,0.0,112800.0,23.1449881165982,112800.0,33.46424570461779,112800.0,0.50200004,112800.0,0.50200004
113000.0,9.227918353088954,113000.0,37.972808126732104,113000.0,0.0,113000.0,0.0,113000.0,1.1460503100914132,113000.0,17.667920921500116,113000.0,0.0,113000.0,0.0,113000.0,2.4502527100188587,113000.0,28.07128902077033,113000.0,0.0,113000.0,0.0,113000.0,2.5289249021782942,113000.0,28.70278039632829,113000.0,0.0,113000.0,0.0,113000.0,2.5236678393836147,113000.0,28.691740315461377,113000.0,0.0,113000.0,0.04000000799999998,113000.0,-1.0757440849046649,113000.0,8.498411282683659,113000.0,0.0,113000.0,0.0,113000.0,11.139564294394905,113000.0,15.568618550357034,113000.0,0.14900000000000002,113000.0,0.0,113000.0,11.150454478302693,113000.0,15.724861626259994,113000.0,0.14899999999999997,113000.0,0.14899999999999997,113000.0,10.20554516388767,113000.0,15.113586496163295,113000.0,0.0,113000.0,0.0,113000.0,8.942156240795986,113000.0,37.69753964618278,113000.0,0.0,113000.0,0.0,113000.0,23.088331864132375,113000.0,33.38539061054838,113000.0,0.50200004,113000.0,0.50200004
113200.0,7.2433955498382865,113200.0,32.179784216879135,113200.0,0.0,113200.0,0.0,113200.0,1.1813282681737947,113200.0,17.64411343017493,113200.0,0.0,113200.0,0.0,113200.0,2.44023495173722,113200.0,27.847510057603795,113200.0,0.0,113200.0,0.0,113200.0,2.516104612951209,113200.0,28.431115425075465,113200.0,0.0,113200.0,0.0,113200.0,2.511019781248438,113200.0,28.419762088148016,113200.0,0.0,113200.0,0.04000000799999998,113200.0,-0.9552471864463262,113200.0,8.829044311367857,113200.0,0.0,113200.0,0.0,113200.0,11.127302550450578,113200.0,15.569640735680204,113200.0,0.14900000000000002,113200.0,0.0,113200.0,11.13746355292596,113200.0,15.725733024992994,113200.0,0.14899999999999997,113200.0,0.14899999999999997,113200.0,10.202118770326784,113200.0,15.132229840690522,113200.0,0.0,113200.0,0.0,113200.0,7.1127609763660455,113200.0,31.96620208483412,113200.0,0.0,113200.0,0.0,113200.0,23.04782649841908,113200.0,33.313951194646634,113200.0,0.50200004,113200.0,0.50200004
113400.0,6.089715212015655,113400.0,28.553219347053616,113400.0,0.0,113400.0,0.0,113400.0,1.2132401145187812,113400.0,17.60655519162147,113400.0,0.0,113400.0,0.0,113400.0,2.4312887632128475,113400.0,27.62015330739144,113400.0,0.0,113400.0,0.0,113400.0,2.505583485171112,113400.0,28.205463645881753,113400.0,0.0,113400.0,0.0,113400.0,2.5006569955264526,113400.0,28.195493212638315,113400.0,0.0,113400.0,0.04000000799999998,113400.0,-0.8426155657633821,113400.0,9.116127840478471,113400.0,0.0,113400.0,0.0,113400.0,11.118243520845127,113400.0,15.575188398903682,113400.0,0.14900000000000002,113400.0,0.0,113400.0,11.12798434274519,113400.0,15.731995113076369,113400.0,0.14899999999999997,113400.0,0.14899999999999997,113400.0,10.200606773533556,113400.0,15.152168926938897,113400.0,0.0,113400.0,0.0,113400.0,6.016974428070955,113400.0,28.421036858210147,113400.0,0.0,113400.0,0.0,113400.0,23.017117304583024,113400.0,33.28673001303082,113400.0,0.50200004,113400.0,0.50200004
113600.0,5.319615942365672,113600.0,29.016124280497998,113600.0,0.0,113600.0,0.0,113600.0,1.2402690957452733,113600.0,17.620792893746565,113600.0,0.0,113600.0,0.0,113600.0,2.4240058157879494,113600.0,27.426580456789623,113600.0,0.0,113600.0,0.0,113600.0,2.4974037897257624,113600.0,28.027969998835726,113600.0,0.0,113600.0,0.0,113600.0,2.4925970767197474,113600.0,28.018869941985287,113600.0,0.0,113600.0,0.04000000799999998,113600.0,-0.7465554401080092,113600.0,9.344811717757983,113600.0,0.0,113600.0,0.0,113600.0,11.11178378864941,113600.0,15.581997724481084,113600.0,0.14900000000000002,113600.0,0.0,113600.0,11.121346312552431,113600.0,15.739846084051806,113600.0,0.14899999999999997,113600.0,0.14899999999999997,113600.0,10.200191638864043,113600.0,15.169705068740374,113600.0,0.0,113600.0,0.0,113600.0,5.271075450279552,113600.0,29.419368318292893,113600.0,0.0,113600.0,0.0,113600.0,22.995335868169185,113600.0,33.2904283221902,113600.0,0.50200004,113600.0,0.50200004
113800.0,4.76662254479521,113800.0,37.28311855481755,113800.0,0.0,113800.0,0.0,113800.0,1.2619628538145224,113800.0,17.811912514277324,113800.0,0.0,113800.0,0.0,113800.0,2.418219248265903,113800.0,27.941530268533008,113800.0,0.0,113800.0,0.828,113800.0,2.49095691042716,113800.0,28.15164055319293,113800.0,0.0,113800.0,0.0,113800.0,2.4862405195454684,113800.0,28.072344169179843,113800.0,0.0,113800.0,0.04000000799999998,113800.0,-0.6654393332425467,113800.0,9.712365674063127,113800.0,0.0,113800.0,0.0,113800.0,11.10702590300298,113800.0,15.597531658766414,113800.0,0.14900000000000002,113800.0,0.0,113800.0,11.116549908107958,113800.0,15.757865909828025,113800.0,0.14899999999999997,113800.0,0.14899999999999997,113800.0,10.200280155260398,113800.0,15.201940806759549,113800.0,0.0,113800.0,0.0,113800.0,4.729308585849519,113800.0,36.99259207774842,113800.0,0.0,113800.0,0.0,113800.0,22.979691997002934,113800.0,33.33266748183259,113800.0,0.50200004,113800.0,0.50200004
114000.0,4.352086064641494,114000.0,31.642533097806968,114000.0,0.0,114000.0,0.0,114000.0,1.2789191129184456,114000.0,17.927704454711115,114000.0,0.0,114000.0,0.0,114000.0,2.4135955010082872,114000.0,28.283556611486013,114000.0,0.0,114000.0,0.828,114000.0,2.485909236063829,114000.0,28.37156359946455,114000.0,0.0,114000.0,0.0,114000.0,2.4812704730061785,114000.0,28.29230069119349,114000.0,0.0,114000.0,0.04000000799999998,114000.0,-0.5993369479696334,114000.0,10.067952690291259,114000.0,0.0,114000.0,0.0,114000.0,11.103497315392868,114000.0,15.618319613805951,114000.0,0.14900000000000002,114000.0,0.0,114000.0,11.11305749749493,114000.0,15.781821169912785,114000.0,0.14899999999999997,114000.0,0.14899999999999997,114000.0,10.200561327385232,114000.0,15.23785138799541,114000.0,0.0,114000.0,0.0,114000.0,4.32216646932109,114000.0,31.432801685684172,114000.0,0.0,114000.0,0.0,114000.0,22.968519717875186,114000.0,33.409353565873424,114000.0,0.50200004,114000.0,0.50200004
114200.0,4.030217916631458,114200.0,28.259080086085348,114200.0,0.0,114200.0,0.0,114200.0,1.2921931596286005,114200.0,18.024136146748376,114200.0,0.0,114200.0,0.0,114200.0,2.409840843775238,114200.0,28.51896372423085,114200.0,0.0,114200.0,0.828,114200.0,2.481801797588634,114200.0,28.554955690067676,114200.0,0.0,114200.0,0.0,114200.0,2.4772302297905466,114200.0,28.475928022803007,114200.0,0.0,114200.0,0.04000000799999998,114200.0,-0.5441209048940591,114200.0,10.332106007018298,114200.0,0.0,114200.0,0.0,114200.0,11.100738737123057,114200.0,15.637299800150101,114200.0,0.14900000000000002,114200.0,0.0,114200.0,11.110374446702522,114200.0,15.803452156222452,114200.0,0.14899999999999997,114200.0,0.14899999999999997,114200.0,10.200899071174133,114200.0,15.267123109080483,114200.0,0.0,114200.0,0.0,114200.0,4.004693597059748,114200.0,28.11371306116028,114200.0,0.0,114200.0,0.0,114200.0,22.96017481309038,114200.0,33.49160584072401,114200.0,0.50200004,114200.0,0.50200004
114400.0,10.234583564971983,114400.0,35.82926805290349,114400.0,0.0,114400.0,0.0,114400.0,1.4135616003781226,114400.0,18.286373540066005,114400.0,0.0,114400.0,0.0,114400.0,2.4069751533272417,114400.0,28.703406838005105,114400.0,0.0,114400.0,0.828,114400.0,2.4726930637687103,114400.0,28.723560506225805,114400.0,0.0,114400.0,0.0,114400.0,2.4680712412716104,114400.0,28.645773782813613,114400.0,0.0,114400.0,0.04000000799999998,114400.0,-0.40311028205802624,114400.0,10.565896143037135,114400.0,0.0,114400.0,0.0,114400.0,11.094156851514972,114400.0,15.656782688805398,114400.0,0.14900000000000002,114400.0,0.0,114400.0,11.104152650430581,114400.0,15.825429228783928,114400.0,0.14899999999999997,114400.0,0.14899999999999997,114400.0,10.202079122930643,114400.0,15.29498031419093,114400.0,0.0,114400.0,0.0,114400.0,10.280980862366222,114400.0,36.37684951042974,114400.0,0.0,114400.0,0.0,114400.0,22.941909896190673,114400.0,33.58962197270775,114400.0,0.50200004,114400.0,0.50200004
114600.0,7.922694563090848,114600.0,34.975951117541285,114600.0,0.0,114600.0,0.0,114600.0,1.486129657525948,114600.0,18.485947538013804,114600.0,0.0,114600.0,0.0,114600.0,2.4044616400055974,114600.0,28.91684858776777,114600.0,0.0,114600.0,0.828,114600.0,2.4619747288054086,114600.0,28.95054601046229,114600.0,0.0,114600.0,0.0,114600.0,2.4575377484095995,114600.0,28.872619506107203,114600.0,0.0,114600.0,0.04000000799999998,114600.0,-0.19960732506604859,114600.0,10.864128534596258,114600.0,0.0,114600.0,0.0,114600.0,11.085673325790339,114600.0,15.687721234726041,114600.0,0.14900000000000002,114600.0,0.0,114600.0,11.096598590372993,114600.0,15.85975572494574,114600.0,0.14899999999999997,114600.0,0.14899999999999997,114600.0,10.20470149474473,114600.0,15.335993637216667,114600.0,0.0,114600.0,0.0,114600.0,7.880535945716315,114600.0,34.60391298088864,114600.0,0.0,114600.0,0.0,114600.0,22.92411400013225,114600.0,33.74648286337254,114600.0,0.50200004,114600.0,0.50200004
114800.0,6.653844087743716,114800.0,30.497331736855855,114800.0,0.0,114800.0,0.0,114800.0,1.5558025243954983,114800.0,18.628879263851374,114800.0,0.0,114800.0,0.0,114800.0,2.402495802311577,114800.0,29.124856964363083,114800.0,0.0,114800.0,0.828,114800.0,2.45436912007062,114800.0,29.14963289773878,114800.0,0.0,114800.0,0.0,114800.0,2.4500528665239845,114800.0,29.070899677989754,114800.0,0.0,114800.0,0.04000000799999998,114800.0,-0.04472323484410789,114800.0,11.099537066824736,114800.0,0.0,114800.0,0.0,114800.0,11.080512522472477,114800.0,15.716384614511329,114800.0,0.14900000000000002,114800.0,0.0,114800.0,11.092390503194238,114800.0,15.890931483800669,114800.0,0.14899999999999997,114800.0,0.14899999999999997,114800.0,10.207474552594471,114800.0,15.371822558333765,114800.0,0.0,114800.0,0.0,114800.0,6.603397022380075,114800.0,30.301366005093623,114800.0,0.0,114800.0,0.0,114800.0,22.920309675772252,114800.0,33.89190263369357,114800.0,0.50200004,114800.0,0.50200004
115000.0,5.370288055483609,115000.0,27.410272948222953,115000.0,0.0,115000.0,0.0,115000.0,1.624664599561375,115000.0,18.736110288968973,115000.0,0.0,115000.0,0.0,115000.0,2.3981931035064994,115000.0,29.33006947812609,115000.0,0.0,115000.0,0.828,115000.0,2.4417992577507857,115000.0,29.371308091809937,115000.0,0.0,115000.0,0.0,115000.0,2.437590417176547,115000.0,29.292809608797285,115000.0,0.0,115000.0,0.04000000799999998,115000.0,0.2390801205924699,115000.0,11.306651284934429,115000.0,0.0,115000.0,0.0,115000.0,11.071401351040153,115000.0,15.751353822492067,115000.0,0.14900000000000002,115000.0,0.0,115000.0,11.085159758414765,115000.0,15.927635664884027,115000.0,0.14899999999999997,115000.0,0.14899999999999997,115000.0,10.209093337837635,115000.0,15.407773157377795,115000.0,0.0,115000.0,0.0,115000.0,5.31618019135186,115000.0,27.27810041018825,115000.0,0.0,115000.0,0.0,115000.0,22.940269647616166,115000.0,34.08304506669817,115000.0,0.50200004,115000.0,0.50200004
115200.0,4.376363671755332,115200.0,35.57236373930492,115200.0,0.0,115200.0,0.0,115200.0,1.6758426925065184,115200.0,18.990503817369937,115200.0,0.0,115200.0,0.0,115200.0,2.392855450972783,115200.0,29.54148774023313,115200.0,0.0,115200.0,0.828,115200.0,2.4313642104238236,115200.0,29.589691474951223,115200.0,0.0,115200.0,0.0,115200.0,2.4272437115210472,115200.0,29.51087659909003,115200.0,0.0,115200.0,0.04000000799999998,115200.0,0.27629318735701147,115200.0,11.263005695147436,115200.0,0.0,115200.0,0.0,115200.0,11.061828454338723,115200.0,15.782229101491295,115200.0,0.14900000000000002,115200.0,0.0,115200.0,11.076723611346083,115200.0,15.958836540212355,115200.0,0.14899999999999997,115200.0,0.14899999999999997,115200.0,10.193610069354873,115200.0,15.423528321738537,115200.0,0.0,115200.0,0.0,115200.0,4.333918869522913,115200.0,36.11638880416449,115200.0,0.0,115200.0,0.0,115200.0,22.99980142598185,115200.0,34.28400323644416,115200.0,0.50200004,115200.0,0.50200004
115400.0,6.92488928135075,115400.0,34.891437081405265,115400.0,0.0,115400.0,0.0,115400.0,1.742497113778187,115400.0,19.104102751721374,115400.0,0.0,115400.0,0.0,115400.0,2.3874835309535296,115400.0,29.756598205858644,115400.0,0.0,115400.0,0.828,115400.0,2.422214825391744,115400.0,29.806761376040647,115400.0,0.0,115400.0,0.0,115400.0,2.418007395632042,115400.0,29.727868293137067,115400.0,0.0,115400.0,0.04000000799999998,115400.0,0.16679573158084154,115400.0,11.068065489345031,115400.0,0.0,115400.0,0.0,115400.0,11.048174589865274,115400.0,15.805606311371374,115400.0,0.14900000000000002,115400.0,0.0,115400.0,11.064013898926698,115400.0,15.982115488604816,115400.0,0.14899999999999997,115400.0,0.14899999999999997,115400.0,10.16627647196456,115400.0,15.424840581328095,115400.0,0.0,115400.0,0.0,115400.0,7.444160053442145,115400.0,34.52336870815475,115400.0,0.0,115400.0,0.0,115400.0,23.085218670548233,115400.0,34.473463556867785,115400.0,0.50200004,115400.0,0.50200004
115600.0,9.700976784037199,115600.0,30.421656708989442,115600.0,0.0,115600.0,0.0,115600.0,1.7710897010506814,115600.0,19.100952637515327,115600.0,0.0,115600.0,0.0,115600.0,2.384825880892354,115600.0,29.962533815564587,115600.0,0.0,115600.0,0.828,115600.0,2.4149202792116613,115600.0,30.01898374875944,115600.0,0.0,115600.0,0.0,115600.0,2.4106903992458952,115600.0,29.939805047212143,115600.0,0.0,115600.0,0.04000000799999998,115600.0,-0.041266776402854796,115600.0,10.771441985299345,115600.0,0.0,115600.0,0.0,115600.0,11.028903665930168,115600.0,15.8202774191727,115600.0,0.14900000000000002,115600.0,0.0,115600.0,11.045484288712908,115600.0,15.996458335846413,115600.0,0.14899999999999997,115600.0,0.14899999999999997,115600.0,10.130753388597292,115600.0,15.415598573174506,115600.0,0.0,115600.0,0.0,115600.0,9.399444319307914,115600.0,30.21831759340176,115600.0,0.0,115600.0,0.0,115600.0,23.174935951761366,115600.0,34.637135330764025,115600.0,0.50200004,115600.0,0.50200004
115800.0,7.535785357724322,115800.0,27.427411098194668,115800.0,0.0,115800.0,0.0,115800.0,1.7374407947347323,115800.0,19.016817724664296,115800.0,0.0,115800.0,0.0,115800.0,2.3807649589701945,115800.0,30.156001914771526,115800.0,0.0,115800.0,0.828,115800.0,2.4097940158758133,115800.0,30.223926993113178,115800.0,0.0,115800.0,0.0,115800.0,2.4055157234299442,115800.0,30.14435723761381,115800.0,0.0,115800.0,0.04000000799999998,115800.0,-0.2204836253711,115800.0,10.403186489644918,115800.0,0.0,115800.0,0.0,115800.0,11.013100623110995,115800.0,15.826042577473945,115800.0,0.14900000000000002,115800.0,0.0,115800.0,11.02995697044176,115800.0,16.001615966405293,115800.0,0.14899999999999997,115800.0,0.14899999999999997,115800.0,10.103977807882753,115800.0,15.397602900726904,115800.0,0.0,115800.0,0.0,115800.0,7.41782432396101,115800.0,27.29806637440891,115800.0,0.0,115800.0,0.0,115800.0,23.225808203015095,115800.0,34.770563354250456,115800.0,0.50200004,115800.0,0.50200004
116000.0,6.355534525773921,116000.0,35.658886077449324,116000.0,0.0,116000.0,0.0,116000.0,1.6785704345002985,116000.0,19.070339722593776,116000.0,0.0,116000.0,0.0,116000.0,2.375080645690175,116000.0,30.34222784232158,116000.0,0.0,116000.0,0.828,116000.0,2.4056741602547724,116000.0,30.42195249670229,116000.0,0.0,116000.0,0.0,116000.0,2.401329593581079,116000.0,30.341636095034705,116000.0,0.0,116000.0,0.04000000799999998,116000.0,-0.35585546952700703,116000.0,9.984958534683107,116000.0,0.0,116000.0,0.0,116000.0,11.001467948702153,116000.0,15.823175424657007,116000.0,0.14900000000000002,116000.0,0.0,116000.0,11.018393998232975,116000.0,15.99780200895355,116000.0,0.14899999999999997,116000.0,0.14899999999999997,116000.0,10.085169136793537,116000.0,15.37178044936231,116000.0,0.0,116000.0,0.0,116000.0,6.289241113214786,116000.0,36.20476660252543,116000.0,0.0,116000.0,0.0,116000.0,23.253023087788524,116000.0,34.850023868128694,116000.0,0.50200004,116000.0,0.50200004
116200.0,5.46896873198477,116200.0,35.014008029181625,116200.0,0.0,116200.0,0.0,116200.0,1.6027797573902554,116200.0,19.00595679003004,116200.0,0.0,116200.0,0.0,116200.0,2.367465238663617,116200.0,30.524692649199608,116200.0,0.0,116200.0,0.828,116200.0,2.4007930083417337,116200.0,30.612177202760815,116200.0,0.0,116200.0,0.0,116200.0,2.3963755183313706,116200.0,30.53140536638821,116200.0,0.0,116200.0,0.04000000799999998,116200.0,-0.50083609744767,116200.0,9.541387230838291,116200.0,0.0,116200.0,0.0,116200.0,10.988761978836735,116200.0,15.812373197071404,116200.0,0.14900000000000002,116200.0,0.0,116200.0,11.005655195183397,116200.0,15.985726112488823,116200.0,0.14899999999999997,116200.0,0.14899999999999997,116200.0,10.065323666821955,116200.0,15.339379775928332,116200.0,0.0,116200.0,0.0,116200.0,5.419400897590149,116200.0,34.64925888470106,116200.0,0.0,116200.0,0.0,116200.0,23.27479856045269,116200.0,34.86936354452301,116200.0,0.50200004,116200.0,0.50200004
116400.0,4.735688808371507,116400.0,30.729025221127642,116400.0,0.0,116400.0,0.0,116400.0,1.5132768982782607,116400.0,18.860177257374097,116400.0,0.0,116400.0,0.0,116400.0,2.3577250529937777,116400.0,30.680381245553708,116400.0,0.0,116400.0,0.828,116400.0,2.3949352556073933,116400.0,30.767459700111992,116400.0,0.0,116400.0,0.0,116400.0,2.3904371458346856,116400.0,30.686202623513115,116400.0,0.0,116400.0,0.04000000799999998,116400.0,-0.6549895475320375,116400.0,9.163458543163753,116400.0,0.0,116400.0,0.0,116400.0,10.974838878037032,116400.0,15.798321760571692,116400.0,0.14900000000000002,116400.0,0.0,116400.0,10.991569442471667,116400.0,15.97041803067847,116400.0,0.14899999999999997,116400.0,0.14899999999999997,116400.0,10.04422320516508,116400.0,15.30866411616871,116400.0,0.0,116400.0,0.0,116400.0,4.695223242325747,116400.0,30.5249139308575,116400.0,0.0,116400.0,0.0,116400.0,23.29061343343024,116400.0,34.84514781358194,116400.0,0.50200004,116400.0,0.50200004
116600.0,4.118772100923604,116600.0,27.82065985828092,116600.0,0.0,116600.0,0.0,116600.0,1.4135069067628105,116600.0,18.67113929146942,116600.0,0.0,116600.0,0.0,116600.0,2.345979241640465,116600.0,30.81514041551663,116600.0,0.0,116600.0,0.828,116600.0,2.388155442110979,116600.0,30.91917238569413,116600.0,0.0,116600.0,0.0,116600.0,2.3835765507761115,116600.0,30.83810880104664,116600.0,0.0,116600.0,0.04000000799999998,116600.0,-0.8115804971739423,116600.0,8.756829997703843,116600.0,0.0,116600.0,0.0,116600.0,10.96023437126884,116600.0,15.778860860129004,116600.0,0.14900000000000002,116600.0,0.0,116600.0,10.976665982159115,116600.0,15.949449721872952,116600.0,0.14899999999999997,116600.0,0.14899999999999997,116600.0,10.022656653054556,116600.0,15.272373895690723,116600.0,0.0,116600.0,0.0,116600.0,4.085625251915293,116600.0,27.673487540007038,116600.0,0.0,116600.0,0.0,116600.0,23.299464630962934,116600.0,34.79386823655414,116600.0,0.50200004,116600.0,0.50200004
116800.0,6.685860284494855,116800.0,35.88326708490113,116800.0,0.0,116800.0,0.0,116800.0,1.3633487524639707,116800.0,18.63874331515573,116800.0,0.0,116800.0,0.0,116800.0,2.333378146152785,116800.0,30.959369137811002,116800.0,0.0,116800.0,0.828,116800.0,2.380258089300195,116800.0,31.08823048256338,116800.0,0.0,116800.0,0.0,116800.0,2.37551664311799,116800.0,31.00617686474961,116800.0,0.0,116800.0,0.04000000799999998,116800.0,-0.975423964519369,116800.0,8.264259104720399,116800.0,0.0,116800.0,0.0,116800.0,10.944468445455751,116800.0,15.748506467158352,116800.0,0.14900000000000002,116800.0,0.0,116800.0,10.960453389827526,116800.0,15.917006110445755,116800.0,0.14899999999999997,116800.0,0.14899999999999997,116800.0,9.9998967197432,116800.0,15.222233324399104,116800.0,0.0,116800.0,0.0,116800.0,7.174792490645521,116800.0,36.41995832593244,116800.0,0.0,116800.0,0.0,116800.0,23.301425498212677,116800.0,34.68288376458888,116800.0,0.50200004,116800.0,0.50200004
117000.0,9.342207539166674,117000.0,35.10500210717649,117000.0,0.0,117000.0,0.0,117000.0,1.3124613254566868,117000.0,18.50048072929583,117000.0,0.0,117000.0,0.0,117000.0,2.322418114272836,117000.0,31.10533115121043,117000.0,0.0,117000.0,0.828,117000.0,2.3692528570628744,117000.0,31.248313560695152,117000.0,0.0,117000.0,0.0,117000.0,2.36429702521559,117000.0,31.16568865106447,117000.0,0.0,117000.0,0.04000000799999998,117000.0,-1.2173839436782392,117000.0,7.7768945440293145,117000.0,0.0,117000.0,0.0,117000.0,10.919699398995032,117000.0,15.712156830770502,117000.0,0.14900000000000002,117000.0,0.0,117000.0,10.934890317989927,117000.0,15.878572081398962,117000.0,0.14899999999999997,117000.0,0.14899999999999997,117000.0,9.96586476652456,117000.0,15.168237854061047,117000.0,0.0,117000.0,0.0,117000.0,9.056371736974862,117000.0,34.73385861960806,117000.0,0.0,117000.0,0.0,117000.0,23.29199972798163,117000.0,34.524240369702504,117000.0,0.50200004,117000.0,0.50200004
117200.0,7.079476644168774,117200.0,30.56976176471292,117200.0,0.0,117200.0,0.0,117200.0,1.2178334000323476,117200.0,18.262905672731407,117200.0,0.0,117200.0,0.0,117200.0,2.3052770071898254,117200.0,30.534556562636403,117200.0,0.0,117200.0,0.0,117200.0,2.3529379525341505,117200.0,31.04516895032982,117200.0,0.0,117200.0,0.0,117200.0,2.3479066796582195,117200.0,31.032057583494904,117200.0,0.0,117200.0,0.04000000799999998,117200.0,-1.405581775599541,117200.0,7.492043732790646,117200.0,0.0,117200.0,0.0,117200.0,10.882139059038803,117200.0,15.676276884804576,117200.0,0.14900000000000002,117200.0,0.0,117200.0,10.896592661578817,117200.0,15.841727449375488,117200.0,0.14899999999999997,117200.0,0.14899999999999997,117200.0,9.927031569016826,117200.0,15.129603505048028,117200.0,0.0,117200.0,0.0,117200.0,6.9504665657828335,117200.0,30.370341717776572,117200.0,0.0,117200.0,0.0,117200.0,23.25068534764596,117200.0,34.349277987362676,117200.0,0.50200004,117200.0,0.50200004
117400.0,5.966189186294525,117400.0,27.42698756142036,117400.0,0.0,117400.0,0.0,117400.0,1.1430428807450763,117400.0,18.001537978917554,117400.0,0.0,117400.0,0.0,117400.0,2.2886393057722687,117400.0,30.113265840634323,117400.0,0.0,117400.0,0.0,117400.0,2.3446506851709303,117400.0,30.728118649234034,117400.0,0.0,117400.0,0.0,117400.0,2.339668917350116,117400.0,30.714553630793787,117400.0,0.0,117400.0,0.04000000799999998,117400.0,-1.3936611763315614,117400.0,7.45333298243771,117400.0,0.0,117400.0,0.0,117400.0,10.868541140626453,117400.0,15.639274029605215,117400.0,0.14900000000000002,117400.0,0.0,117400.0,10.882611232810998,117400.0,15.803575901577748,117400.0,0.14899999999999997,117400.0,0.14899999999999997,117400.0,9.916397433170184,117400.0,15.101601638838538,117400.0,0.0,117400.0,0.0,117400.0,5.901991514157077,117400.0,27.292316454589226,117400.0,0.0,117400.0,0.0,117400.0,23.225432821832676,117400.0,34.1316582600088,117400.0,0.50200004,117400.0,0.50200004
117600.0,5.273276108847286,117600.0,35.48020837327762,117600.0,0.0,117600.0,0.0,117600.0,1.0880707658448143,117600.0,17.95723928856873,117600.0,0.0,117600.0,0.0,117600.0,2.27484303124606,117600.0,29.769691821938174,117600.0,0.0,117600.0,0.0,117600.0,2.3378372238306007,117600.0,30.411243560217013,117600.0,0.0,117600.0,0.0,117600.0,2.332898671324429,117600.0,30.396997793727746,117600.0,0.0,117600.0,0.04000000799999998,117600.0,-1.3722045502811657,117600.0,7.510911505886142,117600.0,0.0,117600.0,0.0,117600.0,10.858985267140614,117600.0,15.606879814892311,117600.0,0.14900000000000002,117600.0,0.0,117600.0,10.87272431426796,117600.0,15.769608871307199,117600.0,0.14899999999999997,117600.0,0.14899999999999997,117600.0,9.9096682552703,117600.0,15.083009985227138,117600.0,0.0,117600.0,0.0,117600.0,5.2277469098136695,117600.0,36.02021119858136,117600.0,0.0,117600.0,0.0,117600.0,23.204526249793354,117600.0,33.89704366630657,117600.0,0.50200004,117600.0,0.50200004
117800.0,4.746411072243304,117800.0,34.87263128182676,117800.0,0.0,117800.0,0.0,117800.0,1.0450478714259543,117800.0,17.869597173589764,117800.0,0.0,117800.0,0.0,117800.0,2.263144598418676,117800.0,29.48994533222404,117800.0,0.0,117800.0,0.0,117800.0,2.3317799332162576,117800.0,30.149681485245047,117800.0,0.0,117800.0,0.0,117800.0,2.326876008694871,117800.0,30.134498693905286,117800.0,0.0,117800.0,0.04000000799999998,117800.0,-1.3486599690660472,117800.0,7.613020864672387,117800.0,0.0,117800.0,0.0,117800.0,10.851389725491174,117800.0,15.585509791001957,117800.0,0.14900000000000002,117800.0,0.0,117800.0,10.864811355083093,117800.0,15.746785107039118,117800.0,0.14899999999999997,117800.0,0.14899999999999997,117800.0,9.904755823746216,117800.0,15.073804399943748,117800.0,0.0,117800.0,0.0,117800.0,4.710840340619839,117800.0,34.48687502664084,117800.0,0.0,117800.0,0.0,117800.0,23.18610026033387,117800.0,33.7168895869901,117800.0,0.50200004,117800.0,0.50200004
118000.0,4.3329375525866265,118000.0,30.31193418261351,118000.0,0.0,118000.0,0.0,118000.0,1.0104061278357668,118000.0,17.744759911530657,118000.0,0.0,118000.0,0.0,118000.0,2.2531171860755017,118000.0,29.218533223675827,118000.0,0.0,118000.0,0.0,118000.0,2.326436413928454,118000.0,29.869486375812418,118000.0,0.0,118000.0,0.0,118000.0,2.321562551162651,118000.0,29.854304260796,118000.0,0.0,118000.0,0.04000000799999998,118000.0,-1.3251447664276763,118000.0,7.7698768794344275,118000.0,0.0,118000.0,0.0,118000.0,10.845281568185035,118000.0,15.566645062554574,118000.0,0.14900000000000002,118000.0,0.0,118000.0,10.858404327860203,118000.0,15.72623841694743,118000.0,0.14899999999999997,118000.0,0.14899999999999997,118000.0,9.901106646084784,118000.0,15.068831180833374,118000.0,0.0,118000.0,0.0,118000.0,4.303363364852918,118000.0,30.087567153842457,118000.0,0.0,118000.0,0.0,118000.0,23.17013272456349,118000.0,33.544693072732116,118000.0,0.50200004,118000.0,0.50200004
118200.0,4.004958085460053,118200.0,27.08237361075566,118200.0,0.0,118200.0,0.0,118200.0,0.9822098561034676,118200.0,17.609170066541317,118200.0,0.0,118200.0,0.0,118200.0,2.2445377808964384,118200.0,28.933573227609507,118200.0,0.0,118200.0,0.0,118200.0,2.321813042029448,118200.0,29.5668305283305,118200.0,0.0,118200.0,0.0,118200.0,2.316967067596584,118200.0,29.55246329383232,118200.0,0.0,118200.0,0.04000000799999998,118200.0,-1.3028892724999195,118200.0,7.994430286322474,118200.0,0.0,118200.0,0.0,118200.0,10.840393950617935,118200.0,15.551284961762793,118200.0,0.14900000000000002,118200.0,0.0,118200.0,10.853249712716353,118200.0,15.709144439167472,118200.0,0.14899999999999997,118200.0,0.14899999999999997,118200.0,9.898400492705056,118200.0,15.069666126264641,118200.0,0.0,118200.0,0.0,118200.0,3.979340382960571,118200.0,26.941116389607203,118200.0,0.0,118200.0,0.0,118200.0,23.156620831212344,118200.0,33.377392576277,118200.0,0.50200004,118200.0,0.50200004
118400.0,10.186654447636583,118400.0,34.96196920704175,118400.0,0.0,118400.0,0.0,118400.0,1.055849886594944,118400.0,17.67729313387187,118400.0,0.0,118400.0,0.0,118400.0,2.236601183828602,118400.0,28.676201942192602,118400.0,0.0,118400.0,0.0,118400.0,2.311019658248665,118400.0,29.34046081372664,118400.0,0.0,118400.0,0.0,118400.0,2.3060643811192003,118400.0,29.328699422566046,118400.0,0.0,118400.0,0.04000000799999998,118400.0,-1.2369175103338024,118400.0,8.186139865789077,118400.0,0.0,118400.0,0.0,118400.0,10.828507625080361,118400.0,15.544406426649006,118400.0,0.14900000000000002,118400.0,0.0,118400.0,10.840625735666194,118400.0,15.70126538113978,118400.0,0.14899999999999997,118400.0,0.14899999999999997,118400.0,9.892573117638806,118400.0,15.074741504745928,118400.0,0.0,118400.0,0.0,118400.0,10.228204432413381,118400.0,35.47485458851992,118400.0,0.0,118400.0,0.0,118400.0,23.12150103158584,118400.0,33.27879481812431,118400.0,0.50200004,118400.0,0.50200004
118600.0,7.846159358000291,118600.0,34.26229014137557,118600.0,0.0,118600.0,0.0,118600.0,1.0818428767708121,118600.0,17.67895153469535,118600.0,0.0,118600.0,0.0,118600.0,2.2278672476451344,118600.0,28.449600410708534,118600.0,0.0,118600.0,0.0,118600.0,2.2970101795801443,118600.0,29.077430457422434,118600.0,0.0,118600.0,0.0,118600.0,2.2921864415896342,118600.0,29.06478105395639,118600.0,0.0,118600.0,0.04000000799999998,118600.0,-1.1112680475468453,118600.0,8.455795656487382,118600.0,0.0,118600.0,0.0,118600.0,10.811898427068604,118600.0,15.54064280331608,118600.0,0.14900000000000002,118600.0,0.0,118600.0,10.822840913931561,118600.0,15.696636089865537,118600.0,0.14899999999999997,118600.0,0.14899999999999997,118600.0,9.886450167219003,118600.0,15.085974328683257,118600.0,0.0,118600.0,0.0,118600.0,7.801921536508234,118600.0,33.88214279685236,118600.0,0.0,118600.0,0.0,118600.0,23.067332121524263,118600.0,33.19466172617056,118600.0,0.50200004,118600.0,0.50200004
118800.0,6.533950118050299,118800.0,29.671649933910672,118800.0,0.0,118800.0,0.0,118800.0,1.1093558371963637,118800.0,17.637003862470557,118800.0,0.0,118800.0,0.0,118800.0,2.2194215684091403,118800.0,28.19909439308079,118800.0,0.0,118800.0,0.0,118800.0,2.2858559946270733,118800.0,28.796669964008593,118800.0,0.0,118800.0,0.0,118800.0,2.2811013336043104,118800.0,28.78428983333375,118800.0,0.0,118800.0,0.04000000799999998,118800.0,-0.9861793117295335,118800.0,8.787357296371562,118800.0,0.0,118800.0,0.0,118800.0,10.800516942898295,118800.0,15.542402296829366,118800.0,0.14900000000000002,118800.0,0.0,118800.0,10.810611282851697,118800.0,15.698131465612391,118800.0,0.14899999999999997,118800.0,0.14899999999999997,118800.0,9.8841184828471,118800.0,15.105122144150162,118800.0,0.0,118800.0,0.0,118800.0,6.481872118913371,118800.0,29.46093048435995,118800.0,0.0,118800.0,0.0,118800.0,23.026369606035352,118800.0,33.14144208537412,118800.0,0.50200004,118800.0,0.50200004
119000.0,5.640104749776448,119000.0,29.603928682128355,119000.0,0.0,119000.0,0.0,119000.0,1.1347141690483318,119000.0,17.650750714977836,119000.0,0.0,119000.0,0.0,119000.0,2.2122815695997096,119000.0,27.96760548007767,119000.0,0.0,119000.0,0.0,119000.0,2.2774270564458345,119000.0,28.591752537862806,119000.0,0.0,119000.0,0.0,119000.0,2.272738697586712,119000.0,28.581702672743553,119000.0,0.0,119000.0,0.04000000799999998,119000.0,-0.8791256099379151,119000.0,9.035093018959456,119000.0,0.0,119000.0,0.0,119000.0,10.792958218877379,119000.0,15.547451607250155,119000.0,0.14900000000000002,119000.0,0.0,119000.0,10.802555771072845,119000.0,15.703601126559134,119000.0,0.14899999999999997,119000.0,0.14899999999999997,119000.0,9.883663064627973,119000.0,15.12243554069789,119000.0,0.0,119000.0,0.0,119000.0,5.5946248735970325,119000.0,29.980136764968158,119000.0,0.0,119000.0,0.0,119000.0,22.998003586019973,119000.0,33.12787008258716,119000.0,0.50200004,119000.0,0.50200004
119200.0,4.991945406132926,119200.0,37.78115237802902,119200.0,0.0,119200.0,0.0,119200.0,1.1560122714122858,119200.0,17.801579710819997,119200.0,0.0,119200.0,0.0,119200.0,2.20650825984607,119200.0,27.777233001169975,119200.0,0.0,119200.0,0.0,119200.0,2.270922854809446,119200.0,28.386461531597252,119200.0,0.0,119200.0,0.0,119200.0,2.2663088516713965,119200.0,28.376499842354423,119200.0,0.0,119200.0,0.04000000799999998,119200.0,-0.7894793916749794,119200.0,9.296990260192661,119200.0,0.0,119200.0,0.0,119200.0,10.787684447836995,119200.0,15.555362427319665,119200.0,0.14900000000000002,119200.0,0.0,119200.0,10.79702348545626,119200.0,15.712478500049503,119200.0,0.14899999999999997,119200.0,0.14899999999999997,119200.0,9.884019575800814,119200.0,15.142444027234514,119200.0,0.0,119200.0,0.0,119200.0,4.953632879048961,119200.0,37.5072042413537,119200.0,0.0,119200.0,0.0,119200.0,22.978039220822588,119200.0,33.14004877536704,119200.0,0.50200004,119200.0,0.50200004
119400.0,4.511850056718611,119400.0,32.040635441779585,119400.0,0.0,119400.0,0.0,119400.0,1.1728217634782858,119400.0,17.822608776616562,119400.0,0.0,119400.0,0.0,119400.0,2.201906973497543,119400.0,27.568737348894274,119400.0,0.0,119400.0,0.0,119400.0,2.26597404278228,119400.0,28.12810019632956,119400.0,0.0,119400.0,0.0,119400.0,2.2614330250184,119400.0,28.117830916861276,119400.0,0.0,119400.0,0.04000000799999998,119400.0,-0.7167140116631049,119400.0,9.668317410707195,119400.0,0.0,119400.0,0.0,119400.0,10.783976204575936,119400.0,15.571430347264256,119400.0,0.14900000000000002,119400.0,0.0,119400.0,10.793207171112298,119400.0,15.730844312077627,119400.0,0.14899999999999997,119400.0,0.14899999999999997,119400.0,9.884668743724148,119400.0,15.175263927051818,119400.0,0.0,119400.0,0.0,119400.0,4.480426537847206,119400.0,31.82882150378971,119400.0,0.0,119400.0,0.0,119400.0,22.964152831728093,119400.0,33.19374934261805,119400.0,0.50200004,119400.0,0.50200004
119600.0,4.148022397812324,119600.0,28.33857565611631,119600.0,0.0,119600.0,0.0,119600.0,1.185736238309804,119600.0,17.832519407619724,119600.0,0.0,119600.0,0.0,119600.0,2.1982506268108404,119600.0,27.700873472700653,119600.0,0.0,119600.0,0.828,119600.0,2.2620754985247267,119600.0,28.019215748295228,119600.0,0.0,119600.0,0.0,119600.0,2.257599268398373,119600.0,27.956339996701324,119600.0,0.0,119600.0,0.04000000799999998,119600.0,-0.6567237284877587,119600.0,10.031628017653532,119600.0,0.0,119600.0,0.0,119600.0,10.781221118768217,119600.0,15.592806307599146,119600.0,0.14900000000000002,119600.0,0.0,119600.0,10.790426071238617,119600.0,15.755281412862121,119600.0,0.14899999999999997,119600.0,0.14899999999999997,119600.0,9.885373776597966,119600.0,15.212088646340339,119600.0,0.0,119600.0,0.0,119600.0,4.120927898965388,119600.0,28.18982961295259,119600.0,0.0,119600.0,0.0,119600.0,22.954070095207943,119600.0,33.28033211557138,119600.0,0.50200004,119600.0,0.50200004
119800.0,6.803040907992008,119800.0,35.83049998752077,119800.0,0.0,119800.0,0.0,119800.0,1.2545348283446986,119800.0,18.056931012006263,119800.0,0.0,119800.0,0.0,119800.0,2.195068890181399,119800.0,28.09215886118874,119800.0,0.0,119800.0,0.828,119800.0,2.2556345754566265,119800.0,28.17358147938442,119800.0,0.0,119800.0,0.0,119800.0,2.251103194659546,119800.0,28.09997459160967,119800.0,0.0,119800.0,0.04000000799999998,119800.0,-0.5437934748863611,119800.0,10.248498755123862,119800.0,0.0,119800.0,0.0,119800.0,10.776489066966386,119800.0,15.60787534519225,119800.0,0.14900000000000002,119800.0,0.0,119800.0,10.785771839604942,119800.0,15.772405644279925,119800.0,0.14899999999999997,119800.0,0.14899999999999997,119800.0,9.886966273253506,119800.0,15.235615997787622,119800.0,0.0,119800.0,0.0,119800.0,7.276940922352994,119800.0,36.371394328793734,119800.0,0.0,119800.0,0.0,119800.0,22.937483473928715,119800.0,33.34929460910154,119800.0,0.50200004,119800.0,0.50200004
120000.0,9.278702098758043,120000.0,35.14025513235285,120000.0,0.0,120000.0,0.0,120000.0,1.3404044755292388,120000.0,18.22170903574569,120000.0,0.0,120000.0,0.0,120000.0,2.193836499667328,120000.0,28.34613729510039,120000.0,0.0,120000.0,0.828,120000.0,2.246226000717068,120000.0,28.374149067413274,120000.0,0.0,120000.0,0.0,120000.0,2.241697475796799,120000.0,28.298739502006285,120000.0,0.0,120000.0,0.04000000799999998,120000.0,-0.3323903993045135,120000.0,10.524975479951838,120000.0,0.0,120000.0,0.0,120000.0,10.768784239483425,120000.0,15.630679112684481,120000.0,0.14900000000000002,120000.0,0.0,120000.0,10.77866601395914,120000.0,15.798109095655205,120000.0,0.14899999999999997,120000.0,0.14899999999999997,120000.0,9.89094183763465,120000.0,15.26851997837209,120000.0,0.0,120000.0,0.0,120000.0,8.99266091248524,120000.0,34.752238102605375,120000.0,0.0,120000.0,0.0,120000.0,22.914074505286408,120000.0,33.46662137798333,120000.0,0.50200004,120000.0,0.50200004
120200.0,7.31636616878196,120200.0,30.441398727114827,120200.0,0.0,120200.0,0.0,120200.0,1.414055125587154,120200.0,18.347743069861956,120200.0,0.0,120200.0,0.0,120200.0,2.193173873376909,120200.0,28.58079075398424,120200.0,0.0,120200.0,0.828,120200.0,2.240005735743018,120200.0,28.6079517195014,120200.0,0.0,120200.0,0.0,120200.0,2.2356624808852095,120200.0,28.53134252581187,120200.0,0.0,120200.0,0.04000000799999998,120200.0,-0.1841571562102182,120200.0,10.83188076726804,120200.0,0.0,120200.0,0.0,120200.0,10.764498426285586,120200.0,15.662194775443256,120200.0,0.14900000000000002,120200.0,0.0,120200.0,10.775144584821842,120200.0,15.833149602663658,120200.0,0.14899999999999997,120200.0,0.14899999999999997,120200.0,9.894654407451608,120200.0,15.310521184653355,120200.0,0.0,120200.0,0.0,120200.0,7.185499566544797,120200.0,30.22690867956597,120200.0,0.0,120200.0,0.0,120200.0,22.905811873943065,120200.0,33.63027242195385,120200.0,0.50200004,120200.0,0.50200004
120400.0,6.181294168684413,120400.0,27.464980866233514,120400.0,0.0,120400.0,0.0,120400.0,1.4790595022327728,120400.0,18.448155326369854,120400.0,0.0,120400.0,0.0,120400.0,2.1929655877940197,120400.0,28.789728039587942,120400.0,0.0,120400.0,0.828,120400.0,2.2354123682114357,120400.0,28.794969512622067,120400.0,0.0,120400.0,0.0,120400.0,2.2312117612494973,120400.0,28.7164977588677,120400.0,0.0,120400.0,0.04000000799999998,120400.0,-0.05952333566978515,120400.0,11.04995480901489,120400.0,0.0,120400.0,0.0,120400.0,10.761752006202098,120400.0,15.688277953511472,120400.0,0.14900000000000002,120400.0,0.0,120400.0,10.77317190395633,120400.0,15.861652756278763,120400.0,0.14899999999999997,120400.0,0.14899999999999997,120400.0,9.898201070726998,120400.0,15.343395870476314,120400.0,0.0,120400.0,0.0,120400.0,6.108683177984331,120400.0,27.348164150888795,120400.0,0.0,120400.0,0.0,120400.0,22.904959727649448,120400.0,33.765487629001655,120400.0,0.50200004,120400.0,0.50200004
120600.0,5.243183721905764,120600.0,35.53884052651954,120600.0,0.0,120600.0,0.0,120600.0,1.5352543130630287,120600.0,18.723588994608633,120600.0,0.0,120600.0,0.0,120600.0,2.192253829421519,120600.0,28.988453880224377,120600.0,0.0,120600.0,0.828,120600.0,2.2294177839851166,120600.0,29.009534365735117,120600.0,0.0,120600.0,0.0,120600.0,2.2252687860668683,120600.0,28.931461419507034,120600.0,0.0,120600.0,0.04000000799999998,120600.0,0.15711344559255053,120600.0,11.289873181195112,120600.0,0.0,120600.0,0.0,120600.0,10.758143846198648,120600.0,15.72127431467538,120600.0,0.14900000000000002,120600.0,0.0,120600.0,10.770980972503281,120600.0,15.896928959381961,120600.0,0.14899999999999997,120600.0,0.14899999999999997,120600.0,9.904270622641953,120600.0,15.382069224314234,120600.0,0.0,120600.0,0.0,120600.0,5.167047008620107,120600.0,36.08665938910107,120600.0,0.0,120600.0,0.0,120600.0,22.915376752222432,120600.0,33.944345013267416,120600.0,0.50200004,120600.0,0.50200004
120800.0,4.230216011437483,120800.0,34.82500715677601,120800.0,0.0,120800.0,0.0,120800.0,1.594997262560435,120800.0,18.908399172269064,120800.0,0.0,120800.0,0.0,120800.0,2.1898796932647713,120800.0,29.208679703326528,120800.0,0.0,120800.0,0.828,120800.0,2.2220867232877497,120800.0,29.238477377074304,120800.0,0.0,120800.0,0.0,120800.0,2.218090443129542,120800.0,29.160467305849167,120800.0,0.0,120800.0,0.04000000799999998,120800.0,0.3177970463094626,120800.0,11.374516945482334,120800.0,0.0,120800.0,0.0,120800.0,10.753719077830912,120800.0,15.756342890129991,120800.0,0.14900000000000002,120800.0,0.0,120800.0,10.768014519084037,120800.0,15.932877407564401,120800.0,0.14899999999999997,120800.0,0.14899999999999997,120800.0,9.90133398508868,120800.0,15.409164912932193,120800.0,0.0,120800.0,0.0,120800.0,4.182243463282181,120800.0,34.45697165593937,120800.0,0.0,120800.0,0.0,120800.0,22.96479310831391,120800.0,34.15201838558836,120800.0,0.50200004,120800.0,0.50200004
121000.0,6.791937801364205,121000.0,30.334156126069608,121000.0,0.0,121000.0,0.0,121000.0,1.6823369993985673,121000.0,18.984808383664767,121000.0,0.0,121000.0,0.0,121000.0,2.1883086402456238,121000.0,29.427649926949158,121000.0,0.0,121000.0,0.828,121000.0,2.2164223125041986,121000.0,29.463487640393726,121000.0,0.0,121000.0,0.0,121000.0,2.212396355896581,121000.0,29.38528928143437,121000.0,0.0,121000.0,0.04000000799999998,121000.0,0.26827525648103656,121000.0,11.242340139885831,121000.0,0.0,121000.0,0.0,121000.0,10.746503480493358,121000.0,15.785083402008771,121000.0,0.14900000000000002,121000.0,0.0,121000.0,10.761810083761095,121000.0,15.961652675746027,121000.0,0.14899999999999997,121000.0,0.14899999999999997,121000.0,9.883138163205766,121000.0,15.41818840437839,121000.0,0.0,121000.0,0.0,121000.0,7.310761314095758,121000.0,30.130306244662023,121000.0,0.0,121000.0,0.0,121000.0,23.047531438264816,121000.0,34.35439442005467,121000.0,0.50200004,121000.0,0.50200004
121200.0,9.586768438639965,121200.0,27.333332609500147,121200.0,0.0,121200.0,0.0,121200.0,1.7324885036769297,121200.0,18.973142086441108,121200.0,0.0,121200.0,0.0,121200.0,2.1903176598722784,121200.0,29.637591680904542,121200.0,0.0,121200.0,0.828,121200.0,2.213026361910022,121200.0,29.682517476832714,121200.0,0.0,121200.0,0.0,121200.0,2.2090157519777183,121200.0,29.603994652429815,121200.0,0.0,121200.0,0.04000000799999998,121200.0,0.1035004738861215,121200.0,10.990592240592493,121200.0,0.0,121200.0,0.0,121200.0,10.734169188520951,121200.0,15.80548061309597,121200.0,0.14900000000000002,121200.0,0.0,121200.0,10.750317103330671,121200.0,15.981817384244847,121200.0,0.14899999999999997,121200.0,0.14899999999999997,121200.0,9.855196761805361,121200.0,15.415043217201855,121200.0,0.0,121200.0,0.0,121200.0,9.285334887978442,121200.0,27.203836138132083,121200.0,0.0,121200.0,0.0,121200.0,23.14455502876995,121200.0,34.53941780326922,121200.0,0.50200004,121200.0,0.50200004
121400.0,7.301570048948006,121400.0,35.56995286615951,121400.0,0.0,121400.0,0.0,121400.0,1.7101275297391065,121400.0,19.089220307809963,121400.0,0.0,121400.0,0.0,121400.0,2.1904131504262674,121400.0,29.84181425294591,121400.0,0.0,121400.0,0.828,121400.0,2.2103756559840124,121400.0,29.89586585642811,121400.0,0.0,121400.0,0.0,121400.0,2.2063046152127797,121400.0,29.816646610431356,121400.0,0.0,121400.0,0.04000000799999998,121400.0,-0.11546865605468529,121400.0,10.653622976697052,121400.0,0.0,121400.0,0.0,121400.0,10.718025358984246,121400.0,15.816915722059443,121400.0,0.14900000000000002,121400.0,0.0,121400.0,10.73467523409022,121400.0,15.992766592231458,121400.0,0.14899999999999997,121400.0,0.14899999999999997,121400.0,9.823963447755418,121400.0,15.402348001008242,121400.0,0.0,121400.0,0.0,121400.0,7.172213697772329,121400.0,36.116226335355044,121400.0,0.0,121400.0,0.0,121400.0,23.225731188813064,121400.0,34.7002343860719,121400.0,0.50200004,121400.0,0.50200004
121600.0,6.048819010501944,121600.0,34.92246029753332,121600.0,0.0,121600.0,0.0,121600.0,1.652197776983248,121600.0,19.07744314791673,121600.0,0.0,121600.0,0.0,121600.0,2.1874487892180046,121600.0,30.043852437276094,121600.0,0.0,121600.0,0.828,121600.0,2.2081328542960597,121600.0,30.104986219381555,121600.0,0.0,121600.0,0.0,121600.0,2.20398458021667,121600.0,30.025448152731375,121600.0,0.0,121600.0,0.04000000799999998,121600.0,-0.27141547300741303,121600.0,10.256738944894929,121600.0,0.0,121600.0,0.0,121600.0,10.706533738262825,121600.0,15.819486844798096,121600.0,0.14900000000000002,121600.0,0.0,121600.0,10.723306682998977,121600.0,15.994533849640618,121600.0,0.14899999999999997,121600.0,0.14899999999999997,121600.0,9.803682275700448,121600.0,15.381377653414843,121600.0,0.0,121600.0,0.0,121600.0,5.983431487837898,121600.0,34.55551835062821,121600.0,0.0,121600.0,0.0,121600.0,23.264336852468407,121600.0,34.81013969003797,121600.0,0.50200004,121600.0,0.50200004
121800.0,5.1989397100627075,121800.0,30.560084888383074,121800.0,0.0,121800.0,0.0,121800.0,1.576656579599913,121800.0,18.969215935753635,121800.0,0.0,121800.0,0.0,121800.0,2.182051031502119,121800.0,30.2271844293576,121800.0,0.0,121800.0,0.828,121800.0,2.205400873517933,121800.0,30.28705913077911,121800.0,0.0,121800.0,0.0,121800.0,2.201176881827607,121800.0,30.20634855523209,121800.0,0.0,121800.0,0.04000000799999998,121800.0,-0.4166133490398467,121800.0,9.876614461662115,121800.0,0.0,121800.0,0.0,121800.0,10.6955818172932,121800.0,15.814747369793588,121800.0,0.14900000000000002,121800.0,0.0,121800.0,10.712351424822673,121800.0,15.988797144263483,121800.0,0.14899999999999997,121800.0,0.14899999999999997,121800.0,9.785323695398901,121800.0,15.356904313357752,121800.0,0.0,121800.0,0.0,121800.0,5.152086366403949,121800.0,30.371786498293933,121800.0,0.0,121800.0,0.0,121800.0,23.290839653243864,121800.0,34.85711777129811,121800.0,0.50200004,121800.0,0.50200004
122000.0,4.507111995378219,122000.0,27.78054638410758,122000.0,0.0,122000.0,0.0,122000.0,1.488176412760461,122000.0,18.811204995623267,122000.0,0.0,122000.0,0.0,122000.0,2.174497878775232,122000.0,30.37637930058591,122000.0,0.0,122000.0,0.828,122000.0,2.2017589463314358,122000.0,30.433851790826896,122000.0,0.0,122000.0,0.0,122000.0,2.1974557984837197,122000.0,30.35233468692554,122000.0,0.0,122000.0,0.04000000799999998,122000.0,-0.5686592619682698,122000.0,9.552310163749183,122000.0,0.0,122000.0,0.0,122000.0,10.683651867976902,122000.0,15.806652670101998,122000.0,0.14900000000000002,122000.0,0.0,122000.0,10.70029823221493,122000.0,15.97971740968634,122000.0,0.14899999999999997,122000.0,0.14899999999999997,122000.0,9.766118155205852,122000.0,15.333696161657967,122000.0,0.0,122000.0,0.0,122000.0,4.469042453604307,122000.0,27.665354549155943,122000.0,0.0,122000.0,0.0,122000.0,23.3108133478225,122000.0,34.86782936134977,122000.0,0.50200004,122000.0,0.50200004
122200.0,3.9232458057066903,122200.0,35.904831598817026,122200.0,0.0,122200.0,0.0,122200.0,1.3900008273905011,122200.0,18.814012265659763,122200.0,0.0,122200.0,0.0,122200.0,2.1649688137787266,122200.0,30.529774748908487,122200.0,0.0,122200.0,0.828,122200.0,2.1971497913327234,122200.0,30.62210861725116,122200.0,0.0,122200.0,0.0,122200.0,2.1927657709664183,122200.0,30.540394872952053,122200.0,0.0,122200.0,0.04000000799999998,122200.0,-0.7237352586158668,122200.0,9.070866709239873,122200.0,0.0,122200.0,0.0,122200.0,10.670968098140685,122200.0,15.788414231686833,122200.0,0.14900000000000002,122200.0,0.0,122200.0,10.6873613132037,122200.0,15.959751475177734,122200.0,0.14899999999999997,122200.0,0.14899999999999997,122200.0,9.746377087834118,122200.0,15.29417483619984,122200.0,0.0,122200.0,0.0,122200.0,3.8919132977777613,122200.0,36.44960420143111,122200.0,0.0,122200.0,0.0,122200.0,23.323754676515755,122200.0,34.841664901700945,122200.0,0.50200004,122200.0,0.50200004
122400.0,10.261099812983822,122400.0,35.142613794203555,122400.0,0.0,122400.0,0.0,122400.0,1.3904985508510115,122400.0,18.704841853717816,122400.0,0.0,122400.0,0.0,122400.0,2.1568827212575847,122400.0,30.692917811720946,122400.0,0.0,122400.0,0.828,122400.0,2.1919525657838306,122400.0,30.802511182487258,122400.0,0.0,122400.0,0.0,122400.0,2.1873532375382716,122400.0,30.720668140765603,122400.0,0.0,122400.0,0.04000000799999998,122400.0,-0.884254954323962,122400.0,8.579666165685037,122400.0,0.0,122400.0,0.0,122400.0,10.65729089707884,122400.0,15.762767254345855,122400.0,0.14900000000000002,122400.0,0.0,122400.0,10.67329280658673,122400.0,15.932061466215913,122400.0,0.14899999999999997,122400.0,0.14899999999999997,122400.0,9.725694526564334,122400.0,15.248161072571932,122400.0,0.0,122400.0,0.0,122400.0,10.316385592871312,122400.0,34.77218798850925,122400.0,0.0,122400.0,0.0,122400.0,23.329802351003366,122400.0,34.757274654735134,122400.0,0.50200004,122400.0,0.50200004
122600.0,8.01381815958624,122600.0,30.79163242558645,122600.0,0.0,122600.0,0.0,122600.0,1.314489085987687,122600.0,18.52055176460432,122600.0,0.0,122600.0,0.0,122600.0,2.1486941978941574,122600.0,30.83315505726938,122600.0,0.0,122600.0,0.828,122600.0,2.1853602115406185,122600.0,30.94427373757121,122600.0,0.0,122600.0,0.0,122600.0,2.1807545461025803,122600.0,30.86188644221457,122600.0,0.0,122600.0,0.04000000799999998,122600.0,-1.096259551826264,122600.0,8.190101089963948,122600.0,0.0,122600.0,0.0,122600.0,10.637824961129668,122600.0,15.738296041840561,122600.0,0.14900000000000002,122600.0,0.0,122600.0,10.653138166125663,122600.0,15.905875669434224,122600.0,0.14899999999999997,122600.0,0.14899999999999997,122600.0,9.697174139850116,122600.0,15.208526919370671,122600.0,0.0,122600.0,0.0,122600.0,7.973588494180198,122600.0,30.587469771893595,122600.0,0.0,122600.0,0.0,122600.0,23.327707537326738,122600.0,34.657276715304796,122600.0,0.50200004,122600.0,0.50200004
122800.0,6.5626720461056856,122800.0,27.816372522681643,122800.0,0.0,122800.0,0.0,122800.0,1.2152214392372127,122800.0,18.30373540549354,122800.0,0.0,122800.0,0.0,122800.0,2.1368905573627925,122800.0,30.95343217746275,122800.0,0.0,122800.0,0.828,122800.0,2.1745533860875845,122800.0,31.084325836057456,122800.0,0.0,122800.0,0.0,122800.0,2.169718192043332,122800.0,31.002156865774744,122800.0,0.0,122800.0,0.04000000799999998,122800.0,-1.3645332079523707,122800.0,7.818745452947069,122800.0,0.0,122800.0,0.0,122800.0,10.607976595358755,122800.0,15.709034264052752,122800.0,0.14900000000000002,122800.0,0.0,122800.0,10.62256278103617,122800.0,15.875442982127298,122800.0,0.14899999999999997,122800.0,0.14899999999999997,122800.0,9.660414377824466,122800.0,15.17001458799326,122800.0,0.0,122800.0,0.0,122800.0,6.4877941685393825,122800.0,27.666865050286688,122800.0,0.0,122800.0,0.0,122800.0,23.303276254157403,122800.0,34.52964717918083,122800.0,0.50200004,122800.0,0.50200004
123000.0,5.428132139154919,123000.0,35.80873242489762,123000.0,0.0,123000.0,0.0,123000.0,1.118073623420141,123000.0,18.29404401163919,123000.0,0.0,123000.0,0.0,123000.0,2.120783432436265,123000.0,31.083265674214083,123000.0,0.0,123000.0,0.828,123000.0,2.165125866551058,123000.0,31.239073734377833,123000.0,0.0,123000.0,0.0,123000.0,2.1603281833411088,123000.0,31.15611456192032,123000.0,0.0,123000.0,0.04000000799999998,123000.0,-1.3898675156640035,123000.0,7.709961455045181,123000.0,0.0,123000.0,0.0,123000.0,10.587055740123475,123000.0,15.674472460146315,123000.0,0.14900000000000002,123000.0,0.0,123000.0,10.601175717001196,123000.0,15.839859286176946,123000.0,0.14899999999999997,123000.0,0.14899999999999997,123000.0,9.643203942041636,123000.0,15.14179283355327,123000.0,0.0,123000.0,0.0,123000.0,5.388955461394411,123000.0,36.343487363152825,123000.0,0.0,123000.0,0.0,123000.0,23.269428320011695,123000.0,34.33579148280323,123000.0,0.50200004,123000.0,0.50200004
123200.0,4.900904986538397,123200.0,34.98404294244139,123200.0,0.0,123200.0,0.0,123200.0,1.0524507920878015,123200.0,18.20947024505512,123200.0,0.0,123200.0,0.0,123200.0,2.1074730626115925,123200.0,30.508403005876612,123200.0,0.0,123200.0,0.0,123200.0,2.1604516630027177,123200.0,31.017926094959126,123200.0,0.0,123200.0,0.0,123200.0,2.155669270104001,123200.0,31.004338781255562,123200.0,0.0,123200.0,0.04000000799999998,123200.0,-1.376452056801448,123200.0,7.730351556270146,123200.0,0.0,123200.0,0.0,123200.0,10.579599563935487,123200.0,15.64413470426957,123200.0,0.14900000000000002,123200.0,0.0,123200.0,10.593476691068256,123200.0,15.808066454088545,123200.0,0.14899999999999997,123200.0,0.14899999999999997,123200.0,9.638017481097176,123200.0,15.1237974568712,123200.0,0.0,123200.0,0.0,123200.0,4.869157678671469,123200.0,34.611133022918196,123200.0,0.0,123200.0,0.0,123200.0,23.253156601024816,123200.0,34.1161779122598,123200.0,0.50200004,123200.0,0.50200004
123400.0,4.482398480679193,123400.0,30.56568120007678,123400.0,0.0,123400.0,0.0,123400.0,1.0011688219687078,123400.0,18.076120766064676,123400.0,0.0,123400.0,0.0,123400.0,2.096668658166014,123400.0,30.113096563221546,123400.0,0.0,123400.0,0.0,123400.0,2.1560813945193154,123400.0,30.75541547481105,123400.0,0.0,123400.0,0.0,123400.0,2.1513198540155716,123400.0,30.74192758123535,123400.0,0.0,123400.0,0.04000000799999998,123400.0,-1.3594546190020893,123400.0,7.805387915473323,123400.0,0.0,123400.0,0.0,123400.0,10.573543297312428,123400.0,15.624277964223982,123400.0,0.14900000000000002,123400.0,0.0,123400.0,10.587186428732405,123400.0,15.78680023146859,123400.0,0.14899999999999997,123400.0,0.14899999999999997,123400.0,9.634130146198997,123400.0,15.115101992032807,123400.0,0.0,123400.0,0.0,123400.0,4.45336885592377,123400.0,30.36053316749054,123400.0,0.0,123400.0,0.0,123400.0,23.23845141638293,123400.0,33.948543236560305,123400.0,0.50200004,123400.0,0.50200004
123600.0,4.134180068369803,123600.0,27.367348983494793,123600.0,0.0,123600.0,0.0,123600.0,0.9600550852454941,123600.0,17.9227644913911,123600.0,0.0,123600.0,0.0,123600.0,2.0875044484952876,123600.0,29.786790309041386,123600.0,0.0,123600.0,0.0,123600.0,2.15202707677217,123600.0,30.4366583173384,123600.0,0.0,123600.0,0.0,123600.0,2.1472850857998056,123600.0,30.422804051333863,123600.0,0.0,123600.0,0.04000000799999998,123600.0,-1.3419035537531419,123600.0,7.958352108126208,123600.0,0.0,123600.0,0.0,123600.0,10.568491156690234,123600.0,15.603891432751933,123600.0,0.14900000000000002,123600.0,0.0,123600.0,10.581903514466246,123600.0,15.764417130964565,123600.0,0.14899999999999997,123600.0,0.14899999999999997,123600.0,9.631131174415977,123600.0,15.10984959990447,123600.0,0.0,123600.0,0.0,123600.0,4.107721278555483,123600.0,27.229365711898215,123600.0,0.0,123600.0,0.0,123600.0,23.22514966448057,123600.0,33.74995244476677,123600.0,0.50200004,123600.0,0.50200004
123800.0,6.778309580021844,123800.0,35.3926026868303,123800.0,0.0,123800.0,0.0,123800.0,0.9769245184726035,123800.0,17.970153782314984,123800.0,0.0,123800.0,0.0,123800.0,2.0789047287128892,123800.0,29.480834992628086,123800.0,0.0,123800.0,0.0,123800.0,2.14420681510217,123800.0,30.12505942825027,123800.0,0.0,123800.0,0.0,123800.0,2.139331004759628,123800.0,30.110911937624625,123800.0,0.0,123800.0,0.04000000799999998,123800.0,-1.2997357867593051,123800.0,8.166161878582113,123800.0,0.0,123800.0,0.0,123800.0,10.558846910892507,123800.0,15.589884792668755,123800.0,0.14900000000000002,123800.0,0.0,123800.0,10.571728641188145,123800.0,15.748513561972823,123800.0,0.14899999999999997,123800.0,0.14899999999999997,123800.0,9.626000699898356,123800.0,15.111340973834022,123800.0,0.0,123800.0,0.0,123800.0,7.253681853220358,123800.0,35.931677032114926,123800.0,0.0,123800.0,0.0,123800.0,23.197524228671845,123800.0,33.57609494110338,123800.0,0.50200004,123800.0,0.50200004
124000.0,9.226061598571462,124000.0,34.7934704569424,124000.0,0.0,124000.0,0.0,124000.0,1.0098383672103957,124000.0,17.960154702838516,124000.0,0.0,124000.0,0.0,124000.0,2.071521645312819,124000.0,29.222645859454964,124000.0,0.0,124000.0,0.0,124000.0,2.132071740776679,124000.0,29.872140364787995,124000.0,0.0,124000.0,0.0,124000.0,2.1271020736141675,124000.0,29.857412204154546,124000.0,0.0,124000.0,0.04000000799999998,124000.0,-1.1980453104061037,124000.0,8.370449675024066,124000.0,0.0,124000.0,0.0,124000.0,10.542485526906585,124000.0,15.583416207868014,124000.0,0.14900000000000002,124000.0,0.0,124000.0,10.55423889482267,124000.0,15.740796475563041,124000.0,0.14899999999999997,124000.0,0.14899999999999997,124000.0,9.61921946766122,124000.0,15.117509015217525,124000.0,0.0,124000.0,0.0,124000.0,8.940876397880533,124000.0,34.407208879276716,124000.0,0.0,124000.0,0.0,124000.0,23.14395092093878,124000.0,33.46506704000176,124000.0,0.50200004,124000.0,0.50200004
124200.0,7.237484927213412,124200.0,30.245968039980614,124200.0,0.0,124200.0,0.0,124200.0,1.0340274103642468,124200.0,17.903196672757694,124200.0,0.0,124200.0,0.0,124200.0,2.0638502023295398,124200.0,28.96802851594101,124200.0,0.0,124200.0,0.0,124200.0,2.1227337828846222,124200.0,29.601777267133578,124200.0,0.0,124200.0,0.0,124200.0,2.1178966286360237,124200.0,29.58726665728126,124200.0,0.0,124200.0,0.04000000799999998,124200.0,-1.0990364554287075,124200.0,8.627289213416836,124200.0,0.0,124200.0,0.0,124200.0,10.531744301538499,124200.0,15.580968285985625,124200.0,0.14900000000000002,124200.0,0.0,124200.0,10.542589120717423,124200.0,15.737304807947982,124200.0,0.14899999999999997,124200.0,0.14899999999999997,124200.0,9.616582407983682,124200.0,15.12959484554942,124200.0,0.0,124200.0,0.0,124200.0,7.10644253524382,124200.0,30.02212702445673,124200.0,0.0,124200.0,0.0,124200.0,23.102907021647606,124200.0,33.37996094007774,124200.0,0.50200004,124200.0,0.50200004
124400.0,6.07016163445615,124400.0,27.04278527005407,124400.0,0.0,124400.0,0.0,124400.0,1.0556073047311543,124400.0,17.83013647206243,124400.0,0.0,124400.0,0.0,124400.0,2.056818534180352,124400.0,28.69974014877435,124400.0,0.0,124400.0,0.0,124400.0,2.114920266740201,124400.0,29.311558894037137,124400.0,0.0,124400.0,0.0,124400.0,2.1102023497919316,124400.0,29.297985844647943,124400.0,0.0,124400.0,0.04000000799999998,124400.0,-0.9998137752174312,124400.0,8.948777156187822,124400.0,0.0,124400.0,0.0,124400.0,10.523844525610954,124400.0,15.584166405526116,124400.0,0.14900000000000002,124400.0,0.0,124400.0,10.533980914695716,124400.0,15.739944076821677,124400.0,0.14899999999999997,124400.0,0.14899999999999997,124400.0,9.615864072324666,124400.0,15.149707895344248,124400.0,0.0,124400.0,0.0,124400.0,5.996022856417874,124400.0,26.902635039347597,124400.0,0.0,124400.0,0.0,124400.0,23.069884904440777,124400.0,33.319226525511496,124400.0,0.50200004,124400.0,0.50200004
124600.0,5.285442455653465,124600.0,34.96206024023913,124600.0,0.0,124600.0,0.0,124600.0,1.0738668865298073,124600.0,17.95472608912095,124600.0,0.0,124600.0,0.0,124600.0,2.0509150939467977,124600.0,28.45849735583393,124600.0,0.0,124600.0,0.0,124600.0,2.108774137994223,124600.0,29.095687958931038,124600.0,0.0,124600.0,0.0,124600.0,2.10415187563365,124600.0,29.084716479440825,124600.0,0.0,124600.0,0.04000000799999998,124600.0,-0.9126956773332947,124600.0,9.196783811532296,124600.0,0.0,124600.0,0.0,124600.0,10.518302862131943,124600.0,15.590348860987225,124600.0,0.14900000000000002,124600.0,0.0,124600.0,10.527969844858694,124600.0,15.74630435210811,124600.0,0.14899999999999997,124600.0,0.14899999999999997,124600.0,9.616161496715229,124600.0,15.168138097592706,124600.0,0.0,124600.0,0.0,124600.0,5.235600803629292,124600.0,35.47628087921013,124600.0,0.0,124600.0,0.0,124600.0,23.045438977066397,124600.0,33.299408639831924,124600.0,0.50200004,124600.0,0.50200004
124800.0,4.715656282238412,124800.0,34.295966963563004,124800.0,0.0,124800.0,0.0,124800.0,1.0884178790465109,124800.0,18.00613490666124,124800.0,0.0,124800.0,0.0,124800.0,2.046068176062213,124800.0,28.246915824087466,124800.0,0.0,124800.0,0.0,124800.0,2.1038750933535497,124800.0,28.845432881635755,124800.0,0.0,124800.0,0.0,124800.0,2.0993290942224996,124800.0,28.83374021049234,124800.0,0.0,124800.0,0.04000000799999998,124800.0,-0.837780806359087,124800.0,9.51950791345918,124800.0,0.0,124800.0,0.0,124800.0,10.514283888181195,124800.0,15.601959953220602,124800.0,0.14900000000000002,124800.0,0.0,124800.0,10.523665800892108,124800.0,15.758888550009814,124800.0,0.14899999999999997,124800.0,0.14899999999999997,124800.0,9.616927008781726,124800.0,15.194609433662396,124800.0,0.0,124800.0,0.0,124800.0,4.678230326742984,124800.0,33.91786963111174,124800.0,0.0,124800.0,0.0,124800.0,23.02718063216243,124800.0,33.31076692869228,124800.0,0.50200004,124800.0,0.50200004
125000.0,4.288358984923221,125000.0,29.751489778168597,125000.0,0.0,125000.0,0.0,125000.0,1.0995448570884505,125000.0,18.009157068890776,125000.0,0.0,125000.0,0.0,125000.0,2.042122087105018,125000.0,28.013730092845442,125000.0,0.0,125000.0,0.0,125000.0,2.099995495421793,125000.0,28.58085018913197,125000.0,0.0,125000.0,0.0,125000.0,2.095515814040586,125000.0,28.56948557204359,125000.0,0.0,125000.0,0.04000000799999998,125000.0,-0.7746654670019648,125000.0,9.886102264223702,125000.0,0.0,125000.0,0.0,125000.0,10.511342277861639,125000.0,15.620443008610465,125000.0,0.14900000000000002,125000.0,0.0,125000.0,10.520567663398728,125000.0,15.779513432443439,125000.0,0.14899999999999997,125000.0,0.14899999999999997,125000.0,9.617847176089487,125000.0,15.229588303047326,125000.0,0.0,125000.0,0.0,125000.0,4.258402360693806,125000.0,29.54277895658998,125000.0,0.0,125000.0,0.0,125000.0,23.01364268844892,125000.0,33.36369484450678,125000.0,0.50200004,125000.0,0.50200004
125200.0,3.9639694600795616,125200.0,29.731645393532283,125200.0,0.0,125200.0,0.0,125200.0,1.1078768728800705,125200.0,18.060729819116876,125200.0,0.0,125200.0,0.0,125200.0,2.038939991678015,125200.0,27.798993881719458,125200.0,0.0,125200.0,0.0,125200.0,2.096909223531863,125200.0,28.388535849238906,125200.0,0.0,125200.0,0.0,125200.0,2.0924882982624293,125200.0,28.379410220056002,125200.0,0.0,125200.0,0.04000000799999998,125200.0,-0.7217355386333832,125200.0,10.14487129104487,125200.0,0.0,125200.0,0.0,125200.0,10.509145086024049,125200.0,15.63669416203669,125200.0,0.14900000000000002,125200.0,0.0,125200.0,10.518293950597675,125200.0,15.797777718946397,125200.0,0.14899999999999997,125200.0,0.14899999999999997,125200.0,9.618747416036316,125200.0,15.25694963344598,125200.0,0.0,125200.0,0.0,125200.0,3.9381925270365494,125200.0,30.110049141734827,125200.0,0.0,125200.0,0.0,125200.0,23.003519059553323,125200.0,33.42151181278938,125200.0,0.50200004,125200.0,0.50200004
125400.0,10.161430667323033,125400.0,37.95392605140056,125400.0,0.0,125400.0,0.0,125400.0,1.2237335633745658,125400.0,18.242868864865528,125400.0,0.0,125400.0,0.0,125400.0,2.0373343160082897,125400.0,27.623608471998857,125400.0,0.0,125400.0,0.0,125400.0,2.0901606196651024,125400.0,28.1968075891744,125400.0,0.0,125400.0,0.0,125400.0,2.085687645877098,125400.0,28.187800180938524,125400.0,0.0,125400.0,0.04000000799999998,125400.0,-0.5833403745171962,125400.0,10.4033799282722,125400.0,0.0,125400.0,0.0,125400.0,10.504034446803713,125400.0,15.655133690594061,125400.0,0.14900000000000002,125400.0,0.0,125400.0,10.513167672150592,125400.0,15.818472785252576,125400.0,0.14899999999999997,125400.0,0.14899999999999997,125400.0,9.621536437290521,125400.0,15.285603587883447,125400.0,0.0,125400.0,0.0,125400.0,10.206441941339419,125400.0,37.68169026109284,125400.0,0.0,125400.0,0.0,125400.0,22.980165476273054,125400.0,33.50063684839658,125400.0,0.50200004,125400.0,0.50200004
125600.0,7.847182184662859,125600.0,32.257871197071864,125600.0,0.0,125600.0,0.0,125600.0,1.2911675200740775,125600.0,18.30175787751274,125600.0,0.0,125600.0,0.0,125600.0,2.037034872807616,125600.0,27.787684144538694,125600.0,0.0,125600.0,0.828,125600.0,2.0825775362756564,125600.0,28.09555450723842,125600.0,0.0,125600.0,0.0,125600.0,2.078278205606774,125600.0,28.033550302361128,125600.0,0.0,125600.0,0.04000000799999998,125600.0,-0.3806839989633801,125600.0,10.744478279042387,125600.0,0.0,125600.0,0.0,125600.0,10.49787132655725,125600.0,15.685226422214656,125600.0,0.14900000000000002,125600.0,0.0,125600.0,10.507462529268281,125600.0,15.85207466747572,125600.0,0.14899999999999997,125600.0,0.14899999999999997,125600.0,9.626850855844523,125600.0,15.328372496420323,125600.0,0.0,125600.0,0.0,125600.0,7.804230239074337,125600.0,32.0479698487245,125600.0,0.0,125600.0,0.0,125600.0,22.95371050436583,125600.0,33.642116070574495,125600.0,0.50200004,125600.0,0.50200004
125800.0,6.569190320662367,125800.0,28.601784558980242,125800.0,0.0,125800.0,0.0,125800.0,1.3567277983531003,125800.0,18.38615026445278,125800.0,0.0,125800.0,0.0,125800.0,2.037269649777129,125800.0,28.230553500348776,125800.0,0.0,125800.0,0.828,125800.0,2.077431488559214,125800.0,28.327759703639256,125800.0,0.0,125800.0,0.0,125800.0,2.0732490112247226,125800.0,28.256837072860932,125800.0,0.0,125800.0,0.04000000799999998,125800.0,-0.22226513885031524,125800.0,11.056147354268408,125800.0,0.0,125800.0,0.0,125800.0,10.494474196716421,125800.0,15.719025461655546,125800.0,0.14900000000000002,125800.0,0.0,125800.0,10.504795574992352,125800.0,15.889431370220965,125800.0,0.14899999999999997,125800.0,0.14899999999999997,125800.0,9.63193404080818,125800.0,15.372756758534345,125800.0,0.0,125800.0,0.0,125800.0,6.518187632219982,125800.0,28.45508160333421,125800.0,0.0,125800.0,0.0,125800.0,22.94217952835637,125800.0,33.80470231447288,125800.0,0.50200004,125800.0,0.50200004
126000.0,5.708820997781783,126000.0,29.371085894206495,126000.0,0.0,126000.0,0.0,126000.0,1.4136782525105738,126000.0,18.52276563273085,126000.0,0.0,126000.0,0.0,126000.0,2.0379521110238583,126000.0,28.494065475393437,126000.0,0.0,126000.0,0.828,126000.0,2.074114348090629,126000.0,28.510061048891988,126000.0,0.0,126000.0,0.0,126000.0,2.0700305873353604,126000.0,28.43516746599505,126000.0,0.0,126000.0,0.04000000799999998,126000.0,-0.10300268771255823,126000.0,11.263201594645878,126000.0,0.0,126000.0,0.0,126000.0,10.492709595016086,126000.0,15.74444181399299,126000.0,0.14900000000000002,126000.0,0.0,126000.0,10.503727014252519,126000.0,15.917150127228672,126000.0,0.14899999999999997,126000.0,0.14899999999999997,126000.0,9.636190323573242,126000.0,15.404545443861368,126000.0,0.0,126000.0,0.0,126000.0,5.664583026008519,126000.0,29.785514414676502,126000.0,0.0,126000.0,0.0,126000.0,22.93918250575923,126000.0,33.93065974827668,126000.0,0.50200004,126000.0,0.50200004
126200.0,5.092834608299052,126200.0,37.50475128008815,126200.0,0.0,126200.0,0.0,126200.0,1.4600160256897357,126200.0,18.78036795400535,126200.0,0.0,126200.0,0.0,126200.0,2.0387926518782633,126200.0,28.700301850178136,126200.0,0.0,126200.0,0.828,126200.0,2.0719329722947326,126200.0,28.695758287196337,126200.0,0.0,126200.0,0.0,126200.0,2.067939825461241,126200.0,28.6200668724082,126200.0,0.0,126200.0,0.04000000799999998,126200.0,-0.011699986213262067,126200.0,11.463702929240426,126200.0,0.0,126200.0,0.0,126200.0,10.491783795420798,126200.0,15.772083530068173,126200.0,0.14900000000000002,126200.0,0.0,126200.0,10.50339136569835,126200.0,15.946884771343866,126200.0,0.14899999999999997,126200.0,0.14899999999999997,126200.0,9.639677254552574,126200.0,15.43778343536883,126200.0,0.0,126200.0,0.0,126200.0,5.055746251494897,126200.0,37.23184934421084,126200.0,0.0,126200.0,0.0,126200.0,22.94022841057867,126200.0,34.075206802687426,126200.0,0.50200004,126200.0,0.50200004
126400.0,4.15155352937584,126400.0,32.00828370721045,126400.0,0.0,126400.0,0.0,126400.0,1.5124724738059816,126400.0,18.92522818712288,126400.0,0.0,126400.0,0.0,126400.0,2.0381853911466363,126400.0,28.926196907779246,126400.0,0.0,126400.0,0.828,126400.0,2.066490913112156,126400.0,28.936186926600133,126400.0,0.0,126400.0,0.0,126400.0,2.062622070363717,126400.0,28.859739010496277,126400.0,0.0,126400.0,0.04000000799999998,126400.0,0.2732457767470109,126400.0,11.661889883437185,126400.0,0.0,126400.0,0.0,126400.0,10.490099357494271,126400.0,15.811373277713955,126400.0,0.14900000000000002,126400.0,0.0,126400.0,10.503639915449266,126400.0,15.987876671841486,126400.0,0.14899999999999997,126400.0,0.14899999999999997,126400.0,9.64836126310265,126400.0,15.477378238712612,126400.0,0.0,126400.0,0.0,126400.0,4.109859350644376,126400.0,31.807200793003968,126400.0,0.0,126400.0,0.0,126400.0,22.96739737593033,126400.0,34.280287989961785,126400.0,0.50200004,126400.0,0.50200004
126600.0,6.711772404927605,126600.0,28.527778159712568,126600.0,0.0,126600.0,0.0,126600.0,1.6160151486388807,126600.0,19.004868725953667,126600.0,0.0,126600.0,0.0,126600.0,2.038705258221863,126600.0,29.152279444193038,126600.0,0.0,126600.0,0.828,126600.0,2.0629180473496738,126600.0,29.171195046862,126600.0,0.0,126600.0,0.0,126600.0,2.0590533071042687,126600.0,29.094181555653755,126600.0,0.0,126600.0,0.04000000799999998,126600.0,0.3092273753591184,126600.0,11.611625237396304,126600.0,0.0,126600.0,0.0,126600.0,10.487796442883726,126600.0,15.84629185599202,126600.0,0.14900000000000002,126600.0,0.0,126600.0,10.5024811295503,126600.0,16.023046719521314,126600.0,0.14899999999999997,126600.0,0.14899999999999997,126600.0,9.639747692627353,126600.0,15.496579312287011,126600.0,0.0,126600.0,0.0,126600.0,7.23187010566038,126600.0,28.3881510031575,126600.0,0.0,126600.0,0.0,126600.0,23.033523316943455,126600.0,34.48472661627194,126600.0,0.50200004,126600.0,0.50200004
126800.0,9.51096978353683,126800.0,29.27864378419864,126800.0,0.0,126800.0,0.0,126800.0,1.687140468593646,126800.0,19.074072469882783,126800.0,0.0,126800.0,0.0,126800.0,2.0438263414332623,126800.0,29.372110746526822,126800.0,0.0,126800.0,0.828,126800.0,2.062024643491061,126800.0,29.400273990577023,126800.0,0.0,126800.0,0.0,126800.0,2.0582017847843845,126800.0,29.322637481667172,126800.0,0.0,126800.0,0.04000000799999998,126800.0,0.1980307851128345,126800.0,11.410523484242775,126800.0,0.0,126800.0,0.0,126800.0,10.48125892932807,126800.0,15.873477017237315,126800.0,0.14900000000000002,126800.0,0.0,126800.0,10.496856864766253,126800.0,16.050045387517322,126800.0,0.14899999999999997,126800.0,0.14899999999999997,126800.0,9.61911926518209,126800.0,15.501159219162954,126800.0,0.0,126800.0,0.0,126800.0,9.210244373275563,126800.0,29.71947077824487,126800.0,0.0,126800.0,0.0,126800.0,23.12472811533376,126800.0,34.688870071315634,126800.0,0.50200004,126800.0,0.50200004
127000.0,7.181189604768772,127000.0,37.7902170711146,127000.0,0.0,127000.0,0.0,127000.0,1.6828738562215908,127000.0,19.219786429258562,127000.0,0.0,127000.0,0.0,127000.0,2.047588768884119,127000.0,29.59205591557069,127000.0,0.0,127000.0,0.828,127000.0,2.0620385742610465,127000.0,29.62578023249238,127000.0,0.0,127000.0,0.0,127000.0,2.0581633345926047,127000.0,29.547503620965873,127000.0,0.0,127000.0,0.04000000799999998,127000.0,-0.01191032975136957,127000.0,11.107663502726584,127000.0,0.0,127000.0,0.0,127000.0,10.468947484853343,127000.0,15.89174068510072,127000.0,0.14900000000000002,127000.0,0.0,127000.0,10.485235322014471,127000.0,16.067891868652886,127000.0,0.14899999999999997,127000.0,0.14899999999999997,127000.0,9.590148243859,127000.0,15.495016578860977,127000.0,0.0,127000.0,0.0,127000.0,7.044729457608024,127000.0,37.51189157979446,127000.0,0.0,127000.0,0.0,127000.0,23.21933005662205,127000.0,34.86901175441743,127000.0,0.50200004,127000.0,0.50200004
127200.0,5.8227818010779115,127200.0,32.293230544426144,127200.0,0.0,127200.0,0.0,127200.0,1.6301804878075443,127200.0,19.187497383342,127200.0,0.0,127200.0,0.0,127200.0,2.047507949222457,127200.0,29.804980952347393,127200.0,0.0,127200.0,0.828,127200.0,2.061561413892407,127200.0,29.846108572663837,127200.0,0.0,127200.0,0.0,127200.0,2.0575872527087946,127200.0,29.767444846724995,127200.0,0.0,127200.0,0.04000000799999998,127200.0,-0.20459508638095691,127200.0,10.733380824419674,127200.0,0.0,127200.0,0.0,127200.0,10.4566933330777,127200.0,15.900904461698426,127200.0,0.14900000000000002,127200.0,0.0,127200.0,10.473231669991875,127200.0,16.076355577848528,127200.0,0.14899999999999997,127200.0,0.14899999999999997,127200.0,9.565936354586922,127200.0,15.479961087913807,127200.0,0.0,127200.0,0.0,127200.0,5.757222317898849,127200.0,32.09087793710996,127200.0,0.0,127200.0,0.0,127200.0,23.276239024133414,127200.0,35.001202332658984,127200.0,0.50200004,127200.0,0.50200004
127400.0,4.981853268362936,127400.0,28.949080458189048,127400.0,0.0,127400.0,0.0,127400.0,1.555831155692012,127400.0,19.079733499813326,127400.0,0.0,127400.0,0.0,127400.0,2.044128529184456,127400.0,29.99185700890799,127400.0,0.0,127400.0,0.828,127400.0,2.0604137911576643,127400.0,30.024859724790144,127400.0,0.0,127400.0,0.0,127400.0,2.056351513953186,127400.0,29.944788648894807,127400.0,0.0,127400.0,0.04000000799999998,127400.0,-0.3530466896122087,127400.0,10.39794113197149,127400.0,0.0,127400.0,0.0,127400.0,10.446979308213054,127400.0,15.901772577448904,127400.0,0.14900000000000002,127400.0,0.0,127400.0,10.46355036802346,127400.0,16.076416701907135,127400.0,0.14899999999999997,127400.0,0.14899999999999997,127400.0,9.548306993676784,127400.0,15.46222707091822,127400.0,0.0,127400.0,0.0,127400.0,4.937780804790533,127400.0,28.82321089279034,127400.0,0.0,127400.0,0.0,127400.0,23.306622153354493,127400.0,35.0644737076886,127400.0,0.50200004,127400.0,0.50200004
127600.0,4.3231248843581875,127600.0,29.569647598418342,127600.0,0.0,127600.0,0.0,127600.0,1.4688493675117813,127600.0,18.988453318167142,127600.0,0.0,127600.0,0.0,127600.0,2.0383329477150047,127600.0,30.142278492973986,127600.0,0.0,127600.0,0.828,127600.0,2.0583989140005863,127600.0,30.165773942307805,127600.0,0.0,127600.0,0.0,127600.0,2.0542552575143014,127600.0,30.084443943247695,127600.0,0.0,127600.0,0.04000000799999998,127600.0,-0.5019252694768385,127600.0,10.114675271543117,127600.0,0.0,127600.0,0.0,127600.0,10.43674170058381,127600.0,15.898755127984895,127600.0,0.14900000000000002,127600.0,0.0,127600.0,10.453231771738832,127600.0,16.07260483601184,127600.0,0.14899999999999997,127600.0,0.14899999999999997,127600.0,9.530711204128892,127600.0,15.44511186579688,127600.0,0.0,127600.0,0.0,127600.0,4.287823890831634,127600.0,29.97990646171056,127600.0,0.0,127600.0,0.0,127600.0,23.32892715397878,127600.0,35.09261749504775,127600.0,0.50200004,127600.0,0.50200004
127800.0,6.848867440405162,127800.0,37.98449301529785,127800.0,0.0,127800.0,0.0,127800.0,1.428686429427648,127800.0,19.014555367604814,127800.0,0.0,127800.0,0.0,127800.0,2.03137907781349,127800.0,30.3038047516312,127800.0,0.0,127800.0,0.828,127800.0,2.055356551248348,127800.0,30.368623212558198,127800.0,0.0,127800.0,0.0,127800.0,2.0510584239910483,127800.0,30.287510715540908,127800.0,0.0,127800.0,0.04000000799999998,127800.0,-0.6638676137429326,127800.0,9.64119773707127,127800.0,0.0,127800.0,0.0,127800.0,10.42499401149191,127800.0,15.887469779315678,127800.0,0.14900000000000002,127800.0,0.0,127800.0,10.44126601535786,127800.0,16.059716029597954,127800.0,0.14899999999999997,127800.0,0.14899999999999997,127800.0,9.511402644120915,127800.0,15.411640099585563,127800.0,0.0,127800.0,0.0,127800.0,7.33797896581583,127800.0,37.69889410605362,127800.0,0.0,127800.0,0.0,127800.0,23.34516172644757,127800.0,35.09868906820741,127800.0,0.50200004,127800.0,0.50200004
128000.0,9.483253184904186,128000.0,32.43160774245903,128000.0,0.0,128000.0,0.0,128000.0,1.3863171671210692,128000.0,18.878733737249235,128000.0,0.0,128000.0,0.0,128000.0,2.026532761126301,128000.0,30.475754803223726,128000.0,0.0,128000.0,0.828,128000.0,2.0511195511584726,128000.0,30.560476060955,128000.0,0.0,128000.0,0.0,128000.0,2.0466771788153033,128000.0,30.479285715232443,128000.0,0.0,128000.0,0.04000000799999998,128000.0,-0.9008270681068123,128000.0,9.158451810141138,128000.0,0.0,128000.0,0.0,128000.0,10.406488327817746,128000.0,15.868613278624967,128000.0,0.14900000000000002,128000.0,0.0,128000.0,10.422220702427405,128000.0,16.038899826920087,128000.0,0.14899999999999997,128000.0,0.14899999999999997,128000.0,9.482398460862074,128000.0,15.371771725315229,128000.0,0.0,128000.0,0.0,128000.0,9.197872716081541,128000.0,32.226266159186366,128000.0,0.0,128000.0,0.0,128000.0,23.355939593832066,128000.0,35.045271773602295,128000.0,0.50200004,128000.0,0.50200004
128200.0,7.518836379125351,128200.0,29.07735313076225,128200.0,0.0,128200.0,0.0,128200.0,1.3089646073951062,128200.0,18.68795355069058,128200.0,0.0,128200.0,0.0,128200.0,2.0200554137358155,128200.0,30.623547709916732,128200.0,0.0,128200.0,0.828,128200.0,2.0473648955893617,128200.0,30.711274575092094,128200.0,0.0,128200.0,0.0,128200.0,2.0428225480117854,128200.0,30.629608617423035,128200.0,0.0,128200.0,0.04000000799999998,128200.0,-1.0637104309622039,128200.0,8.7715889747993,128200.0,0.0,128200.0,0.0,128200.0,10.392763220937494,128200.0,15.849125950731409,128200.0,0.14900000000000002,128200.0,0.0,128200.0,10.407940677539612,128200.0,16.017729145547605,128200.0,0.14899999999999997,128200.0,0.14899999999999997,128200.0,9.461611648194902,128200.0,15.33660453207081,128200.0,0.0,128200.0,0.0,128200.0,7.388684548306889,128200.0,28.933534541731106,128200.0,0.0,128200.0,0.0,128200.0,23.353857946739087,128200.0,34.96761553183515,128200.0,0.50200004,128200.0,0.50200004
128400.0,6.369845756757568,128400.0,29.859787794423646,128400.0,0.0,128400.0,0.0,128400.0,1.217578917095005,128400.0,18.535375143231512,128400.0,0.0,128400.0,0.0,128400.0,2.011574706620681,128400.0,30.750851393747308,128400.0,0.0,128400.0,0.828,128400.0,2.043269770195215,128400.0,30.857763626027452,128400.0,0.0,128400.0,0.0,128400.0,2.0386504574533486,128400.0,30.77632512694386,128400.0,0.0,128400.0,0.04000000799999998,128400.0,-1.2052068802393316,128400.0,8.366461218137623,128400.0,0.0,128400.0,0.0,128400.0,10.380593531011034,128400.0,15.824695103456,128400.0,0.14900000000000002,128400.0,0.0,128400.0,10.395289123741714,128400.0,15.991626326681844,128400.0,0.14899999999999997,128400.0,0.14899999999999997,128400.0,9.443944103634,128400.0,15.297725851061633,128400.0,0.0,128400.0,0.0,128400.0,6.295871853129534,128400.0,30.277638160441885,128400.0,0.0,128400.0,0.0,128400.0,23.34622265880762,128400.0,34.86499462792183,128400.0,0.50200004,128400.0,0.50200004
128600.0,5.147219151403687,128600.0,38.13031216718531,128600.0,0.0,128600.0,0.0,128600.0,1.1051747341017306,128600.0,18.51452288211696,128600.0,0.0,128600.0,0.0,128600.0,1.997716681326343,128600.0,30.895212938136712,128600.0,0.0,128600.0,0.828,128600.0,2.0322725334315255,128600.0,31.026032561755073,128600.0,0.0,128600.0,0.0,128600.0,2.0275385191278463,128600.0,30.943840000992406,128600.0,0.0,128600.0,0.04000000799999998,128600.0,-1.4007369301678048,128600.0,8.08974791888241,128600.0,0.0,128600.0,0.0,128600.0,10.34897891772005,128600.0,15.79229339302283,128600.0,0.14900000000000002,128600.0,0.0,128600.0,10.3630600424487,128600.0,15.958147368512325,128600.0,0.14899999999999997,128600.0,0.14899999999999997,128600.0,9.411467291130016,128600.0,15.263839423909499,128600.0,0.0,128600.0,0.0,128600.0,5.091069726204419,128600.0,37.840347935055355,128600.0,0.0,128600.0,0.0,128600.0,23.305686170909926,128600.0,34.69430383818211,128600.0,0.50200004,128600.0,0.50200004
128800.0,4.55968406024751,128800.0,32.53636052651056,128800.0,0.0,128800.0,0.0,128800.0,1.0235108023415185,128800.0,18.4090210334261,128800.0,0.0,128800.0,0.0,128800.0,1.983750240465667,128800.0,31.03495265161518,128800.0,0.0,128800.0,0.828,128800.0,2.0279711794944046,128800.0,31.172468289764286,128800.0,0.0,128800.0,0.0,128800.0,2.023267950997491,128800.0,31.089444478206072,128800.0,0.0,128800.0,0.04000000799999998,128800.0,-1.391871180307278,128800.0,8.06494491736489,128800.0,0.0,128800.0,0.0,128800.0,10.340959462634254,128800.0,15.766050521265177,128800.0,0.14900000000000002,128800.0,0.0,128800.0,10.354794479927039,128800.0,15.930755606309223,128800.0,0.14899999999999997,128800.0,0.14899999999999997,128800.0,9.405777434663712,128800.0,15.24601094238529,128800.0,0.0,128800.0,0.0,128800.0,4.531384983561542,128800.0,32.33935736474869,128800.0,0.0,128800.0,0.0,128800.0,23.288409533435225,128800.0,34.511476199612986,128800.0,0.50200004,128800.0,0.50200004
129000.0,4.240684160190167,129000.0,29.124060267440598,129000.0,0.0,129000.0,0.0,129000.0,0.9676512993877298,129000.0,18.30128029940166,129000.0,0.0,129000.0,0.0,129000.0,1.9730088650353579,129000.0,30.807958031703926,129000.0,0.0,129000.0,0.0,129000.0,2.025053864806548,129000.0,31.187630642827806,129000.0,0.0,129000.0,0.0,129000.0,2.0203716673943015,129000.0,31.15572552781548,129000.0,0.0,129000.0,0.04000000799999998,129000.0,-1.3818264820008013,129000.0,8.10095985681289,129000.0,0.0,129000.0,0.0,129000.0,10.336541436087915,129000.0,15.747411390693488,129000.0,0.14900000000000002,129000.0,0.0,129000.0,10.35021784190444,129000.0,15.910927528203947,129000.0,0.14899999999999997,129000.0,0.14899999999999997,129000.0,9.402908311137045,129000.0,15.236718055230321,129000.0,0.0,129000.0,0.0,129000.0,4.215807731698405,129000.0,28.98670740272591,129000.0,0.0,129000.0,0.0,129000.0,23.2776163385287,129000.0,34.358468512460426,129000.0,0.50200004,129000.0,0.50200004
129200.0,3.937381890413435,129200.0,29.624994170026426,129200.0,0.0,129200.0,0.0,129200.0,0.9183476454930033,129200.0,18.212847089795908,129200.0,0.0,129200.0,0.0,129200.0,1.9640785234399805,129200.0,30.291315232328788,129200.0,0.0,129200.0,0.0,129200.0,2.021614524687737,129200.0,30.87172800018136,129200.0,0.0,129200.0,0.0,129200.0,2.0169415031592948,129200.0,30.849649002634788,129200.0,0.0,129200.0,0.04000000799999998,129200.0,-1.3675718627152205,129200.0,8.212562888646438,129200.0,0.0,129200.0,0.0,129200.0,10.331910053423773,129200.0,15.726017666791387,129200.0,0.14900000000000002,129200.0,0.0,129200.0,10.345390016602243,129200.0,15.887571314032263,129200.0,0.14899999999999997,129200.0,0.14899999999999997,129200.0,9.400111858670131,129200.0,15.22991633108325,129200.0,0.0,129200.0,0.0,129200.0,3.9106223141548284,129200.0,30.05514526995542,129200.0,0.0,129200.0,0.0,129200.0,23.265362577984238,129200.0,34.15193875104689,129200.0,0.50200004,129200.0,0.50200004
129400.0,10.143040981337503,129400.0,37.8864747371214,129400.0,0.0,129400.0,0.0,129400.0,0.9735822020099217,129400.0,18.26627287035676,129400.0,0.0,129400.0,0.0,129400.0,1.9563042804286332,129400.0,29.930318575413338,129400.0,0.0,129400.0,0.0,129400.0,2.013223732218434,129400.0,30.557868788708078,129400.0,0.0,129400.0,0.0,129400.0,2.008438659753483,129400.0,30.53992915564603,129400.0,0.0,129400.0,0.04000000799999998,129400.0,-1.3197447012775876,129400.0,8.38708680847198,129400.0,0.0,129400.0,0.0,129400.0,10.320258895271335,129400.0,15.71087496736519,129400.0,0.14900000000000002,129400.0,0.0,129400.0,10.333113459874001,129400.0,15.870408987776974,129400.0,0.14899999999999997,129400.0,0.14899999999999997,129400.0,9.393940240156375,129400.0,15.230021805282789,129400.0,0.0,129400.0,0.0,129400.0,10.185644878676818,129400.0,37.599892749092895,129400.0,0.0,129400.0,0.0,129400.0,23.230891116088692,129400.0,33.96164378148705,129400.0,0.50200004,129400.0,0.50200004
129600.0,7.813582821097621,129600.0,32.293438570116955,129600.0,0.0,129600.0,0.0,129600.0,0.9839602693002465,129600.0,18.209945455145498,129600.0,0.0,129600.0,0.0,129600.0,1.9488467271223133,129600.0,29.63089963193329,129600.0,0.0,129600.0,0.0,129600.0,2.0028796383667755,129600.0,30.279116153205774,129600.0,0.0,129600.0,0.0,129600.0,1.9982071492430413,129600.0,30.264359789029143,129600.0,0.0,129600.0,0.04000000799999998,129600.0,-1.2265343896129006,129600.0,8.584628752202994,129600.0,0.0,129600.0,0.0,129600.0,10.305008523429958,129600.0,15.702906867299946,129600.0,0.14900000000000002,129600.0,0.0,129600.0,10.316778337253456,129600.0,15.86089860401813,129600.0,0.14899999999999997,129600.0,0.14899999999999997,129600.0,9.387939014434366,129600.0,15.235754099452198,129600.0,0.0,129600.0,0.0,129600.0,7.769540136240167,129600.0,32.09428974373035,129600.0,0.0,129600.0,0.0,129600.0,23.177336857672675,129600.0,33.82132452625568,129600.0,0.50200004,129600.0,0.50200004
129800.0,6.512255993581558,129800.0,28.756209574911175,129800.0,0.0,129800.0,0.0,129800.0,0.9974948889553952,129800.0,18.130672782841927,129800.0,0.0,129800.0,0.0,129800.0,1.941621729258678,129800.0,29.36364466415079,129800.0,0.0,129800.0,0.0,129800.0,1.9945794091718834,129800.0,30.002733698391168,129800.0,0.0,129800.0,0.0,129800.0,1.9899614993233576,129800.0,29.988196419153663,129800.0,0.0,129800.0,0.04000000799999998,129800.0,-1.128082257798444,129800.0,8.825490042043478,129800.0,0.0,129800.0,0.0,129800.0,10.29471800478469,129800.0,15.699808392284845,129800.0,0.14900000000000002,129800.0,0.0,129800.0,10.305551425696459,129800.0,15.856575257855129,129800.0,0.14899999999999997,129800.0,0.14899999999999997,129800.0,9.385798294742797,129800.0,15.2470160887462,129800.0,0.0,129800.0,0.0,129800.0,6.459807500762632,129800.0,28.59989572417303,129800.0,0.0,129800.0,0.0,129800.0,23.134182549173936,129800.0,33.71860305638697,129800.0,0.50200004,129800.0,0.50200004
130000.0,5.6162333633465265,130000.0,29.264956578236195,130000.0,0.0,130000.0,0.0,130000.0,1.0105496367923945,130000.0,18.10831327998299,130000.0,0.0,130000.0,0.0,130000.0,1.9353082124074898,130000.0,29.087670381114055,130000.0,0.0,130000.0,0.0,130000.0,1.9881365501913646,130000.0,29.70714114604043,130000.0,0.0,130000.0,0.0,130000.0,1.9835714899804258,130000.0,29.693392335067443,130000.0,0.0,130000.0,0.04000000799999998,130000.0,-1.0380589436366394,130000.0,9.129918815604729,130000.0,0.0,130000.0,0.0,130000.0,10.287898456789994,130000.0,15.702337915974278,130000.0,0.14900000000000002,130000.0,0.0,130000.0,10.298026819714144,130000.0,15.85825839121714,130000.0,0.14899999999999997,130000.0,0.14899999999999997,130000.0,9.38560106002194,130000.0,15.266260470717048,130000.0,0.0,130000.0,0.0,130000.0,5.570576284421284,130000.0,29.69388130693899,130000.0,0.0,130000.0,0.0,130000.0,23.10220113547034,130000.0,33.63778074623854,130000.0,0.50200004,130000.0,0.50200004
130200.0,4.965245828892733,130200.0,37.731974389599976,130200.0,0.0,130200.0,0.0,130200.0,1.0214125566114065,130200.0,18.240240807417432,130200.0,0.0,130200.0,0.0,130200.0,1.93002589564997,130200.0,28.838238333728448,130200.0,0.0,130200.0,0.0,130200.0,1.9830837734867763,130200.0,29.467151407052658,130200.0,0.0,130200.0,0.0,130200.0,1.9785784833846576,130200.0,29.455562713445918,130200.0,0.0,130200.0,0.04000000799999998,130200.0,-0.9600930612693349,130200.0,9.396015798251833,130200.0,0.0,130200.0,0.0,130200.0,10.28321184550315,130200.0,15.708898229561843,130200.0,0.14900000000000002,130200.0,0.0,130200.0,10.292848141349948,130200.0,15.8647538502981,130200.0,0.14899999999999997,130200.0,0.14899999999999997,130200.0,9.386221196826373,130200.0,15.286330521919986,130200.0,0.0,130200.0,0.0,130200.0,4.926717497240459,130200.0,37.46926533953807,130200.0,0.0,130200.0,0.0,130200.0,23.078602465068624,130200.0,33.60085826491219,130200.0,0.50200004,130200.0,0.50200004
130400.0,4.476133235590435,130400.0,32.1869266683627,130400.0,0.0,130400.0,0.0,130400.0,1.029712095795393,130400.0,18.251516583856468,130400.0,0.0,130400.0,0.0,130400.0,1.9256489249174602,130400.0,28.6093394250296,130400.0,0.0,130400.0,0.0,130400.0,1.9790906481323376,130400.0,29.216575148800146,130400.0,0.0,130400.0,0.0,130400.0,1.9746448706045199,130400.0,29.205804851690925,130400.0,0.0,130400.0,0.04000000799999998,130400.0,-0.8942757001968524,130400.0,9.703356204630234,130400.0,0.0,130400.0,0.0,130400.0,10.279884173726911,130400.0,15.720285057743498,130400.0,0.14900000000000002,130400.0,0.0,130400.0,10.289201975941705,130400.0,15.876815985099615,130400.0,0.14899999999999997,130400.0,0.14899999999999997,130400.0,9.387162412113351,130400.0,15.312330537884648,130400.0,0.0,130400.0,0.0,130400.0,4.44355663855107,130400.0,31.992957015102338,130400.0,0.0,130400.0,0.0,130400.0,23.061058340568422,130400.0,33.597515671117826,130400.0,0.50200004,130400.0,0.50200004
130600.0,4.072020187913338,130600.0,28.5421933022914,130600.0,0.0,130600.0,0.0,130600.0,1.0361543500284138,130600.0,18.233578871057457,130600.0,0.0,130600.0,0.0,130600.0,1.9218609947109602,130600.0,28.372537546911435,130600.0,0.0,130600.0,0.0,130600.0,1.9756142848032223,130600.0,28.947312183684893,130600.0,0.0,130600.0,0.0,130600.0,1.9712245941919146,130600.0,28.93637466233253,130600.0,0.0,130600.0,0.04000000799999998,130600.0,-0.8333142388320182,130600.0,10.065787738777507,130600.0,0.0,130600.0,0.0,130600.0,10.277217510266047,130600.0,15.738650577697152,130600.0,0.14900000000000002,130600.0,0.0,130600.0,10.286326375252733,130600.0,15.89697735470906,130600.0,0.14899999999999997,130600.0,0.14899999999999997,130600.0,9.38831024209241,130600.0,15.347207960338887,130600.0,0.0,130600.0,0.0,130600.0,4.045639674938832,130600.0,28.39736044546342,130600.0,0.0,130600.0,0.0,130600.0,23.046553645696427,130600.0,33.6351971466971,130600.0,0.50200004,130600.0,0.50200004
130800.0,6.726062380062782,130800.0,29.12962800320645,130800.0,0.0,130800.0,0.0,130800.0,1.0985613799150344,130800.0,18.273280235818017,130800.0,0.0,130800.0,0.0,130800.0,1.9188990750611243,130800.0,28.132033753819446,130800.0,0.0,130800.0,0.0,130800.0,1.9704581328197037,130800.0,28.68970034173568,130800.0,0.0,130800.0,0.0,130800.0,1.9660202265718076,130800.0,28.678983877388237,130800.0,0.0,130800.0,0.04000000799999998,130800.0,-0.7262139683503055,130800.0,10.424657474108434,130800.0,0.0,130800.0,0.0,130800.0,10.273254701894373,130800.0,15.76199801769835,130800.0,0.14900000000000002,130800.0,0.0,130800.0,10.282154212945713,130800.0,15.922977941696363,130800.0,0.14899999999999997,130800.0,0.14899999999999997,130800.0,9.390665738347456,130800.0,15.386095003364945,130800.0,0.0,130800.0,0.0,130800.0,7.198917760856541,130800.0,29.563551138191087,130800.0,0.0,130800.0,0.0,130800.0,23.02447903563992,130800.0,33.70540697680449,130800.0,0.50200004,130800.0,0.50200004
131000.0,9.19271668401732,131000.0,37.344195633673905,131000.0,0.0,131000.0,0.0,131000.0,1.177661837094747,131000.0,18.44829859782631,131000.0,0.0,131000.0,0.0,131000.0,1.9185709682675955,131000.0,27.945002195840175,131000.0,0.0,131000.0,0.0,131000.0,1.963083349533904,131000.0,28.514820213523798,131000.0,0.0,131000.0,0.0,131000.0,1.958662283462985,131000.0,28.503814754641223,131000.0,0.0,131000.0,0.04000000799999998,131000.0,-0.515582026636534,131000.0,10.65632921096841,131000.0,0.0,131000.0,0.0,131000.0,10.267063948315618,131000.0,15.779368579840563,131000.0,0.14900000000000002,131000.0,0.0,131000.0,10.276030419525345,131000.0,15.942349757496336,131000.0,0.14899999999999997,131000.0,0.14899999999999997,131000.0,9.396595982260369,131000.0,15.412712548409568,131000.0,0.0,131000.0,0.0,131000.0,8.905093569764484,131000.0,37.083259291345094,131000.0,0.0,131000.0,0.0,131000.0,22.988887103573152,131000.0,33.76893071131027,131000.0,0.50200004,131000.0,0.50200004
131200.0,7.219636432161751,131200.0,31.85439504338727,131200.0,0.0,131200.0,0.0,131200.0,1.2460293019449569,131200.0,18.494933953040768,131200.0,0.0,131200.0,0.0,131200.0,1.9190705694510743,131200.0,27.744147109482405,131200.0,0.0,131200.0,0.0,131200.0,1.9583363404046974,131200.0,28.273813801616694,131200.0,0.0,131200.0,0.0,131200.0,1.954084427877449,131200.0,28.263421807636185,131200.0,0.0,131200.0,0.04000000799999998,131200.0,-0.36322890829985033,131200.0,10.992252779162872,131200.0,0.0,131200.0,0.0,131200.0,10.263956618514117,131200.0,15.810151433890544,131200.0,0.14900000000000002,131200.0,0.0,131200.0,10.27337439770483,131200.0,15.976515729500548,131200.0,0.14899999999999997,131200.0,0.14899999999999997,131200.0,9.40206847119618,131200.0,15.456226182702368,131200.0,0.0,131200.0,0.0,131200.0,7.0888988348223965,131200.0,31.653001900381007,131200.0,0.0,131200.0,0.0,131200.0,22.97079726682237,131200.0,33.90198318824495,131200.0,0.50200004,131200.0,0.50200004
131400.0,6.083762665944087,131400.0,28.329811213308066,131400.0,0.0,131400.0,0.0,131400.0,1.3069922868909079,131400.0,18.51134159256328,131400.0,0.0,131400.0,0.0,131400.0,1.9200409535272418,131400.0,27.53267280098948,131400.0,0.0,131400.0,0.0,131400.0,1.9550138933960808,131400.0,28.04019556985072,131400.0,0.0,131400.0,0.0,131400.0,1.9508930097561978,131400.0,28.03044427451574,131400.0,0.0,131400.0,0.04000000799999998,131400.0,-0.23496681221527127,131400.0,11.30645865760656,131400.0,0.0,131400.0,0.0,131400.0,10.262252779432762,131400.0,15.845120011120885,131400.0,0.14900000000000002,131400.0,0.0,131400.0,10.272259280074481,131400.0,16.015021556789204,131400.0,0.14899999999999997,131400.0,0.14899999999999997,131400.0,9.407129490230274,131400.0,15.502077576818644,131400.0,0.0,131400.0,0.0,131400.0,6.011063427103535,131400.0,28.188618737390332,131400.0,0.0,131400.0,0.0,131400.0,22.961613366197547,131400.0,34.060436370649846,131400.0,0.50200004,131400.0,0.50200004
131600.0,5.333216405025449,131600.0,36.040126456307924,131600.0,0.0,131600.0,0.0,131600.0,1.3575877100915825,131600.0,18.733248890992265,131600.0,0.0,131600.0,0.0,131600.0,1.9212363475370435,131600.0,28.020524459582894,131600.0,0.0,131600.0,0.828,131600.0,1.952840627183561,131600.0,28.136497223641676,131600.0,0.0,131600.0,0.0,131600.0,1.9488227424664855,131600.0,28.05785862961896,131600.0,0.0,131600.0,0.04000000799999998,131600.0,-0.1342851963107321,131600.0,11.508282756371335,131600.0,0.0,131600.0,0.0,131600.0,10.26143128354017,131600.0,15.87097248590222,131600.0,0.14900000000000002,131600.0,0.0,131600.0,10.272003772683364,131600.0,16.04317977888612,131600.0,0.14899999999999997,131600.0,0.14899999999999997,131600.0,9.411381685590928,131600.0,15.534391375630078,131600.0,0.0,131600.0,0.0,131600.0,5.2848250663481116,131600.0,36.55342972105628,131600.0,0.0,131600.0,0.0,131600.0,22.958207283019362,131600.0,34.17935292025768,131600.0,0.50200004,131600.0,0.50200004
131800.0,4.795832129355182,131800.0,35.27449053599466,131800.0,0.0,131800.0,0.0,131800.0,1.3978412070308321,131800.0,18.902625597753364,131800.0,0.0,131800.0,0.0,131800.0,1.92240526441741,131800.0,28.348722877499142,131800.0,0.0,131800.0,0.828,131800.0,1.9514092754128738,131800.0,28.36723184497785,131800.0,0.0,131800.0,0.0,131800.0,1.9474757755614407,131800.0,28.289329798087078,131800.0,0.0,131800.0,0.04000000799999998,131800.0,-0.05454796317771738,131800.0,11.757032806534463,131800.0,0.0,131800.0,0.0,131800.0,10.261087487975965,131800.0,15.906580428355024,131800.0,0.14900000000000002,131800.0,0.0,131800.0,10.272156057831122,131800.0,16.081432371852426,131800.0,0.14899999999999997,131800.0,0.14899999999999997,131800.0,9.414912764180917,131800.0,15.5770814112322,131800.0,0.0,131800.0,0.0,131800.0,4.759835235775881,131800.0,34.895264414107636,131800.0,0.0,131800.0,0.0,131800.0,22.957920986608876,131800.0,34.35197236142947,131800.0,0.50200004,131800.0,0.50200004
132000.0,3.904840591846849,132000.0,30.699210558502525,132000.0,0.0,132000.0,0.0,132000.0,1.4472326579401038,132000.0,19.02392082393427,132000.0,0.0,132000.0,0.0,132000.0,1.922547792713423,132000.0,28.61705870439756,132000.0,0.0,132000.0,0.828,132000.0,1.9475096540868173,132000.0,28.617713351368288,132000.0,0.0,132000.0,0.0,132000.0,1.9437032146523823,132000.0,28.54017365791975,132000.0,0.0,132000.0,0.04000000799999998,132000.0,0.23544391181649302,132000.0,11.956551466376588,132000.0,0.0,132000.0,0.0,132000.0,10.261435427382882,132000.0,15.947522630326473,132000.0,0.14900000000000002,132000.0,0.0,132000.0,10.274430893037575,132000.0,16.124115493982075,132000.0,0.14899999999999997,132000.0,0.14899999999999997,132000.0,9.425992692717218,132000.0,15.61835438077959,132000.0,0.0,132000.0,0.0,132000.0,3.8648195631317583,132000.0,30.489911587469724,132000.0,0.0,132000.0,0.0,132000.0,22.978860136162258,132000.0,34.55819090507076,132000.0,0.50200004,132000.0,0.50200004
132200.0,10.52633122125929,132200.0,27.644190810297577,132200.0,0.0,132200.0,0.0,132200.0,1.603018102519579,132200.0,19.087211684303433,132200.0,0.0,132200.0,0.0,132200.0,1.9269075996701652,132200.0,28.862508901077405,132200.0,0.0,132200.0,0.828,132200.0,1.9463001932459256,132200.0,28.8638056439222,132200.0,0.0,132200.0,0.0,132200.0,1.9424670724785549,132200.0,28.786379118282177,132200.0,0.0,132200.0,0.04000000799999998,132200.0,0.2740870600349258,132200.0,11.905054274595114,132200.0,0.0,132200.0,0.0,132200.0,10.261208798713598,132200.0,15.98404827614503,132200.0,0.14900000000000002,132200.0,0.0,132200.0,10.27543289779105,132200.0,16.160953673599735,132200.0,0.14899999999999997,132200.0,0.14899999999999997,132200.0,9.419618984451827,132200.0,15.639054693838146,132200.0,0.0,132200.0,0.0,132200.0,10.584512308399443,132200.0,27.511874878133806,132200.0,0.0,132200.0,0.0,132200.0,23.039720738414378,132200.0,34.76384876584912,132200.0,0.50200004,132200.0,0.50200004
132400.0,7.981953822719774,132400.0,35.847641550978466,132400.0,0.0,132400.0,0.0,132400.0,1.6462422436290354,132400.0,19.277052725112558,132400.0,0.0,132400.0,0.0,132400.0,1.9343365223222004,132400.0,29.099383520444405,132400.0,0.0,132400.0,0.828,132400.0,1.9475742683856765,132400.0,29.105410179331642,132400.0,0.0,132400.0,0.0,132400.0,1.9438267285712636,132400.0,29.02754988639014,132400.0,0.0,132400.0,0.04000000799999998,132400.0,0.16474751867545223,132400.0,11.701653570570837,132400.0,0.0,132400.0,0.0,132400.0,10.25676102604029,132400.0,16.01276070549976,132400.0,0.14900000000000002,132400.0,0.0,132400.0,10.272027597075395,132400.0,16.18955666086929,132400.0,0.14899999999999997,132400.0,0.14899999999999997,132400.0,9.401134810031047,132400.0,15.645005180482649,132400.0,0.0,132400.0,0.0,132400.0,7.926307987631619,132400.0,36.39233525507224,132400.0,0.0,132400.0,0.0,132400.0,23.126892193053003,132400.0,34.960856563195335,132400.0,0.50200004,132400.0,0.50200004
132600.0,6.3425031642045475,132600.0,35.185933582599354,132600.0,0.0,132600.0,0.0,132600.0,1.6312663180782812,132600.0,19.330584033101086,132600.0,0.0,132600.0,0.0,132600.0,1.9391145892665853,132600.0,29.33356134760197,132600.0,0.0,132600.0,0.828,132600.0,1.9493154920676594,132600.0,29.343699550786884,132600.0,0.0,132600.0,0.0,132600.0,1.9455118693267526,132600.0,29.265673299575216,132600.0,0.0,132600.0,0.04000000799999998,132600.0,-0.0438719059297608,132600.0,11.396021656928,132600.0,0.0,132600.0,0.0,132600.0,10.246528427892985,132600.0,16.03246589666712,132600.0,0.14900000000000002,132600.0,0.0,132600.0,10.26262683686198,132600.0,16.208924026644517,132600.0,0.14899999999999997,132600.0,0.14899999999999997,132600.0,9.374249472877484,132600.0,15.64013421918153,132600.0,0.0,132600.0,0.0,132600.0,6.282091663444332,132600.0,34.81845776021603,132600.0,0.0,132600.0,0.0,132600.0,23.218593843797148,132600.0,35.14190922614569,132600.0,0.50200004,132600.0,0.50200004
132800.0,5.335505208140939,132800.0,30.723642292388984,132800.0,0.0,132800.0,0.0,132800.0,1.5776487423584329,132800.0,19.27573848194177,132800.0,0.0,132800.0,0.0,132800.0,1.9398523060464794,132800.0,29.55543470023185,132800.0,0.0,132800.0,0.828,132800.0,1.94990934122623,132800.0,29.575155740165236,132800.0,0.0,132800.0,0.0,132800.0,1.9460081992393894,132800.0,29.49676757691737,132800.0,0.0,132800.0,0.04000000799999998,132800.0,-0.1932476985436107,132800.0,11.018648351791857,132800.0,0.0,132800.0,0.0,132800.0,10.238313988171646,132800.0,16.04297950016385,132800.0,0.14900000000000002,132800.0,0.0,132800.0,10.254694528730841,132800.0,16.218824386868327,132800.0,0.14899999999999997,132800.0,0.14899999999999997,132800.0,9.356673304936237,132800.0,15.626263860771479,132800.0,0.0,132800.0,0.0,132800.0,5.293112721360859,132800.0,30.52043010105311,132800.0,0.0,132800.0,0.0,132800.0,23.26258094681867,132800.0,35.27698067975533,132800.0,0.50200004,132800.0,0.50200004
133000.0,4.644787949567417,133000.0,27.77419596841163,133000.0,0.0,133000.0,0.0,133000.0,1.5080116891655544,133000.0,19.149550269400134,133000.0,0.0,133000.0,0.0,133000.0,1.9374249403805792,133000.0,29.758072637505915,133000.0,0.0,133000.0,0.828,133000.0,1.9496770759974817,133000.0,29.782834333480878,133000.0,0.0,133000.0,0.0,133000.0,1.9456979437867377,133000.0,29.70343376834551,133000.0,0.0,133000.0,0.04000000799999998,133000.0,-0.3242575253584089,133000.0,10.630988228650436,133000.0,0.0,133000.0,0.0,133000.0,10.230828247716689,133000.0,16.044738657816488,133000.0,0.14900000000000002,133000.0,0.0,133000.0,10.247331624861676,133000.0,16.219736360263656,133000.0,0.14899999999999997,133000.0,0.14899999999999997,133000.0,9.342020732055708,133000.0,15.606602376650594,133000.0,0.0,133000.0,0.0,133000.0,4.607274882757801,133000.0,27.65143324493976,133000.0,0.0,133000.0,0.0,133000.0,23.291195833443027,133000.0,35.34951513890789,133000.0,0.50200004,133000.0,0.50200004
133200.0,4.047783977672028,133200.0,35.75440587482366,133200.0,0.0,133200.0,0.0,133200.0,1.426093086845951,133200.0,19.176846976932094,133200.0,0.0,133200.0,0.0,133200.0,1.9327131511785383,133200.0,29.91531927636504,133200.0,0.0,133200.0,0.828,133200.0,1.9485928802829815,133200.0,29.93080056360357,133200.0,0.0,133200.0,0.0,133200.0,1.9445400651210234,133200.0,29.851379629994995,133200.0,0.0,133200.0,0.04000000799999998,133200.0,-0.46607996788017275,133200.0,10.338961665928892,133200.0,0.0,133200.0,0.0,133200.0,10.222177824744405,133200.0,16.041885161930374,133200.0,0.14900000000000002,133200.0,0.0,133200.0,10.238700154448802,133200.0,16.21612319751953,133200.0,0.14899999999999997,133200.0,0.14899999999999997,133200.0,9.326144232240871,133200.0,15.589618059305684,133200.0,0.0,133200.0,0.0,133200.0,4.015034304315193,133200.0,36.31005119109989,133200.0,0.0,133200.0,0.0,133200.0,23.315019650822467,133200.0,35.37108946833767,133200.0,0.50200004,133200.0,0.50200004
133400.0,10.390436469267122,133400.0,35.345847128460235,133400.0,0.0,133400.0,0.0,133400.0,1.440059359365067,133400.0,19.114183277429763,133400.0,0.0,133400.0,0.0,133400.0,1.929255771383102,133400.0,30.075421112985605,133400.0,0.0,133400.0,0.828,133400.0,1.9470293074033915,133400.0,30.109684730237397,133400.0,0.0,133400.0,0.0,133400.0,1.9427673369518896,133400.0,30.03068490242517,133400.0,0.0,133400.0,0.04000000799999998,133400.0,-0.6224006596011861,133400.0,9.952252659972734,133400.0,0.0,133400.0,0.0,133400.0,10.211981342069391,133400.0,16.03364906088642,133400.0,0.14900000000000002,133400.0,0.0,133400.0,10.228386629510883,133400.0,16.206678258299203,133400.0,0.14899999999999997,133400.0,0.14899999999999997,133400.0,9.308420102587007,133400.0,15.563610117731146,133400.0,0.0,133400.0,0.0,133400.0,10.445102097737916,133400.0,34.96843130198721,133400.0,0.0,133400.0,0.0,133400.0,23.333698248999777,133400.0,35.37549332718535,133400.0,0.50200004,133400.0,0.50200004
133600.0,8.12577765842095,133600.0,30.80983267101344,133600.0,0.0,133600.0,0.0,133600.0,1.3751660869870392,133600.0,18.962738114397744,133600.0,0.0,133600.0,0.0,133600.0,1.9261975753424134,133600.0,30.250820847516053,133600.0,0.0,133600.0,0.828,133600.0,1.9450178880855917,133600.0,30.31402850019869,133600.0,0.0,133600.0,0.0,133600.0,1.9407407925335518,133600.0,30.23425815114715,133600.0,0.0,133600.0,0.04000000799999998,133600.0,-0.822587704352826,133600.0,9.465467886400287,133600.0,0.0,133600.0,0.0,133600.0,10.197614127631367,133600.0,16.016289988323898,133600.0,0.14900000000000002,133600.0,0.0,133600.0,10.213683108140211,133600.0,16.18744482730939,133600.0,0.14899999999999997,133600.0,0.14899999999999997,133600.0,9.284740468449167,133600.0,15.524817904444449,133600.0,0.0,133600.0,0.0,133600.0,8.085335093087204,133600.0,30.60209323396486,133600.0,0.0,133600.0,0.0,133600.0,23.347780243239942,133600.0,35.32835324759177,133600.0,0.50200004,133600.0,0.50200004
133800.0,6.840406636296476,133800.0,27.89833174556946,133800.0,0.0,133800.0,0.0,133800.0,1.2933070616819824,133800.0,18.75707696073807,133800.0,0.0,133800.0,0.0,133800.0,1.9207144651342045,133800.0,30.40903918976909,133800.0,0.0,133800.0,0.828,133800.0,1.9424559284575906,133800.0,30.473675807034976,133800.0,0.0,133800.0,0.0,133800.0,1.9380829557485943,133800.0,30.392103422505382,133800.0,0.0,133800.0,0.04000000799999998,133800.0,-0.9922067973152033,133800.0,9.074671134537072,133800.0,0.0,133800.0,0.0,133800.0,10.184811585763043,133800.0,15.997516568031116,133800.0,0.14900000000000002,133800.0,0.0,133800.0,10.20041371340486,133800.0,16.166997166830566,133800.0,0.14899999999999997,133800.0,0.14899999999999997,133800.0,9.264461277050033,133800.0,15.489868244005164,133800.0,0.0,133800.0,0.0,133800.0,6.7899445987172005,133800.0,27.78647487411465,133800.0,0.0,133800.0,0.0,133800.0,23.350082872539755,133800.0,35.250547001685526,133800.0,0.50200004,133800.0,0.50200004
134000.0,5.9515160370159315,134000.0,35.8189056998039,134000.0,0.0,134000.0,0.0,134000.0,1.2036656071308989,134000.0,18.71881026437107,134000.0,0.0,134000.0,0.0,134000.0,1.913341553127427,134000.0,30.538044322131604,134000.0,0.0,134000.0,0.828,134000.0,1.939558159805314,134000.0,30.601294579184863,134000.0,0.0,134000.0,0.0,134000.0,1.935088621312717,134000.0,30.51845872228446,134000.0,0.0,134000.0,0.04000000799999998,134000.0,-1.1271866086064393,134000.0,8.753455791706132,134000.0,0.0,134000.0,0.0,134000.0,10.174300432332634,134000.0,15.979688866629626,134000.0,0.14900000000000002,134000.0,0.0,134000.0,10.189441074064264,134000.0,16.147765843573946,134000.0,0.14899999999999997,134000.0,0.14899999999999997,134000.0,9.248280379969303,134000.0,15.459582689314443,134000.0,0.0,134000.0,0.0,134000.0,5.906169370709963,134000.0,36.34237403942183,134000.0,0.0,134000.0,0.0,134000.0,23.34623096573696,134000.0,35.17105402129675,134000.0,0.50200004,134000.0,0.50200004
134200.0,5.031215848166267,134200.0,35.063529841079806,134200.0,0.0,134200.0,0.0,134200.0,1.0978860790342757,134200.0,18.60104434522622,134200.0,0.0,134200.0,0.0,134200.0,1.9029694149134773,134200.0,30.679051268849673,134200.0,0.0,134200.0,0.828,134200.0,1.93243855881732,134200.0,30.78245209305797,134200.0,0.0,134200.0,0.0,134200.0,1.927759824251374,134200.0,30.699987645213593,134200.0,0.0,134200.0,0.04000000799999998,134200.0,-1.3701957043076243,134200.0,8.306163091485494,134200.0,0.0,134200.0,0.0,134200.0,10.151536784510387,134200.0,15.946723803263044,134200.0,0.14900000000000002,134200.0,0.0,134200.0,10.166108472320559,134200.0,16.113193972152125,134200.0,0.14899999999999997,134200.0,0.14899999999999997,134200.0,9.219422893064472,134200.0,15.414799776564118,134200.0,0.0,134200.0,0.0,134200.0,4.967516987057273,134200.0,34.69130733417856,134200.0,0.0,134200.0,0.0,134200.0,23.325072314113452,134200.0,35.01081644946355,134200.0,0.50200004,134200.0,0.50200004
134400.0,4.200505834980825,134400.0,30.521037944202405,134400.0,0.0,134400.0,0.0,134400.0,0.9951887642917384,134400.0,18.447267260429054,134400.0,0.0,134400.0,0.0,134400.0,1.8884173505789152,134400.0,30.82573152452385,134400.0,0.0,134400.0,0.828,134400.0,1.9252142099317306,134400.0,30.952624489440137,134400.0,0.0,134400.0,0.0,134400.0,1.9205781648877192,134400.0,30.870138781666725,134400.0,0.0,134400.0,0.04000000799999998,134400.0,-1.3972888152047027,134400.0,8.1943712852308,134400.0,0.0,134400.0,0.0,134400.0,10.133823047864059,134400.0,15.914660682189782,134400.0,0.14900000000000002,134400.0,0.0,134400.0,10.147956195455633,134400.0,16.07997722968475,134400.0,0.14899999999999997,134400.0,0.14899999999999997,134400.0,9.205263808342032,134400.0,15.389040410394225,134400.0,0.0,134400.0,0.0,134400.0,4.17258642733558,134400.0,30.31386270908504,134400.0,0.0,134400.0,0.0,134400.0,23.29340632871018,134400.0,34.80681264471206,134400.0,0.50200004,134400.0,0.50200004
134600.0,6.80571426042426,134600.0,27.679372862240655,134600.0,0.0,134600.0,0.0,134600.0,0.9768459331648688,134600.0,18.31178922889874,134600.0,0.0,134600.0,0.0,134600.0,1.8761233254867888,134600.0,30.947910331011496,134600.0,0.0,134600.0,0.828,134600.0,1.9194915512844999,134600.0,31.076612354915195,134600.0,0.0,134600.0,0.0,134600.0,1.914758586379285,134600.0,30.99402242598717,134600.0,0.0,134600.0,0.04000000799999998,134600.0,-1.3736808607536317,134600.0,8.201984086610489,134600.0,0.0,134600.0,0.0,134600.0,10.123746029462467,134600.0,15.89459645421934,134600.0,0.14900000000000002,134600.0,0.0,134600.0,10.137480092836823,134600.0,16.058825662706077,134600.0,0.14899999999999997,134600.0,0.14899999999999997,134600.0,9.198906678338258,134600.0,15.377391287687823,134600.0,0.0,134600.0,0.0,134600.0,7.285892180122826,134600.0,27.541907059289123,134600.0,0.0,134600.0,0.0,134600.0,23.268030885703617,134600.0,34.647994327235004,134600.0,0.50200004,134600.0,0.50200004
134800.0,9.291015172518668,134800.0,35.5171688571744,134800.0,0.0,134800.0,0.0,134800.0,0.9831917035522886,134800.0,18.38414911891388,134800.0,0.0,134800.0,0.0,134800.0,1.8677945878757474,134800.0,31.0547990807043,134800.0,0.0,134800.0,0.828,134800.0,1.9111570742626736,134800.0,31.194328910131617,134800.0,0.0,134800.0,0.0,134800.0,1.906361336406718,134800.0,31.112054327084184,134800.0,0.0,134800.0,0.04000000799999998,134800.0,-1.3077698436204068,134800.0,8.255527879957322,134800.0,0.0,134800.0,0.0,134800.0,10.10818127195772,134800.0,15.87703185010856,134800.0,0.14900000000000002,134800.0,0.0,134800.0,10.121036709971607,134800.0,16.039951342117956,134800.0,0.14899999999999997,134800.0,0.14899999999999997,134800.0,9.19101903639653,134800.0,15.369724467468426,134800.0,0.0,134800.0,0.0,134800.0,9.007138143863857,134800.0,36.07014450869702,134800.0,0.0,134800.0,0.0,134800.0,23.21988922713917,134800.0,34.493192160896825,134800.0,0.50200004,134800.0,0.50200004
135000.0,7.3108015748762245,135000.0,34.78976019443525,135000.0,0.0,135000.0,0.0,135000.0,0.9847594505787696,135000.0,18.403492760012035,135000.0,0.0,135000.0,0.0,135000.0,1.8600512911886462,135000.0,30.83364348721715,135000.0,0.0,135000.0,0.0,135000.0,1.9044663886986315,135000.0,31.210414720169997,135000.0,0.0,135000.0,0.0,135000.0,1.899767395737868,135000.0,31.180678119737046,135000.0,0.0,135000.0,0.04000000799999998,135000.0,-1.2382402554996104,135000.0,8.389196053248702,135000.0,0.0,135000.0,0.0,135000.0,10.097768522971364,135000.0,15.8570913410398,135000.0,0.14900000000000002,135000.0,0.0,135000.0,10.109763212595457,135000.0,16.017921921899852,135000.0,0.14899999999999997,135000.0,0.14899999999999997,135000.0,9.18736716600167,135000.0,15.364949033622088,135000.0,0.0,135000.0,0.0,135000.0,7.180213590862498,135000.0,34.42198444228022,135000.0,0.0,135000.0,0.0,135000.0,23.179809296885924,135000.0,34.279542163043104,135000.0,0.50200004,135000.0,0.50200004
135200.0,6.1420326307526905,135200.0,30.33390411214717,135200.0,0.0,135200.0,0.0,135200.0,0.9865960524155357,135200.0,18.34100068781129,135200.0,0.0,135200.0,0.0,135200.0,1.8528889209507873,135200.0,30.332522333193673,135200.0,0.0,135200.0,0.0,135200.0,1.8986394405030893,135200.0,30.92731085412558,135200.0,0.0,135200.0,0.0,135200.0,1.894027425717736,135200.0,30.907747602419356,135200.0,0.0,135200.0,0.04000000799999998,135200.0,-1.1647800914178659,135200.0,8.558480493044993,135200.0,0.0,135200.0,0.0,135200.0,10.09003701374884,135200.0,15.844988709566195,135200.0,0.14900000000000002,135200.0,0.0,135200.0,10.10124253843179,135200.0,16.00410121843303,135200.0,0.14899999999999997,135200.0,0.14899999999999997,135200.0,9.185755420801138,135200.0,15.366605880939092,135200.0,0.0,135200.0,0.0,135200.0,6.067839345646784,135200.0,30.14234330824989,135200.0,0.0,135200.0,0.0,135200.0,23.14568479564435,135200.0,34.110762970596575,135200.0,0.50200004,135200.0,0.50200004
135400.0,5.351906904612496,135400.0,27.475565650191896,135400.0,0.0,135400.0,0.0,135400.0,0.9877920635696865,135400.0,18.258408966116097,135400.0,0.0,135400.0,0.0,135400.0,1.846615309345306,135400.0,30.0124183236506,135400.0,0.0,135400.0,0.0,135400.0,1.8938822914756748,135400.0,30.687178000972388,135400.0,0.0,135400.0,0.0,135400.0,1.8893419665529068,135400.0,30.67218541026814,135400.0,0.0,135400.0,0.04000000799999998,135400.0,-1.0973375978423454,135400.0,8.726672874034554,135400.0,0.0,135400.0,0.0,135400.0,10.08460744074478,135400.0,15.839036831338813,135400.0,0.14900000000000002,135400.0,0.0,135400.0,10.095177145935285,135400.0,15.997001814175576,135400.0,0.14899999999999997,135400.0,0.14899999999999997,135400.0,9.18542018808588,135400.0,15.371865953362768,135400.0,0.0,135400.0,0.0,135400.0,5.301813126849939,135400.0,27.357147850197116,135400.0,0.0,135400.0,0.0,135400.0,23.119236335423924,135400.0,34.00191019616712,135400.0,0.50200004,135400.0,0.50200004
135600.0,4.774399733935983,135600.0,35.54452340715739,135600.0,0.0,135600.0,0.0,135600.0,0.9877967661117931,135600.0,18.355231758059073,135600.0,0.0,135600.0,0.0,135600.0,1.8412320947685434,135600.0,29.727627034086282,135600.0,0.0,135600.0,0.0,135600.0,1.8899630566529606,135600.0,30.374672926962898,135600.0,0.0,135600.0,0.0,135600.0,1.8854812465044617,135600.0,30.36018622343641,135600.0,0.0,135600.0,0.04000000799999998,135600.0,-1.0371233105331885,135600.0,9.005610388727998,135600.0,0.0,135600.0,0.0,135600.0,10.080690399152358,135600.0,15.83577165756631,135600.0,0.14900000000000002,135600.0,0.0,135600.0,10.090756147969289,135600.0,15.992482284863145,135600.0,0.14899999999999997,135600.0,0.14899999999999997,135600.0,9.185761505425514,135600.0,15.38545755028073,135600.0,0.0,135600.0,0.0,135600.0,4.736607625489299,135600.0,36.08706528964591,135600.0,0.0,135600.0,0.0,135600.0,23.098693606675376,135600.0,33.88044363111066,135600.0,0.50200004,135600.0,0.50200004
135800.0,4.333495827739811,135800.0,34.751057051954184,135800.0,0.0,135800.0,0.0,135800.0,0.9867533573203596,135800.0,18.38409873930923,135800.0,0.0,135800.0,0.0,135800.0,1.836645235142224,135800.0,29.450794381848784,135800.0,0.0,135800.0,0.0,135800.0,1.886682445693759,135800.0,30.075559406370207,135800.0,0.0,135800.0,0.0,135800.0,1.8822520399331177,135800.0,30.061877298743735,135800.0,0.0,135800.0,0.04000000799999998,135800.0,-0.983646733770362,135800.0,9.32110789694777,135800.0,0.0,135800.0,0.0,135800.0,10.077766368136789,135800.0,15.838986194967068,135800.0,0.14900000000000002,135800.0,0.0,135800.0,10.087442955158357,135800.0,15.995213426952926,135800.0,0.14899999999999997,135800.0,0.14899999999999997,135800.0,9.186435511264898,135800.0,15.405837059059579,135800.0,0.0,135800.0,0.0,135800.0,4.3022312339746,135800.0,34.37940987477025,135800.0,0.0,135800.0,0.0,135800.0,23.08248078349658,135800.0,33.79754594244455,135800.0,0.50200004,135800.0,0.50200004
136000.0,3.9431386874184926,136000.0,30.390442566525298,136000.0,0.0,136000.0,0.0,136000.0,0.9852837691566767,136000.0,18.3738488721982,136000.0,0.0,136000.0,0.0,136000.0,1.8324844790046206,136000.0,29.202455210078888,136000.0,0.0,136000.0,0.0,136000.0,1.883383673731927,136000.0,29.83453120276389,136000.0,0.0,136000.0,0.0,136000.0,1.8790008923607004,136000.0,29.8217969266069,136000.0,0.0,136000.0,0.04000000799999998,136000.0,-0.9266467652773653,136000.0,9.587305708930536,136000.0,0.0,136000.0,0.0,136000.0,10.07508970857762,136000.0,15.845761406512917,136000.0,0.14900000000000002,136000.0,0.0,136000.0,10.084423950406357,136000.0,16.002320694476428,136000.0,0.14899999999999997,136000.0,0.14899999999999997,136000.0,9.187461739249649,136000.0,15.425878466385994,136000.0,0.0,136000.0,0.0,136000.0,3.9147501106817097,136000.0,30.185480755213238,136000.0,0.0,136000.0,0.0,136000.0,23.066942006789294,136000.0,33.76421758615331,136000.0,0.50200004,136000.0,0.50200004
136200.0,10.144792963564226,136200.0,27.43777599256687,136200.0,0.0,136200.0,0.0,136200.0,1.0917211255097183,136200.0,18.33932381797979,136200.0,0.0,136200.0,0.0,136200.0,1.8303040140040143,136200.0,28.97274881566849,136200.0,0.0,136200.0,0.0,136200.0,1.8773937070269806,136200.0,29.589242801242317,136200.0,0.0,136200.0,0.0,136200.0,1.8729538710352092,136200.0,29.576030120451193,136200.0,0.0,136200.0,0.04000000799999998,136200.0,-0.7970559183482957,136200.0,9.883326319731944,136200.0,0.0,136200.0,0.0,136200.0,10.070140265229563,136200.0,15.856745804676423,136200.0,0.14900000000000002,136200.0,0.0,136200.0,10.078932672594801,136200.0,16.01438447897946,136200.0,0.14899999999999997,136200.0,0.14899999999999997,136200.0,9.190592895869452,136200.0,15.450810324278958,136200.0,0.0,136200.0,0.0,136200.0,10.18754833687861,136200.0,27.289448253522142,136200.0,0.0,136200.0,0.0,136200.0,23.03641642164311,136200.0,33.76555525781358,136200.0,0.50200004,136200.0,0.50200004
136400.0,7.817759244496402,136400.0,35.493799737596,136400.0,0.0,136400.0,0.0,136400.0,1.1495799756803136,136400.0,18.492113598165666,136400.0,0.0,136400.0,0.0,136400.0,1.8300806816288873,136400.0,28.727222119640203,136400.0,0.0,136400.0,0.0,136400.0,1.870951528980582,136400.0,29.31316301482274,136400.0,0.0,136400.0,0.0,136400.0,1.8666744664024877,136400.0,29.300523515415087,136400.0,0.0,136400.0,0.04000000799999998,136400.0,-0.5972059456633327,136400.0,10.241385711188963,136400.0,0.0,136400.0,0.0,136400.0,10.064742357328743,136400.0,15.875230329198192,136400.0,0.14900000000000002,136400.0,0.0,136400.0,10.073230235636961,136400.0,16.035156220387282,136400.0,0.14899999999999997,136400.0,0.14899999999999997,136400.0,9.197108876783103,136400.0,15.485777375309683,136400.0,0.0,136400.0,0.0,136400.0,7.773568487766365,136400.0,36.03071301214138,136400.0,0.0,136400.0,0.0,136400.0,22.99958820112505,136400.0,33.801390943052546,136400.0,0.50200004,136400.0,0.50200004
136600.0,6.525711139613525,136600.0,34.77049396783382,136600.0,0.0,136600.0,0.0,136600.0,1.2070282599616637,136600.0,18.57500684492651,136600.0,0.0,136600.0,0.0,136600.0,1.8305696945791243,136600.0,28.492826552478526,136600.0,0.0,136600.0,0.0,136600.0,1.866611900467024,136600.0,29.057968072651637,136600.0,0.0,136600.0,0.0,136600.0,1.8624437183971303,136600.0,29.046257834220377,136600.0,0.0,136600.0,0.04000000799999998,136600.0,-0.43015397115539356,136600.0,10.582959873363269,136600.0,0.0,136600.0,0.0,136600.0,10.062094228764655,136600.0,15.897806989810293,136600.0,0.14900000000000002,136600.0,0.0,136600.0,10.070765059117491,136600.0,16.060591683596588,136600.0,0.14899999999999997,136600.0,0.14899999999999997,136600.0,9.203806456126662,136600.0,15.522983809469375,136600.0,0.0,136600.0,0.0,136600.0,6.473555323321392,136600.0,34.40018462442267,136600.0,0.0,136600.0,0.0,136600.0,22.97860648563297,136600.0,33.8682368778246,136600.0,0.50200004,136600.0,0.50200004
136800.0,5.651910011957786,136800.0,30.43250243154,136800.0,0.0,136800.0,0.0,136800.0,1.2584668142722566,136800.0,18.609067073870413,136800.0,0.0,136800.0,0.0,136800.0,1.8316021572716814,136800.0,28.279970860612355,136800.0,0.0,136800.0,0.0,136800.0,1.863855736750648,136800.0,28.845702031084084,136800.0,0.0,136800.0,0.0,136800.0,1.8597819130992514,136800.0,28.835120952166772,136800.0,0.0,136800.0,0.04000000799999998,136800.0,-0.30064964665470356,136800.0,10.85432455457857,136800.0,0.0,136800.0,0.0,136800.0,10.060977021117498,136800.0,15.91932543814225,136800.0,0.14900000000000002,136800.0,0.0,136800.0,10.070008198356339,136800.0,16.08470445107732,136800.0,0.14899999999999997,136800.0,0.14899999999999997,136800.0,9.209543720982465,136800.0,15.55521749352999,136800.0,0.0,136800.0,0.0,136800.0,5.606493363114908,136800.0,30.232384600188425,136800.0,0.0,136800.0,0.0,136800.0,22.96807584803343,136800.0,33.952996125677465,136800.0,0.50200004,136800.0,0.50200004
137000.0,5.027594506452049,137000.0,27.35058071950923,137000.0,0.0,137000.0,0.0,137000.0,1.3012795426514654,137000.0,18.608782048156392,137000.0,0.0,137000.0,0.0,137000.0,1.8328346524971955,137000.0,28.062195365165678,137000.0,0.0,137000.0,0.0,137000.0,1.8621208842205224,137000.0,28.597450551919128,137000.0,0.0,137000.0,0.0,137000.0,1.8581343340760685,137000.0,28.5872167189335,137000.0,0.0,137000.0,0.04000000799999998,137000.0,-0.20189011940553273,137000.0,11.179505295880265,137000.0,0.0,137000.0,0.0,137000.0,10.060598603408549,137000.0,15.950659219637748,137000.0,0.14900000000000002,137000.0,0.0,137000.0,10.070021276157343,137000.0,16.119519087793247,137000.0,0.14899999999999997,137000.0,0.14899999999999997,137000.0,9.21418365580037,137000.0,15.598436754847258,137000.0,0.0,137000.0,0.0,137000.0,4.990127660504118,137000.0,27.217418418658134,137000.0,0.0,137000.0,0.0,137000.0,22.963314609453715,137000.0,34.09143183141708,137000.0,0.50200004,137000.0,0.50200004
137200.0,4.567448866765966,137200.0,35.500540676019824,137200.0,0.0,137200.0,0.0,137200.0,1.3353732837864656,137200.0,18.792018535783473,137200.0,0.0,137200.0,0.0,137200.0,1.8340222889454594,137200.0,27.846798132491756,137200.0,0.0,137200.0,0.0,137200.0,1.8610132422244563,137200.0,28.365867950950726,137200.0,0.0,137200.0,0.0,137200.0,1.8571042048198565,137200.0,28.356059743890683,137200.0,0.0,137200.0,0.04000000799999998,137200.0,-0.1252754011355666,137200.0,11.466538254060529,137200.0,0.0,137200.0,0.0,137200.0,10.060569460892808,137200.0,15.98408270548203,137200.0,0.14900000000000002,137200.0,0.0,137200.0,10.070359835268446,137200.0,16.15620333894256,137200.0,0.14899999999999997,137200.0,0.14899999999999997,137200.0,9.21793077523388,137200.0,15.641445563847865,137200.0,0.0,137200.0,0.0,137200.0,4.536120777291763,137200.0,36.0421674879858,137200.0,0.0,137200.0,0.0,137200.0,22.96159821472923,137200.0,34.243690718912106,137200.0,0.50200004,137200.0,0.50200004
137400.0,4.21748534698832,137400.0,35.03374605645598,137400.0,0.0,137400.0,0.0,137400.0,1.3619632201124856,137400.0,18.894319577393468,137400.0,0.0,137400.0,0.0,137400.0,1.835052707444594,137400.0,27.666408906425243,137400.0,0.0,137400.0,0.0,137400.0,1.8602983128473614,137400.0,28.177521355876927,137400.0,0.0,137400.0,0.0,137400.0,1.8564559035046966,137400.0,28.16751928843412,137400.0,0.0,137400.0,0.04000000799999998,137400.0,-0.06505360604006642,137400.0,11.687876853488653,137400.0,0.0,137400.0,0.0,137400.0,10.060706293111776,137400.0,16.013215872019934,137400.0,0.14900000000000002,137400.0,0.0,137400.0,10.070819133287317,137400.0,16.18770233944008,137400.0,0.14899999999999997,137400.0,0.14899999999999997,137400.0,9.220964808720183,137400.0,15.677194240237219,137400.0,0.0,137400.0,0.0,137400.0,4.191463057630542,137400.0,34.6532353693328,137400.0,0.0,137400.0,0.0,137400.0,22.96149703515325,137400.0,34.380792968378486,137400.0,0.50200004,137400.0,0.50200004
137600.0,3.741231866666349,137600.0,30.6243327274731,137600.0,0.0,137600.0,0.0,137600.0,1.3898959672949804,137600.0,18.928712302719205,137600.0,0.0,137600.0,0.0,137600.0,1.8356929851838177,137600.0,27.48556011483395,137600.0,0.0,137600.0,0.0,137600.0,1.8587777872375628,137600.0,27.977515269285654,137600.0,0.0,137600.0,0.0,137600.0,1.8550268442130042,137600.0,27.967800131533593,137600.0,0.0,137600.0,0.04000000799999998,137600.0,0.14160545376169426,137600.0,11.908293690733805,137600.0,0.0,137600.0,0.0,137600.0,10.061977466058442,137600.0,16.04753838026787,137600.0,0.14900000000000002,137600.0,0.0,137600.0,10.073251118032386,137600.0,16.2240987695107,137600.0,0.14899999999999997,137600.0,0.14899999999999997,137600.0,9.231260050295644,137600.0,15.716564927328976,137600.0,0.0,137600.0,0.0,137600.0,3.6864184554911126,137600.0,30.405659837226697,137600.0,0.0,137600.0,0.0,137600.0,22.967943087890344,137600.0,34.552846787655334,137600.0,0.50200004,137600.0,0.50200004
137800.0,10.349915663966366,137800.0,27.55202137714837,137800.0,0.0,137800.0,0.0,137800.0,1.551613572052255,137800.0,18.95306431867913,137800.0,0.0,137800.0,0.0,137800.0,1.8404763325337377,137800.0,28.00451623200176,137800.0,0.0,137800.0,0.828,137800.0,1.8584739566890223,137800.0,28.13844482506093,137800.0,0.0,137800.0,0.0,137800.0,1.8547301900490538,137800.0,28.06001534694445,137800.0,0.0,137800.0,0.04000000799999998,137800.0,0.313235316424482,137800.0,11.983204854543695,137800.0,0.0,137800.0,0.0,137800.0,10.065488609761697,137800.0,16.085350253971065,137800.0,0.14900000000000002,137800.0,0.0,137800.0,10.07824618972057,137800.0,16.262659907357257,137800.0,0.14899999999999997,137800.0,0.14899999999999997,137800.0,9.236623304609052,137800.0,15.745964726772101,137800.0,0.0,137800.0,0.0,137800.0,10.403932847883103,137800.0,27.417052818144978,137800.0,0.0,137800.0,0.0,137800.0,23.012312781855876,137800.0,34.75364165579426,137800.0,0.50200004,137800.0,0.50200004
138000.0,7.820300880110119,138000.0,35.75464494380056,138000.0,0.0,138000.0,0.0,138000.0,1.6156807128603985,138000.0,19.14358497351371,138000.0,0.0,138000.0,0.0,138000.0,1.849541020357386,138000.0,28.365787481202013,138000.0,0.0,138000.0,0.828,138000.0,1.861030440118361,138000.0,28.39044588323665,138000.0,0.0,138000.0,0.0,138000.0,1.8574137945287985,138000.0,28.312067107677596,138000.0,0.0,138000.0,0.04000000799999998,138000.0,0.27027000285322555,138000.0,11.841109493708059,138000.0,0.0,138000.0,0.0,138000.0,10.066209122950895,138000.0,16.11663979674366,138000.0,0.14900000000000002,138000.0,0.0,138000.0,10.080118267724004,138000.0,16.29387198559097,138000.0,0.14899999999999997,138000.0,0.14899999999999997,138000.0,9.22630906245003,138000.0,15.757079709282118,138000.0,0.0,138000.0,0.0,138000.0,7.764230876850809,138000.0,36.298551494375154,138000.0,0.0,138000.0,0.0,138000.0,23.092364950268404,138000.0,34.949243558692906,138000.0,0.50200004,138000.0,0.50200004
138200.0,6.201272039117534,138200.0,35.09638511919544,138200.0,0.0,138200.0,0.0,138200.0,1.6235239593178385,138200.0,19.205586929713974,138200.0,0.0,138200.0,0.0,138200.0,1.8569977039198453,138200.0,28.649067121303244,138200.0,0.0,138200.0,0.828,138200.0,1.8645235797548732,138200.0,28.64422929074366,138200.0,0.0,138200.0,0.0,138200.0,1.8608801245223658,138200.0,28.56631108417842,138200.0,0.0,138200.0,0.04000000799999998,138200.0,0.10954586220909504,138200.0,11.579484972587624,138200.0,0.0,138200.0,0.0,138200.0,10.061726291450329,138200.0,16.139400836846697,138200.0,0.14900000000000002,138200.0,0.0,138200.0,10.076653557119716,138200.0,16.31630797738827,138200.0,0.14899999999999997,138200.0,0.14899999999999997,138200.0,9.205973869856988,138200.0,15.75586007968355,138200.0,0.0,138200.0,0.0,138200.0,6.141460348975665,138200.0,34.72871410384438,138200.0,0.0,138200.0,0.0,138200.0,23.188761400687035,138200.0,35.13602177916802,138200.0,0.50200004,138200.0,0.50200004
138400.0,5.085843369348097,138400.0,30.638766501205307,138400.0,0.0,138400.0,0.0,138400.0,1.5817440931179498,138400.0,19.161786795625833,138400.0,0.0,138400.0,0.0,138400.0,1.8606689880708576,138400.0,28.89787356288433,138400.0,0.0,138400.0,0.828,138400.0,1.8670504840699362,138400.0,28.89251974323664,138400.0,0.0,138400.0,0.0,138400.0,1.863297914041094,138400.0,28.81464130264797,138400.0,0.0,138400.0,0.04000000799999998,138400.0,-0.07860626268133274,138400.0,11.23302923342935,138400.0,0.0,138400.0,0.0,138400.0,10.05383790333342,138400.0,16.1530246377665,138400.0,0.14900000000000002,138400.0,0.0,138400.0,10.069360085615457,138400.0,16.32937098995219,138400.0,0.14899999999999997,138400.0,0.14899999999999997,138400.0,9.184583304348708,138400.0,15.744942478959109,138400.0,0.0,138400.0,0.0,138400.0,5.044902980214959,138400.0,30.435536555055535,138400.0,0.0,138400.0,0.0,138400.0,23.261340247784528,138400.0,35.290945168556526,138400.0,0.50200004,138400.0,0.50200004
138600.0,4.414404261299162,138600.0,27.648725449240096,138600.0,0.0,138600.0,0.0,138600.0,1.5182628742169286,138600.0,19.046186814308903,138600.0,0.0,138600.0,0.0,138600.0,1.8603225705799447,138600.0,29.12560834676186,138600.0,0.0,138600.0,0.828,138600.0,1.8679708768756733,138600.0,29.131947382465903,138600.0,0.0,138600.0,0.0,138600.0,1.8641342726865922,138600.0,29.053824269770214,138600.0,0.0,138600.0,0.04000000799999998,138600.0,-0.20848295592147587,138600.0,10.82687612536712,138600.0,0.0,138600.0,0.0,138600.0,10.04779091735063,138600.0,16.157617280936318,138600.0,0.14900000000000002,138600.0,0.0,138600.0,10.06351752144435,138600.0,16.333105448740394,138600.0,0.14899999999999997,138600.0,0.14899999999999997,138600.0,9.170963703789292,138600.0,15.725611909174694,138600.0,0.0,138600.0,0.0,138600.0,4.379746816236741,138600.0,27.51922135188909,138600.0,0.0,138600.0,0.0,138600.0,23.29603036183458,138600.0,35.39311633176103,138600.0,0.50200004,138600.0,0.50200004
138800.0,3.8542273117794172,138800.0,35.67940093247228,138800.0,0.0,138800.0,0.0,138800.0,1.44202243877328,138800.0,19.07252715563973,138800.0,0.0,138800.0,0.0,138800.0,1.8573176972286596,138800.0,29.31560801626688,138800.0,0.0,138800.0,0.828,138800.0,1.8680789627498626,138800.0,29.294497819557066,138800.0,0.0,138800.0,0.0,138800.0,1.8641687436196834,138800.0,29.21437536194092,138800.0,0.0,138800.0,0.04000000799999998,138800.0,-0.34490881080154673,138800.0,10.542544910724136,138800.0,0.0,138800.0,0.0,138800.0,10.040831447850914,138800.0,16.15588117535776,138800.0,0.14900000000000002,138800.0,0.0,138800.0,10.056658693458072,138800.0,16.330634471994845,138800.0,0.14899999999999997,138800.0,0.14899999999999997,138800.0,9.156702990603257,138800.0,15.709164297546314,138800.0,0.0,138800.0,0.0,138800.0,3.8236691573362394,138800.0,36.2019827188143,138800.0,0.0,138800.0,0.0,138800.0,23.324687149204863,138800.0,35.42579642605087,138800.0,0.50200004,138800.0,0.50200004
139000.0,10.233130989055152,139000.0,35.11113276374861,139000.0,0.0,139000.0,0.0,139000.0,1.4615326312419823,139000.0,19.011122302587427,139000.0,0.0,139000.0,0.0,139000.0,1.8555233404992386,139000.0,29.495816894478008,139000.0,0.0,139000.0,0.828,139000.0,1.867823516645013,139000.0,29.50550572192923,139000.0,0.0,139000.0,0.0,139000.0,1.8637036364485773,139000.0,29.426057231764023,139000.0,0.0,139000.0,0.04000000799999998,139000.0,-0.4950042298212428,139000.0,10.117867414416615,139000.0,0.0,139000.0,0.0,139000.0,10.032485827397887,139000.0,16.147984879048327,139000.0,0.14900000000000002,139000.0,0.0,139000.0,10.048289770016794,139000.0,16.321464674064963,139000.0,0.14899999999999997,139000.0,0.14899999999999997,139000.0,9.140828209304697,139000.0,15.681207665127548,139000.0,0.0,139000.0,0.0,139000.0,10.292022261331317,139000.0,34.73979026712434,139000.0,0.0,139000.0,0.0,139000.0,23.348535484028414,139000.0,35.44110542897824,139000.0,0.50200004,139000.0,0.50200004
139200.0,8.003166200310647,139200.0,30.637808839594282,139200.0,0.0,139200.0,0.0,139200.0,1.401909804321988,139200.0,18.861255313392817,139200.0,0.0,139200.0,0.0,139200.0,1.8543553515728086,139200.0,29.68687569693099,139200.0,0.0,139200.0,0.828,139200.0,1.8673778870016229,139200.0,29.724431455967995,139200.0,0.0,139200.0,0.0,139200.0,1.8632410528839265,139200.0,29.64474093533504,139200.0,0.0,139200.0,0.04000000799999998,139200.0,-0.6903919917009838,139200.0,9.632357662303857,139200.0,0.0,139200.0,0.0,139200.0,10.020300256404733,139200.0,16.131613396940903,139200.0,0.14900000000000002,139200.0,0.0,139200.0,10.035889591672301,139200.0,16.303293296054477,139200.0,0.14899999999999997,139200.0,0.14899999999999997,139200.0,9.119209850496953,139200.0,15.643224708402677,139200.0,0.0,139200.0,0.0,139200.0,7.963558808292034,139200.0,30.432385764828414,139200.0,0.0,139200.0,0.0,139200.0,23.369828765010812,139200.0,35.409235853510594,139200.0,0.50200004,139200.0,0.50200004
139400.0,6.751364031812476,139400.0,27.60941993935295,139400.0,0.0,139400.0,0.0,139400.0,1.3257113117732835,139400.0,18.653982578680413,139400.0,0.0,139400.0,0.0,139400.0,1.8506588504029118,139400.0,29.870827536195947,139400.0,0.0,139400.0,0.828,139400.0,1.86624843648,139400.0,29.931293319361018,139400.0,0.0,139400.0,0.0,139400.0,1.8620179776498849,139400.0,29.85114687264038,139400.0,0.0,139400.0,0.04000000799999998,139400.0,-0.8533010606791555,139400.0,9.133917919605766,139400.0,0.0,139400.0,0.0,139400.0,10.009479690296113,139400.0,16.107712555232737,139400.0,0.14900000000000002,139400.0,0.0,139400.0,10.02470923890054,139400.0,16.277308064881126,139400.0,0.14899999999999997,139400.0,0.14899999999999997,139400.0,9.100987546836501,139400.0,15.598616224539565,139400.0,0.0,139400.0,0.0,139400.0,6.701954799879509,139400.0,27.478034904651995,139400.0,0.0,139400.0,0.0,139400.0,23.37799766239067,139400.0,35.31939414822159,139400.0,0.50200004,139400.0,0.50200004
139600.0,5.887073894930852,139600.0,35.539556858981264,139600.0,0.0,139600.0,0.0,139600.0,1.2414193276845533,139600.0,18.612032190221257,139600.0,0.0,139600.0,0.0,139600.0,1.8449277387459244,139600.0,30.01374791328778,139600.0,0.0,139600.0,0.828,139600.0,1.8645409939310433,139600.0,30.064278897259545,139600.0,0.0,139600.0,0.0,139600.0,1.860216190958785,139600.0,29.983588967839726,139600.0,0.0,139600.0,0.04000000799999998,139600.0,-0.9843946880610224,139600.0,8.82027299022194,139600.0,0.0,139600.0,0.0,139600.0,10.000420771565373,139600.0,16.089956859526563,139600.0,0.14900000000000002,139600.0,0.0,139600.0,10.015269131195577,139600.0,16.25818767054224,139600.0,0.14899999999999997,139600.0,0.14899999999999997,139600.0,9.08627036860906,139600.0,15.568723012050702,139600.0,0.0,139600.0,0.0,139600.0,5.842001060942609,139600.0,36.091359567390114,139600.0,0.0,139600.0,0.0,139600.0,23.378893410028514,139600.0,35.24000993727365,139600.0,0.50200004,139600.0,0.50200004
139800.0,4.980945354787319,139800.0,35.09223598022366,139800.0,0.0,139800.0,0.0,139800.0,1.1406097486058477,139800.0,18.496631150803353,139800.0,0.0,139800.0,0.0,139800.0,1.8364314779840094,139800.0,30.15556310276768,139800.0,0.0,139800.0,0.828,139800.0,1.859597622957623,139800.0,30.226726578320047,139800.0,0.0,139800.0,0.0,139800.0,1.855096146718092,139800.0,30.14633064230584,139800.0,0.0,139800.0,0.04000000799999998,139800.0,-1.2243441037368359,139800.0,8.452495339938883,139800.0,0.0,139800.0,0.0,139800.0,9.98036557585304,139800.0,16.063738861673684,139800.0,0.14900000000000002,139800.0,0.0,139800.0,9.994785450597206,139800.0,16.23080855854475,139800.0,0.14899999999999997,139800.0,0.14899999999999997,139800.0,9.059926822794239,139800.0,15.533168977818818,139800.0,0.0,139800.0,0.0,139800.0,4.918063815941249,139800.0,34.71234894041237,139800.0,0.0,139800.0,0.0,139800.0,23.367609147417596,139800.0,35.11747372894116,139800.0,0.50200004,139800.0,0.50200004
140000.0,4.166392813178344,140000.0,30.511649521859372,140000.0,0.0,140000.0,0.0,140000.0,1.0423356574753242,140000.0,18.346964488012237,140000.0,0.0,140000.0,0.0,140000.0,1.8241646806937957,140000.0,30.310837052020354,140000.0,0.0,140000.0,0.828,140000.0,1.854255951671334,140000.0,30.411309302656132,140000.0,0.0,140000.0,0.0,140000.0,1.849771351275929,140000.0,30.330281995991395,140000.0,0.0,140000.0,0.04000000799999998,140000.0,-1.250978106927398,140000.0,8.333765166677964,140000.0,0.0,140000.0,0.0,140000.0,9.964908266857174,140000.0,16.031767754195137,140000.0,0.14900000000000002,140000.0,0.0,140000.0,9.978994112135666,140000.0,16.197764299598465,140000.0,0.14899999999999997,140000.0,0.14899999999999997,140000.0,9.04776344280759,140000.0,15.506969553483328,140000.0,0.0,140000.0,0.0,140000.0,4.138790703708981,140000.0,30.301728976379298,140000.0,0.0,140000.0,0.0,140000.0,23.34397658186756,140000.0,34.924680487761016,140000.0,0.50200004,140000.0,0.50200004
140200.0,6.805116185120085,140200.0,27.5479668948672,140200.0,0.0,140200.0,0.0,140200.0,1.0290103669089867,140200.0,18.216429662950024,140200.0,0.0,140200.0,0.0,140200.0,1.8137798781419519,140200.0,30.45386133964501,140200.0,0.0,140200.0,0.828,140200.0,1.8501226672719289,140200.0,30.557852058523025,140200.0,0.0,140200.0,0.0,140200.0,1.8455425170439645,140200.0,30.47539020879186,140200.0,0.0,140200.0,0.04000000799999998,140200.0,-1.2315027362681659,140200.0,8.334936743572671,140200.0,0.0,140200.0,0.0,140200.0,9.95671042516956,140200.0,16.00892836504568,140200.0,0.14900000000000002,140200.0,0.0,140200.0,9.970484037775273,140200.0,16.173738096921326,140200.0,0.14899999999999997,140200.0,0.14899999999999997,140200.0,9.042816672398303,140200.0,15.49341273654588,140200.0,0.0,140200.0,0.0,140200.0,7.283513467591467,140200.0,27.43416392481259,140200.0,0.0,140200.0,0.0,140200.0,23.324904473171163,140200.0,34.74801285487556,140200.0,0.50200004,140200.0,0.50200004
140400.0,9.341942992138641,140400.0,35.43632611979957,140400.0,0.0,140400.0,0.0,140400.0,1.0383177703257882,140400.0,18.29055383013505,140400.0,0.0,140400.0,0.0,140400.0,1.8071192567160552,140400.0,30.57380422981144,140400.0,0.0,140400.0,0.828,140400.0,1.843396359542109,140400.0,30.67394132828412,140400.0,0.0,140400.0,0.0,140400.0,1.838776852871839,140400.0,30.590528202656813,140400.0,0.0,140400.0,0.04000000799999998,140400.0,-1.1663852778530936,140400.0,8.377110779207086,140400.0,0.0,140400.0,0.0,140400.0,9.94239389787954,140400.0,15.993756327670166,140400.0,0.14900000000000002,140400.0,0.0,140400.0,9.95533650981218,140400.0,16.157465814115728,140400.0,0.14899999999999997,140400.0,0.14899999999999997,140400.0,9.03620173778492,140400.0,15.48655034523092,140400.0,0.0,140400.0,0.0,140400.0,9.052724318239845,140400.0,35.959171294932,140400.0,0.0,140400.0,0.0,140400.0,23.28211339320592,140400.0,34.61301297124883,140400.0,0.50200004,140400.0,0.50200004
140600.0,7.348658915053728,140600.0,34.674373747751076,140600.0,0.0,140600.0,0.0,140600.0,1.0418211042502745,140600.0,18.321024957378985,140600.0,0.0,140600.0,0.0,140600.0,1.8011458278448185,140600.0,30.710065956672583,140600.0,0.0,140600.0,0.828,140600.0,1.8383033776728293,140600.0,30.842908763610378,140600.0,0.0,140600.0,0.0,140600.0,1.8337676966851995,140600.0,30.760128500625576,140600.0,0.0,140600.0,0.04000000799999998,140600.0,-1.0998192059825134,140600.0,8.50007593678539,140600.0,0.0,140600.0,0.0,140600.0,9.933450713160122,140600.0,15.973401055566095,140600.0,0.14900000000000002,140600.0,0.0,140600.0,9.945581737802925,140600.0,16.135050826655945,140600.0,0.14899999999999997,140600.0,0.14899999999999997,140600.0,9.033757897264609,140600.0,15.480838458984786,140600.0,0.0,140600.0,0.0,140600.0,7.216166999880966,140600.0,34.30188998563964,140600.0,0.0,140600.0,0.0,140600.0,23.247255584462806,140600.0,34.4042151759844,140600.0,0.50200004,140600.0,0.50200004
140800.0,6.178043858318553,140800.0,30.140471497634305,140800.0,0.0,140800.0,0.0,140800.0,1.0451594870763241,140800.0,18.324515348462345,140800.0,0.0,140800.0,0.0,140800.0,1.7955670849761312,140800.0,30.857194619399472,140800.0,0.0,140800.0,0.828,140800.0,1.8338535004783945,140800.0,31.005297570192404,140800.0,0.0,140800.0,0.0,140800.0,1.8293942047260616,140800.0,30.92274769090248,140800.0,0.0,140800.0,0.04000000799999998,140800.0,-1.02920472509879,140800.0,8.683983261767295,140800.0,0.0,140800.0,0.0,140800.0,9.926919192828578,140800.0,15.959327828127348,140800.0,0.14900000000000002,140800.0,0.0,140800.0,9.938282669503298,140800.0,16.11893079755134,140800.0,0.14899999999999997,140800.0,0.14899999999999997,140800.0,9.03310942055186,140800.0,15.481973529863643,140800.0,0.0,140800.0,0.0,140800.0,6.103698183587883,140800.0,29.93374971041926,140800.0,0.0,140800.0,0.0,140800.0,23.21725620876902,140800.0,34.2152870587394,140800.0,0.50200004,140800.0,0.50200004
141000.0,5.390334531813575,141000.0,27.322268257293317,141000.0,0.0,141000.0,0.0,141000.0,1.0474302130739819,141000.0,18.318065869871784,141000.0,0.0,141000.0,0.0,141000.0,1.7906176196288033,141000.0,30.984380297903453,141000.0,0.0,141000.0,0.828,141000.0,1.8302124142172305,141000.0,31.126296868631464,141000.0,0.0,141000.0,0.0,141000.0,1.8258172790636464,141000.0,31.043809494089846,141000.0,0.0,141000.0,0.04000000799999998,141000.0,-0.96420002840689,141000.0,8.849630623331219,141000.0,0.0,141000.0,0.0,141000.0,9.92241465552128,141000.0,15.953394106122756,141000.0,0.14900000000000002,141000.0,0.0,141000.0,9.933148443085319,141000.0,16.11176120870073,141000.0,0.14899999999999997,141000.0,0.14899999999999997,141000.0,9.033503104186671,141000.0,15.487018695358467,141000.0,0.0,141000.0,0.0,141000.0,5.340333353280309,141000.0,27.185964058237058,141000.0,0.0,141000.0,0.0,141000.0,23.19389607912134,141000.0,34.10370898121061,141000.0,0.50200004,141000.0,0.50200004
141200.0,4.815986680095276,141200.0,35.22595395176472,141200.0,0.0,141200.0,0.0,141200.0,1.0482058405087367,141200.0,18.49551869989245,141200.0,0.0,141200.0,0.0,141200.0,1.786309527961355,141200.0,31.098787024226475,141200.0,0.0,141200.0,0.828,141200.0,1.8272056060576165,141200.0,31.244361480434343,141200.0,0.0,141200.0,0.0,141200.0,1.822864325144961,141200.0,31.16232149837696,141200.0,0.0,141200.0,0.04000000799999998,141200.0,-0.9060672639363929,141200.0,9.043154564797339,141200.0,0.0,141200.0,0.0,141200.0,9.919228947022619,141200.0,15.950522290753055,141200.0,0.14900000000000002,141200.0,0.0,141200.0,9.929456024758922,141200.0,16.107861980592986,141200.0,0.14899999999999997,141200.0,0.14899999999999997,141200.0,9.03441952480827,141200.0,15.49568078440428,141200.0,0.0,141200.0,0.0,141200.0,4.778370700619445,141200.0,35.779785010089476,141200.0,0.0,141200.0,0.0,141200.0,23.175719711900562,141200.0,34.01695986484397,141200.0,0.50200004,141200.0,0.50200004
141400.0,4.377769025385081,141400.0,34.54590877580639,141400.0,0.0,141400.0,0.0,141400.0,1.0477106451163536,141400.0,18.57880268221684,141400.0,0.0,141400.0,0.0,141400.0,1.782593622288846,141400.0,30.529932814080592,141400.0,0.0,141400.0,0.0,141400.0,1.8246830608381712,141400.0,31.02644758175684,141400.0,0.0,141400.0,0.0,141400.0,1.820390041452347,141400.0,31.013789958222805,141400.0,0.0,141400.0,0.04000000799999998,141400.0,-0.8543339667111929,141400.0,9.342390573426703,141400.0,0.0,141400.0,0.0,141400.0,9.91690182009907,141400.0,15.951898337210212,141400.0,0.14900000000000002,141400.0,0.0,141400.0,9.926728861626218,141400.0,16.108357663482533,141400.0,0.14899999999999997,141400.0,0.14899999999999997,141400.0,9.035572937385275,141400.0,15.513829099004536,141400.0,0.0,141400.0,0.0,141400.0,4.346691973285557,141400.0,34.17984426104298,141400.0,0.0,141400.0,0.0,141400.0,23.161370565870495,141400.0,33.92543900056271,141400.0,0.50200004,141400.0,0.50200004
141600.0,4.010605973108833,141600.0,30.147848787007035,141600.0,0.0,141600.0,0.0,141600.0,1.0464529348028146,141600.0,18.59060329890459,141600.0,0.0,141600.0,0.0,141600.0,1.779298941268193,141600.0,30.136450363024757,141600.0,0.0,141600.0,0.0,141600.0,1.8222729433313314,141600.0,30.751931204937538,141600.0,0.0,141600.0,0.0,141600.0,1.8180245915830573,141600.0,30.74018626169983,141600.0,0.0,141600.0,0.04000000799999998,141600.0,-0.8020835195996131,141600.0,9.628824486580926,141600.0,0.0,141600.0,0.0,141600.0,9.914928507298882,141600.0,15.958154587329487,141600.0,0.14900000000000002,141600.0,0.0,141600.0,9.924412678680742,141600.0,16.11463196227367,141600.0,0.14899999999999997,141600.0,0.14899999999999997,141600.0,9.036986921368314,141600.0,15.53482178944875,141600.0,0.0,141600.0,0.0,141600.0,3.9808304020777565,141600.0,29.958103819891267,141600.0,0.0,141600.0,0.0,141600.0,23.148372166174454,141600.0,33.87765331031345,141600.0,0.50200004,141600.0,0.50200004
141800.0,10.196313292510375,141800.0,27.339967262996936,141800.0,0.0,141800.0,0.0,141800.0,1.1515542627517725,141800.0,18.577403354811818,141800.0,0.0,141800.0,0.0,141800.0,1.7783110281720564,141800.0,29.857919308439158,141800.0,0.0,141800.0,0.0,141800.0,1.8180009761410982,141800.0,30.52061037921723,141800.0,0.0,141800.0,0.0,141800.0,1.8136920103117589,141800.0,30.509283907646818,141800.0,0.0,141800.0,0.04000000799999998,141800.0,-0.6847443602740471,141800.0,9.874939948284288,141800.0,0.0,141800.0,0.0,141800.0,9.911421877974107,141800.0,15.9663859388842,141800.0,0.14900000000000002,141800.0,0.0,141800.0,9.920330851131663,141800.0,16.123483393399024,141800.0,0.14899999999999997,141800.0,0.14899999999999997,141800.0,9.04081177565106,141800.0,15.554806291315263,141800.0,0.0,141800.0,0.0,141800.0,10.237648652483426,141800.0,27.22512494519704,141800.0,0.0,141800.0,0.0,141800.0,23.122994638977726,141800.0,33.86835825235867,141800.0,0.50200004,141800.0,0.50200004
142000.0,7.870302810683299,142000.0,35.47744744489687,142000.0,0.0,142000.0,0.0,142000.0,1.2082192503323381,142000.0,18.737410557412332,142000.0,0.0,142000.0,0.0,142000.0,1.779563787460236,142000.0,29.598010708630618,142000.0,0.0,142000.0,0.0,142000.0,1.8134166205071425,142000.0,30.222484118105537,142000.0,0.0,142000.0,0.0,142000.0,1.8092628325067723,142000.0,30.21031028520559,142000.0,0.0,142000.0,0.04000000799999998,142000.0,-0.4906748758739222,142000.0,10.233580773442537,142000.0,0.0,142000.0,0.0,142000.0,9.907683293330422,142000.0,15.982946725047428,142000.0,0.14900000000000002,142000.0,0.0,142000.0,9.91614987963475,142000.0,16.141878642016966,142000.0,0.14899999999999997,142000.0,0.14899999999999997,142000.0,9.048716933275117,142000.0,15.587974459885716,142000.0,0.0,142000.0,0.0,142000.0,7.826226165217737,142000.0,36.023372019363734,142000.0,0.0,142000.0,0.0,142000.0,23.090244942648138,142000.0,33.892706935813486,142000.0,0.50200004,142000.0,0.50200004
142200.0,6.581132290865888,142200.0,34.773319532106996,142200.0,0.0,142200.0,0.0,142200.0,1.2643434306394892,142200.0,18.82411796335864,142200.0,0.0,142200.0,0.0,142200.0,1.7814006272319158,142200.0,29.343212419663253,142200.0,0.0,142200.0,0.0,142200.0,1.810577583962078,142200.0,29.942830151011602,142200.0,0.0,142200.0,0.0,142200.0,1.8065296212406203,142200.0,29.93099633005116,142200.0,0.0,142200.0,0.04000000799999998,142200.0,-0.3254071556439903,142200.0,10.585031811136151,142200.0,0.0,142200.0,0.0,142200.0,9.906313823945764,142200.0,16.004396204519175,142200.0,0.14900000000000002,142200.0,0.0,142200.0,9.914855326107757,142200.0,16.166013150771672,142200.0,0.14899999999999997,142200.0,0.14899999999999997,142200.0,9.056587164787848,142200.0,15.624821832194996,142200.0,0.0,142200.0,0.0,142200.0,6.529082249158798,142200.0,34.407473093745324,142200.0,0.0,142200.0,0.0,142200.0,23.071875628870878,142200.0,33.950641867638616,142200.0,0.50200004,142200.0,0.50200004
142400.0,5.71436316692293,142400.0,30.46496679101855,142400.0,0.0,142400.0,0.0,142400.0,1.3144736408153173,142400.0,18.861070404256736,142400.0,0.0,142400.0,0.0,142400.0,1.7835941988550523,142400.0,29.1135134318338,142400.0,0.0,142400.0,0.0,142400.0,1.8089931056857973,142400.0,29.712424872758586,142400.0,0.0,142400.0,0.0,142400.0,1.8050362076308422,142400.0,29.70102294177872,142400.0,0.0,142400.0,0.04000000799999998,142400.0,-0.19840712369898691,142400.0,10.86454132035943,142400.0,0.0,142400.0,0.0,142400.0,9.906147807938934,142400.0,16.025008243231184,142400.0,0.14900000000000002,142400.0,0.0,142400.0,9.914966581069299,142400.0,16.189156727535906,142400.0,0.14899999999999997,142400.0,0.14899999999999997,142400.0,9.063144684553166,142400.0,15.656723500216508,142400.0,0.0,142400.0,0.0,142400.0,5.669823315594862,142400.0,30.260998470792117,142400.0,0.0,142400.0,0.0,142400.0,23.063105467447304,142400.0,34.02277018408752,142400.0,0.50200004,142400.0,0.50200004
142600.0,5.093088869295486,142600.0,27.577787875915757,142600.0,0.0,142600.0,0.0,142600.0,1.3563025847180514,142600.0,18.865234453780822,142600.0,0.0,142600.0,0.0,142600.0,1.7857755356460179,142600.0,28.900514833987756,142600.0,0.0,142600.0,0.0,142600.0,1.808141942280688,142600.0,29.483539584012096,142600.0,0.0,142600.0,0.0,142600.0,1.804269056425195,142600.0,29.47160107339728,142600.0,0.0,142600.0,0.04000000799999998,142600.0,-0.09964958534024987,142600.0,11.142208192829006,142600.0,0.0,142600.0,0.0,142600.0,9.906480170205814,142600.0,16.04915839888234,142600.0,0.14900000000000002,142600.0,0.0,142600.0,9.91563340404258,142600.0,16.216115254078964,142600.0,0.14899999999999997,142600.0,0.14899999999999997,142600.0,9.068498607707186,142600.0,15.691222609152156,142600.0,0.0,142600.0,0.0,142600.0,5.0556209207255876,142600.0,27.43194437220219,142600.0,0.0,142600.0,0.0,142600.0,23.059384042376234,142600.0,34.12703141636746,142600.0,0.50200004,142600.0,0.50200004
142800.0,4.6332138647620065,142800.0,35.699010460110316,142800.0,0.0,142800.0,0.0,142800.0,1.389733760180078,142800.0,19.046657372551863,142800.0,0.0,142800.0,0.0,142800.0,1.7877277061117867,142800.0,28.672837247975224,142800.0,0.0,142800.0,0.0,142800.0,1.8077286864514466,142800.0,29.225371123006504,142800.0,0.0,142800.0,0.0,142800.0,1.803930104498398,142800.0,29.213946784613338,142800.0,0.0,142800.0,0.04000000799999998,142800.0,-0.022893162998823654,142800.0,11.449019711569932,142800.0,0.0,142800.0,0.0,142800.0,9.907000621263027,142800.0,16.082208890101477,142800.0,0.14900000000000002,142800.0,0.0,142800.0,9.916482830204915,142800.0,16.252667825953186,142800.0,0.14899999999999997,142800.0,0.14899999999999997,142800.0,9.07280296771547,142800.0,15.735001978434935,142800.0,0.0,142800.0,0.0,142800.0,4.601851025690643,142800.0,36.2383243503431,142800.0,0.0,142800.0,0.0,142800.0,23.058388593427534,142800.0,34.275872650533564,142800.0,0.50200004,142800.0,0.50200004
143000.0,4.283428513214953,143000.0,35.04566238703199,143000.0,0.0,143000.0,0.0,143000.0,1.4158950766036074,143000.0,19.146951149519403,143000.0,0.0,143000.0,0.0,143000.0,1.7893825916607224,143000.0,28.457716133934838,143000.0,0.0,143000.0,0.0,143000.0,1.8075669210595862,143000.0,28.990820531357617,143000.0,0.0,143000.0,0.0,143000.0,1.8038324500866298,143000.0,28.98018938344225,143000.0,0.0,143000.0,0.04000000799999998,143000.0,0.03747145979266757,143000.0,11.715670412233873,143000.0,0.0,143000.0,0.0,143000.0,9.907570108759819,143000.0,16.116054406071097,143000.0,0.14900000000000002,143000.0,0.0,143000.0,9.917348634300287,143000.0,16.289530842102508,143000.0,0.14899999999999997,143000.0,0.14899999999999997,143000.0,9.076278809200724,143000.0,15.777241625666331,143000.0,0.0,143000.0,0.0,143000.0,4.257373788375172,143000.0,34.6767921471717,143000.0,0.0,143000.0,0.0,143000.0,23.058808597592197,143000.0,34.43120752396825,143000.0,0.50200004,143000.0,0.50200004
143200.0,4.01862483038926,143200.0,30.74066552481061,143200.0,0.0,143200.0,0.0,143200.0,1.4363379121736681,143200.0,19.186838061646668,143200.0,0.0,143200.0,0.0,143200.0,1.7907436272070956,143200.0,28.259591594158245,143200.0,0.0,143200.0,0.0,143200.0,1.807548132954719,143200.0,28.791221496641565,143200.0,0.0,143200.0,0.0,143200.0,1.8038704273570751,143200.0,28.781706735599037,143200.0,0.0,143200.0,0.04000000799999998,143200.0,0.08550579127170035,143200.0,11.92394505805286,143200.0,0.0,143200.0,0.0,143200.0,9.908124539195123,143200.0,16.146251691821067,143200.0,0.14900000000000002,143200.0,0.0,143200.0,9.91815904083978,143200.0,16.321911147024533,143200.0,0.14899999999999997,143200.0,0.14899999999999997,143200.0,9.079098124652724,143200.0,15.813369608346868,143200.0,0.0,143200.0,0.0,143200.0,3.9954094924789203,143200.0,30.54324206228046,143200.0,0.0,143200.0,0.0,143200.0,23.05992950413528,143200.0,34.578998791566015,143200.0,0.50200004,143200.0,0.50200004
143400.0,10.625197453933641,143400.0,27.70686523658249,143400.0,0.0,143400.0,0.0,143400.0,1.5913787745784158,143400.0,19.17999592180368,143400.0,0.0,143400.0,0.0,143400.0,1.7966006986326524,143400.0,28.056360570115693,143400.0,0.0,143400.0,0.0,143400.0,1.8095474675322598,143400.0,28.55999005134791,143400.0,0.0,143400.0,0.0,143400.0,1.8058880180719596,143400.0,28.550771132861,143400.0,0.0,143400.0,0.04000000799999998,143400.0,0.3861909131605013,143400.0,12.116539136379677,143400.0,0.0,143400.0,0.0,143400.0,9.91429538632461,143400.0,16.18554382583958,143400.0,0.14900000000000002,143400.0,0.0,143400.0,9.926095479287463,143400.0,16.36275642136955,143400.0,0.14899999999999997,143400.0,0.14899999999999997,143400.0,9.09623842865401,143400.0,15.85279668755085,143400.0,0.0,143400.0,0.0,143400.0,10.682560751771792,143400.0,27.575819351551264,143400.0,0.0,143400.0,0.0,143400.0,23.088323771983937,143400.0,34.778833840654656,143400.0,0.50200004,143400.0,0.50200004
143600.0,8.046318335714629,143600.0,35.90743383968871,143600.0,0.0,143600.0,0.0,143600.0,1.6717288399827106,143600.0,19.31554377733846,143600.0,0.0,143600.0,0.0,143600.0,1.8077880618644209,143600.0,27.85225129296545,143600.0,0.0,143600.0,0.0,143600.0,1.81449359284896,143600.0,28.337688481547758,143600.0,0.0,143600.0,0.0,143600.0,1.8110172860681366,143600.0,28.328475412257806,143600.0,0.0,143600.0,0.04000000799999998,143600.0,0.4294286336454803,143600.0,12.058786653852538,143600.0,0.0,143600.0,0.0,143600.0,9.919846601792035,143600.0,16.22041031309833,143600.0,0.14900000000000002,143600.0,0.0,143600.0,9.932858296439347,143600.0,16.39776213174901,143600.0,0.14899999999999997,143600.0,0.14899999999999997,143600.0,9.095529484086596,143600.0,15.871746255830699,143600.0,0.0,143600.0,0.0,143600.0,7.989760649184939,143600.0,36.4524491074967,143600.0,0.0,143600.0,0.0,143600.0,23.15645850598298,143600.0,34.97769572767647,143600.0,0.50200004,143600.0,0.50200004
143800.0,6.393813525268113,143800.0,35.242662987306275,143800.0,0.0,143800.0,0.0,143800.0,1.7002096268584008,143800.0,19.307470590954246,143800.0,0.0,143800.0,0.0,143800.0,1.818557491822418,143800.0,27.656279828712115,143800.0,0.0,143800.0,0.0,143800.0,1.8207564726850602,143800.0,28.124272469368563,143800.0,0.0,143800.0,0.0,143800.0,1.817291360924122,143800.0,28.115410294327674,143800.0,0.0,143800.0,0.04000000799999998,143800.0,0.3222862978813102,143800.0,11.849878761486966,143800.0,0.0,143800.0,0.0,143800.0,9.921086238111567,143800.0,16.247469356930168,143800.0,0.14900000000000002,143800.0,0.0,143800.0,9.935172314610691,143800.0,16.424547532864693,143800.0,0.14899999999999997,143800.0,0.14899999999999997,143800.0,9.082449084830264,143800.0,15.876012231112169,143800.0,0.0,143800.0,0.0,143800.0,6.33295932908008,143800.0,34.87515537868521,143800.0,0.0,143800.0,0.0,143800.0,23.25089579828386,143800.0,35.16321347033021,143800.0,0.50200004,143800.0,0.50200004
144000.0,5.198265839806396,144000.0,30.774933945024543,144000.0,0.0,144000.0,0.0,144000.0,1.6742912845411302,144000.0,19.192492252135228,144000.0,0.0,144000.0,0.0,144000.0,1.8262959287989546,144000.0,27.814595078448185,144000.0,0.0,144000.0,0.828,144000.0,1.8268784075134095,144000.0,28.054523039280166,144000.0,0.0,144000.0,0.0,144000.0,1.8233374275340324,144000.0,27.993077097386337,144000.0,0.0,144000.0,0.04000000799999998,144000.0,0.11414264903143057,144000.0,11.539316395419595,144000.0,0.0,144000.0,0.0,144000.0,9.916405333463628,144000.0,16.26553950289689,144000.0,0.14900000000000002,144000.0,0.0,144000.0,9.931373853237039,144000.0,16.44213361319785,144000.0,0.14899999999999997,144000.0,0.14899999999999997,144000.0,9.06077143858742,144000.0,15.869501546468243,144000.0,0.0,144000.0,0.0,144000.0,5.148105989137544,144000.0,30.57145061464316,144000.0,0.0,144000.0,0.0,144000.0,23.34958161715034,144000.0,35.33055691968929,144000.0,0.50200004,144000.0,0.50200004
144200.0,4.43527382080335,144200.0,27.771997331795145,144200.0,0.0,144200.0,0.0,144200.0,1.6131072418292105,144200.0,19.05221247222644,144200.0,0.0,144200.0,0.0,144200.0,1.8292645535045426,144200.0,28.26198988045457,144200.0,0.0,144200.0,0.828,144200.0,1.8299825951161797,144200.0,28.309710873042018,144200.0,0.0,144200.0,0.0,144200.0,1.826320489136748,144200.0,28.239248747778824,144200.0,0.0,144200.0,0.04000000799999998,144200.0,-0.03469825804400614,144200.0,11.157173836063263,144200.0,0.0,144200.0,0.0,144200.0,9.911159506845877,144200.0,16.274444961003784,144200.0,0.14900000000000002,144200.0,0.0,144200.0,9.92643704013533,144200.0,16.450293611152556,144200.0,0.14899999999999997,144200.0,0.14899999999999997,144200.0,9.046066820376756,144200.0,15.854027814957506,144200.0,0.0,144200.0,0.0,144200.0,4.401246043383365,144200.0,27.64199259594142,144200.0,0.0,144200.0,0.0,144200.0,23.39670656581459,144200.0,35.45942139140228,144200.0,0.50200004,144200.0,0.50200004
144400.0,3.8783866576731683,144400.0,35.976275419325766,144400.0,0.0,144400.0,0.0,144400.0,1.5372129386422746,144400.0,19.070083549793083,144400.0,0.0,144400.0,0.0,144400.0,1.8284582688210445,144400.0,28.557775724596706,144400.0,0.0,144400.0,0.828,144400.0,1.8317682417633196,144400.0,28.5575352690116,144400.0,0.0,144400.0,0.0,144400.0,1.8280186470265931,144400.0,28.48266488909393,144400.0,0.0,144400.0,0.04000000799999998,144400.0,-0.1722059762464283,144400.0,10.737856364677778,144400.0,0.0,144400.0,0.0,144400.0,9.90558757020537,144400.0,16.274577019283136,144400.0,0.14900000000000002,144400.0,0.0,144400.0,9.92101254137107,144400.0,16.449387001407764,144400.0,0.14899999999999997,144400.0,0.14899999999999997,144400.0,9.03284367992846,144400.0,15.83128903662479,144400.0,0.0,144400.0,0.0,144400.0,3.8495438821749386,144400.0,36.51961279782356,144400.0,0.0,144400.0,0.0,144400.0,23.429335011475644,144400.0,35.5304791400236,144400.0,0.50200004,144400.0,0.50200004
144600.0,10.280316620875475,144600.0,35.39998414948977,144600.0,0.0,144600.0,0.0,144600.0,1.5573429142711368,144600.0,18.987355095597103,144600.0,0.0,144600.0,0.0,144600.0,1.8284985229005417,144600.0,28.79423662531018,144600.0,0.0,144600.0,0.828,144600.0,1.8331989667009443,144600.0,28.781759584300893,144600.0,0.0,144600.0,0.0,144600.0,1.8292380738260328,144600.0,28.70547189294368,144600.0,0.0,144600.0,0.04000000799999998,144600.0,-0.32148888995314906,144600.0,10.32738270920954,144600.0,0.0,144600.0,0.0,144600.0,9.898749809023647,144600.0,16.267892812943632,144600.0,0.14900000000000002,144600.0,0.0,144600.0,9.914204272511977,144600.0,16.441489396805068,144600.0,0.14899999999999997,144600.0,0.14899999999999997,144600.0,9.018295364492598,144600.0,15.80485443918026,144600.0,0.0,144600.0,0.0,144600.0,10.337956417518408,144600.0,35.02688852573248,144600.0,0.0,144600.0,0.0,144600.0,23.456519829604435,144600.0,35.54522654942878,144600.0,0.50200004,144600.0,0.50200004
144800.0,8.059462302233028,144800.0,31.049326461436983,144800.0,0.0,144800.0,0.0,144800.0,1.4986412385473595,144800.0,18.82975481746561,144800.0,0.0,144800.0,0.0,144800.0,1.8293080612555603,144800.0,28.998228518050958,144800.0,0.0,144800.0,0.828,144800.0,1.8347068648302263,144800.0,28.9836233120958,144800.0,0.0,144800.0,0.0,144800.0,1.8307189779084876,144800.0,28.905585844099345,144800.0,0.0,144800.0,0.04000000799999998,144800.0,-0.5147904968595722,144800.0,9.94181928056707,144800.0,0.0,144800.0,0.0,144800.0,9.888543257833193,144800.0,16.25653198441287,144800.0,0.14900000000000002,144800.0,0.0,144800.0,9.903859022274514,144800.0,16.428800525497042,144800.0,0.14899999999999997,144800.0,0.14899999999999997,144800.0,8.998529546237776,144800.0,15.776209970283226,144800.0,0.0,144800.0,0.0,144800.0,8.019820443550334,144800.0,30.84918659211701,144800.0,0.0,144800.0,0.0,144800.0,23.481793726507345,144800.0,35.5280765831211,144800.0,0.50200004,144800.0,0.50200004
145000.0,6.81512761942804,145000.0,27.944956890295586,145000.0,0.0,145000.0,0.0,145000.0,1.4234250726148483,145000.0,18.625055150667837,145000.0,0.0,145000.0,0.0,145000.0,1.8273699154145842,145000.0,29.19358041754224,145000.0,0.0,145000.0,0.828,145000.0,1.835225379660498,145000.0,29.212880082242247,145000.0,0.0,145000.0,0.0,145000.0,1.8311427706442562,145000.0,29.134211033052495,145000.0,0.0,145000.0,0.04000000799999998,145000.0,-0.6765318384114912,145000.0,9.442470263395604,145000.0,0.0,145000.0,0.0,145000.0,9.879240419653046,145000.0,16.23532477258421,145000.0,0.14900000000000002,145000.0,0.0,145000.0,9.894262782652445,145000.0,16.405648257931524,145000.0,0.14899999999999997,145000.0,0.14899999999999997,145000.0,8.98173232378991,145000.0,15.733889163239288,145000.0,0.0,145000.0,0.0,145000.0,6.765941571907045,145000.0,27.81047591819707,145000.0,0.0,145000.0,0.0,145000.0,23.49320521433031,145000.0,35.46276885868885,145000.0,0.50200004,145000.0,0.50200004
145200.0,5.956728595356549,145200.0,36.044332921266175,145200.0,0.0,145200.0,0.0,145200.0,1.3401271015693175,145200.0,18.579847808907953,145200.0,0.0,145200.0,0.0,145200.0,1.823142618945841,145200.0,29.388003849002263,145200.0,0.0,145200.0,0.828,145200.0,1.834843908597876,145200.0,29.43022441561526,145200.0,0.0,145200.0,0.0,145200.0,1.8306669997687959,145200.0,29.35059982150596,145200.0,0.0,145200.0,0.04000000799999998,145200.0,-0.806994299290008,145200.0,8.935463527207535,145200.0,0.0,145200.0,0.0,145200.0,9.87132997059784,145200.0,16.206794686055336,145200.0,0.14900000000000002,145200.0,0.0,145200.0,9.886022754299955,145200.0,16.37494081180015,145200.0,0.14899999999999997,145200.0,0.14899999999999997,145200.0,8.968094114842243,145200.0,15.685148506305833,145200.0,0.0,145200.0,0.0,145200.0,5.911953066645713,145200.0,36.584889858426024,145200.0,0.0,145200.0,0.0,145200.0,23.496616335577556,145200.0,35.342210069293635,145200.0,0.50200004,145200.0,0.50200004
145400.0,5.2032029588383875,145400.0,35.47449073782111,145400.0,0.0,145400.0,0.0,145400.0,1.2472109681542038,145400.0,18.44398530105322,145400.0,0.0,145400.0,0.0,145400.0,1.8170122595966205,145400.0,29.56028561634999,145400.0,0.0,145400.0,0.828,145400.0,1.8334015239746932,145400.0,29.605242041026514,145400.0,0.0,145400.0,0.0,145400.0,1.829125730005543,145400.0,29.525754843059364,145400.0,0.0,145400.0,0.04000000799999998,145400.0,-0.9569827923526,145400.0,8.527271538934937,145400.0,0.0,145400.0,0.0,145400.0,9.861755527933067,145400.0,16.17956615373547,145400.0,0.14900000000000002,145400.0,0.0,145400.0,9.876043722790419,145400.0,16.346067318594283,145400.0,0.14899999999999997,145400.0,0.14899999999999997,145400.0,8.952482778941876,145400.0,15.643805192956611,145400.0,0.0,145400.0,0.0,145400.0,5.156977195990201,145400.0,35.08944232283535,145400.0,0.0,145400.0,0.0,145400.0,23.49500719387544,145400.0,35.213213382534015,145400.0,0.50200004,145400.0,0.50200004
145600.0,4.256555154947131,145600.0,30.80774105096431,145600.0,0.0,145600.0,0.0,145600.0,1.1363078752720965,145600.0,18.255413284696328,145600.0,0.0,145600.0,0.0,145600.0,1.8070293686353043,145600.0,29.733713566619695,145600.0,0.0,145600.0,0.828,145600.0,1.828186404505211,145600.0,29.805633440702202,145600.0,0.0,145600.0,0.0,145600.0,1.8238027445702936,145600.0,29.725393859173508,145600.0,0.0,145600.0,0.04000000799999998,145600.0,-1.1519873941166359,145600.0,8.243190944569548,145600.0,0.0,145600.0,0.0,145600.0,9.8380770240494,145600.0,16.143535683028492,145600.0,0.14900000000000002,145600.0,0.0,145600.0,9.851932649645265,145600.0,16.309036333870363,145600.0,0.14899999999999997,145600.0,0.14899999999999997,145600.0,8.927300559288602,145600.0,15.606619457834107,145600.0,0.0,145600.0,0.0,145600.0,4.2156989954708335,145600.0,30.59392526024937,145600.0,0.0,145600.0,0.0,145600.0,23.469461892355987,145600.0,35.02464211307577,145600.0,0.50200004,145600.0,0.50200004
145800.0,6.803014358557062,145800.0,27.637562934574245,145800.0,0.0,145800.0,0.0,145800.0,1.1075592426931258,145800.0,18.0868246561642,145800.0,0.0,145800.0,0.0,145800.0,1.796548574467509,145800.0,29.89977460221427,145800.0,0.0,145800.0,0.828,145800.0,1.8246658870295447,145800.0,29.994671983162718,145800.0,0.0,145800.0,0.0,145800.0,1.8201924258109865,145800.0,29.913923102349933,145800.0,0.0,145800.0,0.04000000799999998,145800.0,-1.1367812106056645,145800.0,8.212363550429,145800.0,0.0,145800.0,0.0,145800.0,9.829018201398195,145800.0,16.110287168320067,145800.0,0.14900000000000002,145800.0,0.0,145800.0,9.842535775892909,145800.0,16.27455232154648,145800.0,0.14899999999999997,145800.0,0.14899999999999997,145800.0,8.92161645836742,145800.0,15.583554628822604,145800.0,0.0,145800.0,0.0,145800.0,7.286204072704745,145800.0,27.500105819437803,145800.0,0.0,145800.0,0.0,145800.0,23.44824836255733,145800.0,34.80171024545187,145800.0,0.50200004,145800.0,0.50200004
146000.0,9.349798094484903,146000.0,35.54242213266397,146000.0,0.0,146000.0,0.0,146000.0,1.1088036954541383,146000.0,18.139949431046364,146000.0,0.0,146000.0,0.0,146000.0,1.7903613598572563,146000.0,30.049242141527294,146000.0,0.0,146000.0,0.828,146000.0,1.819876942020808,146000.0,30.13369596211096,146000.0,0.0,146000.0,0.0,146000.0,1.815372161275214,146000.0,30.051017292541903,146000.0,0.0,146000.0,0.04000000799999998,146000.0,-1.081908398671864,146000.0,8.248728711650191,146000.0,0.0,146000.0,0.0,146000.0,9.816319078968899,146000.0,16.08935812243111,146000.0,0.14900000000000002,146000.0,0.0,146000.0,9.829109757522284,146000.0,16.252464890902626,146000.0,0.14899999999999997,146000.0,0.14899999999999997,146000.0,8.915775126905547,146000.0,15.57238864933434,146000.0,0.0,146000.0,0.0,146000.0,9.065616283043314,146000.0,36.0564218994926,146000.0,0.0,146000.0,0.0,146000.0,23.408423537049906,146000.0,34.630155237490534,146000.0,0.50200004,146000.0,0.50200004
146200.0,7.386030560157217,146200.0,34.844633446386666,146200.0,0.0,146200.0,0.0,146200.0,1.106067608175763,146200.0,18.150157588585333,146200.0,0.0,146200.0,0.0,146200.0,1.78502935184406,146200.0,30.190816274302033,146200.0,0.0,146200.0,0.828,146200.0,1.8160287009650575,146200.0,30.297256564436434,146200.0,0.0,146200.0,0.0,146200.0,1.8115973032862152,146200.0,30.215400209109117,146200.0,0.0,146200.0,0.04000000799999998,146200.0,-1.0225836528693704,146200.0,8.346484703261268,146200.0,0.0,146200.0,0.0,146200.0,9.808105720397736,146200.0,16.068046775668268,146200.0,0.14900000000000002,146200.0,0.0,146200.0,9.820152138158594,146200.0,16.229529106789585,146200.0,0.14899999999999997,146200.0,0.14899999999999997,146200.0,8.913680135597923,146200.0,15.563998514567665,146200.0,0.0,146200.0,0.0,146200.0,7.255666371298944,146200.0,34.46494985129611,146200.0,0.0,146200.0,0.0,146200.0,23.374267760798208,146200.0,34.43403051347962,146200.0,0.50200004,146200.0,0.50200004
146400.0,6.232206517984131,146400.0,30.250927102283374,146400.0,0.0,146400.0,0.0,146400.0,1.1042728028906492,146400.0,18.137298215505453,146400.0,0.0,146400.0,0.0,146400.0,1.780037138731256,146400.0,30.34514743418808,146400.0,0.0,146400.0,0.828,146400.0,1.812596725448279,146400.0,30.47133647170124,146400.0,0.0,146400.0,0.0,146400.0,1.8082298136646344,146400.0,30.389539733812637,146400.0,0.0,146400.0,0.04000000799999998,146400.0,-0.9583631979996022,146400.0,8.51399238762087,146400.0,0.0,146400.0,0.0,146400.0,9.802136178796003,146400.0,16.04952081719699,146400.0,0.14900000000000002,146400.0,0.0,146400.0,9.813460537229616,146400.0,16.20904803691771,146400.0,0.14899999999999997,146400.0,0.14899999999999997,146400.0,8.91329304445353,146400.0,15.560807842215631,146400.0,0.0,146400.0,0.0,146400.0,6.159208997261077,146400.0,30.040363732682454,146400.0,0.0,146400.0,0.0,146400.0,23.344497614660163,146400.0,34.23429716320427,146400.0,0.50200004,146400.0,0.50200004
146600.0,5.451125131444481,146600.0,27.141124523876307,146600.0,0.0,146600.0,0.0,146600.0,1.1023200341349675,146600.0,18.124899103873968,146600.0,0.0,146600.0,0.0,146600.0,1.775531589698272,146600.0,30.499315763213083,146600.0,0.0,146600.0,0.828,146600.0,1.8096941350135947,146600.0,30.63903566485614,146600.0,0.0,146600.0,0.0,146600.0,1.8053815962221258,146600.0,30.55721486758076,146600.0,0.0,146600.0,0.04000000799999998,146600.0,-0.8977388106781089,146600.0,8.735053939383139,146600.0,0.0,146600.0,0.0,146600.0,9.797980197852228,146600.0,16.037395023748015,146600.0,0.14900000000000002,146600.0,0.0,146600.0,9.808691175948553,146600.0,16.195195030308724,146600.0,0.14899999999999997,146600.0,0.14899999999999997,146600.0,8.913875758156388,146600.0,15.564428716075092,146600.0,0.0,146600.0,0.0,146600.0,5.401325728466229,146600.0,27.00657474945031,146600.0,0.0,146600.0,0.0,146600.0,23.320705749604155,146600.0,34.06360106930236,146600.0,0.50200004,146600.0,0.50200004
146800.0,4.879221265738218,146800.0,35.01077656961793,146800.0,0.0,146800.0,0.0,146800.0,1.0997286363653467,146800.0,18.29507757407087,146800.0,0.0,146800.0,0.0,146800.0,1.7715335024466854,146800.0,30.624935368296036,146800.0,0.0,146800.0,0.828,146800.0,1.8072561402249274,146800.0,30.747728058615568,146800.0,0.0,146800.0,0.0,146800.0,1.8029914376921845,146800.0,30.665734227589006,146800.0,0.0,146800.0,0.04000000799999998,146800.0,-0.8431319181329305,146800.0,8.893032358745726,146800.0,0.0,146800.0,0.0,146800.0,9.7950628891418,146800.0,16.03341547099927,146800.0,0.14900000000000002,146800.0,0.0,146800.0,9.805273677891181,146800.0,16.19040804964959,146800.0,0.14899999999999997,146800.0,0.14899999999999997,146800.0,8.914940044520405,146800.0,15.569966251810126,146800.0,0.0,146800.0,0.0,146800.0,4.841620477797228,146800.0,35.56205360691891,146800.0,0.0,146800.0,0.0,146800.0,23.30201776319132,146800.0,33.98252777730392,146800.0,0.50200004,146800.0,0.50200004
147000.0,4.442222677074735,147000.0,34.569433091444495,147000.0,0.0,147000.0,0.0,147000.0,1.0965070443006324,147000.0,18.406639548010318,147000.0,0.0,147000.0,0.0,147000.0,1.768035941424716,147000.0,30.75679214459393,147000.0,0.0,147000.0,0.828,147000.0,1.8051821027165285,147000.0,30.887873012072184,147000.0,0.0,147000.0,0.0,147000.0,1.8009611802499546,147000.0,30.806536513832924,147000.0,0.0,147000.0,0.04000000799999998,147000.0,-0.7942487322883514,147000.0,9.131538383523443,147000.0,0.0,147000.0,0.0,147000.0,9.792954814493571,147000.0,16.031495168750315,147000.0,0.14900000000000002,147000.0,0.0,147000.0,9.802761074904781,147000.0,16.187678139033363,147000.0,0.14899999999999997,147000.0,0.14899999999999997,147000.0,8.916225172091345,147000.0,15.581408807216851,147000.0,0.0,147000.0,0.0,147000.0,4.41114725359586,147000.0,34.19005003533433,147000.0,0.0,147000.0,0.0,147000.0,23.2871467871041,147000.0,33.902062111216345,147000.0,0.50200004,147000.0,0.50200004
147200.0,4.099824134937923,147200.0,30.0216085297176,147200.0,0.0,147200.0,0.0,147200.0,1.0930031894077799,147200.0,18.486041511406945,147200.0,0.0,147200.0,0.0,147200.0,1.7650098542820445,147200.0,30.907001758000433,147200.0,0.0,147200.0,0.828,147200.0,1.8033997401435033,147200.0,31.052373684947437,147200.0,0.0,147200.0,0.0,147200.0,1.7992194481576191,147200.0,30.970849793881783,147200.0,0.0,147200.0,0.04000000799999998,147200.0,-0.7504966226547148,147200.0,9.452015018262829,147200.0,0.0,147200.0,0.0,147200.0,9.791386000851288,147200.0,16.034704738965647,147200.0,0.14900000000000002,147200.0,0.0,147200.0,9.800878129501607,147200.0,16.190638401837617,147200.0,0.14899999999999997,147200.0,0.14899999999999997,147200.0,8.917585234039146,147200.0,15.601661335257665,147200.0,0.0,147200.0,0.0,147200.0,4.072090959806753,147200.0,29.8134464203904,147200.0,0.0,147200.0,0.0,147200.0,23.275142553421748,147200.0,33.83577450908502,147200.0,0.50200004,147200.0,0.50200004
147400.0,6.733088154644239,147400.0,30.033581752677364,147400.0,0.0,147400.0,0.0,147400.0,1.1467241922003235,147400.0,18.610362912157463,147400.0,0.0,147400.0,0.0,147400.0,1.762586426289993,147400.0,31.046873072787655,147400.0,0.0,147400.0,0.828,147400.0,1.8000333670996436,147400.0,31.172052408988783,147400.0,0.0,147400.0,0.0,147400.0,1.7958107943356274,147400.0,31.089053001536634,147400.0,0.0,147400.0,0.04000000799999998,147400.0,-0.6521735189872562,147400.0,9.68981377963274,147400.0,0.0,147400.0,0.0,147400.0,9.788596751823793,147400.0,16.04057184437564,147400.0,0.14900000000000002,147400.0,0.0,147400.0,9.797541121108845,147400.0,16.196958551998602,147400.0,0.14899999999999997,147400.0,0.14899999999999997,147400.0,8.921114794665236,147400.0,15.619410814061391,147400.0,0.0,147400.0,0.0,147400.0,7.210339198449238,147400.0,30.417756700271987,147400.0,0.0,147400.0,0.0,147400.0,23.251422385300664,147400.0,33.813156422778135,147400.0,0.50200004,147400.0,0.50200004
147600.0,9.228994846739157,147600.0,38.28000834589272,147600.0,0.0,147600.0,0.0,147600.0,1.2171132390792592,147600.0,18.85921955023193,147600.0,0.0,147600.0,0.0,147600.0,1.7638324401100707,147600.0,30.834587557022225,147600.0,0.0,147600.0,0.0,147600.0,1.7960492221325886,147600.0,31.197220409578527,147600.0,0.0,147600.0,0.0,147600.0,1.791867694408602,147600.0,31.165503290502407,147600.0,0.0,147600.0,0.04000000799999998,147600.0,-0.45881309715739593,147600.0,9.953816643931951,147600.0,0.0,147600.0,0.0,147600.0,9.785214217946278,147600.0,16.04962507218246,147600.0,0.14900000000000002,147600.0,0.0,147600.0,9.79360299440188,147600.0,16.20707115881134,147600.0,0.14899999999999997,147600.0,0.14899999999999997,147600.0,8.929478348876106,147600.0,15.640766194908416,147600.0,0.0,147600.0,0.0,147600.0,8.942332704280087,147600.0,38.00840373691081,147600.0,0.0,147600.0,0.0,147600.0,23.214492580451026,147600.0,33.816631792888444,147600.0,0.50200004,147600.0,0.50200004
147800.0,7.265699816204686,147800.0,32.58856057577085,147800.0,0.0,147800.0,0.0,147800.0,1.2769846219433958,147800.0,18.929797125471353,147800.0,0.0,147800.0,0.0,147800.0,1.7662607886851078,147800.0,30.34629354869341,147800.0,0.0,147800.0,0.0,147800.0,1.7938070232982846,147800.0,30.897979216364593,147800.0,0.0,147800.0,0.0,147800.0,1.7897647399284033,147800.0,30.87682402980738,147800.0,0.0,147800.0,0.04000000799999998,147800.0,-0.30760295342129185,147800.0,10.31725845137947,147800.0,0.0,147800.0,0.0,147800.0,9.784209969256773,147800.0,16.066862197111874,147800.0,0.14900000000000002,147800.0,0.0,147800.0,9.792592672067254,147800.0,16.2266884241136,147800.0,0.14899999999999997,147800.0,0.14899999999999997,147800.0,8.937267874805844,147800.0,15.674393712344536,147800.0,0.0,147800.0,0.0,147800.0,7.135284564909918,147800.0,32.37957981801461,147800.0,0.0,147800.0,0.0,147800.0,23.19369399155499,147800.0,33.85931875683961,147800.0,0.50200004,147800.0,0.50200004
148000.0,6.135055172373643,148000.0,28.954762411234924,148000.0,0.0,148000.0,0.0,148000.0,1.3311149285553971,148000.0,18.957724357343206,148000.0,0.0,148000.0,0.0,148000.0,1.7690762202209043,148000.0,30.0099828199056,148000.0,0.0,148000.0,0.0,148000.0,1.7925275232448614,148000.0,30.6087136303077,148000.0,0.0,148000.0,0.0,148000.0,1.7885924790502066,148000.0,30.592492674488295,148000.0,0.0,148000.0,0.04000000799999998,148000.0,-0.17648249931728296,148000.0,10.660457760224105,148000.0,0.0,148000.0,0.0,148000.0,9.784282828617108,148000.0,16.088426307362482,148000.0,0.14900000000000002,148000.0,0.0,148000.0,9.79289945273558,148000.0,16.25124958836115,148000.0,0.14899999999999997,148000.0,0.14899999999999997,148000.0,8.944502389137947,148000.0,15.710495306236169,148000.0,0.0,148000.0,0.0,148000.0,6.062489620710652,148000.0,28.81128720903246,148000.0,0.0,148000.0,0.0,148000.0,23.181382179576,148000.0,33.93273311793314,148000.0,0.50200004,148000.0,0.50200004
148200.0,5.3874553735036095,148200.0,29.726645917316514,148200.0,0.0,148200.0,0.0,148200.0,1.376991271275098,148200.0,19.029062181189083,148200.0,0.0,148200.0,0.0,148200.0,1.7718871975705568,148200.0,29.75763722834305,148200.0,0.0,148200.0,0.0,148200.0,1.7919448800491662,148200.0,30.38501283505477,148200.0,0.0,148200.0,0.0,148200.0,1.7880977377536469,148200.0,30.370889277147597,148200.0,0.0,148200.0,0.04000000799999998,148200.0,-0.07178691300286023,148200.0,10.907390479302103,148200.0,0.0,148200.0,0.0,148200.0,9.7848736866143,148200.0,16.106817426085538,148200.0,0.14900000000000002,148200.0,0.0,148200.0,9.793816271382598,148200.0,16.27206330086431,148200.0,0.14899999999999997,148200.0,0.14899999999999997,148200.0,8.95055772827101,148200.0,15.73844032296514,148200.0,0.0,148200.0,0.0,148200.0,5.33913348433069,148200.0,30.142043450331713,148200.0,0.0,148200.0,0.0,148200.0,23.175088660454595,148200.0,34.00715835368506,148200.0,0.50200004,148200.0,0.50200004
148400.0,4.860468663433201,148400.0,37.84567270823222,148400.0,0.0,148400.0,0.0,148400.0,1.4139172080945586,148400.0,19.213660686093867,148400.0,0.0,148400.0,0.0,148400.0,1.774426307355632,148400.0,29.552603895682864,148400.0,0.0,148400.0,0.0,148400.0,1.7917809363310881,148400.0,30.168834990059892,148400.0,0.0,148400.0,0.0,148400.0,1.788008592706705,148400.0,30.15472136560129,148400.0,0.0,148400.0,0.04000000799999998,148400.0,0.009814189290573122,148400.0,11.147567818561532,148400.0,0.0,148400.0,0.0,148400.0,9.785638328158084,148400.0,16.127715941083142,148400.0,0.14900000000000002,148400.0,0.0,148400.0,9.79491616286264,148400.0,16.29554152288005,148400.0,0.14899999999999997,148400.0,0.14899999999999997,148400.0,8.955434417338639,148400.0,15.767997978437567,148400.0,0.0,148400.0,0.0,148400.0,4.824140007384027,148400.0,37.5729314409555,148400.0,0.0,148400.0,0.0,148400.0,23.17235125585586,148400.0,34.10608828155645,148400.0,0.50200004,148400.0,0.50200004
148600.0,4.47226749238433,148600.0,32.331221269149225,148600.0,0.0,148600.0,0.0,148600.0,1.4427452527561135,148600.0,19.2642274468349,148600.0,0.0,148600.0,0.0,148600.0,1.7765792033071126,148600.0,29.321472836751525,148600.0,0.0,148600.0,0.0,148600.0,1.79184383652775,148600.0,29.89743208908922,148600.0,0.0,148600.0,0.0,148600.0,1.7881364866995029,148600.0,29.884725730532985,148600.0,0.0,148600.0,0.04000000799999998,148600.0,0.07343529928113103,148600.0,11.445271842292515,148600.0,0.0,148600.0,0.0,148600.0,9.786417363054868,148600.0,16.159834854746506,148600.0,0.14900000000000002,148600.0,0.0,148600.0,9.796001050695255,148600.0,16.33114454846363,148600.0,0.14899999999999997,148600.0,0.14899999999999997,148600.0,8.959336345331693,148600.0,15.810212697612409,148600.0,0.0,148600.0,0.0,148600.0,4.44319620163079,148600.0,32.130019647863094,148600.0,0.0,148600.0,0.0,148600.0,23.17156547678773,148600.0,34.261096329726755,148600.0,0.50200004,148600.0,0.50200004
148800.0,4.175314900579895,148800.0,29.00782302540708,148800.0,0.0,148800.0,0.0,148800.0,1.4652957197240053,148800.0,19.28242920548282,148800.0,0.0,148800.0,0.0,148800.0,1.7783441722580946,148800.0,29.10195374730329,148800.0,0.0,148800.0,0.0,148800.0,1.7920244602420086,148800.0,29.685011743229264,148800.0,0.0,148800.0,0.0,148800.0,1.7883750858139913,148800.0,29.674505835739854,148800.0,0.0,148800.0,0.04000000799999998,148800.0,0.12491178744995178,148800.0,11.655352718166379,148800.0,0.0,148800.0,0.0,148800.0,9.787165753701316,148800.0,16.186114331000386,148800.0,0.14900000000000002,148800.0,0.0,148800.0,9.797021146066553,148800.0,16.359785739037417,148800.0,0.14899999999999997,148800.0,0.14899999999999997,148800.0,8.96255591081969,148800.0,15.842958090199414,148800.0,0.0,148800.0,0.0,148800.0,4.150577617160445,148800.0,28.883116496481982,148800.0,0.0,148800.0,0.0,148800.0,23.17182056783501,148800.0,34.38930704971121,148800.0,0.50200004,148800.0,0.50200004
149000.0,3.7348551541427373,149000.0,29.782534811468693,149000.0,0.0,149000.0,0.0,149000.0,1.4903153525216162,149000.0,19.33257724864712,149000.0,0.0,149000.0,0.0,149000.0,1.7802003512318663,149000.0,28.892170244346318,149000.0,0.0,149000.0,0.0,149000.0,1.7930886301188516,149000.0,29.446606578762342,149000.0,0.0,149000.0,0.0,149000.0,1.7895845152078071,149000.0,29.435706817643354,149000.0,0.0,149000.0,0.04000000799999998,149000.0,0.3245271809711593,149000.0,11.885983404564906,149000.0,0.0,149000.0,0.0,149000.0,9.790965715273146,149000.0,16.219436076418088,149000.0,0.14900000000000002,149000.0,0.0,149000.0,9.801914791643174,149000.0,16.395327903346693,149000.0,0.14899999999999997,149000.0,0.14899999999999997,149000.0,8.975030854209592,149000.0,15.881611477765013,149000.0,0.0,149000.0,0.0,149000.0,3.6810712944033197,149000.0,30.217269060966146,149000.0,0.0,149000.0,0.0,149000.0,23.178834752181448,149000.0,34.561047797651206,149000.0,0.50200004,149000.0,0.50200004
149200.0,10.369678467009338,149200.0,38.20573870215136,149200.0,0.0,149200.0,0.0,149200.0,1.650541238041791,149200.0,19.49171683440058,149200.0,0.0,149200.0,0.0,149200.0,1.787969493715576,149200.0,28.67656740939886,149200.0,0.0,149200.0,0.0,149200.0,1.7970071594109676,149200.0,29.202738330182335,149200.0,0.0,149200.0,0.0,149200.0,1.7934989301375637,149200.0,29.192169578135076,149200.0,0.0,149200.0,0.04000000799999998,149200.0,0.49021882953213225,149200.0,11.9607296327902,149200.0,0.0,149200.0,0.0,149200.0,9.798977971054715,149200.0,16.254731492591553,149200.0,0.14900000000000002,149200.0,0.0,149200.0,9.811351056386858,149200.0,16.431429150936694,149200.0,0.14899999999999997,149200.0,0.14899999999999997,149200.0,8.98458470944295,149200.0,15.908577037773448,149200.0,0.0,149200.0,0.0,149200.0,10.42474359797339,149200.0,37.924408156468495,149200.0,0.0,149200.0,0.0,149200.0,23.223180318992796,149200.0,34.761104640351,149200.0,0.50200004,149200.0,0.50200004
149400.0,7.859773784846057,149400.0,32.660573871401574,149400.0,0.0,149400.0,0.0,149400.0,1.7135944083955763,149400.0,19.467182748032585,149400.0,0.0,149400.0,0.0,149400.0,1.8005037132598958,149400.0,28.462155862598433,149400.0,0.0,149400.0,0.0,149400.0,1.8035688726842183,149400.0,28.96844210304521,149400.0,0.0,149400.0,0.0,149400.0,1.8001762094460338,149400.0,28.9583566141801,149400.0,0.0,149400.0,0.04000000799999998,149400.0,0.44206021970732723,149400.0,11.81900634104415,149400.0,0.0,149400.0,0.0,149400.0,9.80408135705156,149400.0,16.283566074171997,149400.0,0.14900000000000002,149400.0,0.0,149400.0,9.817551085653204,149400.0,16.460224239712954,149400.0,0.14899999999999997,149400.0,0.14899999999999997,149400.0,8.978348621726411,149400.0,15.917382401689402,149400.0,0.0,149400.0,0.0,149400.0,7.804461954152491,149400.0,32.456567741804044,149400.0,0.0,149400.0,0.0,149400.0,23.302181775738312,149400.0,34.95588914430555,149400.0,0.50200004,149400.0,0.50200004
149600.0,6.256188245566528,149600.0,29.144891473338095,149600.0,0.0,149600.0,0.0,149600.0,1.720655973364214,149600.0,19.344079045332524,149600.0,0.0,149600.0,0.0,149600.0,1.8114893147886975,149600.0,28.24506423797492,149600.0,0.0,149600.0,0.0,149600.0,1.810915957967767,149600.0,28.73930727972308,149600.0,0.0,149600.0,0.0,149600.0,1.8074861605156836,149600.0,28.72949315351488,149600.0,0.0,149600.0,0.04000000799999998,149600.0,0.2765193466915543,149600.0,11.557864464250416,149600.0,0.0,149600.0,0.0,149600.0,9.80386734099054,149600.0,16.303940020235448,149600.0,0.14900000000000002,149600.0,0.0,149600.0,9.818304126719662,149600.0,16.480298533730934,149600.0,0.14899999999999997,149600.0,0.14899999999999997,149600.0,8.961984061105738,149600.0,15.913940584559006,149600.0,0.0,149600.0,0.0,149600.0,6.197008344708698,149600.0,29.00344191682866,149600.0,0.0,149600.0,0.0,149600.0,23.396811833972652,149600.0,35.13336569774809,149600.0,0.50200004,149600.0,0.50200004
149800.0,5.139693926388045,149800.0,29.84911256211026,149800.0,0.0,149800.0,0.0,149800.0,1.6774719687489204,149800.0,19.20996145343359,149800.0,0.0,149800.0,0.0,149800.0,1.818468271078714,149800.0,28.025667350494693,149800.0,0.0,149800.0,0.0,149800.0,1.8167323473711297,149800.0,28.513095156376206,149800.0,0.0,149800.0,0.0,149800.0,1.8131666234214625,149800.0,28.503320950407232,149800.0,0.0,149800.0,0.04000000799999998,149800.0,0.07540910707727456,149800.0,11.211551079513143,149800.0,0.0,149800.0,0.0,149800.0,9.798955580931695,149800.0,16.3152506133845,149800.0,0.14900000000000002,149800.0,0.0,149800.0,9.813970507321473,149800.0,16.49106175928466,149800.0,0.14899999999999997,149800.0,0.14899999999999997,149800.0,8.942744321142895,149800.0,15.900873591747926,149800.0,0.0,149800.0,0.0,149800.0,5.097278110192105,149800.0,30.287476534745974,149800.0,0.0,149800.0,0.0,149800.0,23.470548139755003,149800.0,35.28680554962974,149800.0,0.50200004,149800.0,0.50200004
150000.0,4.4415933978152555,150000.0,38.29480410190563,150000.0,0.0,150000.0,0.0,150000.0,1.6097360698590126,150000.0,19.16004778236585,150000.0,0.0,150000.0,0.0,150000.0,1.8205023531980629,150000.0,27.813022251207542,150000.0,0.0,150000.0,0.0,150000.0,1.819766173353195,150000.0,28.291610024519944,150000.0,0.0,150000.0,0.0,150000.0,1.8160975286362662,150000.0,28.281765319510985,150000.0,0.0,150000.0,0.04000000799999998,150000.0,-0.07068009962231311,150000.0,10.805231517438422,150000.0,0.0,150000.0,0.0,150000.0,9.794047430308973,150000.0,16.31760856562252,150000.0,0.14900000000000002,150000.0,0.0,150000.0,9.809254374295874,150000.0,16.49255422658522,150000.0,0.14899999999999997,150000.0,0.14899999999999997,150000.0,8.9293654919236,150000.0,15.879458434054767,150000.0,0.0,150000.0,0.0,150000.0,4.407400919896962,150000.0,38.01380093553706,150000.0,0.0,150000.0,0.0,150000.0,23.50704889844636,150000.0,35.38940824151155,150000.0,0.50200004,150000.0,0.50200004
150200.0,3.8849501447343684,150200.0,32.782321891614664,150200.0,0.0,150200.0,0.0,150200.0,1.529050098144891,150200.0,18.944360915557354,150200.0,0.0,150200.0,0.0,150200.0,1.8192252424282067,150200.0,27.60540839543615,150200.0,0.0,150200.0,0.0,150200.0,1.8216817865445192,150200.0,28.086015062689327,150200.0,0.0,150200.0,0.0,150200.0,1.8179272220671887,150200.0,28.07680043082857,150200.0,0.0,150200.0,0.04000000799999998,150200.0,-0.21540907197088452,150200.0,10.394608946183961,150200.0,0.0,150200.0,0.0,150200.0,9.7883397058054,150200.0,16.31217286607298,150200.0,0.14900000000000002,150200.0,0.0,150200.0,9.80361035244398,150200.0,16.486006343585736,150200.0,0.14899999999999997,150200.0,0.14899999999999997,150200.0,8.915995222343648,150200.0,15.853007028561493,150200.0,0.0,150200.0,0.0,150200.0,3.855290018398248,150200.0,32.58503575191194,150200.0,0.0,150200.0,0.0,150200.0,23.534523442397493,150200.0,35.43085071585385,150200.0,0.50200004,150200.0,0.50200004
150400.0,10.288508469587075,150400.0,29.39736892027048,150400.0,0.0,150400.0,0.0,150400.0,1.5451282279130156,150400.0,18.687070791235886,150400.0,0.0,150400.0,0.0,150400.0,1.8189311972581137,150400.0,27.76111497042973,150400.0,0.0,150400.0,0.828,150400.0,1.8231621211729239,150400.0,28.024581232222044,150400.0,0.0,150400.0,0.0,150400.0,1.8191908084486965,150400.0,27.962626827677422,150400.0,0.0,150400.0,0.04000000799999998,150400.0,-0.3689534539489831,150400.0,10.01365402082849,150400.0,0.0,150400.0,0.0,150400.0,9.781460964271293,150400.0,16.301988427347055,150400.0,0.14900000000000002,150400.0,0.0,150400.0,9.796666593589697,150400.0,16.474626460263266,150400.0,0.14899999999999997,150400.0,0.14899999999999997,150400.0,8.901492930658858,150400.0,15.825367103111267,150400.0,0.0,150400.0,0.0,150400.0,10.346955096953685,150400.0,29.251703582146792,150400.0,0.0,150400.0,0.0,150400.0,23.5558379323432,150400.0,35.42758166946281,150400.0,0.50200004,150400.0,0.50200004
150600.0,8.067344976905389,150600.0,30.151254294185282,150600.0,0.0,150600.0,0.0,150600.0,1.4829233819624215,150600.0,18.50953452414971,150600.0,0.0,150600.0,0.0,150600.0,1.8194400284860108,150600.0,28.173069925384407,150600.0,0.0,150600.0,0.828,150600.0,1.8246783596859637,150600.0,28.23044816840524,150600.0,0.0,150600.0,0.0,150600.0,1.8206755901532814,150600.0,28.159068101310794,150600.0,0.0,150600.0,0.04000000799999998,150600.0,-0.568518598619497,150600.0,9.611420517433421,150600.0,0.0,150600.0,0.0,150600.0,9.771128357600238,150600.0,16.2867072187883,150600.0,0.14900000000000002,150600.0,0.0,150600.0,9.78606930447909,150600.0,16.45791069340975,150600.0,0.14899999999999997,150600.0,0.14899999999999997,150600.0,8.881607671466911,150600.0,15.792882763337069,150600.0,0.0,150600.0,0.0,150600.0,8.027801962129782,150600.0,30.567743539547145,150600.0,0.0,150600.0,0.0,150600.0,23.573711133572846,150600.0,35.39758382353899,150600.0,0.50200004,150600.0,0.50200004
150800.0,6.822258969953754,150800.0,38.406244603379406,150800.0,0.0,150800.0,0.0,150800.0,1.404511904063013,150800.0,18.458425903138004,150800.0,0.0,150800.0,0.0,150800.0,1.817190458735459,150800.0,28.451078900708353,150800.0,0.0,150800.0,0.828,150800.0,1.8251466585151277,150800.0,28.472238297984983,150800.0,0.0,150800.0,0.0,150800.0,1.82104411004531,150800.0,28.396660086514082,150800.0,0.0,150800.0,0.04000000799999998,150800.0,-0.7343534404027092,150800.0,9.113632424574483,150800.0,0.0,150800.0,0.0,150800.0,9.76174080611363,150800.0,16.260890947368548,150800.0,0.14900000000000002,150800.0,0.0,150800.0,9.776289679837179,150800.0,16.430035913632604,150800.0,0.14899999999999997,150800.0,0.14899999999999997,150800.0,8.864735179913199,150800.0,15.746468979797479,150800.0,0.0,150800.0,0.0,150800.0,6.773069076687216,150800.0,38.11506959406033,150800.0,0.0,150800.0,0.0,150800.0,23.579051350849543,150800.0,35.309884818012826,150800.0,0.50200004,150800.0,0.50200004
151000.0,5.963073295498032,151000.0,32.79155778317279,151000.0,0.0,151000.0,0.0,151000.0,1.3184165152884537,151000.0,18.26469502938605,151000.0,0.0,151000.0,0.0,151000.0,1.8126583574655863,151000.0,28.675096913135103,151000.0,0.0,151000.0,0.828,151000.0,1.8246866335252316,151000.0,28.68521332112314,151000.0,0.0,151000.0,0.0,151000.0,1.8204855424703275,151000.0,28.60684594946712,151000.0,0.0,151000.0,0.04000000799999998,151000.0,-0.8675720966407192,151000.0,8.665101396403292,151000.0,0.0,151000.0,0.0,151000.0,9.753772677528445,151000.0,16.232162068689817,151000.0,0.14900000000000002,151000.0,0.0,151000.0,9.767919098821608,151000.0,16.39931730429731,151000.0,0.14899999999999997,151000.0,0.14899999999999997,151000.0,8.851047608586887,151000.0,15.700193763266574,151000.0,0.0,151000.0,0.0,151000.0,5.9182443389407675,151000.0,32.59272752755209,151000.0,0.0,151000.0,0.0,151000.0,23.577717756247864,151000.0,35.18699799491443,151000.0,0.50200004,151000.0,0.50200004
151200.0,5.061608051526267,151200.0,29.234990509428258,151200.0,0.0,151200.0,0.0,151200.0,1.2160772714637214,151200.0,18.036141921166855,151200.0,0.0,151200.0,0.0,151200.0,1.805588927446437,151200.0,28.860978993037246,151200.0,0.0,151200.0,0.828,151200.0,1.8219345500467943,151200.0,28.889216684086353,151200.0,0.0,151200.0,0.0,151200.0,1.8175824547407036,151200.0,28.810413355165537,151200.0,0.0,151200.0,0.04000000799999998,151200.0,-1.1115718016776843,151200.0,8.25895502429657,151200.0,0.0,151200.0,0.0,151200.0,9.736007049451207,151200.0,16.19934135622168,151200.0,0.14900000000000002,151200.0,0.0,151200.0,9.74968793482681,151200.0,16.365186467205508,151200.0,0.14899999999999997,151200.0,0.14899999999999997,151200.0,8.826861679764988,151200.0,15.657257902023288,151200.0,0.0,151200.0,0.0,151200.0,4.999030015045438,151200.0,29.077993095588745,151200.0,0.0,151200.0,0.0,151200.0,23.561690918335724,151200.0,35.03545696971929,151200.0,0.50200004,151200.0,0.50200004
151400.0,4.251043501458607,151400.0,29.706343240231167,151400.0,0.0,151400.0,0.0,151400.0,1.1162856374337724,151400.0,17.886555150626798,151400.0,0.0,151400.0,0.0,151400.0,1.7951065154435775,151400.0,29.04348454013452,151400.0,0.0,151400.0,0.828,151400.0,1.818364727051897,151400.0,29.099649650981824,151400.0,0.0,151400.0,0.0,151400.0,1.81400003049743,151400.0,29.019965026071112,151400.0,0.0,151400.0,0.04000000799999998,151400.0,-1.140361647917317,151400.0,8.143878701572227,151400.0,0.0,151400.0,0.0,151400.0,9.722370580342789,151400.0,16.16351936616106,151400.0,0.14900000000000002,151400.0,0.0,151400.0,9.735701450706795,151400.0,16.328355461830373,151400.0,0.14899999999999997,151400.0,0.14899999999999997,151400.0,8.816471626005493,151400.0,15.628008615446223,151400.0,0.0,151400.0,0.0,151400.0,4.223538131929014,151400.0,30.13288599690193,151400.0,0.0,151400.0,0.0,151400.0,23.534228803789578,151400.0,34.83259043076759,151400.0,0.50200004,151400.0,0.50200004
151600.0,3.9465712076460218,151600.0,37.966590667975275,151600.0,0.0,151600.0,0.0,151600.0,1.0570049453242094,151600.0,17.926577307564987,151600.0,0.0,151600.0,0.0,151600.0,1.7856894131830185,151600.0,29.228701477146615,151600.0,0.0,151600.0,0.828,151600.0,1.8168756279410119,151600.0,29.30229717055955,151600.0,0.0,151600.0,0.0,151600.0,1.8125197304926677,151600.0,29.221973742962884,151600.0,0.0,151600.0,0.04000000799999998,151600.0,-1.1332365840765906,151600.0,8.159807507224615,151600.0,0.0,151600.0,0.0,151600.0,9.719071156494275,151600.0,16.131577451800307,151600.0,0.14900000000000002,151600.0,0.0,151600.0,9.732266368548608,151600.0,16.294954233233472,151600.0,0.14899999999999997,151600.0,0.14899999999999997,151600.0,8.814588389066007,151600.0,15.608775153677579,151600.0,0.0,151600.0,0.0,151600.0,3.928362054824909,151600.0,37.67784152832812,151600.0,0.0,151600.0,0.0,151600.0,23.524832657114796,151600.0,34.60192733318455,151600.0,0.50200004,151600.0,0.50200004
151800.0,10.211325309749249,151800.0,32.35811189252329,151800.0,0.0,151800.0,0.0,151800.0,1.097763082583345,151800.0,17.882837085079576,151800.0,0.0,151800.0,0.0,151800.0,1.779537118456171,151800.0,29.404886605292727,151800.0,0.0,151800.0,0.828,151800.0,1.8129387504197751,151800.0,29.48057120896229,151800.0,0.0,151800.0,0.0,151800.0,1.8084686290543788,151800.0,29.399460126029165,151800.0,0.0,151800.0,0.04000000799999998,151800.0,-1.1010235524309555,151800.0,8.24200610698341,151800.0,0.0,151800.0,0.0,151800.0,9.710926007520941,151800.0,16.10836604250477,151800.0,0.14900000000000002,151800.0,0.0,151800.0,9.723675122361039,151800.0,16.270162661399755,151800.0,0.14899999999999997,151800.0,0.14899999999999997,151800.0,8.810744373670737,151800.0,15.59832220111466,151800.0,0.0,151800.0,0.0,151800.0,10.260182617835687,151800.0,32.15755228671639,151800.0,0.0,151800.0,0.0,151800.0,23.497813840702612,151800.0,34.399855321177675,151800.0,0.50200004,151800.0,0.50200004
152000.0,7.912321660582094,152000.0,28.800875632627815,152000.0,0.0,152000.0,0.0,152000.0,1.0972390003794723,152000.0,17.835895953546103,152000.0,0.0,152000.0,0.0,152000.0,1.775195039416225,152000.0,29.56405105870532,152000.0,0.0,152000.0,0.828,152000.0,1.8079568967473458,152000.0,29.65469115983357,152000.0,0.0,152000.0,0.0,152000.0,1.803582364375116,152000.0,29.574036030805747,152000.0,0.0,152000.0,0.04000000799999998,152000.0,-1.0300617341050453,152000.0,8.379804566750902,152000.0,0.0,152000.0,0.0,152000.0,9.699907053171799,152000.0,16.08974996853657,152000.0,0.14900000000000002,152000.0,0.0,152000.0,9.711743434600093,152000.0,16.249826154732727,152000.0,0.14899999999999997,152000.0,0.14899999999999997,152000.0,8.807584722207455,152000.0,15.59316046614549,152000.0,0.0,152000.0,0.0,152000.0,7.871112060482435,152000.0,28.643211612806716,152000.0,0.0,152000.0,0.0,152000.0,23.45163700690461,152000.0,34.21964856496933,152000.0,0.50200004,152000.0,0.50200004
152200.0,6.633846312413119,152200.0,29.287160463414278,152200.0,0.0,152200.0,0.0,152200.0,1.101335705749217,152200.0,17.86758061950706,152200.0,0.0,152200.0,0.0,152200.0,1.7709291852026958,152200.0,29.72931393499747,152200.0,0.0,152200.0,0.828,152200.0,1.8038739055029676,152200.0,29.83886450677509,152200.0,0.0,152200.0,0.0,152200.0,1.799546656437448,152200.0,29.757913302645132,152200.0,0.0,152200.0,0.04000000799999998,152200.0,-0.9512385753587065,152200.0,8.583660225487776,152200.0,0.0,152200.0,0.0,152200.0,9.692718958732021,152200.0,16.074650634601362,152200.0,0.14900000000000002,152200.0,0.0,152200.0,9.703669246592591,152200.0,16.23289617934709,152200.0,0.14899999999999997,152200.0,0.14899999999999997,152200.0,8.80747736778611,152200.0,15.593647556896073,152200.0,0.0,152200.0,0.0,152200.0,6.582952599455385,152200.0,29.714803697486897,152200.0,0.0,152200.0,0.0,152200.0,23.412492734784475,152200.0,34.04136256087363,152200.0,0.50200004,152200.0,0.50200004
152400.0,5.747485058976063,152400.0,37.73468969261021,152400.0,0.0,152400.0,0.0,152400.0,1.10609408416415,152400.0,18.056406146695792,152400.0,0.0,152400.0,0.0,152400.0,1.7670125093764284,152400.0,29.893684849023174,152400.0,0.0,152400.0,0.828,152400.0,1.8005885357789357,152400.0,29.99175573641154,152400.0,0.0,152400.0,0.0,152400.0,1.7963039294952037,152400.0,29.90951083955852,152400.0,0.0,152400.0,0.04000000799999998,152400.0,-0.8761058191169498,152400.0,8.783036913230859,152400.0,0.0,152400.0,0.0,152400.0,9.688104851398805,152400.0,16.067277021124433,152400.0,0.14900000000000002,152400.0,0.0,152400.0,9.698324868096481,152400.0,16.22432738283649,152400.0,0.14899999999999997,152400.0,0.14899999999999997,152400.0,8.808759982570756,152400.0,15.599073713011263,152400.0,0.0,152400.0,0.0,152400.0,5.702191348464369,152400.0,37.47112434851124,152400.0,0.0,152400.0,0.0,152400.0,23.38215382712531,152400.0,33.922786551014575,152400.0,0.50200004,152400.0,0.50200004
152600.0,5.105738936429745,152600.0,32.1745807257577,152600.0,0.0,152600.0,0.0,152600.0,1.1097597415843499,152600.0,18.13343095036141,152600.0,0.0,152600.0,0.0,152600.0,1.7635614735068572,152600.0,30.051838243415553,152600.0,0.0,152600.0,0.828,152600.0,1.7980012820983824,152600.0,30.1556616912261,152600.0,0.0,152600.0,0.0,152600.0,1.7937634759535641,152600.0,30.073403148470703,152600.0,0.0,152600.0,0.04000000799999998,152600.0,-0.8107909387891382,152600.0,9.035204786421701,152600.0,0.0,152600.0,0.0,152600.0,9.685165744757388,152600.0,16.063936517200972,152600.0,0.14900000000000002,152600.0,0.0,152600.0,9.69482814301264,152600.0,16.220028600209908,152600.0,0.14899999999999997,152600.0,0.14899999999999997,152600.0,8.810543427106046,152600.0,15.6101372887184,152600.0,0.0,152600.0,0.0,152600.0,5.068160024542856,152600.0,31.979962744985503,152600.0,0.0,152600.0,0.0,152600.0,23.359660607366965,152600.0,33.829937163983,152600.0,0.50200004,152600.0,0.50200004
152800.0,4.620716184467209,152800.0,28.518218062378125,152800.0,0.0,152800.0,0.0,152800.0,1.111838197384616,152800.0,18.194938899001095,152800.0,0.0,152800.0,0.0,152800.0,1.7605642205944587,152800.0,30.213325144959505,152800.0,0.0,152800.0,0.828,152800.0,1.7958759234898998,152800.0,30.3337671335811,152800.0,0.0,152800.0,0.0,152800.0,1.7916846623937281,152800.0,30.252038926040697,152800.0,0.0,152800.0,0.04000000799999998,152800.0,-0.7532606292195003,152800.0,9.357455145358298,152800.0,0.0,152800.0,0.0,152800.0,9.683162062016176,152800.0,16.066023119861196,152800.0,0.14900000000000002,152800.0,0.0,152800.0,9.692401883314801,152800.0,16.22165322797665,152800.0,0.14899999999999997,152800.0,0.14899999999999997,152800.0,8.812463696413444,152800.0,15.629155795981225,152800.0,0.0,152800.0,0.0,152800.0,4.588172290493173,152800.0,28.37297423353347,152800.0,0.0,152800.0,0.0,152800.0,23.34226513596099,152800.0,33.76639639776681,152800.0,0.50200004,152800.0,0.50200004
153000.0,4.2406068371411765,153000.0,29.10323927094265,153000.0,0.0,153000.0,0.0,153000.0,1.112708958260738,153000.0,18.323526547591776,153000.0,0.0,153000.0,0.0,153000.0,1.7579676075139303,153000.0,30.378781812370995,153000.0,0.0,153000.0,0.828,153000.0,1.7940908064148757,153000.0,30.507881076057245,153000.0,0.0,153000.0,0.0,153000.0,1.789943676027832,153000.0,30.426314565282276,153000.0,0.0,153000.0,0.04000000799999998,153000.0,-0.7023835802268974,153000.0,9.701467746459201,153000.0,0.0,153000.0,0.0,153000.0,9.68173607481304,153000.0,16.074232017901373,153000.0,0.14900000000000002,153000.0,0.0,153000.0,9.690667418881004,153000.0,16.230359880317746,153000.0,0.14899999999999997,153000.0,0.14899999999999997,153000.0,8.814372753180043,153000.0,15.654274173582227,153000.0,0.0,153000.0,0.0,153000.0,4.211471297162514,153000.0,29.537653342931133,153000.0,0.0,153000.0,0.0,153000.0,23.328456807126486,153000.0,33.741189634772304,153000.0,0.50200004,153000.0,0.50200004
153200.0,6.8327255258065795,153200.0,37.323637124791986,153200.0,0.0,153200.0,0.0,153200.0,1.1710936318626644,153200.0,18.57588040873771,153200.0,0.0,153200.0,0.0,153200.0,1.755957502846678,153200.0,30.523769944963714,153200.0,0.0,153200.0,0.828,153200.0,1.7908723472878532,153200.0,30.62933773847031,153200.0,0.0,153200.0,0.0,153200.0,1.7866947271289764,153200.0,30.547990081173243,153200.0,0.0,153200.0,0.04000000799999998,153200.0,-0.5921288658299134,153200.0,9.930248648706906,153200.0,0.0,153200.0,0.0,153200.0,9.679414104558527,153200.0,16.08227561040794,153200.0,0.14900000000000002,153200.0,0.0,153200.0,9.687871757453802,153200.0,16.23926410311085,153200.0,0.14899999999999997,153200.0,0.14899999999999997,153200.0,8.818982687839357,153200.0,15.672764392862025,153200.0,0.0,153200.0,0.0,153200.0,7.311099899691508,153200.0,37.06397984346011,153200.0,0.0,153200.0,0.0,153200.0,23.30232849088349,153200.0,33.747472267076155,153200.0,0.50200004,153200.0,0.50200004
153400.0,9.317660640312495,153400.0,31.838256332565923,153400.0,0.0,153400.0,0.0,153400.0,1.245967846434795,153400.0,18.720393497021835,153400.0,0.0,153400.0,0.0,153400.0,1.757910872251027,153400.0,30.685626585368748,153400.0,0.0,153400.0,0.828,153400.0,1.787539364998427,153400.0,30.805387418669127,153400.0,0.0,153400.0,0.0,153400.0,1.78341722779913,153400.0,30.724296875533025,153400.0,0.0,153400.0,0.04000000799999998,153400.0,-0.3917975548405908,153400.0,10.290598710093224,153400.0,0.0,153400.0,0.0,153400.0,9.677155618886772,153400.0,16.09942763987095,153400.0,0.14900000000000002,153400.0,0.0,153400.0,9.68528867112279,153400.0,16.258599639576044,153400.0,0.14899999999999997,153400.0,0.14899999999999997,153400.0,8.828564329940008,153400.0,15.706077507500574,153400.0,0.0,153400.0,0.0,153400.0,9.032532616842134,153400.0,31.63757717647251,153400.0,0.0,153400.0,0.0,153400.0,23.26497447279316,153400.0,33.797240034925544,153400.0,0.50200004,153400.0,0.50200004
153600.0,7.351125477485329,153600.0,28.323851838992304,153600.0,0.0,153600.0,0.0,153600.0,1.309701981680447,153600.0,18.845037807593297,153600.0,0.0,153600.0,0.0,153600.0,1.7611375314835995,153600.0,30.854647526535114,153600.0,0.0,153600.0,0.828,153600.0,1.7858404786129305,153600.0,30.98058268621951,153600.0,0.0,153600.0,0.0,153600.0,1.7818578561569451,153600.0,30.899587836413914,153600.0,0.0,153600.0,0.04000000799999998,153600.0,-0.2392206820360284,153600.0,10.652075738601772,153600.0,0.0,153600.0,0.0,153600.0,9.676934726585628,153600.0,16.121997120631978,153600.0,0.14900000000000002,153600.0,0.0,153600.0,9.685232049060422,153600.0,16.284152663376062,153600.0,0.14899999999999997,153600.0,0.14899999999999997,153600.0,8.837114088903117,153600.0,15.743928684160146,153600.0,0.0,153600.0,0.0,153600.0,7.220545893843882,153600.0,28.18366569479278,153600.0,0.0,153600.0,0.0,153600.0,23.244184007022884,153600.0,33.88167826938836,153600.0,0.50200004,153600.0,0.50200004
153800.0,6.214497588456573,153800.0,36.05864179987791,153800.0,0.0,153800.0,0.0,153800.0,1.3670089105272192,153800.0,19.140833967529996,153800.0,0.0,153800.0,0.0,153800.0,1.7646610466171873,153800.0,31.0125424183556,153800.0,0.0,153800.0,0.828,153800.0,1.785054323873441,153800.0,31.110862260806638,153800.0,0.0,153800.0,0.0,153800.0,1.7811775753047725,153800.0,31.028437550195093,153800.0,0.0,153800.0,0.04000000799999998,153800.0,-0.10846452486088537,153800.0,10.895367502795583,153800.0,0.0,153800.0,0.0,153800.0,9.677635868577147,153800.0,16.140391105726152,153800.0,0.14900000000000002,153800.0,0.0,153800.0,9.686300053583393,153800.0,16.30486630581795,153800.0,0.14899999999999997,153800.0,0.14899999999999997,153800.0,8.844866591302244,153800.0,15.771950608560646,153800.0,0.0,153800.0,0.0,153800.0,6.1416302902448665,153800.0,36.57166978227988,153800.0,0.0,153800.0,0.0,153800.0,23.23220902153187,153800.0,33.95763894542942,153800.0,0.50200004,153800.0,0.50200004
154000.0,5.462540778962415,154000.0,35.3100326297538,154000.0,0.0,154000.0,0.0,154000.0,1.4151758438037454,154000.0,19.35165456461551,154000.0,0.0,154000.0,0.0,154000.0,1.768037035285396,154000.0,31.169229779086454,154000.0,0.0,154000.0,0.828,154000.0,1.784884239588834,154000.0,31.27735238948199,154000.0,0.0,154000.0,0.0,154000.0,1.7810946442338433,154000.0,31.195965151898122,154000.0,0.0,154000.0,0.04000000799999998,154000.0,-0.0048157207025314825,154000.0,11.200335793634222,154000.0,0.0,154000.0,0.0,154000.0,9.678704221712367,154000.0,16.167055085149343,154000.0,0.14900000000000002,154000.0,0.0,154000.0,9.687791256923015,154000.0,16.334673858786854,154000.0,0.14899999999999997,154000.0,0.14899999999999997,154000.0,8.851270310587577,154000.0,15.80957677138398,154000.0,0.0,154000.0,0.0,154000.0,5.4139404597792185,154000.0,34.93191627947907,154000.0,0.0,154000.0,0.0,154000.0,23.22635572371838,154000.0,34.08328867305783,154000.0,0.50200004,154000.0,0.50200004
154200.0,4.923642774724038,154200.0,30.755751612624913,154200.0,0.0,154200.0,0.0,154200.0,1.4539434006390644,154200.0,19.464909798641067,154200.0,0.0,154200.0,0.0,154200.0,1.7710152557876497,154200.0,30.627807941696567,154200.0,0.0,154200.0,0.0,154200.0,1.7850586309247867,154200.0,31.08150040692749,154200.0,0.0,154200.0,0.0,154200.0,1.781344212090017,154200.0,31.069913824331636,154200.0,0.0,154200.0,0.04000000799999998,154200.0,0.07753649121035308,154200.0,11.508099282985638,154200.0,0.0,154200.0,0.0,154200.0,9.679863955888592,154200.0,16.200320739990932,154200.0,0.14900000000000002,154200.0,0.0,154200.0,9.689362175235269,154200.0,16.37144481122996,154200.0,0.14899999999999997,154200.0,0.14899999999999997,154200.0,8.856524816781954,154200.0,15.853084267335456,154200.0,0.0,154200.0,0.0,154200.0,4.887412374234715,154200.0,30.547863941574835,154200.0,0.0,154200.0,0.0,154200.0,23.224008877333716,154200.0,34.25016790986838,154200.0,0.50200004,154200.0,0.50200004
154400.0,4.526279989955735,154400.0,27.741740016579083,154400.0,0.0,154400.0,0.0,154400.0,1.4842132709111486,154400.0,19.509606003324087,154400.0,0.0,154400.0,0.0,154400.0,1.77351803992797,154400.0,30.250671428458986,154400.0,0.0,154400.0,0.0,154400.0,1.7854022147985547,154400.0,30.809509609254036,154400.0,0.0,154400.0,0.0,154400.0,1.781753633491565,154400.0,30.798560301193607,154400.0,0.0,154400.0,0.04000000799999998,154400.0,0.1420460532136333,154400.0,11.77711196660392,154400.0,0.0,154400.0,0.0,154400.0,9.680966184565118,154400.0,16.234789933491665,154400.0,0.14900000000000002,154400.0,0.0,154400.0,9.690825345224274,154400.0,16.408905567138692,154400.0,0.14899999999999997,154400.0,0.14899999999999997,154400.0,8.860747519529747,154400.0,15.89563277114117,154400.0,0.0,154400.0,0.0,154400.0,4.4974196276363605,154400.0,27.614046149654897,154400.0,0.0,154400.0,0.0,154400.0,23.223640411143055,154400.0,34.422373368350364,154400.0,0.50200004,154400.0,0.50200004
154600.0,4.018574886977496,154600.0,35.75423475908388,154600.0,0.0,154600.0,0.0,154600.0,1.5145608205792127,154600.0,19.711939407075924,154600.0,0.0,154600.0,0.0,154600.0,1.7760705485099446,154600.0,30.00372947734191,154600.0,0.0,154600.0,0.0,154600.0,1.786916285603718,154600.0,30.600818779893093,154600.0,0.0,154600.0,0.0,154600.0,1.783423418027716,154600.0,30.587768656367135,154600.0,0.0,154600.0,0.04000000799999998,154600.0,0.3457469523356356,154600.0,11.962375410751177,154600.0,0.0,154600.0,0.0,154600.0,9.68550270349787,154600.0,16.261605001240145,154600.0,0.14900000000000002,154600.0,0.0,154600.0,9.69655280966975,154600.0,16.437451875980518,154600.0,0.14899999999999997,154600.0,0.14899999999999997,154600.0,8.874151207971781,154600.0,15.926444261436002,154600.0,0.0,154600.0,0.0,154600.0,3.9621854213604513,154600.0,36.3156898704756,154600.0,0.0,154600.0,0.0,154600.0,23.22943683579711,154600.0,34.558522236466544,154600.0,0.50200004,154600.0,0.50200004
154800.0,10.592472811341684,154800.0,35.18161312620714,154800.0,0.0,154800.0,0.0,154800.0,1.677173044258694,154800.0,19.798998556258457,154800.0,0.0,154800.0,0.0,154800.0,1.7846417619354131,154800.0,29.763376428452887,154800.0,0.0,154800.0,0.0,154800.0,1.7915831726863194,154800.0,30.331424465969008,154800.0,0.0,154800.0,0.0,154800.0,1.7880899258015404,154800.0,30.31930619063698,154800.0,0.0,154800.0,0.04000000799999998,154800.0,0.5107689985884841,154800.0,12.044302033107666,154800.0,0.0,154800.0,0.0,154800.0,9.69463015299486,154800.0,16.29812776276143,154800.0,0.14900000000000002,154800.0,0.0,154800.0,9.707184517705786,154800.0,16.474888300593076,154800.0,0.14899999999999997,154800.0,0.14899999999999997,154800.0,8.884735853259993,154800.0,15.954702351387057,154800.0,0.0,154800.0,0.0,154800.0,10.64618074601873,154800.0,34.820858402504044,154800.0,0.0,154800.0,0.0,154800.0,23.271892588523365,154800.0,34.767600949696096,154800.0,0.50200004,154800.0,0.50200004
155000.0,8.048071080933926,155000.0,30.776375232183415,155000.0,0.0,155000.0,0.0,155000.0,1.7408933887660303,155000.0,19.76732152284986,155000.0,0.0,155000.0,0.0,155000.0,1.7979481249158422,155000.0,29.522894896124427,155000.0,0.0,155000.0,0.0,155000.0,1.7989091433411122,155000.0,30.071930899108775,155000.0,0.0,155000.0,0.0,155000.0,1.7955338812850659,155000.0,30.06039478419101,155000.0,0.0,155000.0,0.04000000799999998,155000.0,0.4618669464279199,155000.0,11.90802581796938,155000.0,0.0,155000.0,0.0,155000.0,9.700812286330903,155000.0,16.328138664194483,155000.0,0.14900000000000002,155000.0,0.0,155000.0,9.714533627604672,155000.0,16.50497377681512,155000.0,0.14899999999999997,155000.0,0.14899999999999997,155000.0,8.879529276687258,155000.0,15.96461711646263,155000.0,0.0,155000.0,0.0,155000.0,7.991498382420448,155000.0,30.576887848150875,155000.0,0.0,155000.0,0.0,155000.0,23.34925515685912,155000.0,34.973039198655655,155000.0,0.50200004,155000.0,0.50200004
155200.0,6.417396132671829,155200.0,27.829259311985016,155200.0,0.0,155200.0,0.0,155200.0,1.7476903769917043,155200.0,19.639979022859542,155200.0,0.0,155200.0,0.0,155200.0,1.8096499751228432,155200.0,29.28124318339072,155200.0,0.0,155200.0,0.0,155200.0,1.8070123651726018,155200.0,29.81832353158433,155200.0,0.0,155200.0,0.0,155200.0,1.80360150448874,155200.0,29.807156866145945,155200.0,0.0,155200.0,0.04000000799999998,155200.0,0.295750487874597,155200.0,11.65102948552737,155200.0,0.0,155200.0,0.0,155200.0,9.701652933090429,155200.0,16.349629518624788,155200.0,0.14900000000000002,155200.0,0.0,155200.0,9.716407227156347,155200.0,16.526272772163345,155200.0,0.14899999999999997,155200.0,0.14899999999999997,155200.0,8.86418743280739,155200.0,15.962175066493563,155200.0,0.0,155200.0,0.0,155200.0,6.357062350552692,155200.0,27.702390375890324,155200.0,0.0,155200.0,0.0,155200.0,23.442452057385175,155200.0,35.15606450250317,155200.0,0.50200004,155200.0,0.50200004
155400.0,5.292890933702,155400.0,36.09456122089429,155400.0,0.0,155400.0,0.0,155400.0,1.704461041587903,155400.0,19.635496355816958,155400.0,0.0,155400.0,0.0,155400.0,1.817197438418356,155400.0,29.043184692693234,155400.0,0.0,155400.0,0.0,155400.0,1.8132423650405294,155400.0,29.569991143615812,155400.0,0.0,155400.0,0.0,155400.0,1.8096880702482296,155400.0,29.55876251209791,155400.0,0.0,155400.0,0.04000000799999998,155400.0,0.10364270138657042,155400.0,11.307814540651364,155400.0,0.0,155400.0,0.0,155400.0,9.697842344604465,155400.0,16.361986700990744,155400.0,0.14900000000000002,155400.0,0.0,155400.0,9.713203986168605,155400.0,16.53818219728244,155400.0,0.14899999999999997,155400.0,0.14899999999999997,155400.0,8.846635523367127,155400.0,15.950027449474348,155400.0,0.0,155400.0,0.0,155400.0,5.251540177808379,155400.0,36.64201423161264,155400.0,0.0,155400.0,0.0,155400.0,23.512284270312254,155400.0,35.3036013466657,155400.0,0.50200004,155400.0,0.50200004
155600.0,4.634755263296692,155600.0,35.45020425142797,155600.0,0.0,155600.0,0.0,155600.0,1.640645410180728,155600.0,19.499466232780772,155600.0,0.0,155600.0,0.0,155600.0,1.819544521258684,155600.0,28.81234704207775,155600.0,0.0,155600.0,0.0,155600.0,1.8162901920724137,155600.0,29.327809757384024,155600.0,0.0,155600.0,0.0,155600.0,1.812643875507848,155600.0,29.316855517088715,155600.0,0.0,155600.0,0.04000000799999998,155600.0,-0.020734641094056403,155600.0,10.903806890990657,155600.0,0.0,155600.0,0.0,155600.0,9.694239303246063,155600.0,16.365312428159154,155600.0,0.14900000000000002,155600.0,0.0,155600.0,9.709802254405215,155600.0,16.540749825974675,155600.0,0.14899999999999997,155600.0,0.14899999999999997,155600.0,8.83578289649609,155600.0,15.929465015582254,155600.0,0.0,155600.0,0.0,155600.0,4.599859312345755,155600.0,35.083783003092,155600.0,0.0,155600.0,0.0,155600.0,23.54358167481379,155600.0,35.414834804801295,155600.0,0.50200004,155600.0,0.50200004
155800.0,4.0690941984069475,155800.0,30.977435743288183,155800.0,0.0,155800.0,0.0,155800.0,1.564364640305272,155800.0,19.261487585961927,155800.0,0.0,155800.0,0.0,155800.0,1.818780206987073,155800.0,28.578502769886864,155800.0,0.0,155800.0,0.0,155800.0,1.8185993070509863,155800.0,29.08802316020811,155800.0,0.0,155800.0,0.0,155800.0,1.8148773095228694,155800.0,29.07717779099347,155800.0,0.0,155800.0,0.04000000799999998,155800.0,-0.15714677536080698,155800.0,10.457949478372997,155800.0,0.0,155800.0,0.0,155800.0,9.68950552313504,155800.0,16.35999624263896,155800.0,0.14900000000000002,155800.0,0.0,155800.0,9.705181740181533,155800.0,16.53432328159685,155800.0,0.14899999999999997,155800.0,0.14899999999999997,155800.0,8.823718145683445,155800.0,15.901205406978004,155800.0,0.0,155800.0,0.0,155800.0,4.03832924068002,155800.0,30.773943630978586,155800.0,0.0,155800.0,0.0,155800.0,23.570685355226214,155800.0,35.46877616932401,155800.0,0.50200004,155800.0,0.50200004
156000.0,10.446339836180702,156000.0,28.014718699885446,156000.0,0.0,156000.0,0.0,156000.0,1.5836979888966174,156000.0,18.965017329249086,156000.0,0.0,156000.0,0.0,156000.0,1.8191506597245795,156000.0,28.34740483828016,156000.0,0.0,156000.0,0.0,156000.0,1.8206332825509124,156000.0,28.869432166483122,156000.0,0.0,156000.0,0.0,156000.0,1.8167008871339143,156000.0,28.859273283915076,156000.0,0.0,156000.0,0.04000000799999998,156000.0,-0.31048733330636286,156000.0,10.04007234196367,156000.0,0.0,156000.0,0.0,156000.0,9.683316493714331,156000.0,16.348490924679986,156000.0,0.14900000000000002,156000.0,0.0,156000.0,9.698984229329122,156000.0,16.521549310403767,156000.0,0.14899999999999997,156000.0,0.14899999999999997,156000.0,8.809787796566798,156000.0,15.870309663738528,156000.0,0.0,156000.0,0.0,156000.0,10.502658843638256,156000.0,27.891433902843236,156000.0,0.0,156000.0,0.0,156000.0,23.593567142879216,156000.0,35.464857866280134,156000.0,0.50200004,156000.0,0.50200004
156200.0,8.202507824399575,156200.0,35.94471171734317,156200.0,0.0,156200.0,0.0,156200.0,1.5237065694522107,156200.0,18.850878045968813,156200.0,0.0,156200.0,0.0,156200.0,1.8203991348000776,156200.0,28.159016095861226,156200.0,0.0,156200.0,0.0,156200.0,1.8228006905016978,156200.0,28.704157260174558,156200.0,0.0,156200.0,0.0,156200.0,1.8188365506385689,156200.0,28.692887955801552,156200.0,0.0,156200.0,0.04000000799999998,156200.0,-0.5080517497609899,156200.0,9.726046206188855,156200.0,0.0,156200.0,0.0,156200.0,9.673932654613221,156200.0,16.33686432321608,156200.0,0.14900000000000002,156200.0,0.0,156200.0,9.689400174443506,156200.0,16.508872994971266,156200.0,0.14899999999999997,156200.0,0.14899999999999997,156200.0,8.790803725829594,156200.0,15.845450365567,156200.0,0.0,156200.0,0.0,156200.0,8.16249129701584,156200.0,36.49893920155905,156200.0,0.0,156200.0,0.0,156200.0,23.61326739010042,156200.0,35.43550035705493,156200.0,0.50200004,156200.0,0.50200004
156400.0,6.944751215550777,156400.0,35.46037205221142,156400.0,0.0,156400.0,0.0,156400.0,1.4469000019407543,156400.0,18.644782541755237,156400.0,0.0,156400.0,0.0,156400.0,1.818799520042552,156400.0,27.97025091150806,156400.0,0.0,156400.0,0.0,156400.0,1.8238343675683688,156400.0,28.500529731871413,156400.0,0.0,156400.0,0.0,156400.0,1.8197723603932046,156400.0,28.488590651667707,156400.0,0.0,156400.0,0.04000000799999998,156400.0,-0.6726473129216183,156400.0,9.315863247074143,156400.0,0.0,156400.0,0.0,156400.0,9.66527749386646,156400.0,16.317459999399837,156400.0,0.14900000000000002,156400.0,0.0,156400.0,9.680397933470033,156400.0,16.487919010846934,156400.0,0.14899999999999997,156400.0,0.14899999999999997,156400.0,8.774623946628243,156400.0,15.809329633548126,156400.0,0.0,156400.0,0.0,156400.0,6.895086400854193,156400.0,35.08027861324144,156400.0,0.0,156400.0,0.0,156400.0,23.620192455416607,156400.0,35.37547881845614,156400.0,0.50200004,156400.0,0.50200004
156600.0,6.068152534169773,156600.0,30.850885161392675,156600.0,0.0,156600.0,0.0,156600.0,1.3615509179872298,156600.0,18.341750635869655,156600.0,0.0,156600.0,0.0,156600.0,1.8147990976713153,156600.0,27.746713572995503,156600.0,0.0,156600.0,0.0,156600.0,1.8238369602000801,156600.0,28.259897906649204,156600.0,0.0,156600.0,0.0,156600.0,1.8196780116956794,156600.0,28.248279805120642,156600.0,0.0,156600.0,0.04000000799999998,156600.0,-0.8070172412231695,156600.0,8.811255177331336,156600.0,0.0,156600.0,0.0,156600.0,9.657748995536831,156600.0,16.286724131880483,156600.0,0.14900000000000002,156600.0,0.0,156600.0,9.672491288556186,156600.0,16.45499337824153,156600.0,0.14899999999999997,156600.0,0.14899999999999997,156600.0,8.761258176136286,156600.0,15.758563953551139,156600.0,0.0,156600.0,0.0,156600.0,6.023253364033094,156600.0,30.639805069921806,156600.0,0.0,156600.0,0.0,156600.0,23.62011065675363,156600.0,35.25272670691306,156600.0,0.50200004,156600.0,0.50200004
156800.0,5.314074980405312,156800.0,27.858430782566895,156800.0,0.0,156800.0,0.0,156800.0,1.2670969012493865,156800.0,17.99559946060403,156800.0,0.0,156800.0,0.0,156800.0,1.808866945613519,156800.0,27.521504378606227,156800.0,0.0,156800.0,0.0,156800.0,1.8227977291327115,156800.0,28.059602039769036,156800.0,0.0,156800.0,0.0,156800.0,1.8185383031486286,156800.0,28.049498533953475,156800.0,0.0,156800.0,0.04000000799999998,156800.0,-0.9570009933288455,156800.0,8.410626586038585,156800.0,0.0,156800.0,0.0,156800.0,9.648853284100724,156800.0,16.257869883653203,156800.0,0.14900000000000002,156800.0,0.0,156800.0,9.663148807811412,156800.0,16.42440054558472,156800.0,0.14899999999999997,156800.0,0.14899999999999997,156800.0,8.74638578111001,156800.0,15.715130648592439,156800.0,0.0,156800.0,0.0,156800.0,5.267095892931623,156800.0,27.742628303019256,156800.0,0.0,156800.0,0.0,156800.0,23.614645213795875,156800.0,35.11989818957304,156800.0,0.50200004,156800.0,0.50200004
157000.0,4.355097964182691,157000.0,35.86850991788375,157000.0,0.0,157000.0,0.0,157000.0,1.1544523368842776,157000.0,17.877013165953432,157000.0,0.0,157000.0,0.0,157000.0,1.7992662431467923,157000.0,28.00278773192027,157000.0,0.0,157000.0,0.828,157000.0,1.818325913253956,157000.0,28.176356508271144,157000.0,0.0,157000.0,0.0,157000.0,1.8139578450545857,157000.0,28.09559365985397,157000.0,0.0,157000.0,0.04000000799999998,157000.0,-1.1547380300039267,157000.0,8.118575779993682,157000.0,0.0,157000.0,0.0,157000.0,9.626575780102966,157000.0,16.222959400777615,157000.0,0.14900000000000002,157000.0,0.0,157000.0,9.640325546399641,157000.0,16.388542169679763,157000.0,0.14899999999999997,157000.0,0.14899999999999997,157000.0,8.722651241556632,157000.0,15.678032274857912,157000.0,0.0,157000.0,0.0,157000.0,4.313654445370604,157000.0,36.40474780110579,157000.0,0.0,157000.0,0.0,157000.0,23.579802870465407,157000.0,34.94191389999092,157000.0,0.50200004,157000.0,0.50200004
157200.0,6.895310660796958,157200.0,35.01420067944851,157200.0,0.0,157200.0,0.0,157200.0,1.1242586519824582,157200.0,17.76110444876637,157200.0,0.0,157200.0,0.0,157200.0,1.7890564487520824,157200.0,28.318659823529845,157200.0,0.0,157200.0,0.828,157200.0,1.8150978990701854,157200.0,28.39661864772417,157200.0,0.0,157200.0,0.0,157200.0,1.810637300890415,157200.0,28.315890032777787,157200.0,0.0,157200.0,0.04000000799999998,157200.0,-1.1387623186225149,157200.0,8.079041039502554,157200.0,0.0,157200.0,0.0,157200.0,9.617999097818435,157200.0,16.187021849568318,157200.0,0.14900000000000002,157200.0,0.0,157200.0,9.631363284910112,157200.0,16.35136871779151,157200.0,0.14899999999999997,157200.0,0.14899999999999997,157200.0,8.717652367252688,157200.0,15.65207118874871,157200.0,0.0,157200.0,0.0,157200.0,7.380177257661597,157200.0,34.639058673702785,157200.0,0.0,157200.0,0.0,157200.0,23.55450609454272,157200.0,34.71917628875224,157200.0,0.50200004,157200.0,0.50200004
157400.0,9.412811669659597,157400.0,30.36651632319435,157400.0,0.0,157400.0,0.0,157400.0,1.1243705357355556,157400.0,17.65036907661972,157400.0,0.0,157400.0,0.0,157400.0,1.783100184157663,157400.0,28.54990748480887,157400.0,0.0,157400.0,0.828,157400.0,1.8107384317371782,157400.0,28.612439371671048,157400.0,0.0,157400.0,0.0,157400.0,1.806252388312121,157400.0,28.531986029989675,157400.0,0.0,157400.0,0.04000000799999998,157400.0,-1.0821443946477716,157400.0,8.135971784894222,157400.0,0.0,157400.0,0.0,157400.0,9.606241250298952,157400.0,16.1559306053398,157400.0,0.14900000000000002,157400.0,0.0,157400.0,9.618812473839464,157400.0,16.31858500714143,157400.0,0.14899999999999997,157400.0,0.14899999999999997,157400.0,8.712960560863898,157400.0,15.635131144344795,157400.0,0.0,157400.0,0.0,157400.0,9.129750651596092,157400.0,30.155360959886565,157400.0,0.0,157400.0,0.0,157400.0,23.509157108214673,157400.0,34.47935903904159,157400.0,0.50200004,157400.0,0.50200004
157600.0,7.45645333569982,157600.0,27.438057898912096,157600.0,0.0,157600.0,0.0,157600.0,1.1208395499629824,157600.0,17.55324832163815,157600.0,0.0,157600.0,0.0,157600.0,1.77803909762332,157600.0,28.726634742613868,157600.0,0.0,157600.0,0.828,157600.0,1.8072519258465067,157600.0,28.774553703816263,157600.0,0.0,157600.0,0.0,157600.0,1.8028370417160915,157600.0,28.694258350757405,157600.0,0.0,157600.0,0.04000000799999998,157600.0,-1.022421717192593,157600.0,8.22571553334929,157600.0,0.0,157600.0,0.0,157600.0,9.598834578641647,157600.0,16.13780902310737,157600.0,0.14900000000000002,157600.0,0.0,157600.0,9.61063058503566,157600.0,16.299083775302226,157600.0,0.14899999999999997,157600.0,0.14899999999999997,157600.0,8.7117291478497,157600.0,15.627850168193238,157600.0,0.0,157600.0,0.0,157600.0,7.325906565452176,157600.0,27.29785207478505,157600.0,0.0,157600.0,0.0,157600.0,23.471587700785925,157600.0,34.31477019257535,157600.0,0.50200004,157600.0,0.50200004
157800.0,6.300301517081252,157800.0,35.20363491355998,157800.0,0.0,157800.0,0.0,157800.0,1.11830265445966,157800.0,17.65872836683694,157800.0,0.0,157800.0,0.0,157800.0,1.773290171651142,157800.0,28.8751276069038,157800.0,0.0,157800.0,0.828,157800.0,1.8040878542681391,157800.0,28.929105479706482,157800.0,0.0,157800.0,0.0,157800.0,1.7997334376784517,157800.0,28.849517275510344,157800.0,0.0,157800.0,0.04000000799999998,157800.0,-0.9571299112973102,157800.0,8.34891641388482,157800.0,0.0,157800.0,0.0,157800.0,9.593472369781878,157800.0,16.1229280562337,157800.0,0.14900000000000002,157800.0,0.0,157800.0,9.604522872192438,157800.0,16.282809931337887,157800.0,0.14899999999999997,157800.0,0.14899999999999997,157800.0,8.71205112764865,157800.0,15.62418001604908,157800.0,0.0,157800.0,0.0,157800.0,6.225927848001957,157800.0,35.7556340596181,157800.0,0.0,157800.0,0.0,157800.0,23.438740072100536,157800.0,34.16969259201746,157800.0,0.50200004,157800.0,0.50200004
158000.0,5.512248394950943,158000.0,34.444295973179884,158000.0,0.0,158000.0,0.0,158000.0,1.1158427932753658,158000.0,17.725293928052814,158000.0,0.0,158000.0,0.0,158000.0,1.7689652515240126,158000.0,29.05519998752723,158000.0,0.0,158000.0,0.828,158000.0,1.8013962342365624,158000.0,29.131968771835613,158000.0,0.0,158000.0,0.0,158000.0,1.79709573000357,158000.0,29.05209398514968,158000.0,0.0,158000.0,0.04000000799999998,158000.0,-0.8955527815997502,158000.0,8.564198558261586,158000.0,0.0,158000.0,0.0,158000.0,9.589811253796869,158000.0,16.10740196668403,158000.0,0.14900000000000002,158000.0,0.0,158000.0,9.600236519317415,158000.0,16.265518919688212,158000.0,0.14899999999999997,158000.0,0.14899999999999997,158000.0,8.713209280200376,158000.0,15.625003281839032,158000.0,0.0,158000.0,0.0,158000.0,5.462212524188817,158000.0,34.07476670963195,158000.0,0.0,158000.0,0.0,158000.0,23.41258317478023,158000.0,33.98883086278795,158000.0,0.50200004,158000.0,0.50200004
158200.0,4.9372926549357254,158200.0,29.967074681072422,158200.0,0.0,158200.0,0.0,158200.0,1.1128404494376112,158200.0,17.76311138915946,158200.0,0.0,158200.0,0.0,158200.0,1.7651184101129196,158200.0,29.233616800414485,158200.0,0.0,158200.0,0.828,158200.0,1.7991265014580249,158200.0,29.310445772398747,158200.0,0.0,158200.0,0.0,158200.0,1.7948732989324605,158200.0,29.229635555272623,158200.0,0.0,158200.0,0.04000000799999998,158200.0,-0.8400686213421097,158200.0,8.795276974954298,158200.0,0.0,158200.0,0.0,158200.0,9.587296126500323,158200.0,16.09936664081082,158200.0,0.14900000000000002,158200.0,0.0,158200.0,9.597215787633294,158200.0,16.256316852100476,158200.0,0.14899999999999997,158200.0,0.14899999999999997,158200.0,8.714740567939964,158200.0,15.631716109284216,158200.0,0.0,158200.0,0.0,158200.0,4.8996126581695485,158200.0,29.77414693872721,158200.0,0.0,158200.0,0.0,158200.0,23.39206530014797,158200.0,33.859960701163494,158200.0,0.50200004,158200.0,0.50200004
158400.0,4.4981864726642975,158400.0,30.006092074249327,158400.0,0.0,158400.0,0.0,158400.0,1.109296419181737,158400.0,17.842122691629363,158400.0,0.0,158400.0,0.0,158400.0,1.761745503582047,158400.0,29.381620084323146,158400.0,0.0,158400.0,0.828,158400.0,1.7971896285534537,158400.0,29.435565064043676,158400.0,0.0,158400.0,0.0,158400.0,1.7929798691584804,158400.0,29.353639375682906,158400.0,0.0,158400.0,0.04000000799999998,158400.0,-0.7904314975915804,158400.0,8.971429531308164,158400.0,0.0,158400.0,0.0,158400.0,9.585518134375935,158400.0,16.096955259899456,158400.0,0.14900000000000002,158400.0,0.0,158400.0,9.59503489713921,158400.0,16.25338806893368,158400.0,0.14899999999999997,158400.0,0.14899999999999997,158400.0,8.716406063271808,158400.0,15.639259156215987,158400.0,0.0,158400.0,0.0,158400.0,4.467020301313854,158400.0,30.38251994817678,158400.0,0.0,158400.0,0.0,158400.0,23.375740183663652,158400.0,33.797325496278326,158400.0,0.50200004,158400.0,0.50200004
158600.0,4.150180158621454,158600.0,38.03832569837786,158600.0,0.0,158600.0,0.0,158600.0,1.105613636074956,158600.0,18.072497528983256,158600.0,0.0,158600.0,0.0,158600.0,1.758810234899581,158600.0,29.54502556272545,158600.0,0.0,158600.0,0.828,158600.0,1.7955221708811464,158600.0,29.63136814456494,158600.0,0.0,158600.0,0.0,158600.0,1.7913529891118107,158600.0,29.550001117860017,158600.0,0.0,158600.0,0.04000000799999998,158600.0,-0.7461048485746306,158600.0,9.297567174004257,158600.0,0.0,158600.0,0.0,158600.0,9.584224036692333,158600.0,16.097582525908564,158600.0,0.14900000000000002,158600.0,0.0,158600.0,9.593432484699564,158600.0,16.25381306668654,158600.0,0.14899999999999997,158600.0,0.14899999999999997,158600.0,8.718072182524894,158600.0,15.657344868942479,158600.0,0.0,158600.0,0.0,158600.0,4.123384869105391,158600.0,37.73654620127035,158600.0,0.0,158600.0,0.0,158600.0,23.36255477513143,158600.0,33.72599312834161,158600.0,0.50200004,158600.0,0.50200004
158800.0,6.778209878484684,158800.0,32.26060487678127,158800.0,0.0,158800.0,0.0,158800.0,1.1591875038997987,158800.0,18.19570955670545,158800.0,0.0,158800.0,0.0,158800.0,1.7565065032289628,158800.0,29.727698360891225,158800.0,0.0,158800.0,0.828,158800.0,1.7923238970777482,158800.0,29.823001814425837,158800.0,0.0,158800.0,0.0,158800.0,1.7881155509202884,158800.0,29.74207778619716,158800.0,0.0,158800.0,0.04000000799999998,158800.0,-0.6449424178027316,158800.0,9.641543312952521,158800.0,0.0,158800.0,0.0,158800.0,9.581976408001305,158800.0,16.10432886958989,158800.0,0.14900000000000002,158800.0,0.0,158800.0,9.590651541552981,158800.0,16.261480814830502,158800.0,0.14899999999999997,158800.0,0.14899999999999997,158800.0,8.722307346056622,158800.0,15.681339869274709,158800.0,0.0,158800.0,0.0,158800.0,7.255772092348209,158800.0,32.045201964838306,158800.0,0.0,158800.0,0.0,158800.0,23.336064302548372,158800.0,33.69512992435348,158800.0,0.50200004,158800.0,0.50200004
159000.0,9.272524393340303,159000.0,28.76860208714595,159000.0,0.0,159000.0,0.0,159000.0,1.2296638689608748,159000.0,18.292836789484507,159000.0,0.0,159000.0,0.0,159000.0,1.7579954781989564,159000.0,29.895841821571185,159000.0,0.0,159000.0,0.828,159000.0,1.7886914651553623,159000.0,29.981296282548794,159000.0,0.0,159000.0,0.0,159000.0,1.7845295655389382,159000.0,29.90042932728296,159000.0,0.0,159000.0,0.04000000799999998,159000.0,-0.44887463926819177,159000.0,9.925733527185924,159000.0,0.0,159000.0,0.0,159000.0,9.579632358361064,159000.0,16.11369625327907,159000.0,0.14900000000000002,159000.0,0.0,159000.0,9.587817550630872,159000.0,16.272332376701787,159000.0,0.14899999999999997,159000.0,0.14899999999999997,159000.0,8.731771006377658,159000.0,15.70401628184241,159000.0,0.0,159000.0,0.0,159000.0,8.985841007427961,159000.0,28.618787272052877,159000.0,0.0,159000.0,0.0,159000.0,23.29527635457753,159000.0,33.701718249153465,159000.0,0.50200004,159000.0,0.50200004
159200.0,7.308013068125764,159200.0,29.494966663846647,159200.0,0.0,159200.0,0.0,159200.0,1.2897668482045674,159200.0,18.437464607175663,159200.0,0.0,159200.0,0.0,159200.0,1.7607171585681107,159200.0,30.050702332038647,159200.0,0.0,159200.0,0.828,159200.0,1.7867270838941571,159200.0,30.140559797824675,159200.0,0.0,159200.0,0.0,159200.0,1.7827035484588576,159200.0,30.06045161725669,159200.0,0.0,159200.0,0.04000000799999998,159200.0,-0.2973513484437795,159200.0,10.224176553428224,159200.0,0.0,159200.0,0.0,159200.0,9.579379900054107,159200.0,16.12680728527902,159200.0,0.14900000000000002,159200.0,0.0,159200.0,9.587616354115228,159200.0,16.287546643392687,159200.0,0.14899999999999997,159200.0,0.14899999999999997,159200.0,8.740302256850446,159200.0,15.73028348818512,159200.0,0.0,159200.0,0.0,159200.0,7.1774894611374975,159200.0,29.91096482353249,159200.0,0.0,159200.0,0.0,159200.0,23.27193991104949,159200.0,33.742762028154786,159200.0,0.50200004,159200.0,0.50200004
159400.0,6.175893325457885,159400.0,37.78198584377716,159400.0,0.0,159400.0,0.0,159400.0,1.3441317328681919,159400.0,18.730094987079003,159400.0,0.0,159400.0,0.0,159400.0,1.7637931059242387,159400.0,30.231556384815548,159400.0,0.0,159400.0,0.828,159400.0,1.7856855557005706,159400.0,30.33059134764917,159400.0,0.0,159400.0,0.0,159400.0,1.7817676875188664,159400.0,30.250232108687012,159400.0,0.0,159400.0,0.04000000799999998,159400.0,-0.16667339617108323,159400.0,10.575681386179047,159400.0,0.0,159400.0,0.0,159400.0,9.580063746219578,159400.0,16.14780804601055,159400.0,0.14900000000000002,159400.0,0.0,159400.0,9.588579282073253,159400.0,16.311719126486853,159400.0,0.14899999999999997,159400.0,0.14899999999999997,159400.0,8.748101124997378,159400.0,15.766169346810294,159400.0,0.0,159400.0,0.0,159400.0,6.1032381665741156,159400.0,37.49276799247372,159400.0,0.0,159400.0,0.0,159400.0,23.257717746760953,159400.0,33.824518525520986,159400.0,0.50200004,159400.0,0.50200004
159600.0,5.427155862021515,159600.0,32.276972156281474,159600.0,0.0,159600.0,0.0,159600.0,1.3901340909407642,159600.0,18.901295974348685,159600.0,0.0,159600.0,0.0,159600.0,1.7668034860786002,159600.0,30.41296546588623,159600.0,0.0,159600.0,0.828,159600.0,1.7852930505836802,159600.0,30.500826771731806,159600.0,0.0,159600.0,0.0,159600.0,1.7814619575409671,159600.0,30.419955708277364,159600.0,0.0,159600.0,0.04000000799999998,159600.0,-0.06266610470085418,159600.0,10.86573403733922,159600.0,0.0,159600.0,0.0,159600.0,9.581125854514426,159600.0,16.16949037099077,159600.0,0.14900000000000002,159600.0,0.0,159600.0,9.590000663512694,159600.0,16.336377264540467,159600.0,0.14899999999999997,159600.0,0.14899999999999997,159600.0,8.754572667881902,159600.0,15.79913717761243,159600.0,0.0,159600.0,0.0,159600.0,5.378744199063336,159600.0,32.08051073579783,159600.0,0.0,159600.0,0.0,159600.0,23.250034544191358,159600.0,33.91900744697507,159600.0,0.50200004,159600.0,0.50200004
159800.0,4.8906824544102285,159800.0,28.93246936510866,159800.0,0.0,159800.0,0.0,159800.0,1.427369175645014,159800.0,19.030408583995335,159800.0,0.0,159800.0,0.0,159800.0,1.7694899490515905,159800.0,30.575075178913885,159800.0,0.0,159800.0,0.828,159800.0,1.7852772720179568,159800.0,30.65051917803378,159800.0,0.0,159800.0,0.0,159800.0,1.781520875603788,159800.0,30.569281640559307,159800.0,0.0,159800.0,0.04000000799999998,159800.0,0.02017014565628317,159800.0,11.10079480019307,159800.0,0.0,159800.0,0.0,159800.0,9.582282911475314,159800.0,16.189958954199913,159800.0,0.14900000000000002,159800.0,0.0,159800.0,9.591525581789536,159800.0,16.359395753454443,159800.0,0.14899999999999997,159800.0,0.14899999999999997,159800.0,8.759889496797287,159800.0,15.827963187731193,159800.0,0.0,159800.0,0.0,159800.0,4.85464668975791,159800.0,28.80143688289944,159800.0,0.0,159800.0,0.0,159800.0,23.24620213965206,159800.0,34.02104321375407,159800.0,0.50200004,159800.0,0.50200004
160000.0,4.503693895448986,160000.0,29.573484246014043,160000.0,0.0,160000.0,0.0,160000.0,1.4562054042014438,160000.0,19.203617863801163,160000.0,0.0,160000.0,0.0,160000.0,1.7717532627074353,160000.0,30.74358965470942,160000.0,0.0,160000.0,0.828,160000.0,1.7854578894654327,160000.0,30.840154990595842,160000.0,0.0,160000.0,0.0,160000.0,1.7817662750690089,160000.0,30.759371494622595,160000.0,0.0,160000.0,0.04000000799999998,160000.0,0.08317491060166884,160000.0,11.39893653238507,160000.0,0.0,160000.0,0.0,160000.0,9.583349046261656,160000.0,16.221271931995926,160000.0,0.14900000000000002,160000.0,0.0,160000.0,9.592913843069727,160000.0,16.394030449003235,160000.0,0.14899999999999997,160000.0,0.14899999999999997,160000.0,8.764036172523689,160000.0,15.869036475878094,160000.0,0.0,160000.0,0.0,160000.0,4.474659484892638,160000.0,30.010559576492817,160000.0,0.0,160000.0,0.0,160000.0,23.244685340865455,160000.0,34.18553209062841,160000.0,0.50200004,160000.0,0.50200004
160200.0,4.20680019100262,160200.0,38.01389013891572,160200.0,0.0,160200.0,0.0,160200.0,1.4786952925521841,160200.0,19.509962095649783,160200.0,0.0,160200.0,0.0,160200.0,1.7735961747264324,160200.0,30.927971376807808,160200.0,0.0,160200.0,0.828,160200.0,1.7857340767824117,160200.0,31.023913565786966,160200.0,0.0,160200.0,0.0,160200.0,1.7821000674912137,160200.0,30.94305409892675,160200.0,0.0,160200.0,0.04000000799999998,160200.0,0.1341438580169206,160200.0,11.658189813047253,160200.0,0.0,160200.0,0.0,160200.0,9.584330201464766,160200.0,16.253974090582798,160200.0,0.14900000000000002,160200.0,0.0,160200.0,9.594177799128135,160200.0,16.429467583073993,160200.0,0.14899999999999997,160200.0,0.14899999999999997,160200.0,8.767452678686565,160200.0,15.909374536321929,160200.0,0.0,160200.0,0.0,160200.0,4.182043933481908,160200.0,37.73679037352065,160200.0,0.0,160200.0,0.0,160200.0,23.244364778603366,160200.0,34.35551256900775,160200.0,0.50200004,160200.0,0.50200004
160400.0,6.774590581715469,160400.0,32.48065343714407,160400.0,0.0,160400.0,0.0,160400.0,1.581154730444495,160400.0,19.67985860380414,160400.0,0.0,160400.0,0.0,160400.0,1.7777771179560282,160400.0,31.116073071266975,160400.0,0.0,160400.0,0.828,160400.0,1.7884929272234444,160400.0,31.21423358064363,160400.0,0.0,160400.0,0.0,160400.0,1.7849189963390686,160400.0,31.133751770799126,160400.0,0.0,160400.0,0.04000000799999998,160400.0,0.428972359427011,160400.0,11.857690856083282,160400.0,0.0,160400.0,0.0,160400.0,9.593408304187092,160400.0,16.28936091708833,160400.0,0.14900000000000002,160400.0,0.0,160400.0,9.605053668629635,160400.0,16.46645830849507,160400.0,0.14899999999999997,160400.0,0.14899999999999997,160400.0,8.787357105566414,160400.0,15.945288683854981,160400.0,0.0,160400.0,0.0,160400.0,7.293643465134537,160400.0,32.27807402035699,160400.0,0.0,160400.0,0.0,160400.0,23.26179668002224,160400.0,34.544487640375685,160400.0,0.50200004,160400.0,0.50200004
160600.0,9.547017342223047,160600.0,28.99221786261041,160600.0,0.0,160600.0,0.0,160600.0,1.6890604566944574,160600.0,19.762206050552912,160600.0,0.0,160600.0,0.0,160600.0,1.789254145767483,160600.0,30.944826204315707,160600.0,0.0,160600.0,0.0,160600.0,1.794255493566673,160600.0,31.26320566997362,160600.0,0.0,160600.0,0.0,160600.0,1.7908233514173524,160600.0,31.235543560157122,160600.0,0.0,160600.0,0.04000000799999998,160600.0,0.4677268881362464,160600.0,11.807840016223738,160600.0,0.0,160600.0,0.0,160600.0,9.601831461040964,160600.0,16.320471944787172,160600.0,0.14900000000000002,160600.0,0.0,160600.0,9.614708770948146,160600.0,16.497764225949215,160600.0,0.14899999999999997,160600.0,0.14899999999999997,160600.0,8.78941503577632,160600.0,15.960867905742095,160600.0,0.0,160600.0,0.0,160600.0,9.245838336912037,160600.0,28.852666631998208,160600.0,0.0,160600.0,0.0,160600.0,23.319474342233452,160600.0,34.74955905982334,160600.0,0.50200004,160600.0,0.50200004
160800.0,7.214927461636823,160800.0,29.745222911264804,160800.0,0.0,160800.0,0.0,160800.0,1.7279365356270378,160800.0,19.76908267043772,160800.0,0.0,160800.0,0.0,160800.0,1.8016724178006531,160800.0,30.47383754262205,160800.0,0.0,160800.0,0.0,160800.0,1.8016814074309546,160800.0,30.985166096234376,160800.0,0.0,160800.0,0.0,160800.0,1.7982631010700685,160800.0,30.966341228201006,160800.0,0.0,160800.0,0.04000000799999998,160800.0,0.35681174262319676,160800.0,11.607065347957878,160800.0,0.0,160800.0,0.0,160800.0,9.60591067308873,160800.0,16.343922493363923,160800.0,0.14900000000000002,160800.0,0.0,160800.0,9.61987846690055,160800.0,16.521002902889958,160800.0,0.14899999999999997,160800.0,0.14899999999999997,160800.0,8.779082528869544,160800.0,15.9618891193447,160800.0,0.0,160800.0,0.0,160800.0,7.078376169106902,160800.0,30.18646969529538,160800.0,0.0,160800.0,0.0,160800.0,23.404102400625355,160800.0,34.94374060856409,160800.0,0.50200004,160800.0,0.50200004
161000.0,5.749984075964001,161000.0,38.25287907689745,161000.0,0.0,161000.0,0.0,161000.0,1.7079804618198495,161000.0,19.82702189927323,161000.0,0.0,161000.0,0.0,161000.0,1.8111896474886304,161000.0,30.154563252425373,161000.0,0.0,161000.0,0.0,161000.0,1.8091112170093282,161000.0,30.709384540183578,161000.0,0.0,161000.0,0.0,161000.0,1.8056170933502538,161000.0,30.694068873300214,161000.0,0.0,161000.0,0.04000000799999998,161000.0,0.1454638905432938,161000.0,11.304384174655732,161000.0,0.0,161000.0,0.0,161000.0,9.604041147283207,161000.0,16.358524176403673,161000.0,0.14900000000000002,161000.0,0.0,161000.0,9.618904522204746,161000.0,16.53518082372583,161000.0,0.14899999999999997,161000.0,0.14899999999999997,161000.0,8.76012561481818,161000.0,15.952254575761598,161000.0,0.0,161000.0,0.0,161000.0,5.67454855489627,161000.0,37.97491087136335,161000.0,0.0,161000.0,0.0,161000.0,23.493729225044632,161000.0,35.10620400945999,161000.0,0.50200004,161000.0,0.50200004
161200.0,4.879821614013356,161200.0,32.74880021838558,161200.0,0.0,161200.0,0.0,161200.0,1.6516816928939724,161200.0,19.69154657023995,161200.0,0.0,161200.0,0.0,161200.0,1.8155767144862232,161200.0,29.880183614008864,161200.0,0.0,161200.0,0.0,161200.0,1.8128944367600937,161200.0,30.438799112730173,161200.0,0.0,161200.0,0.0,161200.0,1.809272502961294,161200.0,30.425237747120736,161200.0,0.0,161200.0,0.04000000799999998,161200.0,0.0036693433408198453,161200.0,10.929940410033684,161200.0,0.0,161200.0,0.0,161200.0,9.600529302568093,161200.0,16.36409301398523,161200.0,0.14900000000000002,161200.0,0.0,161200.0,9.61569421580934,161200.0,16.540062642193543,161200.0,0.14899999999999997,161200.0,0.14899999999999997,161200.0,8.747638631491185,161200.0,15.933772654497897,161200.0,0.0,161200.0,0.0,161200.0,4.838675159253249,161200.0,32.54673834253364,161200.0,0.0,161200.0,0.0,161200.0,23.534097085294214,161200.0,35.226551450576515,161200.0,0.50200004,161200.0,0.50200004
161400.0,4.2650351669370945,161400.0,29.311262912901935,161400.0,0.0,161400.0,0.0,161400.0,1.580090845938125,161400.0,19.472712611396595,161400.0,0.0,161400.0,0.0,161400.0,1.8159159894331935,161400.0,29.62285097167146,161400.0,0.0,161400.0,0.0,161400.0,1.8154017662438273,161400.0,30.184011442168213,161400.0,0.0,161400.0,0.0,161400.0,1.8116931007983372,161400.0,30.170974021615805,161400.0,0.0,161400.0,0.04000000799999998,161400.0,-0.13139601638750972,161400.0,10.531080226973506,161400.0,0.0,161400.0,0.0,161400.0,9.596338061304392,161400.0,16.361361743981167,161400.0,0.14900000000000002,161400.0,0.0,161400.0,9.61166018388083,161400.0,16.53639104381128,161400.0,0.14899999999999997,161400.0,0.14899999999999997,161400.0,8.735935680992242,161400.0,15.909331503878432,161400.0,0.0,161400.0,0.0,161400.0,4.231685882550427,161400.0,29.166001795330185,161400.0,0.0,161400.0,0.0,161400.0,23.562953358717813,161400.0,35.30306603189633,161400.0,0.50200004,161400.0,0.50200004
161600.0,6.83140886753202,161600.0,29.98748125096856,161600.0,0.0,161600.0,0.0,161600.0,1.5535629320911815,161600.0,19.253031235621055,161600.0,0.0,161600.0,0.0,161600.0,1.8146291561665566,161600.0,29.361342156276795,161600.0,0.0,161600.0,0.0,161600.0,1.8171563107062174,161600.0,29.917595798749318,161600.0,0.0,161600.0,0.0,161600.0,1.8133029221814523,161600.0,29.90495064660054,161600.0,0.0,161600.0,0.04000000799999998,161600.0,-0.2778065101464542,161600.0,10.07491553144259,161600.0,0.0,161600.0,0.0,161600.0,9.590944265758298,161600.0,16.350403251836273,161600.0,0.14900000000000002,161600.0,0.0,161600.0,9.606310592855465,161600.0,16.524086823508103,161600.0,0.14899999999999997,161600.0,0.14899999999999997,161600.0,8.722963830739973,161600.0,15.876042560684883,161600.0,0.0,161600.0,0.0,161600.0,7.321408452833475,161600.0,30.424065307017482,161600.0,0.0,161600.0,0.0,161600.0,23.58680038676829,161600.0,35.329186312217715,161600.0,0.50200004,161600.0,0.50200004
161800.0,9.532997030386888,161800.0,38.547592584521404,161800.0,0.0,161800.0,0.0,161800.0,1.5238260662674312,161800.0,19.142437371559495,161800.0,0.0,161800.0,0.0,161800.0,1.8158961981673116,161800.0,29.120883305645357,161800.0,0.0,161800.0,0.0,161800.0,1.8194447830572626,161800.0,29.698597551462015,161800.0,0.0,161800.0,0.0,161800.0,1.8155127938717608,161800.0,29.68754302916647,161800.0,0.0,161800.0,0.04000000799999998,161800.0,-0.5085469848522701,161800.0,9.69540559326569,161800.0,0.0,161800.0,0.0,161800.0,9.580819775424805,161800.0,16.336078035833562,161800.0,0.14900000000000002,161800.0,0.0,161800.0,9.596016345925245,161800.0,16.508456290021513,161800.0,0.14899999999999997,161800.0,0.14899999999999997,161800.0,8.701623227606298,161800.0,15.844695163050007,161800.0,0.0,161800.0,0.0,161800.0,9.245519801740253,161800.0,38.289154260711584,161800.0,0.0,161800.0,0.0,161800.0,23.611559655489664,161800.0,35.306261666756015,161800.0,0.50200004,161800.0,0.50200004
162000.0,7.590702379139643,162000.0,33.04837659342641,162000.0,0.0,162000.0,0.0,162000.0,1.4579869001857917,162000.0,18.885654644298537,162000.0,0.0,162000.0,0.0,162000.0,1.8153301197186515,162000.0,28.892798971430313,162000.0,0.0,162000.0,0.0,162000.0,1.8204356700903814,162000.0,29.462488961812554,162000.0,0.0,162000.0,0.0,162000.0,1.8163826267771062,162000.0,29.451729081725787,162000.0,0.0,162000.0,0.04000000799999998,162000.0,-0.662034646501309,162000.0,9.26263593923768,162000.0,0.0,162000.0,0.0,162000.0,9.572988162371036,162000.0,16.315059014248398,162000.0,0.14900000000000002,162000.0,0.0,162000.0,9.587882563343706,162000.0,16.485808677314974,162000.0,0.14899999999999997,162000.0,0.14899999999999997,162000.0,8.686611177316603,162000.0,15.805650764981676,162000.0,0.0,162000.0,0.0,162000.0,7.459983513824354,162000.0,32.85570792977818,162000.0,0.0,162000.0,0.0,162000.0,23.619012419909286,162000.0,35.2489515534146,162000.0,0.50200004,162000.0,0.50200004
162200.0,6.466532845639348,162200.0,29.395163735085664,162200.0,0.0,162200.0,0.0,162200.0,1.3769567036380972,162200.0,18.563092219167054,162200.0,0.0,162200.0,0.0,162200.0,1.8121627562681304,162200.0,28.64763294657776,162200.0,0.0,162200.0,0.0,162200.0,1.8205490348077786,162200.0,29.2000973467109,162200.0,0.0,162200.0,0.0,162200.0,1.8163967666353489,162200.0,29.188641666131,162200.0,0.0,162200.0,0.04000000799999998,162200.0,-0.7962639754490127,162200.0,8.75684216109205,162200.0,0.0,162200.0,0.0,162200.0,9.56569792372458,162200.0,16.284022722830382,162200.0,0.14900000000000002,162200.0,0.0,162200.0,9.580242919654358,162200.0,16.45266317299805,162200.0,0.14899999999999997,162200.0,0.14899999999999997,162200.0,8.673394656485375,162200.0,15.7546262166263,162200.0,0.0,162200.0,0.0,162200.0,6.3933270932099235,162200.0,29.249810109945557,162200.0,0.0,162200.0,0.0,162200.0,23.61983857278907,162200.0,35.139947548689676,162200.0,0.50200004,162200.0,0.50200004
162400.0,5.646781342463665,162400.0,29.931225455897543,162400.0,0.0,162400.0,0.0,162400.0,1.2879230199508316,162400.0,18.259032568275565,162400.0,0.0,162400.0,0.0,162400.0,1.8069128019312313,162400.0,28.387632224920743,162400.0,0.0,162400.0,0.0,162400.0,1.8197916101783995,162400.0,28.93788168496351,162400.0,0.0,162400.0,0.0,162400.0,1.8155455840252126,162400.0,28.925938071061744,162400.0,0.0,162400.0,0.04000000799999998,162400.0,-0.9305296525901522,162400.0,8.25507109832798,162400.0,0.0,162400.0,0.0,162400.0,9.55803648530826,162400.0,16.246363720856625,162400.0,0.14900000000000002,162400.0,0.0,162400.0,9.572221588319232,162400.0,16.412914158869107,162400.0,0.14899999999999997,162400.0,0.14899999999999997,162400.0,8.660354535637758,162400.0,15.69923724640252,162400.0,0.0,162400.0,0.0,162400.0,5.590361057317419,162400.0,30.362850396087943,162400.0,0.0,162400.0,0.0,162400.0,23.61600152541036,162400.0,34.980103710779936,162400.0,0.50200004,162400.0,0.50200004
162600.0,4.615354427183912,162600.0,38.2745394540254,162600.0,0.0,162600.0,0.0,162600.0,1.1785322922889172,162600.0,18.093022077195272,162600.0,0.0,162600.0,0.0,162600.0,1.7980797617642725,162600.0,28.137413463993465,162600.0,0.0,162600.0,0.0,162600.0,1.8158765745178618,162600.0,28.69809908038287,162600.0,0.0,162600.0,0.0,162600.0,1.811526470535279,162600.0,28.68662017575862,162600.0,0.0,162600.0,0.04000000799999998,162600.0,-1.1266948812002107,162600.0,7.988715773131198,162600.0,0.0,162600.0,0.0,162600.0,9.536847208139957,162600.0,16.21089847754424,162600.0,0.14900000000000002,162600.0,0.0,162600.0,9.550598949273018,162600.0,16.376565805970362,162600.0,0.14899999999999997,162600.0,0.14899999999999997,162600.0,8.63758986236632,162600.0,15.662472277684502,162600.0,0.0,162600.0,0.0,162600.0,4.569258128542035,162600.0,37.99714801408545,162600.0,0.0,162600.0,0.0,162600.0,23.58512967309971,162600.0,34.801716663334496,162600.0,0.50200004,162600.0,0.50200004
162800.0,4.122283042482469,162800.0,32.56926707397254,162800.0,0.0,162800.0,0.0,162800.0,1.0996026377805883,162800.0,17.845913393006143,162800.0,0.0,162800.0,0.0,162800.0,1.7880067868630598,162800.0,27.89108933340384,162800.0,0.0,162800.0,0.0,162800.0,1.81393348333324,162800.0,28.44117474020521,162800.0,0.0,162800.0,0.0,162800.0,1.809587922408441,162800.0,28.4294461212662,162800.0,0.0,162800.0,0.04000000799999998,162800.0,-1.1190631181110653,162800.0,7.952305630112801,162800.0,0.0,162800.0,0.0,162800.0,9.531672418246414,162800.0,16.174283876221832,162800.0,0.14900000000000002,162800.0,0.0,162800.0,9.545220659127283,162800.0,16.338823200262375,162800.0,0.14899999999999997,162800.0,0.14899999999999997,162800.0,8.63450399999042,162800.0,15.635729370259414,162800.0,0.0,162800.0,0.0,162800.0,4.09929496231681,162800.0,32.35695292620286,162800.0,0.0,162800.0,0.0,162800.0,23.57071668219192,162800.0,34.58667730294763,162800.0,0.50200004,162800.0,0.50200004
163000.0,6.863316933208009,163000.0,28.83969192280655,163000.0,0.0,163000.0,0.0,163000.0,1.0978791389830085,163000.0,17.611058736483706,163000.0,0.0,163000.0,0.0,163000.0,1.78008144837925,163000.0,27.63701477698779,163000.0,0.0,163000.0,0.0,163000.0,1.8111692164462487,163000.0,28.183499807150742,163000.0,0.0,163000.0,0.0,163000.0,1.8067300768448762,163000.0,28.171844759637025,163000.0,0.0,163000.0,0.04000000799999998,163000.0,-1.099870708207893,163000.0,8.006217263196113,163000.0,0.0,163000.0,0.0,163000.0,9.525998942726416,163000.0,16.141891621798038,163000.0,0.14900000000000002,163000.0,0.0,163000.0,9.539256573634317,163000.0,16.304850655708655,163000.0,0.14899999999999997,163000.0,0.14899999999999997,163000.0,8.63174733880685,163000.0,15.617304562785826,163000.0,0.0,163000.0,0.0,163000.0,7.343112153664556,163000.0,28.68927045410518,163000.0,0.0,163000.0,0.0,163000.0,23.55186327756588,163000.0,34.35373607731084,163000.0,0.50200004,163000.0,0.50200004
163200.0,9.363835488632946,163200.0,29.19481523009156,163200.0,0.0,163200.0,0.0,163200.0,1.1091950049375565,163200.0,17.469663743664054,163200.0,0.0,163200.0,0.0,163200.0,1.7756077205576648,163200.0,27.740483997970294,163200.0,0.0,163200.0,0.828,163200.0,1.806335794964289,163200.0,28.07111479729681,163200.0,0.0,163200.0,0.0,163200.0,1.8018669069268944,163200.0,28.012965364098502,163200.0,0.0,163200.0,0.04000000799999998,163200.0,-1.035591891436893,163200.0,8.090934938298023,163200.0,0.0,163200.0,0.0,163200.0,9.515218519071931,163200.0,16.122291643928232,163200.0,0.14900000000000002,163200.0,0.0,163200.0,9.527625483181101,163200.0,16.283917058024635,163200.0,0.14899999999999997,163200.0,0.14899999999999997,163200.0,8.628466105398122,163200.0,15.608587631100736,163200.0,0.0,163200.0,0.0,163200.0,9.077555832219046,163200.0,29.601745368049286,163200.0,0.0,163200.0,0.0,163200.0,23.50667230161425,163200.0,34.18755839978953,163200.0,0.50200004,163200.0,0.50200004
163400.0,7.391125996764275,163400.0,37.56278718080028,163400.0,0.0,163400.0,0.0,163400.0,1.1150155077899122,163400.0,17.540489509127983,163400.0,0.0,163400.0,0.0,163400.0,1.7715614678671627,163400.0,28.12987538583033,163400.0,0.0,163400.0,0.828,163400.0,1.802627650689489,163400.0,28.234759338769813,163400.0,0.0,163400.0,0.0,163400.0,1.7982352088585587,163400.0,28.16238088843064,163400.0,0.0,163400.0,0.04000000799999998,163400.0,-0.9684932995342754,163400.0,8.206808978896479,163400.0,0.0,163400.0,0.0,163400.0,9.508603162748738,163400.0,16.106887039324775,163400.0,0.14900000000000002,163400.0,0.0,163400.0,9.520181700399657,163400.0,16.26719113972536,163400.0,0.14899999999999997,163400.0,0.14899999999999997,163400.0,8.62832219220221,163400.0,15.603821065461508,163400.0,0.0,163400.0,0.0,163400.0,7.260295764371615,163400.0,37.2998971620952,163400.0,0.0,163400.0,0.0,163400.0,23.469709181679836,163400.0,34.04555487633205,163400.0,0.50200004,163400.0,0.50200004
163600.0,6.236669269364314,163600.0,31.90121019120936,163600.0,0.0,163600.0,0.0,163600.0,1.1204299866847516,163600.0,17.530890264794138,163600.0,0.0,163600.0,0.0,163600.0,1.7676531793431878,163600.0,28.378980706817703,163600.0,0.0,163600.0,0.828,163600.0,1.7994155150935633,163600.0,28.452023570654614,163600.0,0.0,163600.0,0.0,163600.0,1.795089843829422,163600.0,28.375752541054123,163600.0,0.0,163600.0,0.04000000799999998,163600.0,-0.8973212547723378,163600.0,8.416528484535668,163600.0,0.0,163600.0,0.0,163600.0,9.50401065245187,163600.0,16.089787762113133,163600.0,0.14900000000000002,163600.0,0.0,163600.0,9.514825048849634,163600.0,16.24828253886159,163600.0,0.14899999999999997,163600.0,0.14899999999999997,163600.0,8.62959096310337,163600.0,15.602679700058994,163600.0,0.0,163600.0,0.0,163600.0,6.163627675335316,163600.0,31.693562482293526,163600.0,0.0,163600.0,0.0,163600.0,23.43817132286586,163600.0,33.86954223075703,163600.0,0.50200004,163600.0,0.50200004
163800.0,5.456867784150376,163800.0,28.227951362003832,163800.0,0.0,163800.0,0.0,163800.0,1.1244433910839147,163800.0,17.526457737752537,163800.0,0.0,163800.0,0.0,163800.0,1.7640982175847661,163800.0,28.591288980694948,163800.0,0.0,163800.0,0.828,163800.0,1.7967626422458396,163800.0,28.662961416955753,163800.0,0.0,163800.0,0.0,163800.0,1.792493815338032,163800.0,28.584905347413883,163800.0,0.0,163800.0,0.04000000799999998,163800.0,-0.8308814233537939,163800.0,8.674503078769659,163800.0,0.0,163800.0,0.0,163800.0,9.500978156500818,163800.0,16.079268307450718,163800.0,0.14900000000000002,163800.0,0.0,163800.0,9.511165765210974,163800.0,16.236339460373763,163800.0,0.14899999999999997,163800.0,0.14899999999999997,163800.0,8.63152055170633,163800.0,15.608656008113712,163800.0,0.0,163800.0,0.0,163800.0,5.40709273762439,163800.0,28.08063828045659,163800.0,0.0,163800.0,0.0,163800.0,23.41331965567986,163800.0,33.7275117960277,163800.0,0.50200004,163800.0,0.50200004
164000.0,4.886913436559224,164000.0,35.715553907101544,164000.0,0.0,164000.0,0.0,164000.0,1.126809358184914,164000.0,17.70558961941401,164000.0,0.0,164000.0,0.0,164000.0,1.7609411962786212,164000.0,28.7560463580535,164000.0,0.0,164000.0,0.828,164000.0,1.794577018920844,164000.0,28.801008493818053,164000.0,0.0,164000.0,0.0,164000.0,1.7903584552190899,164000.0,28.721714983686113,164000.0,0.0,164000.0,0.04000000799999998,164000.0,-0.7714774594061186,164000.0,8.85447412945138,164000.0,0.0,164000.0,0.0,164000.0,9.498970429657051,164000.0,16.0762844130218,164000.0,0.14900000000000002,164000.0,0.0,164000.0,9.50866277248946,164000.0,16.232774122836133,164000.0,0.14899999999999997,164000.0,0.14899999999999997,164000.0,8.633667932429434,164000.0,15.615730400551145,164000.0,0.0,164000.0,0.0,164000.0,4.849373186871193,164000.0,36.25573113077725,164000.0,0.0,164000.0,0.0,164000.0,23.39399799169181,164000.0,33.6641084774383,164000.0,0.50200004,164000.0,0.50200004
164200.0,4.457968839280953,164200.0,35.00048015562156,164200.0,0.0,164200.0,0.0,164200.0,1.1277399918334663,164200.0,17.825952999493254,164200.0,0.0,164200.0,0.0,164200.0,1.7582008015564363,164200.0,28.92448450558763,164200.0,0.0,164200.0,0.828,164200.0,1.7927952563012117,164200.0,28.980071637230044,164200.0,0.0,164200.0,0.0,164200.0,1.7886226250774184,164200.0,28.90120709388482,164200.0,0.0,164200.0,0.04000000799999998,164200.0,-0.7201885997025165,164200.0,9.121641806748093,164200.0,0.0,164200.0,0.0,164200.0,9.497637967097804,164200.0,16.075768959933573,164200.0,0.14900000000000002,164200.0,0.0,164200.0,9.506962134207622,164200.0,16.23190691213516,164200.0,0.14899999999999997,164200.0,0.14899999999999997,164200.0,8.635757460052174,164200.0,15.629324321178116,164200.0,0.0,164200.0,0.0,164200.0,4.42777865266949,164200.0,34.612039815907224,164200.0,0.0,164200.0,0.0,164200.0,23.379160741604256,164200.0,33.60822653995846,164200.0,0.50200004,164200.0,0.50200004
164400.0,4.092446648100767,164400.0,30.273430929977287,164400.0,0.0,164400.0,0.0,164400.0,1.1277504273467964,164400.0,17.914737255993472,164400.0,0.0,164400.0,0.0,164400.0,1.7557417824873656,164400.0,29.112778054906546,164400.0,0.0,164400.0,0.828,164400.0,1.7910497791814335,164400.0,29.185327438457264,164400.0,0.0,164400.0,0.0,164400.0,1.7869215747636285,164400.0,29.106089482136756,164400.0,0.0,164400.0,0.04000000799999998,164400.0,-0.6671141120904008,164400.0,9.461174630046248,164400.0,0.0,164400.0,0.0,164400.0,9.496559673826322,164400.0,16.080696087546936,164400.0,0.14900000000000002,164400.0,0.0,164400.0,9.50556899221653,164400.0,16.23737634449966,164400.0,0.14899999999999997,164400.0,0.14899999999999997,164400.0,8.638095332361535,164400.0,15.651534362107556,164400.0,0.0,164400.0,0.0,164400.0,4.063757883204125,164400.0,30.057777213530464,164400.0,0.0,164400.0,0.0,164400.0,23.36532240127341,164400.0,33.57542529254745,164400.0,0.50200004,164400.0,0.50200004
164600.0,6.704577582864883,164600.0,27.336533678321942,164600.0,0.0,164600.0,0.0,164600.0,1.1858187707303607,164600.0,17.98445181010583,164600.0,0.0,164600.0,0.0,164600.0,1.7539024259016842,164600.0,29.280959598378054,164600.0,0.0,164600.0,0.828,164600.0,1.7880499420415756,164600.0,29.341590326427397,164600.0,0.0,164600.0,0.0,164600.0,1.7838928872093267,164600.0,29.262028040958057,164600.0,0.0,164600.0,0.04000000799999998,164600.0,-0.5564245659370859,164600.0,9.719680421148214,164600.0,0.0,164600.0,0.0,164600.0,9.495020247380804,164600.0,16.08783987084733,164600.0,0.14900000000000002,164600.0,0.0,164600.0,9.5035798061336,164600.0,16.2456043750536,164600.0,0.14899999999999997,164600.0,0.14899999999999997,164600.0,8.64336387489259,164600.0,15.670876232358866,164600.0,0.0,164600.0,0.0,164600.0,7.182630316708743,164600.0,27.195810061199616,164600.0,0.0,164600.0,0.0,164600.0,23.340398203449034,164600.0,33.57911450317129,164600.0,0.50200004,164600.0,0.50200004
164800.0,9.224756091413946,164800.0,35.151443841530764,164800.0,0.0,164800.0,0.0,164800.0,1.2610143111216698,164800.0,18.226679142660103,164800.0,0.0,164800.0,0.0,164800.0,1.7561122976420223,164800.0,29.431802649651672,164800.0,0.0,164800.0,0.828,164800.0,1.7849810120497285,164800.0,29.492431175017344,164800.0,0.0,164800.0,0.0,164800.0,1.78088361390433,164800.0,29.413377191323942,164800.0,0.0,164800.0,0.04000000799999998,164800.0,-0.3546236462184482,164800.0,9.982746990463049,164800.0,0.0,164800.0,0.0,164800.0,9.49399629560999,164800.0,16.09763051553045,164800.0,0.14900000000000002,164800.0,0.0,164800.0,9.502262200362011,164800.0,16.256992247222836,164800.0,0.14899999999999997,164800.0,0.14899999999999997,164800.0,8.654069696988511,164800.0,15.692459268265956,164800.0,0.0,164800.0,0.0,164800.0,8.939886920610284,164800.0,35.70361717478665,164800.0,0.0,164800.0,0.0,164800.0,23.30454371754058,164800.0,33.60969885755456,164800.0,0.50200004,164800.0,0.50200004
165000.0,7.284122203158824,165000.0,34.45063947008855,165000.0,0.0,165000.0,0.0,165000.0,1.3248184661660218,165000.0,18.415480840647472,165000.0,0.0,165000.0,0.0,165000.0,1.7596553457209532,165000.0,29.618781209052496,165000.0,0.0,165000.0,0.828,165000.0,1.783536977527423,165000.0,29.69501579716143,165000.0,0.0,165000.0,0.0,165000.0,1.7795789282140735,165000.0,29.615793474768974,165000.0,0.0,165000.0,0.04000000799999998,165000.0,-0.20620203479771904,165000.0,10.338317269468318,165000.0,0.0,165000.0,0.0,165000.0,9.494626758455437,165000.0,16.116124207195696,165000.0,0.14900000000000002,165000.0,0.0,165000.0,9.50307378744573,165000.0,16.278447914614997,165000.0,0.14899999999999997,165000.0,0.14899999999999997,165000.0,8.663137382882697,165000.0,15.726498247421448,165000.0,0.0,165000.0,0.0,165000.0,7.153507747313027,165000.0,34.08353600222896,165000.0,0.0,165000.0,0.0,165000.0,23.28536716717909,165000.0,33.68181725693827,165000.0,0.50200004,165000.0,0.50200004
165200.0,6.165233573795046,165200.0,30.054061171365284,165200.0,0.0,165200.0,0.0,165200.0,1.382482744224771,165200.0,18.55885120906648,165200.0,0.0,165200.0,0.0,165200.0,1.7634475186465415,165200.0,29.806369091916828,165200.0,0.0,165200.0,0.828,165200.0,1.782948464489068,165200.0,29.87540341840447,165200.0,0.0,165200.0,0.0,165200.0,1.7790925791989862,165200.0,29.79531147341729,165200.0,0.0,165200.0,0.04000000799999998,165200.0,-0.07828612629186192,165200.0,10.637163913684738,165200.0,0.0,165200.0,0.0,165200.0,9.49598665484539,165200.0,16.136082195044114,165200.0,0.14900000000000002,165200.0,0.0,165200.0,9.504808783630978,165200.0,16.30135643284746,165200.0,0.14899999999999997,165200.0,0.14899999999999997,165200.0,8.671324556607166,165200.0,15.758539238875196,165200.0,0.0,165200.0,0.0,165200.0,6.0924360554739785,165200.0,29.86508184927008,165200.0,0.0,165200.0,0.0,165200.0,23.274426628402704,165200.0,33.7697485402346,165200.0,0.50200004,165200.0,0.50200004
165400.0,5.420765809414292,165400.0,27.275682820416975,165400.0,0.0,165400.0,0.0,165400.0,1.4310938401303357,165400.0,18.66850389551854,165400.0,0.0,165400.0,0.0,165400.0,1.7670377609585615,165400.0,29.97055570901852,165400.0,0.0,165400.0,0.828,165400.0,1.7829309267530324,165400.0,30.02552204550428,165400.0,0.0,165400.0,0.0,165400.0,1.7791603251660812,165400.0,29.944901693813947,165400.0,0.0,165400.0,0.04000000799999998,165400.0,0.024332640751424255,165400.0,10.866914347067652,165400.0,0.0,165400.0,0.0,165400.0,9.497569573485746,165400.0,16.153992974243234,165400.0,0.14900000000000002,165400.0,0.0,165400.0,9.50682340969088,165400.0,16.321699585839827,165400.0,0.14899999999999997,165400.0,0.14899999999999997,165400.0,8.678140074189734,165400.0,15.784919084202205,165400.0,0.0,165400.0,0.0,165400.0,5.372531039680112,165400.0,27.16179571172234,165400.0,0.0,165400.0,0.0,165400.0,23.269224813108195,165400.0,33.860561397432875,165400.0,0.50200004,165400.0,0.50200004
165600.0,4.897150433266462,165600.0,35.44634549165701,165600.0,0.0,165600.0,0.0,165600.0,1.4699584086649495,165600.0,18.961462443436233,165600.0,0.0,165600.0,0.0,165600.0,1.7701837606806463,165600.0,30.1472974438533,165600.0,0.0,165600.0,0.828,165600.0,1.78322417078163,165600.0,30.22558509921604,165600.0,0.0,165600.0,0.0,165600.0,1.7795272692430206,165600.0,30.145282668444707,165600.0,0.0,165600.0,0.04000000799999998,165600.0,0.10387910534945814,165600.0,11.175324873726606,165600.0,0.0,165600.0,0.0,165600.0,9.49909291317181,165600.0,16.183298211626088,165600.0,0.14900000000000002,165600.0,0.0,165600.0,9.508751609096098,165600.0,16.354490098964757,165600.0,0.14899999999999997,165600.0,0.14899999999999997,165600.0,8.683582803622208,165600.0,15.824784388207842,165600.0,0.0,165600.0,0.0,165600.0,4.861023505668663,165600.0,35.99374290109108,165600.0,0.0,165600.0,0.0,165600.0,23.267416350145236,165600.0,34.01735046451548,165600.0,0.50200004,165600.0,0.50200004
165800.0,4.511978906719122,165800.0,34.787862628806224,165800.0,0.0,165800.0,0.0,165800.0,1.5001361823377168,165800.0,19.17846017442356,165800.0,0.0,165800.0,0.0,165800.0,1.7728071283627673,165800.0,30.34272737968603,165800.0,0.0,165800.0,0.828,165800.0,1.783655066878401,165800.0,30.42281968140922,165800.0,0.0,165800.0,0.0,165800.0,1.7800222584026206,165800.0,30.34284735938342,165800.0,0.0,165800.0,0.04000000799999998,165800.0,0.16578164319220315,165800.0,11.45055345472114,165800.0,0.0,165800.0,0.0,165800.0,9.500460275086706,165800.0,16.215120623180397,165800.0,0.14900000000000002,165800.0,0.0,165800.0,9.510468576718036,165800.0,16.389358502888744,165800.0,0.14899999999999997,165800.0,0.14899999999999997,165800.0,8.687916669593184,165800.0,15.8651165435649,165800.0,0.0,165800.0,0.0,165800.0,4.483102303960845,165800.0,34.42385775387324,165800.0,0.0,165800.0,0.0,165800.0,23.26739438722229,165800.0,34.18601316252032,165800.0,0.50200004,165800.0,0.50200004
166000.0,4.007592119837214,166000.0,30.46996848997209,166000.0,0.0,166000.0,0.0,166000.0,1.5306704043989976,166000.0,19.330213207329958,166000.0,0.0,166000.0,0.0,166000.0,1.775517243579778,166000.0,30.527097795932878,166000.0,0.0,166000.0,0.828,166000.0,1.7854319748560314,166000.0,30.603317406150943,166000.0,0.0,166000.0,0.0,166000.0,1.781959432184921,166000.0,30.524008353099028,166000.0,0.0,166000.0,0.04000000799999998,166000.0,0.3671880656605633,166000.0,11.674162312043121,166000.0,0.0,166000.0,0.0,166000.0,9.506015290289238,166000.0,16.24541170887467,166000.0,0.14900000000000002,166000.0,0.0,166000.0,9.517201291156201,166000.0,16.421738613906903,166000.0,0.14899999999999997,166000.0,0.14899999999999997,166000.0,8.702134476715294,166000.0,15.900604238313417,166000.0,0.0,166000.0,0.0,166000.0,3.9516051703870656,166000.0,30.258026371770892,166000.0,0.0,166000.0,0.0,166000.0,23.274213869091007,166000.0,34.34786959385342,166000.0,0.50200004,166000.0,0.50200004
166200.0,10.588594381005658,166200.0,27.46226875912669,166200.0,0.0,166200.0,0.0,166200.0,1.693179805849236,166200.0,19.43452339395215,166200.0,0.0,166200.0,0.0,166200.0,1.7843953063504323,166200.0,30.715408538527374,166200.0,0.0,166200.0,0.828,166200.0,1.7905194550726542,166200.0,30.800634624194775,166200.0,0.0,166200.0,0.0,166200.0,1.7870445905596242,166200.0,30.721208288551043,166200.0,0.0,166200.0,0.04000000799999998,166200.0,0.5290911452190188,166200.0,11.753150650342526,166200.0,0.0,166200.0,0.0,166200.0,9.516875109799598,166200.0,16.27870585918923,166200.0,0.14900000000000002,166200.0,0.0,166200.0,9.52951182992689,166200.0,16.455802898656938,166200.0,0.14899999999999997,166200.0,0.14899999999999997,166200.0,8.714167043853182,166200.0,15.925746294702053,166200.0,0.0,166200.0,0.0,166200.0,10.642593555294162,166200.0,27.331295698257744,166200.0,0.0,166200.0,0.0,166200.0,23.31810979114647,166200.0,34.55094732856316,166200.0,0.50200004,166200.0,0.50200004
166400.0,8.049757465919964,166400.0,35.72453760870231,166400.0,0.0,166400.0,0.0,166400.0,1.7566212751130097,166400.0,19.66577272928944,166400.0,0.0,166400.0,0.0,166400.0,1.7980289704650942,166400.0,30.905912204986702,166400.0,0.0,166400.0,0.828,166400.0,1.7982350518312988,166400.0,30.995465846442524,166400.0,0.0,166400.0,0.0,166400.0,1.794875907441883,166400.0,30.915525993323136,166400.0,0.0,166400.0,0.04000000799999998,166400.0,0.47787362805975914,166400.0,11.616263729068807,166400.0,0.0,166400.0,0.0,166400.0,9.524727414080356,166400.0,16.305605681724447,166400.0,0.14900000000000002,166400.0,0.0,166400.0,9.538447383415237,166400.0,16.482644043671534,166400.0,0.14899999999999997,166400.0,0.14899999999999997,166400.0,8.71042658674685,166400.0,15.932786266094768,166400.0,0.0,166400.0,0.0,166400.0,7.993394046499806,166400.0,36.27167194274047,166400.0,0.0,166400.0,0.0,166400.0,23.39631747821004,166400.0,34.75023015936585,166400.0,0.50200004,166400.0,0.50200004
166600.0,6.4232182372494275,166600.0,35.11649995341783,166600.0,0.0,166600.0,0.0,166600.0,1.7630564368878325,166600.0,19.754451124441644,166600.0,0.0,166600.0,0.0,166600.0,1.8100461366242282,166600.0,31.098564363054514,166600.0,0.0,166600.0,0.828,166600.0,1.8067012249343828,166600.0,31.18920312562485,166600.0,0.0,166600.0,0.0,166600.0,1.8033043960256592,166600.0,31.109095766370853,166600.0,0.0,166600.0,0.04000000799999998,166600.0,0.3097800716424566,166600.0,11.36039914380061,166600.0,0.0,166600.0,0.0,166600.0,9.527190467619215,166600.0,16.32411286704166,166600.0,0.14900000000000002,166600.0,0.0,166600.0,9.541848100393867,166600.0,16.500842335221158,166600.0,0.14899999999999997,166600.0,0.14899999999999997,166600.0,8.69654289825704,166600.0,15.927639398288916,166600.0,0.0,166600.0,0.0,166600.0,6.363051138601005,166600.0,34.7515674687637,166600.0,0.0,166600.0,0.0,166600.0,23.489770317525622,166600.0,34.92711914679628,166600.0,0.50200004,166600.0,0.50200004
166800.0,5.285370542092068,166800.0,30.702746516447665,166800.0,0.0,166800.0,0.0,166800.0,1.7185216418659344,166800.0,19.715373682362603,166800.0,0.0,166800.0,0.0,166800.0,1.8179513720409548,166800.0,30.925472414461023,166800.0,0.0,166800.0,0.0,166800.0,1.813505779945745,166800.0,31.239121360523058,166800.0,0.0,166800.0,0.0,166800.0,1.809968388695408,166800.0,31.2114499556282,166800.0,0.0,166800.0,0.04000000799999998,166800.0,0.10415446316063111,166800.0,11.019990556085753,166800.0,0.0,166800.0,0.0,166800.0,9.524368266874005,166800.0,16.333620488707265,166800.0,0.14900000000000002,166800.0,0.0,166800.0,9.539583620855812,166800.0,16.509802088835578,166800.0,0.14899999999999997,166800.0,0.14899999999999997,166800.0,8.679082525310749,166800.0,15.912927010258857,166800.0,0.0,166800.0,0.0,166800.0,5.241724898437705,166800.0,30.502062591272853,166800.0,0.0,166800.0,0.0,166800.0,23.563108055821395,166800.0,35.06889352441967,166800.0,0.50200004,166800.0,0.50200004
167000.0,4.576875806587758,167000.0,27.748699630067065,167000.0,0.0,167000.0,0.0,167000.0,1.6491743672492027,167000.0,19.539356456463707,167000.0,0.0,167000.0,0.0,167000.0,1.8206106062152585,167000.0,30.44639719553079,167000.0,0.0,167000.0,0.0,167000.0,1.8170883394980322,167000.0,30.958698445695223,167000.0,0.0,167000.0,0.0,167000.0,1.8134437562010053,167000.0,30.939718047638376,167000.0,0.0,167000.0,0.04000000799999998,167000.0,-0.04150864273058243,167000.0,10.619956519093897,167000.0,0.0,167000.0,0.0,167000.0,9.520697886540727,167000.0,16.33423465220792,167000.0,0.14900000000000002,167000.0,0.0,167000.0,9.536089309040374,167000.0,16.509561631347804,167000.0,0.14899999999999997,167000.0,0.14899999999999997,167000.0,8.666963283293912,167000.0,15.889925879308217,167000.0,0.0,167000.0,0.0,167000.0,4.542454982245574,167000.0,27.621314875304854,167000.0,0.0,167000.0,0.0,167000.0,23.598358828324564,167000.0,35.17500068053355,167000.0,0.50200004,167000.0,0.50200004
167200.0,4.011310030386205,167200.0,36.00131415612534,167200.0,0.0,167200.0,0.0,167200.0,1.567104606837503,167200.0,19.48235734090939,167200.0,0.0,167200.0,0.0,167200.0,1.8197882855806113,167200.0,30.11099595628523,167200.0,0.0,167200.0,0.0,167200.0,1.8195224715043783,167200.0,30.675678444852913,167200.0,0.0,167200.0,0.0,167200.0,1.8157915922416465,167200.0,30.659868395511854,167200.0,0.0,167200.0,0.04000000799999998,167200.0,-0.1873137861558545,167200.0,10.1785753504256,167200.0,0.0,167200.0,0.0,167200.0,9.516075940322708,167200.0,16.32633855502437,167200.0,0.14900000000000002,167200.0,0.0,167200.0,9.531520761034187,167200.0,16.500461373710717,167200.0,0.14899999999999997,167200.0,0.14899999999999997,167200.0,8.654618903709144,167200.0,15.859343776874217,167200.0,0.0,167200.0,0.0,167200.0,3.9811280838598395,167200.0,36.5481781695234,167200.0,0.0,167200.0,0.0,167200.0,23.625018078291028,167200.0,35.224539837678705,167200.0,0.50200004,167200.0,0.50200004
167400.0,10.396377887394829,167400.0,35.36111049624387,167400.0,0.0,167400.0,0.0,167400.0,1.581621704032318,167400.0,19.299109250221623,167400.0,0.0,167400.0,0.0,167400.0,1.8198987737032877,167400.0,29.825731822490592,167400.0,0.0,167400.0,0.0,167400.0,1.8215197294425014,167400.0,30.401163487289,167400.0,0.0,167400.0,0.0,167400.0,1.8175715879330863,167400.0,30.38711375894517,167400.0,0.0,167400.0,0.04000000799999998,167400.0,-0.34356170872336617,167400.0,9.72003262654629,167400.0,0.0,167400.0,0.0,167400.0,9.510201586976477,167400.0,16.310837493239806,167400.0,0.14900000000000002,167400.0,0.0,167400.0,9.525571001946558,167400.0,16.48346203779585,167400.0,0.14899999999999997,167400.0,0.14899999999999997,167400.0,8.64097442259596,167400.0,15.822625086087061,167400.0,0.0,167400.0,0.0,167400.0,10.45507130526668,167400.0,34.99652887720052,167400.0,0.0,167400.0,0.0,167400.0,23.645684811043218,167400.0,35.21490285490454,167400.0,0.50200004,167400.0,0.50200004
167600.0,8.167463827547799,167600.0,31.073631111285774,167600.0,0.0,167600.0,0.0,167600.0,1.5178742602662096,167600.0,19.039022477725343,167600.0,0.0,167600.0,0.0,167600.0,1.820828709962079,167600.0,29.572498591458896,167600.0,0.0,167600.0,0.0,167600.0,1.8235928775842145,167600.0,30.171329782654126,167600.0,0.0,167600.0,0.0,167600.0,1.8196099960523546,167600.0,30.15844320588862,167600.0,0.0,167600.0,0.04000000799999998,167600.0,-0.5443761695974704,167600.0,9.339406380004567,167600.0,0.0,167600.0,0.0,167600.0,9.501215340712065,167600.0,16.293470614832966,167600.0,0.14900000000000002,167600.0,0.0,167600.0,9.516306842312323,167600.0,16.46470386656636,167600.0,0.14899999999999997,167600.0,0.14899999999999997,167600.0,8.622358369056203,167600.0,15.789104427622279,167600.0,0.0,167600.0,0.0,167600.0,8.127950485395539,167600.0,30.874704217121515,167600.0,0.0,167600.0,0.0,167600.0,23.662326469523872,167600.0,35.1757793875875,167600.0,0.50200004,167600.0,0.50200004
167800.0,6.916891271033902,167800.0,27.97111513932992,167800.0,0.0,167800.0,0.0,167800.0,1.4380190624380371,167800.0,18.715956550439895,167800.0,0.0,167800.0,0.0,167800.0,1.818917837026283,167800.0,29.309441171796397,167800.0,0.0,167800.0,0.0,167800.0,1.8245057292504454,167800.0,29.89169891554064,167800.0,0.0,167800.0,0.0,167800.0,1.8204220116770862,167800.0,29.878818374160364,167800.0,0.0,167800.0,0.04000000799999998,167800.0,-0.711152649020157,167800.0,8.839973311788874,167800.0,0.0,167800.0,0.0,167800.0,9.492871900215368,167800.0,16.264437259148902,167800.0,0.14900000000000002,167800.0,0.0,167800.0,9.507562977413487,167800.0,16.43365718165394,167800.0,0.14899999999999997,167800.0,0.14899999999999997,167800.0,8.60647440157997,167800.0,15.739864505254278,167800.0,0.0,167800.0,0.0,167800.0,6.867518726354731,167800.0,27.83709139989798,167800.0,0.0,167800.0,0.0,167800.0,23.66665782481981,167800.0,35.083871937267126,167800.0,0.50200004,167800.0,0.50200004
168000.0,6.057741610478934,168000.0,36.053817379063226,168000.0,0.0,168000.0,0.0,168000.0,1.3510766396625786,168000.0,18.54480482897301,168000.0,0.0,168000.0,0.0,168000.0,1.8146540962543134,168000.0,29.03774679073324,168000.0,0.0,168000.0,0.0,168000.0,1.8243916730938228,168000.0,29.61459834114469,168000.0,0.0,168000.0,0.0,168000.0,1.8202097863322957,168000.0,29.601409848384275,168000.0,0.0,168000.0,0.04000000799999998,168000.0,-0.843012113967669,168000.0,8.33526187274747,168000.0,0.0,168000.0,0.0,168000.0,9.485814109688878,168000.0,16.22844270594607,168000.0,0.14900000000000002,168000.0,0.0,168000.0,9.50010331470303,168000.0,16.395459506368677,168000.0,0.14899999999999997,168000.0,0.14899999999999997,168000.0,8.593742859965802,168000.0,15.684517976807518,168000.0,0.0,168000.0,0.0,168000.0,6.013372747216145,168000.0,36.59436308483594,168000.0,0.0,168000.0,0.0,168000.0,23.664591909460558,168000.0,34.93959571945856,168000.0,0.50200004,168000.0,0.50200004
168200.0,5.15217468449574,168200.0,35.455227063913945,168200.0,0.0,168200.0,0.0,168200.0,1.247784729422975,168200.0,18.29458913572947,168200.0,0.0,168200.0,0.0,168200.0,1.8079262659770579,168200.0,28.79542580919063,168200.0,0.0,168200.0,0.0,168200.0,1.8222300680158128,168200.0,29.383084291130935,168200.0,0.0,168200.0,0.0,168200.0,1.8179047110373694,168200.0,29.369143002652645,168200.0,0.0,168200.0,0.04000000799999998,168200.0,-1.0884083979058523,168200.0,7.968668996318299,168200.0,0.0,168200.0,0.0,168200.0,9.469740788927641,168200.0,16.196138625273996,168200.0,0.14900000000000002,168200.0,0.0,168200.0,9.483550067228412,168200.0,16.362045553168084,168200.0,0.14899999999999997,168200.0,0.14899999999999997,168200.0,8.571139780440264,168200.0,15.643524933609129,168200.0,0.0,168200.0,0.0,168200.0,5.0891597754973885,168200.0,35.0679493149007,168200.0,0.0,168200.0,0.0,168200.0,23.64701330547828,168200.0,34.7922111203741,168200.0,0.50200004,168200.0,0.50200004
168400.0,4.33532268778583,168400.0,30.85069886062452,168400.0,0.0,168400.0,0.0,168400.0,1.1470072476191664,168400.0,18.008086914143888,168400.0,0.0,168400.0,0.0,168400.0,1.7978702640278186,168400.0,28.54342445008657,168400.0,0.0,168400.0,0.0,168400.0,1.8191317408059788,168400.0,29.126080856290706,168400.0,0.0,168400.0,0.0,168400.0,1.8147858603929286,168400.0,29.112256379940135,168400.0,0.0,168400.0,0.04000000799999998,168400.0,-1.1186345793026233,168400.0,7.862842784048875,168400.0,0.0,168400.0,0.0,168400.0,9.457435360317552,168400.0,16.16054370949234,168400.0,0.14900000000000002,168400.0,0.0,168400.0,9.470883948852828,168400.0,16.325597538497743,168400.0,0.14899999999999997,168400.0,0.14899999999999997,168400.0,8.56197136174335,168400.0,15.613779853901367,168400.0,0.0,168400.0,0.0,168400.0,4.307579965356385,168400.0,30.628569846942234,168400.0,0.0,168400.0,0.0,168400.0,23.618281896138352,168400.0,34.60553013945888,168400.0,0.50200004,168400.0,0.50200004
168600.0,4.027971610656326,168600.0,27.614638059735213,168600.0,0.0,168600.0,0.0,168600.0,1.0869559715140558,168600.0,17.739585817403746,168600.0,0.0,168600.0,0.0,168600.0,1.7886559447570451,168600.0,28.27555996690063,168600.0,0.0,168600.0,0.0,168600.0,1.81777986965447,168600.0,28.851691606180953,168600.0,0.0,168600.0,0.0,168600.0,1.8134405418063306,168600.0,28.838480196673544,168600.0,0.0,168600.0,0.04000000799999998,168600.0,-1.112041230928536,168600.0,7.875836902078527,168600.0,0.0,168600.0,0.0,168600.0,9.454471349656279,168600.0,16.124951923836832,168600.0,0.14900000000000002,168600.0,0.0,168600.0,9.467781840248673,168600.0,16.288634039692127,168600.0,0.14899999999999997,168600.0,0.14899999999999997,168600.0,8.56039324507933,168600.0,15.590829764112629,168600.0,0.0,168600.0,0.0,168600.0,4.009602719470153,168600.0,27.473173808770316,168600.0,0.0,168600.0,0.0,168600.0,23.608554533654992,168600.0,34.374627973121946,168600.0,0.50200004,168600.0,0.50200004
168800.0,10.281189158142736,168800.0,35.46611845875134,168800.0,0.0,168800.0,0.0,168800.0,1.1266084872966646,168800.0,17.69764701982131,168800.0,0.0,168800.0,0.0,168800.0,1.7826896673508579,168800.0,28.030700366163195,168800.0,0.0,168800.0,0.0,168800.0,1.814160621717874,168800.0,28.642570175313608,168800.0,0.0,168800.0,0.0,168800.0,1.8097061063002564,168800.0,28.631608817889244,168800.0,0.0,168800.0,0.04000000799999998,168800.0,-1.081110028382019,168800.0,7.938296215335703,168800.0,0.0,168800.0,0.0,168800.0,9.447187180899602,168800.0,16.10275656450983,168800.0,0.14900000000000002,168800.0,0.0,168800.0,9.460045132734587,168800.0,16.265181992182885,168800.0,0.14899999999999997,168800.0,0.14899999999999997,168800.0,8.557326945856282,168800.0,15.579339627536553,168800.0,0.0,168800.0,0.0,168800.0,10.329537980940138,168800.0,35.97890952309576,168800.0,0.0,168800.0,0.0,168800.0,23.580674439293798,168800.0,34.202446273436585,168800.0,0.50200004,168800.0,0.50200004
169000.0,7.975017389264447,169000.0,34.71458388057388,169000.0,0.0,169000.0,0.0,169000.0,1.125064790253924,169000.0,17.607276420370432,169000.0,0.0,169000.0,0.0,169000.0,1.778598663811429,169000.0,27.81298179609697,169000.0,0.0,169000.0,0.0,169000.0,1.8095478210976803,169000.0,28.397601672454478,169000.0,0.0,169000.0,0.0,169000.0,1.8051887035429335,169000.0,28.385687181157653,169000.0,0.0,169000.0,0.04000000799999998,169000.0,-1.0113243800638863,169000.0,8.066214871123687,169000.0,0.0,169000.0,0.0,169000.0,9.437371500005428,169000.0,16.080293688945137,169000.0,0.14900000000000002,169000.0,0.0,169000.0,9.449294098232627,169000.0,16.241039597757865,169000.0,0.14899999999999997,169000.0,0.14899999999999997,169000.0,8.5553085901148,169000.0,15.570548623740846,169000.0,0.0,169000.0,0.0,169000.0,7.93307525350369,169000.0,34.33196410635151,169000.0,0.0,169000.0,0.0,169000.0,23.532734335672533,169000.0,34.01157083898711,169000.0,0.50200004,169000.0,0.50200004
169200.0,6.68855827709884,169200.0,30.06712624010276,169200.0,0.0,169200.0,0.0,169200.0,1.1281941130598332,169200.0,17.482708262020566,169200.0,0.0,169200.0,0.0,169200.0,1.7745332140500643,169200.0,27.57175642216559,169200.0,0.0,169200.0,0.0,169200.0,1.8057497273495684,169200.0,28.134549365231422,169200.0,0.0,169200.0,0.0,169200.0,1.801436500914666,169200.0,28.12279530831626,169200.0,0.0,169200.0,0.04000000799999998,169200.0,-0.9329450537134361,169200.0,8.262066861590593,169200.0,0.0,169200.0,0.0,169200.0,9.431113720246803,169200.0,16.06083330611317,169200.0,0.14900000000000002,169200.0,0.0,169200.0,9.44212387383544,169200.0,16.21971212922361,169200.0,0.14899999999999997,169200.0,0.14899999999999997,169200.0,8.556107593969195,169200.0,15.567070900392649,169200.0,0.0,169200.0,0.0,169200.0,6.636770547967585,169200.0,29.853953265095686,169200.0,0.0,169200.0,0.0,169200.0,23.49206866119828,169200.0,33.824266221001444,169200.0,0.50200004,169200.0,0.50200004
169400.0,5.808032987523768,169400.0,30.110727254556668,169400.0,0.0,169400.0,0.0,169400.0,1.132116047049943,169400.0,17.435768770271732,169400.0,0.0,169400.0,0.0,169400.0,1.7707997560434827,169400.0,27.68182087306938,169400.0,0.0,169400.0,0.828,169400.0,1.8027518549623074,169400.0,28.01611695876225,169400.0,0.0,169400.0,0.0,169400.0,1.7984800312125433,169400.0,27.951812108610028,169400.0,0.0,169400.0,0.04000000799999998,169400.0,-0.8600441647552879,169400.0,8.507917414363588,169400.0,0.0,169400.0,0.0,169400.0,9.427319768716428,169400.0,16.047963346823895,169400.0,0.14900000000000002,169400.0,0.0,169400.0,9.437596251998889,169400.0,16.20530574996368,169400.0,0.14899999999999997,169400.0,0.14899999999999997,169400.0,8.558034790421665,169400.0,15.570605931768702,169400.0,0.0,169400.0,0.0,169400.0,5.7623248727150305,169400.0,30.512165590969488,169400.0,0.0,169400.0,0.0,169400.0,23.46138416785102,169400.0,33.66954131740219,169400.0,0.50200004,169400.0,0.50200004
169600.0,5.158669641307077,169600.0,37.946536571621195,169600.0,0.0,169600.0,0.0,169600.0,1.1349248901156146,169600.0,17.574140852408583,169600.0,0.0,169600.0,0.0,169600.0,1.7674621264775756,169600.0,28.061815255352094,169600.0,0.0,169600.0,0.828,169600.0,1.8003038745018156,169600.0,28.165374647328516,169600.0,0.0,169600.0,0.0,169600.0,1.7960779743745794,169600.0,28.090769949221823,169600.0,0.0,169600.0,0.04000000799999998,169600.0,-0.7944058212651833,169600.0,8.686942784605876,169600.0,0.0,169600.0,0.0,169600.0,9.42490478821884,169600.0,16.043508647059035,169600.0,0.14900000000000002,169600.0,0.0,169600.0,9.434600261451022,169600.0,16.20015545005271,169600.0,0.14899999999999997,169600.0,0.14899999999999997,169600.0,8.560363043711854,169600.0,15.576473655673398,169600.0,0.0,169600.0,0.0,169600.0,5.120164719301903,169600.0,37.67268472504168,169600.0,0.0,169600.0,0.0,169600.0,23.43781830696646,169600.0,33.59615864646977,169600.0,0.50200004,169600.0,0.50200004
169800.0,4.670308883507523,169800.0,32.184883495418134,169800.0,0.0,169800.0,0.0,169800.0,1.1363492423835475,169800.0,17.628835072495217,169800.0,0.0,169800.0,0.0,169800.0,1.7645386666738438,169800.0,28.316901942045536,169800.0,0.0,169800.0,0.828,169800.0,1.7983232346722569,169800.0,28.384005142592628,169800.0,0.0,169800.0,0.0,169800.0,1.7941433723536717,169800.0,28.30693742339957,169800.0,0.0,169800.0,0.04000000799999998,169800.0,-0.7376237070488533,169800.0,8.99869777321184,169800.0,0.0,169800.0,0.0,169800.0,9.423362017511867,169800.0,16.041295340938166,169800.0,0.14900000000000002,169800.0,0.0,169800.0,9.43262245036809,169800.0,16.197321764627986,169800.0,0.14899999999999997,169800.0,0.14899999999999997,169800.0,8.562692406758723,169800.0,15.591347261278514,169800.0,0.0,169800.0,0.0,169800.0,4.637702366301992,169800.0,31.97276951211469,169800.0,0.0,169800.0,0.0,169800.0,23.419937400473717,169800.0,33.519461903083915,169800.0,0.50200004,169800.0,0.50200004
170000.0,4.284598706863674,170000.0,28.448489628188042,170000.0,0.0,170000.0,0.0,170000.0,1.1366190179438098,170000.0,17.681549906327344,170000.0,0.0,170000.0,0.0,170000.0,1.761985645186759,170000.0,28.53731452032569,170000.0,0.0,170000.0,0.828,170000.0,1.7966067293046635,170000.0,28.59971159999437,170000.0,0.0,170000.0,0.0,170000.0,1.7924707776754218,170000.0,28.52155420974111,170000.0,0.0,170000.0,0.04000000799999998,170000.0,-0.6857695007877214,170000.0,9.33875556053109,170000.0,0.0,170000.0,0.0,170000.0,9.42228725402752,170000.0,16.045325046883114,170000.0,0.14900000000000002,170000.0,0.0,170000.0,9.431217284624951,170000.0,16.201669364579423,170000.0,0.14899999999999997,170000.0,0.14899999999999997,170000.0,8.565011815626002,170000.0,15.612673749749389,170000.0,0.0,170000.0,0.0,170000.0,4.254649390369859,170000.0,28.298539043299588,170000.0,0.0,170000.0,0.0,170000.0,23.405306499220845,170000.0,33.48266916978644,170000.0,0.50200004,170000.0,0.50200004
170200.0,3.893780961552543,170200.0,35.88562891824236,170200.0,0.0,170200.0,0.0,170200.0,1.1368700485788432,170200.0,17.906581217670315,170200.0,0.0,170200.0,0.0,170200.0,1.759508505275053,170200.0,28.708109529406148,170200.0,0.0,170200.0,0.828,170200.0,1.7945602981903155,170200.0,28.738611432431615,170200.0,0.0,170200.0,0.0,170200.0,1.7904693722008052,170200.0,28.659685391078963,170200.0,0.0,170200.0,0.04000000799999998,170200.0,-0.6192933700404751,170200.0,9.550026620823779,170200.0,0.0,170200.0,0.0,170200.0,9.42126696744088,170200.0,16.05040840854476,170200.0,0.14900000000000002,170200.0,0.0,170200.0,9.429870787100473,170200.0,16.20744266702022,170200.0,0.14899999999999997,170200.0,0.14899999999999997,170200.0,8.568192597859076,170200.0,15.627684324819924,170200.0,0.0,170200.0,0.0,170200.0,3.8634383316735805,170200.0,36.42560321202046,170200.0,0.0,170200.0,0.0,170200.0,23.38851257681764,170200.0,33.482042844289175,170200.0,0.50200004,170200.0,0.50200004
170400.0,10.118155048953136,170400.0,35.15788677332753,170400.0,0.0,170400.0,0.0,170400.0,1.2456027530235976,170400.0,18.066793739091292,170400.0,0.0,170400.0,0.0,170400.0,1.7597891683577884,170400.0,28.88448143315719,170400.0,0.0,170400.0,0.828,170400.0,1.791655904545785,170400.0,28.924328874755528,170400.0,0.0,170400.0,0.0,170400.0,1.787510746203616,170400.0,28.846013418136085,170400.0,0.0,170400.0,0.04000000799999998,170400.0,-0.49221226039444177,170400.0,9.853563989678475,170400.0,0.0,170400.0,0.0,170400.0,9.420146846319636,170400.0,16.060827352611117,170400.0,0.14900000000000002,170400.0,0.0,170400.0,9.428376974293727,170400.0,16.219476756505596,170400.0,0.14899999999999997,170400.0,0.14899999999999997,170400.0,8.574672308488697,170400.0,15.651923779828083,170400.0,0.0,170400.0,0.0,170400.0,10.165562548655572,170400.0,34.76917679528543,170400.0,0.0,170400.0,0.0,170400.0,23.361275260276223,170400.0,33.5115079587081,170400.0,0.50200004,170400.0,0.50200004
170600.0,7.842216976802386,170600.0,30.431410529766804,170600.0,0.0,170600.0,0.0,170600.0,1.3060369219835035,170600.0,18.190085573207348,170600.0,0.0,170600.0,0.0,170600.0,1.7630104751010343,170600.0,29.082464611212295,170600.0,0.0,170600.0,0.828,170600.0,1.78910928499251,170600.0,29.138166678720335,170600.0,0.0,170600.0,0.0,170600.0,1.7851183254641463,170600.0,29.059550116994327,170600.0,0.0,170600.0,0.04000000799999998,170600.0,-0.2960375969387562,170600.0,10.214599254196358,170600.0,0.0,170600.0,0.0,170600.0,9.420037457982385,170600.0,16.07850793016132,170600.0,0.14900000000000002,170600.0,0.0,170600.0,9.428170337962982,170600.0,16.239961499117495,170600.0,0.14899999999999997,170600.0,0.14899999999999997,170600.0,8.585957818323186,170600.0,15.685552905698847,170600.0,0.0,170600.0,0.0,170600.0,7.800396444158232,170600.0,30.215912574099686,170600.0,0.0,170600.0,0.0,170600.0,23.327592285327007,170600.0,33.57929109140183,170600.0,0.50200004,170600.0,0.50200004
170800.0,6.582818110825858,170800.0,27.40573180650297,170800.0,0.0,170800.0,0.0,170800.0,1.3660113870911015,170800.0,18.294935457847536,170800.0,0.0,170800.0,0.0,170800.0,1.7667842021394538,170800.0,29.27200726735331,170800.0,0.0,170800.0,0.828,170800.0,1.7879837706381478,170800.0,29.31395848830949,170800.0,0.0,170800.0,0.0,170800.0,1.784101056614238,170800.0,29.23393994361973,170800.0,0.0,170800.0,0.04000000799999998,170800.0,-0.13545159479391813,170800.0,10.494659886483673,170800.0,0.0,170800.0,0.0,170800.0,9.421387342903568,170800.0,16.09612576572667,170800.0,0.14900000000000002,170800.0,0.0,170800.0,9.429855289152604,170800.0,16.260198864893574,170800.0,0.14899999999999997,170800.0,0.14899999999999997,170800.0,8.596159482432453,170800.0,15.714724218820294,170800.0,0.0,170800.0,0.0,170800.0,6.5323234133935655,170800.0,27.289638921135246,170800.0,0.0,170800.0,0.0,170800.0,23.30880077721357,170800.0,33.65609501570988,170800.0,0.50200004,170800.0,0.50200004
171000.0,5.734733856304666,171000.0,35.300319362427565,171000.0,0.0,171000.0,0.0,171000.0,1.4192652885074508,171000.0,18.56278747679995,171000.0,0.0,171000.0,0.0,171000.0,1.770595502480785,171000.0,29.43662406507956,171000.0,0.0,171000.0,0.828,171000.0,1.7877376343546891,171000.0,29.459170379306514,171000.0,0.0,171000.0,0.0,171000.0,1.7839456472395405,171000.0,29.378233585451948,171000.0,0.0,171000.0,0.04000000799999998,171000.0,-0.01251468015260182,171000.0,10.710840562104927,171000.0,0.0,171000.0,0.0,171000.0,9.423187218862576,171000.0,16.111751116330304,171000.0,0.14900000000000002,171000.0,0.0,171000.0,9.432117799868953,171000.0,16.277991581995973,171000.0,0.14899999999999997,171000.0,0.14899999999999997,171000.0,8.60435748930259,171000.0,15.738508384869096,171000.0,0.0,171000.0,0.0,171000.0,5.690812014997266,171000.0,35.822721365650764,171000.0,0.0,171000.0,0.0,171000.0,23.299838171212116,171000.0,33.73427368247784,171000.0,0.50200004,171000.0,0.50200004
171200.0,5.132254842054925,171200.0,34.57849100638201,171200.0,0.0,171200.0,0.0,171200.0,1.463168627843545,171200.0,18.76059521469958,171200.0,0.0,171200.0,0.0,171200.0,1.7740553064091302,171200.0,29.62109277899184,171200.0,0.0,171200.0,0.828,171200.0,1.787949828942071,171200.0,29.673100787874574,171200.0,0.0,171200.0,0.0,171200.0,1.7842376123090342,171200.0,29.59315771756935,171200.0,0.0,171200.0,0.04000000799999998,171200.0,0.080273691889324,171200.0,11.031581374742878,171200.0,0.0,171200.0,0.0,171200.0,9.424963271203515,171200.0,16.140144363107645,171200.0,0.14900000000000002,171200.0,0.0,171200.0,9.434346666594148,171200.0,16.309940836253617,171200.0,0.14899999999999997,171200.0,0.14899999999999997,171200.0,8.610770823439061,171200.0,15.778219649061812,171200.0,0.0,171200.0,0.0,171200.0,5.096238639769089,171200.0,34.207489769076,171200.0,0.0,171200.0,0.0,171200.0,23.296160722767926,171200.0,33.885558010210616,171200.0,0.50200004,171200.0,0.50200004
171400.0,4.6901105855504195,171400.0,30.136258176836098,171400.0,0.0,171400.0,0.0,171400.0,1.4978165349184613,171400.0,18.908993422027308,171400.0,0.0,171400.0,0.0,171400.0,1.776997288312089,171400.0,29.819557303573607,171400.0,0.0,171400.0,0.828,171400.0,1.7883755853125207,171400.0,29.87822578826873,171400.0,0.0,171400.0,0.0,171400.0,1.784733062806715,171400.0,29.79854991531939,171400.0,0.0,171400.0,0.04000000799999998,171400.0,0.15170675047622167,171400.0,11.313499978870714,171400.0,0.0,171400.0,0.0,171400.0,9.426575290327602,171400.0,16.170785122871813,171400.0,0.14900000000000002,171400.0,0.0,171400.0,9.436357248479865,171400.0,16.34377355074829,171400.0,0.14899999999999997,171400.0,0.14899999999999997,171400.0,8.615842874034454,171400.0,15.817877955376163,171400.0,0.0,171400.0,0.0,171400.0,4.660014676741178,171400.0,29.93544919185523,171400.0,0.0,171400.0,0.0,171400.0,23.295184958562338,171400.0,34.048606455473546,171400.0,0.50200004,171400.0,0.50200004
171600.0,4.358739954990904,171600.0,27.39582395790026,171600.0,0.0,171600.0,0.0,171600.0,1.5246289283859473,171600.0,19.019165297249053,171600.0,0.0,171600.0,0.0,171600.0,1.7794083110154915,171600.0,29.993988211364105,171600.0,0.0,171600.0,0.828,171600.0,1.7888798518810332,171600.0,30.0402725056244,171600.0,0.0,171600.0,0.0,171600.0,1.7852978792748475,171600.0,29.961034516330606,171600.0,0.0,171600.0,0.04000000799999998,171600.0,0.20744633990300285,171600.0,11.510711891607325,171600.0,0.0,171600.0,0.0,171600.0,9.427983579931185,171600.0,16.195039981966804,171600.0,0.14900000000000002,171600.0,0.0,171600.0,9.438100937937504,171600.0,16.370073306469184,171600.0,0.14899999999999997,171600.0,0.14899999999999997,171600.0,8.619880397443467,171600.0,15.847784652992818,171600.0,0.0,171600.0,0.0,171600.0,4.3328086037923725,171600.0,27.26091454552662,171600.0,0.0,171600.0,0.0,171600.0,23.295579979696107,171600.0,34.17924775170918,171600.0,0.50200004,171600.0,0.50200004
171800.0,6.898929714093552,171800.0,35.59545525578227,171800.0,0.0,171800.0,0.0,171800.0,1.629567502801734,171800.0,19.30693132070752,171800.0,0.0,171800.0,0.0,171800.0,1.7844271312967053,171800.0,30.18426970040694,171800.0,0.0,171800.0,0.828,171800.0,1.792716918790261,171800.0,30.248547020312884,171800.0,0.0,171800.0,0.0,171800.0,1.789200423025161,171800.0,30.16913855899417,171800.0,0.0,171800.0,0.04000000799999998,171800.0,0.496410576709347,171800.0,11.7109241785144,171800.0,0.0,171800.0,0.0,171800.0,9.439197438385454,171800.0,16.23003416523281,171800.0,0.14900000000000002,171800.0,0.0,171800.0,9.451180785300691,171800.0,16.4067319697238,171800.0,0.14899999999999997,171800.0,0.14899999999999997,171800.0,8.641372495497151,171800.0,15.883301441694107,171800.0,0.0,171800.0,0.0,171800.0,7.41603240007302,171800.0,36.138871531575504,171800.0,0.0,171800.0,0.0,171800.0,23.318318978769135,171800.0,34.38132670267225,171800.0,0.50200004,171800.0,0.50200004
172000.0,9.655480316149667,172000.0,34.949509638048475,172000.0,0.0,172000.0,0.0,172000.0,1.7384152618759912,172000.0,19.479004221175376,172000.0,0.0,172000.0,0.0,172000.0,1.7968605528095551,172000.0,30.388628697529924,172000.0,0.0,172000.0,0.828,172000.0,1.799531009221361,172000.0,30.456140938237642,172000.0,0.0,172000.0,0.0,172000.0,1.7961560888523755,172000.0,30.37680449414855,172000.0,0.0,172000.0,0.04000000799999998,172000.0,0.5312985560109375,172000.0,11.661719147340053,172000.0,0.0,172000.0,0.0,172000.0,9.449643480932947,172000.0,16.260760513652922,172000.0,0.14900000000000002,172000.0,0.0,172000.0,9.462817167703426,172000.0,16.43769032885976,172000.0,0.14899999999999997,172000.0,0.14899999999999997,172000.0,8.645080185257797,172000.0,15.898528776904737,172000.0,0.0,172000.0,0.0,172000.0,9.353581523306618,172000.0,34.582662513730064,172000.0,0.0,172000.0,0.0,172000.0,23.380513153458658,172000.0,34.584636354197094,172000.0,0.50200004,172000.0,0.50200004
172200.0,7.313514296497508,172200.0,30.519518057169233,172200.0,0.0,172200.0,0.0,172200.0,1.7773064363199214,172200.0,19.532303246727462,172200.0,0.0,172200.0,0.0,172200.0,1.810212254108885,172200.0,30.588556767956852,172200.0,0.0,172200.0,0.828,172200.0,1.8079740720193354,172200.0,30.66034908184191,172200.0,0.0,172200.0,0.0,172200.0,1.8046115401891667,172200.0,30.580835344147108,172200.0,0.0,172200.0,0.04000000799999998,172200.0,0.41721451397499093,172200.0,11.461949731105372,172200.0,0.0,172200.0,0.0,172200.0,9.455654189164125,172200.0,16.283845974320485,172200.0,0.14900000000000002,172200.0,0.0,172200.0,9.469821239828718,172200.0,16.46057692938561,172200.0,0.14899999999999997,172200.0,0.14899999999999997,172200.0,8.636409357938836,172200.0,15.899232752788185,172200.0,0.0,172200.0,0.0,172200.0,7.176487658689287,172200.0,30.317959605606283,172200.0,0.0,172200.0,0.0,172200.0,23.46855450000304,172200.0,34.77517143707606,172200.0,0.50200004,172200.0,0.50200004
172400.0,5.840765212553688,172400.0,27.567700930706078,172400.0,0.0,172400.0,0.0,172400.0,1.756870535874046,172400.0,19.497590563399147,172400.0,0.0,172400.0,0.0,172400.0,1.8206157022783231,172400.0,30.778328122372415,172400.0,0.0,172400.0,0.828,172400.0,1.816381662546592,172400.0,30.8587554678947,172400.0,0.0,172400.0,0.0,172400.0,1.8129414084522335,172400.0,30.77893565981024,172400.0,0.0,172400.0,0.04000000799999998,172400.0,0.20314489299702712,172400.0,11.160725537123454,172400.0,0.0,172400.0,0.0,172400.0,9.45564790393151,172400.0,16.298102975781998,172400.0,0.14900000000000002,172400.0,0.0,172400.0,9.47059247810851,172400.0,16.47440903556848,172400.0,0.14899999999999997,172400.0,0.14899999999999997,172400.0,8.619095595122388,172400.0,15.889303670506866,172400.0,0.0,172400.0,0.0,172400.0,5.764971245825574,172400.0,27.44034574905616,172400.0,0.0,172400.0,0.0,172400.0,23.560548481610205,172400.0,34.94744205503223,172400.0,0.50200004,172400.0,0.50200004
172600.0,4.902564061427797,172600.0,35.84390641420927,172600.0,0.0,172600.0,0.0,172600.0,1.6953928341333382,172600.0,19.59246969660797,172600.0,0.0,172600.0,0.0,172600.0,1.8259287597603808,172600.0,30.96212920911949,172600.0,0.0,172600.0,0.828,172600.0,1.8214849178536006,172600.0,31.05157548172922,172600.0,0.0,172600.0,0.0,172600.0,1.8179049076714187,172600.0,30.971076702198125,172600.0,0.0,172600.0,0.04000000799999998,172600.0,0.02614885077134656,172600.0,10.788005464953274,172600.0,0.0,172600.0,0.0,172600.0,9.452236354835781,172600.0,16.303351710903,172600.0,0.14900000000000002,172600.0,0.0,172600.0,9.46746796606705,172600.0,16.478952345374235,172600.0,0.14899999999999997,172600.0,0.14899999999999997,172600.0,8.604510841254372,172600.0,15.870546427761976,172600.0,0.0,172600.0,0.0,172600.0,4.859886293522816,172600.0,36.39172319846713,172600.0,0.0,172600.0,0.0,172600.0,23.610729399576922,172600.0,35.08096504394033,172600.0,0.50200004,172600.0,0.50200004
172800.0,4.271773262539125,172800.0,35.21948091669586,172800.0,0.0,172800.0,0.0,172800.0,1.6165388859273706,172800.0,19.56202133290111,172800.0,0.0,172800.0,0.0,172800.0,1.8266450907609708,172800.0,31.143826723144024,172800.0,0.0,172800.0,0.828,172800.0,1.8244863843509105,172800.0,31.24026610385258,172800.0,0.0,172800.0,0.0,172800.0,1.8208051912103833,172800.0,31.159466860211342,172800.0,0.0,172800.0,0.04000000799999998,172800.0,-0.12017534410343324,172800.0,10.36572137731958,172800.0,0.0,172800.0,0.0,172800.0,9.448221777092074,172800.0,16.29987867730724,172800.0,0.14900000000000002,172800.0,0.0,172800.0,9.463536920112421,172800.0,16.4744301968754,172800.0,0.14899999999999997,172800.0,0.14899999999999997,172800.0,8.592479121066734,172800.0,15.843891295608909,172800.0,0.0,172800.0,0.0,172800.0,4.239349303887126,172800.0,34.85390246062056,172800.0,0.0,172800.0,0.0,172800.0,23.640288592346412,172800.0,35.1579627608373,172800.0,0.50200004,172800.0,0.50200004
173000.0,6.850567368852894,173000.0,30.948593628082886,173000.0,0.0,173000.0,0.0,173000.0,1.5840591779554805,173000.0,19.404598986242604,173000.0,0.0,173000.0,0.0,173000.0,1.8253985481997812,173000.0,30.611773348467786,173000.0,0.0,173000.0,0.0,173000.0,1.8265696024936597,173000.0,31.075063840129744,173000.0,0.0,173000.0,0.0,173000.0,1.822733496096202,173000.0,31.064223134945102,173000.0,0.0,173000.0,0.04000000799999998,173000.0,-0.2755397479863435,173000.0,10.000994308653276,173000.0,0.0,173000.0,0.0,173000.0,9.44299923465224,173000.0,16.291133184009375,173000.0,0.14900000000000002,173000.0,0.0,173000.0,9.458275646979784,173000.0,16.46459096444517,173000.0,0.14899999999999997,173000.0,0.14899999999999997,173000.0,8.579363304775878,173000.0,15.817418193210171,173000.0,0.0,173000.0,0.0,173000.0,7.343841215348487,173000.0,30.75492037840592,173000.0,0.0,173000.0,0.0,173000.0,23.66330943857985,173000.0,35.17485863809576,173000.0,0.50200004,173000.0,0.50200004
173200.0,9.550328515566452,173200.0,28.12977358527854,173200.0,0.0,173200.0,0.0,173200.0,1.5489894548547156,173200.0,19.168955759512237,173200.0,0.0,173200.0,0.0,173200.0,1.8265933550202724,173200.0,30.25425158349368,173200.0,0.0,173200.0,0.0,173200.0,1.8291103201899834,173200.0,30.85326384203945,173200.0,0.0,173200.0,0.0,173200.0,1.825192850569833,173200.0,30.842320614780185,173200.0,0.0,173200.0,0.04000000799999998,173200.0,-0.5095163795226931,173200.0,9.660261930458534,173200.0,0.0,173200.0,0.0,173200.0,9.43344649100444,173200.0,16.279171854938664,173200.0,0.14900000000000002,173200.0,0.0,173200.0,9.448438313578551,173200.0,16.451474429260077,173200.0,0.14899999999999997,173200.0,0.14899999999999997,173200.0,8.55862377953779,173200.0,15.790137625288729,173200.0,0.0,173200.0,0.0,173200.0,9.2649617252347,173200.0,28.01463779432586,173200.0,0.0,173200.0,0.0,173200.0,23.68480262666723,173200.0,35.165008503193796,173200.0,0.50200004,173200.0,0.50200004
173400.0,7.61513751754027,173400.0,36.24632490778254,173400.0,0.0,173400.0,0.0,173400.0,1.4789747065571912,173400.0,19.069249483182254,173400.0,0.0,173400.0,0.0,173400.0,1.8259163463954533,173400.0,29.961728108906442,173400.0,0.0,173400.0,0.0,173400.0,1.8302360847483996,173400.0,30.559989745064968,173400.0,0.0,173400.0,0.0,173400.0,1.8261928538340864,173400.0,30.547629849781245,173400.0,0.0,173400.0,0.04000000799999998,173400.0,-0.6657012410931207,173400.0,9.169021649536479,173400.0,0.0,173400.0,0.0,173400.0,9.4259361584304,173400.0,16.255799187400054,173400.0,0.14900000000000002,173400.0,0.0,173400.0,9.440561105478064,173400.0,16.426194074962932,173400.0,0.14899999999999997,173400.0,0.14899999999999997,173400.0,8.543904840495992,173400.0,15.745814886572507,173400.0,0.0,173400.0,0.0,173400.0,7.485125704182176,173400.0,36.79007131282698,173400.0,0.0,173400.0,0.0,173400.0,23.690005396806065,173400.0,35.10999117488114,173400.0,0.50200004,173400.0,0.50200004
173600.0,6.493653276680591,173600.0,35.46072978101117,173600.0,0.0,173600.0,0.0,173600.0,1.3944792440306872,173600.0,18.844872444895046,173600.0,0.0,173600.0,0.0,173600.0,1.8226195152522127,173600.0,29.679738370129503,173600.0,0.0,173600.0,0.0,173600.0,1.8304301146066653,173600.0,30.272517919887502,173600.0,0.0,173600.0,0.0,173600.0,1.8262836511245804,173600.0,30.25966127782855,173600.0,0.0,173600.0,0.04000000799999998,173600.0,-0.8019831598941701,173600.0,8.670520692176998,173600.0,0.0,173600.0,0.0,173600.0,9.418912081775602,173600.0,16.22516721167123,173600.0,0.14900000000000002,173600.0,0.0,173600.0,9.433139178667332,173600.0,16.393388484838965,173600.0,0.14899999999999997,173600.0,0.14899999999999997,173600.0,8.530934136285609,173600.0,15.69513882654595,173600.0,0.0,173600.0,0.0,173600.0,6.420740328302002,173600.0,35.0894731828268,173600.0,0.0,173600.0,0.0,173600.0,23.688834506393082,173600.0,34.998973495008855,173600.0,0.50200004,173600.0,0.50200004
173800.0,5.683308442409011,173800.0,31.08296428512613,173800.0,0.0,173800.0,0.0,173800.0,1.3031704308150387,173800.0,18.549911838169674,173800.0,0.0,173800.0,0.0,173800.0,1.8172556422608879,173800.0,29.42014809161177,173800.0,0.0,173800.0,0.0,173800.0,1.8297298998339118,173800.0,30.035830747897204,173800.0,0.0,173800.0,0.0,173800.0,1.8254866708721227,173800.0,30.023001687023218,173800.0,0.0,173800.0,0.04000000799999998,173800.0,-0.9360126847187841,173800.0,8.280050050345723,173800.0,0.0,173800.0,0.0,173800.0,9.411627312554026,173800.0,16.197142990645137,173800.0,0.14900000000000002,173800.0,0.0,173800.0,9.425459471213504,173800.0,16.363725978737932,173800.0,0.14899999999999997,173800.0,0.14899999999999997,173800.0,8.51833908440884,173800.0,15.653169184180397,173800.0,0.0,173800.0,0.0,173800.0,5.626621122549777,173800.0,30.877700251651024,173800.0,0.0,173800.0,0.0,173800.0,23.683096815569424,173800.0,34.88035029364925,173800.0,0.50200004,173800.0,0.50200004
174000.0,4.649849168819634,174000.0,27.894521475794885,174000.0,0.0,174000.0,0.0,174000.0,1.1912960522497082,174000.0,18.217354364851285,174000.0,0.0,174000.0,0.0,174000.0,1.808330737397689,174000.0,29.147540545736614,174000.0,0.0,174000.0,0.0,174000.0,1.8258760944569288,174000.0,29.74719905333922,174000.0,0.0,174000.0,0.0,174000.0,1.8215259099544192,174000.0,29.734079424009774,174000.0,0.0,174000.0,0.04000000799999998,174000.0,-1.1357645901183848,174000.0,7.99061865323831,174000.0,0.0,174000.0,0.0,174000.0,9.391182669376875,174000.0,16.159066958845976,174000.0,0.14900000000000002,174000.0,0.0,174000.0,9.404490431014322,174000.0,16.324657803131046,174000.0,0.14899999999999997,174000.0,0.14899999999999997,174000.0,8.49630787577959,174000.0,15.613770796724353,174000.0,0.0,174000.0,0.0,174000.0,4.603612676767755,174000.0,27.75657493229168,174000.0,0.0,174000.0,0.0,174000.0,23.64668864190786,174000.0,34.70077060258661,174000.0,0.50200004,174000.0,0.50200004
174200.0,4.155548504953059,174200.0,35.903384601692004,174200.0,0.0,174200.0,0.0,174200.0,1.1104593233218092,174200.0,18.10914153808095,174200.0,0.0,174200.0,0.0,174200.0,1.7981528108237548,174200.0,28.867913515833692,174200.0,0.0,174200.0,0.0,174200.0,1.8239375139166192,174200.0,29.46199344051495,174200.0,0.0,174200.0,0.0,174200.0,1.8195905919555266,174200.0,29.44862416581294,174200.0,0.0,174200.0,0.04000000799999998,174200.0,-1.1283502716262892,174200.0,7.964255633012432,174200.0,0.0,174200.0,0.0,174200.0,9.386209064359928,174200.0,16.12382511932096,174200.0,0.14900000000000002,174200.0,0.0,174200.0,9.399294323245126,174200.0,16.28817292604044,174200.0,0.14899999999999997,174200.0,0.14899999999999997,174200.0,8.493446090434523,174200.0,15.589041471046935,174200.0,0.0,174200.0,0.0,174200.0,4.1325007653693575,174200.0,36.44149123833156,174200.0,0.0,174200.0,0.0,174200.0,23.630772296042085,174200.0,34.485696075399,174200.0,0.50200004,174200.0,0.50200004
174400.0,6.880846361279571,174400.0,35.067363075594606,174400.0,0.0,174400.0,0.0,174400.0,1.1061170602327497,174400.0,17.96545711217155,174400.0,0.0,174400.0,0.0,174400.0,1.7900521588984606,174400.0,28.597384478381663,174400.0,0.0,174400.0,0.0,174400.0,1.8211054696245386,174400.0,29.18542257463514,174400.0,0.0,174400.0,0.0,174400.0,1.8166629690468246,174400.0,29.17251991463207,174400.0,0.0,174400.0,0.04000000799999998,174400.0,-1.1085233593989792,174400.0,8.027782038638094,174400.0,0.0,174400.0,0.0,174400.0,9.380673534955397,174400.0,16.093929828208054,174400.0,0.14900000000000002,174400.0,0.0,174400.0,9.393440540336513,174400.0,16.256630888037925,174400.0,0.14899999999999997,174400.0,0.14899999999999997,174400.0,8.490924282338367,174400.0,15.573036386366507,174400.0,0.0,174400.0,0.0,174400.0,7.35992238643957,174400.0,34.69437317299567,174400.0,0.0,174400.0,0.0,174400.0,23.609789523518177,174400.0,34.25823979779193,174400.0,0.50200004,174400.0,0.50200004
174600.0,9.380879508931406,174600.0,30.623080070985843,174600.0,0.0,174600.0,0.0,174600.0,1.1165682351944186,174600.0,17.8071645605606,174600.0,0.0,174600.0,0.0,174600.0,1.7854536136507981,174600.0,28.350900590114243,174600.0,0.0,174600.0,0.0,174600.0,1.816226894067284,174600.0,28.955033410043544,174600.0,0.0,174600.0,0.0,174600.0,1.8117531070564392,174600.0,28.942773191650655,174600.0,0.0,174600.0,0.04000000799999998,174600.0,-1.0432465902848875,174600.0,8.12980105012528,174600.0,0.0,174600.0,0.0,174600.0,9.370417122374937,174600.0,16.074681397097784,174600.0,0.14900000000000002,174600.0,0.0,174600.0,9.382293289966984,174600.0,16.23589772940765,174600.0,0.14899999999999997,174600.0,0.14899999999999997,174600.0,8.488280649956042,174600.0,15.565498088537597,174600.0,0.0,174600.0,0.0,174600.0,9.094537275208982,174600.0,30.416185213244525,174600.0,0.0,174600.0,0.0,174600.0,23.560979937400965,174600.0,34.092036866841006,174600.0,0.50200004,174600.0,0.50200004
174800.0,7.408756148940331,174800.0,27.400843240231392,174800.0,0.0,174800.0,0.0,174800.0,1.1217272088412118,174800.0,17.642048372035564,174800.0,0.0,174800.0,0.0,174800.0,1.781308246753769,174800.0,28.097245813814027,174800.0,0.0,174800.0,0.0,174800.0,1.812473717480551,174800.0,28.680313858844773,174800.0,0.0,174800.0,0.0,174800.0,1.808076170883758,174800.0,28.668158134935755,174800.0,0.0,174800.0,0.04000000799999998,174800.0,-0.9752410501019102,174800.0,8.310547197876861,174800.0,0.0,174800.0,0.0,174800.0,9.36419903109915,174800.0,16.055412368210053,174800.0,0.14900000000000002,174800.0,0.0,174800.0,9.375233308788776,174800.0,16.21469540147559,174800.0,0.14899999999999997,174800.0,0.14899999999999997,174800.0,8.488635824836779,174800.0,15.561748116571568,174800.0,0.0,174800.0,0.0,174800.0,7.277934203886741,174800.0,27.26153559573799,174800.0,0.0,174800.0,0.0,174800.0,23.521451895962766,174800.0,33.90386459418895,174800.0,0.50200004,174800.0,0.50200004
175000.0,6.253870130363101,175000.0,35.39822279251161,175000.0,0.0,175000.0,0.0,175000.0,1.126637642669431,175000.0,17.686301338924647,175000.0,0.0,175000.0,0.0,175000.0,1.7773268029042342,175000.0,27.842189080850385,175000.0,0.0,175000.0,0.0,175000.0,1.8092180194089424,175000.0,28.412399341535842,175000.0,0.0,175000.0,0.0,175000.0,1.8048873377749513,175000.0,28.40024362549802,175000.0,0.0,175000.0,0.04000000799999998,175000.0,-0.9030906959169089,175000.0,8.542003385776944,175000.0,0.0,175000.0,0.0,175000.0,9.359946757752462,175000.0,16.04259095317193,175000.0,0.14900000000000002,175000.0,0.0,175000.0,9.370217763133553,175000.0,16.200209517717802,175000.0,0.14899999999999997,175000.0,0.14899999999999997,175000.0,8.490340892411806,175000.0,15.564837614818124,175000.0,0.0,175000.0,0.0,175000.0,6.180818286027963,175000.0,35.9364416880531,175000.0,0.0,175000.0,0.0,175000.0,23.487858193837546,175000.0,33.74566892490416,175000.0,0.50200004,175000.0,0.50200004
175200.0,5.474064279452668,175200.0,34.77607038226868,175200.0,0.0,175200.0,0.0,175200.0,1.1303031152583598,175200.0,17.677038451090784,175200.0,0.0,175200.0,0.0,175200.0,1.7737216991396287,175200.0,27.622752655920728,175200.0,0.0,175200.0,0.0,175200.0,1.8065276206840748,175200.0,28.194047166710018,175200.0,0.0,175200.0,0.0,175200.0,1.8022538223234865,175200.0,28.181631588985425,175200.0,0.0,175200.0,0.04000000799999998,175200.0,-0.8357077701062806,175200.0,8.764604405973213,175200.0,0.0,175200.0,0.0,175200.0,9.357192600723428,175200.0,16.037096566373574,175200.0,0.14900000000000002,175200.0,0.0,175200.0,9.366844288548146,175200.0,16.193706640603082,175200.0,0.14899999999999997,175200.0,0.14899999999999997,175200.0,8.49263140113799,175200.0,15.572435706519055,175200.0,0.0,175200.0,0.0,175200.0,5.4242830220512115,175200.0,34.38921634881498,175200.0,0.0,175200.0,0.0,175200.0,23.461429632425418,175200.0,33.64867382720792,175200.0,0.50200004,175200.0,0.50200004
175400.0,4.904044409795325,175400.0,30.216693360393354,175400.0,0.0,175400.0,0.0,175400.0,1.132453534648411,175400.0,17.637543809851717,175400.0,0.0,175400.0,0.0,175400.0,1.7705321548444428,175400.0,27.760507029662982,175400.0,0.0,175400.0,0.828,175400.0,1.8043109000597453,175400.0,28.099465469164173,175400.0,0.0,175400.0,0.0,175400.0,1.800087353659114,175400.0,28.03454961911548,175400.0,0.0,175400.0,0.04000000799999998,175400.0,-0.7754689766018164,175400.0,9.037846855719048,175400.0,0.0,175400.0,0.0,175400.0,9.355409455280887,175400.0,16.03581296424643,175400.0,0.14900000000000002,175400.0,0.0,175400.0,9.364577510784367,175400.0,16.191720745498106,175400.0,0.14899999999999997,175400.0,0.14899999999999997,175400.0,8.495065972459907,175400.0,15.586030758149585,175400.0,0.0,175400.0,0.0,175400.0,4.8664929896388225,175400.0,29.991990173983094,175400.0,0.0,175400.0,0.0,175400.0,23.44089094307791,175400.0,33.5811194097163,175400.0,0.50200004,175400.0,0.50200004
175600.0,4.474981342292129,175600.0,30.212179361232742,175600.0,0.0,175600.0,0.0,175600.0,1.1332627126426376,175600.0,17.710267221511636,175600.0,0.0,175600.0,0.0,175600.0,1.7677713560928232,175600.0,28.18065328108623,175600.0,0.0,175600.0,0.828,175600.0,1.8025041734212899,175600.0,28.312896581284996,175600.0,0.0,175600.0,0.0,175600.0,1.7983265586809345,175600.0,28.239634274087326,175600.0,0.0,175600.0,0.04000000799999998,175600.0,-0.7235417268080724,175600.0,9.370460042698381,175600.0,0.0,175600.0,0.0,175600.0,9.354254359503221,175600.0,16.0402120685604,175600.0,0.14900000000000002,175600.0,0.0,175600.0,9.363069554865458,175600.0,16.196120274243235,175600.0,0.14899999999999997,175600.0,0.14899999999999997,175600.0,8.497375675462699,175600.0,15.60747791990486,175600.0,0.0,175600.0,0.0,175600.0,4.444776738442002,175600.0,30.610161222823272,175600.0,0.0,175600.0,0.0,175600.0,23.425116026399515,175600.0,33.54092966045154,175600.0,0.50200004,175600.0,0.50200004
175800.0,4.08614411215297,175800.0,38.3514698163076,175800.0,0.0,175800.0,0.0,175800.0,1.133209157656516,175800.0,17.946186461244974,175800.0,0.0,175800.0,0.0,175800.0,1.7652173492099892,175800.0,28.4494717531639,175800.0,0.0,175800.0,0.828,175800.0,1.800496494679189,175800.0,28.500927267137165,175800.0,0.0,175800.0,0.0,175800.0,1.7963636502885516,175800.0,28.423002335767546,175800.0,0.0,175800.0,0.04000000799999998,175800.0,-0.6619024726757227,175800.0,9.657139585905108,175800.0,0.0,175800.0,0.0,175800.0,9.353228540817863,175800.0,16.0482859593417,175800.0,0.14900000000000002,175800.0,0.0,175800.0,9.361709526424585,175800.0,16.204953250556006,175800.0,0.14899999999999997,175800.0,0.14899999999999997,175800.0,8.500316130146553,175800.0,15.6293734895878,175800.0,0.0,175800.0,0.0,175800.0,4.053920435895474,175800.0,38.07371709541578,175800.0,0.0,175800.0,0.0,175800.0,23.408289269130453,175800.0,33.53663594304113,175800.0,0.50200004,175800.0,0.50200004
176000.0,6.7158091006934715,176000.0,32.612102830919035,176000.0,0.0,176000.0,0.0,176000.0,1.191821107409614,176000.0,18.067693809059083,176000.0,0.0,176000.0,0.0,176000.0,1.7633843315890558,176000.0,28.66724967989083,176000.0,0.0,176000.0,0.828,176000.0,1.7976068356046966,176000.0,28.703453241104558,176000.0,0.0,176000.0,0.0,176000.0,1.79344623574557,176000.0,28.624252980535097,176000.0,0.0,176000.0,0.04000000799999998,176000.0,-0.5546559450029176,176000.0,9.979907995517705,176000.0,0.0,176000.0,0.0,176000.0,9.35210790599761,176000.0,16.06122045158781,176000.0,0.14900000000000002,176000.0,0.0,176000.0,9.360208024247186,176000.0,16.219479960954576,176000.0,0.14899999999999997,176000.0,0.14899999999999997,176000.0,8.50573555510534,176000.0,15.6570192303986,176000.0,0.0,176000.0,0.0,176000.0,7.193809106324259,176000.0,32.409969062242205,176000.0,0.0,176000.0,0.0,176000.0,23.383082815447846,176000.0,33.56868873011072,176000.0,0.50200004,176000.0,0.50200004
176200.0,9.23201439299269,176200.0,28.850255057989443,176200.0,0.0,176200.0,0.0,176200.0,1.2673398570862402,176200.0,18.170527762270687,176200.0,0.0,176200.0,0.0,176200.0,1.7656062567303912,176200.0,28.87550878986171,176200.0,0.0,176200.0,0.828,176200.0,1.794494868268748,176200.0,28.92315898817903,176200.0,0.0,176200.0,0.0,176200.0,1.7903940178717597,176200.0,28.84408684326395,176200.0,0.0,176200.0,0.04000000799999998,176200.0,-0.3512852131235187,176200.0,10.348650133103309,176200.0,0.0,176200.0,0.0,176200.0,9.351664940085739,176200.0,16.08101996167711,176200.0,0.14900000000000002,176200.0,0.0,176200.0,9.359555803444806,176200.0,16.24193858348362,176200.0,0.14899999999999997,176200.0,0.14899999999999997,176200.0,8.517019342474704,176200.0,15.692803343171605,176200.0,0.0,176200.0,0.0,176200.0,8.948349110392543,176200.0,28.700329239506154,176200.0,0.0,176200.0,0.0,176200.0,23.344883164923804,176200.0,33.64461693553683,176200.0,0.50200004,176200.0,0.50200004
176400.0,7.2815769335109275,176400.0,29.363795109680048,176400.0,0.0,176400.0,0.0,176400.0,1.3321890187112764,176400.0,18.335290101756865,176400.0,0.0,176400.0,0.0,176400.0,1.7691416756340512,176400.0,29.083366897869194,176400.0,0.0,176400.0,0.828,176400.0,1.792988917471722,176400.0,29.136605017267577,176400.0,0.0,176400.0,0.0,176400.0,1.7890281901299705,176400.0,29.057424062048014,176400.0,0.0,176400.0,0.04000000799999998,176400.0,-0.19954460405538713,176400.0,10.700850597658008,176400.0,0.0,176400.0,0.0,176400.0,9.35274316153671,176400.0,16.105429021952343,176400.0,0.14900000000000002,176400.0,0.0,176400.0,9.360888936093247,176400.0,16.269514600759518,176400.0,0.14899999999999997,176400.0,0.14899999999999997,176400.0,8.526696010061723,176400.0,15.73150105567476,176400.0,0.0,176400.0,0.0,176400.0,7.152094460888759,176400.0,29.79447529436103,176400.0,0.0,176400.0,0.0,176400.0,23.32380306524174,176400.0,33.74917893455729,176400.0,0.50200004,176400.0,0.50200004
176600.0,6.160005699520469,176600.0,37.53863660267203,176600.0,0.0,176600.0,0.0,176600.0,1.3906345232401818,176600.0,18.615584766032175,176600.0,0.0,176600.0,0.0,176600.0,1.772941682082659,176600.0,29.262488329540258,176600.0,0.0,176600.0,0.828,176600.0,1.7923804657004805,176600.0,29.288444309596116,176600.0,0.0,176600.0,0.0,176600.0,1.7885248307422603,176600.0,29.20953106055876,176600.0,0.0,176600.0,0.04000000799999998,176600.0,-0.07057555568516559,176600.0,10.923230301919322,176600.0,0.0,176600.0,0.0,176600.0,9.354484269229848,176600.0,16.12321065439197,176600.0,0.14900000000000002,176600.0,0.0,176600.0,9.363070315840657,176600.0,16.289476982709726,176600.0,0.14899999999999997,176600.0,0.14899999999999997,176600.0,8.535302982863104,176600.0,15.757508885305457,176600.0,0.0,176600.0,0.0,176600.0,6.087947670230138,176600.0,37.27576775577897,176600.0,0.0,176600.0,0.0,176600.0,23.311757179270284,176600.0,33.83245344913328,176600.0,0.50200004,176600.0,0.50200004
176800.0,5.419742540291436,176800.0,32.02813080111438,176800.0,0.0,176800.0,0.0,176800.0,1.4397154630812325,176800.0,18.78233175539405,176800.0,0.0,176800.0,0.0,176800.0,1.776537631626463,176800.0,29.461274998867587,176800.0,0.0,176800.0,0.828,176800.0,1.7923598325461925,176800.0,29.50532143530418,176800.0,0.0,176800.0,0.0,176800.0,1.7885904701423758,176800.0,29.426588577064997,176800.0,0.0,176800.0,0.04000000799999998,176800.0,0.031180936627485265,176800.0,11.240901305796992,176800.0,0.0,176800.0,0.0,176800.0,9.35634894078382,176800.0,16.154201646082537,176800.0,0.14900000000000002,176800.0,0.0,176800.0,9.365410423207196,176800.0,16.323948176051363,176800.0,0.14899999999999997,176800.0,0.14899999999999997,176800.0,8.542342617438868,176800.0,15.799562568575123,176800.0,0.0,176800.0,0.0,176800.0,5.371736935377738,176800.0,31.826089198950896,176800.0,0.0,176800.0,0.0,176800.0,23.305925736984097,176800.0,33.992610549904114,176800.0,0.50200004,176800.0,0.50200004
177000.0,4.898425191886861,177000.0,28.50350048019299,177000.0,0.0,177000.0,0.0,177000.0,1.47884283191688,177000.0,18.920006870476776,177000.0,0.0,177000.0,0.0,177000.0,1.7796768356188513,177000.0,29.667824775767322,177000.0,0.0,177000.0,0.828,177000.0,1.7926521278419707,177000.0,29.72065941473526,177000.0,0.0,177000.0,0.0,177000.0,1.7889566902056346,177000.0,29.641934656018233,177000.0,0.0,177000.0,0.04000000799999998,177000.0,0.10999123980436802,177000.0,11.53554973458396,177000.0,0.0,177000.0,0.0,177000.0,9.358089469718193,177000.0,16.188912771126496,177000.0,0.14900000000000002,177000.0,0.0,177000.0,9.367584323724856,177000.0,16.361981291288053,177000.0,0.14899999999999997,177000.0,0.14899999999999997,177000.0,8.547956023644167,177000.0,15.843570572745632,177000.0,0.0,177000.0,0.0,177000.0,4.8623866733411925,177000.0,28.362561798632314,177000.0,0.0,177000.0,0.0,177000.0,23.30366699028582,177000.0,34.17305544135797,177000.0,0.50200004,177000.0,0.50200004
177200.0,4.514595733062111,177200.0,29.10044514003287,177200.0,0.0,177200.0,0.0,177200.0,1.5091513434071318,177200.0,19.087083215825647,177200.0,0.0,177200.0,0.0,177200.0,1.7822856444134918,177200.0,29.851873010523196,177200.0,0.0,177200.0,0.828,177200.0,1.7930823663725775,177200.0,29.873635686781775,177200.0,0.0,177200.0,0.0,177200.0,1.7894510791932299,177200.0,29.79328121621602,177200.0,0.0,177200.0,0.04000000799999998,177200.0,0.1713059362567093,177200.0,11.717512396927463,177200.0,0.0,177200.0,0.0,177200.0,9.35962567388656,177200.0,16.21339144533689,177200.0,0.14900000000000002,177200.0,0.0,177200.0,9.369489101911867,177200.0,16.38839636657793,177200.0,0.14899999999999997,177200.0,0.14899999999999997,177200.0,8.55242082574712,177200.0,15.873318361234029,177200.0,0.0,177200.0,0.0,177200.0,4.4857802591361375,177200.0,29.514036959872357,177200.0,0.0,177200.0,0.0,177200.0,23.303311794179482,177200.0,34.29887710567765,177200.0,0.50200004,177200.0,0.50200004
177400.0,7.0355567789861775,177400.0,37.61480015369108,177400.0,0.0,177400.0,0.0,177400.0,1.6162137827047676,177400.0,19.380714984289543,177400.0,0.0,177400.0,0.0,177400.0,1.7872435090819732,177400.0,30.04280865237941,177400.0,0.0,177400.0,0.828,177400.0,1.796412339391545,177400.0,30.090370015661374,177400.0,0.0,177400.0,0.0,177400.0,1.7928458739033792,177400.0,30.010621564136656,177400.0,0.0,177400.0,0.04000000799999998,177400.0,0.46091338040623225,177400.0,11.924985657546058,177400.0,0.0,177400.0,0.0,177400.0,9.370805053748995,177400.0,16.251202001616935,177400.0,0.14900000000000002,177400.0,0.0,177400.0,9.382557463875761,177400.0,16.42795005937406,177400.0,0.14899999999999997,177400.0,0.14899999999999997,177400.0,8.574049581500377,177400.0,15.911715471342303,177400.0,0.0,177400.0,0.0,177400.0,7.553336141344864,177400.0,37.3328107024301,177400.0,0.0,177400.0,0.0,177400.0,23.32175905992848,177400.0,34.504528360668935,177400.0,0.50200004,177400.0,0.50200004
177600.0,9.762621586907025,177600.0,32.16459361318505,177600.0,0.0,177600.0,0.0,177600.0,1.725946397918176,177600.0,19.513757522802383,177600.0,0.0,177600.0,0.0,177600.0,1.799448920188821,177600.0,30.249464810204852,177600.0,0.0,177600.0,0.828,177600.0,1.802793051110436,177600.0,30.30430546236526,177600.0,0.0,177600.0,0.0,177600.0,1.7993701157102437,177600.0,30.224928075274846,177600.0,0.0,177600.0,0.04000000799999998,177600.0,0.49638617290237236,177600.0,11.878875236459276,177600.0,0.0,177600.0,0.0,177600.0,9.381245404359285,177600.0,16.284707308553173,177600.0,0.14900000000000002,177600.0,0.0,177600.0,9.394258072911809,177600.0,16.461784414955126,177600.0,0.14899999999999997,177600.0,0.14899999999999997,177600.0,8.57789290192445,177600.0,15.92955723324901,177600.0,0.0,177600.0,0.0,177600.0,9.459815084166308,177600.0,31.962961773867626,177600.0,0.0,177600.0,0.0,177600.0,23.379991267257477,177600.0,34.71787319158781,177600.0,0.50200004,177600.0,0.50200004
177800.0,7.398615528166051,177800.0,28.734376964284998,177800.0,0.0,177800.0,0.0,177800.0,1.765039792967599,177800.0,19.551213630386133,177800.0,0.0,177800.0,0.0,177800.0,1.81250667212529,177800.0,30.452111525001662,177800.0,0.0,177800.0,0.828,177800.0,1.8108417155369894,177800.0,30.513781219562485,177800.0,0.0,177800.0,0.0,177800.0,1.8074333745258533,177800.0,30.43436365404481,177800.0,0.0,177800.0,0.04000000799999998,177800.0,0.38283487225099816,177800.0,11.680175994982662,177800.0,0.0,177800.0,0.0,177800.0,9.387278074304435,177800.0,16.310462431596424,177800.0,0.14900000000000002,177800.0,0.0,177800.0,9.401384122253232,177800.0,16.48743904231384,177800.0,0.14899999999999997,177800.0,0.14899999999999997,177800.0,8.569356743833971,177800.0,15.932691023578247,177800.0,0.0,177800.0,0.0,177800.0,7.260696134582518,177800.0,28.59621664217884,177800.0,0.0,177800.0,0.0,177800.0,23.464592359382426,177800.0,34.91796835822381,177800.0,0.50200004,177800.0,0.50200004
178000.0,5.908498874434769,178000.0,29.52757114723488,178000.0,0.0,178000.0,0.0,178000.0,1.744401473381812,178000.0,19.57549096165264,178000.0,0.0,178000.0,0.0,178000.0,1.8225853060680683,178000.0,30.646415815361944,178000.0,0.0,178000.0,0.828,178000.0,1.8188763038065692,178000.0,30.71737262771367,178000.0,0.0,178000.0,0.0,178000.0,1.8153924057531305,178000.0,30.637604613060777,178000.0,0.0,178000.0,0.04000000799999998,178000.0,0.16928660120488848,178000.0,11.378752872830812,178000.0,0.0,178000.0,0.0,178000.0,9.387319416590202,178000.0,16.327265332355488,178000.0,0.14900000000000002,178000.0,0.0,178000.0,9.40231185790952,178000.0,16.50390787119885,178000.0,0.14899999999999997,178000.0,0.14899999999999997,178000.0,8.552183864482329,178000.0,15.925048575055655,178000.0,0.0,178000.0,0.0,178000.0,5.831946973410812,178000.0,29.970462224494756,178000.0,0.0,178000.0,0.0,178000.0,23.553713175108843,178000.0,35.09066828170024,178000.0,0.50200004,178000.0,0.50200004
178200.0,5.015368774404694,178200.0,38.06551186991712,178200.0,0.0,178200.0,0.0,178200.0,1.6865039469884073,178200.0,19.67983271087534,178200.0,0.0,178200.0,0.0,178200.0,1.8273919343421015,178200.0,30.840041423911437,178200.0,0.0,178200.0,0.828,178200.0,1.8230619832339705,178200.0,30.91724512501303,178200.0,0.0,178200.0,0.0,178200.0,1.8194450913630476,178200.0,30.836987410694476,178200.0,0.0,178200.0,0.04000000799999998,178200.0,0.023890958592458305,178200.0,11.005021593899675,178200.0,0.0,178200.0,0.0,178200.0,9.384689502683004,178200.0,16.334928111106855,178200.0,0.14900000000000002,178200.0,0.0,178200.0,9.39998402705612,178200.0,16.51095768604714,178200.0,0.14899999999999997,178200.0,0.14899999999999997,178200.0,8.540353569767033,178200.0,15.908453994233442,178200.0,0.0,178200.0,0.0,178200.0,4.974401622882103,178200.0,37.78849069911681,178200.0,0.0,178200.0,0.0,178200.0,23.59440965763056,178200.0,35.231604626935315,178200.0,0.50200004,178200.0,0.50200004
178400.0,4.397482126974567,178400.0,32.58363626933857,178400.0,0.0,178400.0,0.0,178400.0,1.6138564005842237,178400.0,19.61101351681566,178400.0,0.0,178400.0,0.0,178400.0,1.827947068988712,178400.0,31.026449776221245,178400.0,0.0,178400.0,0.828,178400.0,1.8257892549010393,178400.0,31.111773090849624,178400.0,0.0,178400.0,0.0,178400.0,1.8220860612315235,178400.0,31.031218498946995,178400.0,0.0,178400.0,0.04000000799999998,178400.0,-0.1090404118532815,178400.0,10.581123417775053,178400.0,0.0,178400.0,0.0,178400.0,9.381345831643415,178400.0,16.333738070613304,178400.0,0.14900000000000002,178400.0,0.0,178400.0,9.396789351092874,178400.0,16.508821273397242,178400.0,0.14899999999999997,178400.0,0.14899999999999997,178400.0,8.529633911798467,178400.0,15.883851261188152,178400.0,0.0,178400.0,0.0,178400.0,4.36380790852462,178400.0,32.38228610444901,178400.0,0.0,178400.0,0.0,178400.0,23.622133478034417,178400.0,35.317151286036946,178400.0,0.50200004,178400.0,0.50200004
178600.0,3.8606898810789314,178600.0,29.143184643918282,178600.0,0.0,178600.0,0.0,178600.0,1.5299042839094377,178600.0,19.468827462921723,178600.0,0.0,178600.0,0.0,178600.0,1.825922239288745,178600.0,31.195967976220448,178600.0,0.0,178600.0,0.828,178600.0,1.82766818820439,178600.0,31.287792968187684,178600.0,0.0,178600.0,0.0,178600.0,1.8238869441305605,178600.0,31.20641412495561,178600.0,0.0,178600.0,0.04000000799999998,178600.0,-0.2546420916719353,178600.0,10.158453147198891,178600.0,0.0,178600.0,0.0,178600.0,9.376797093079736,178600.0,16.32512417340155,178600.0,0.14900000000000002,178600.0,0.0,178600.0,9.392283178957959,178600.0,16.49901720987146,178600.0,0.14899999999999997,178600.0,0.14899999999999997,178600.0,8.51755287907918,178600.0,15.854491088414187,178600.0,0.0,178600.0,0.0,178600.0,3.831107743148161,178600.0,29.00918260959007,178600.0,0.0,178600.0,0.0,178600.0,23.645293696099774,178600.0,35.34118963272988,178600.0,0.50200004,178600.0,0.50200004
178800.0,10.294357618038358,178800.0,30.023293865452445,178800.0,0.0,178800.0,0.0,178800.0,1.5429125355360016,178800.0,19.318827128380246,178800.0,0.0,178800.0,0.0,178800.0,1.825177593987874,178800.0,30.651831857157873,178800.0,0.0,178800.0,0.0,178800.0,1.8291304057443516,178800.0,31.115820043565396,178800.0,0.0,178800.0,0.0,178800.0,1.8251340282754849,178800.0,31.10596264784898,178800.0,0.0,178800.0,0.04000000799999998,178800.0,-0.41485782778836094,178800.0,9.812782819158675,178800.0,0.0,178800.0,0.0,178800.0,9.370839926486115,178800.0,16.314019904315888,178800.0,0.14900000000000002,178800.0,0.0,178800.0,9.386228622237061,178800.0,16.486807108692734,178800.0,0.14899999999999997,178800.0,0.14899999999999997,178800.0,8.50375066573777,178800.0,15.82811945599591,178800.0,0.0,178800.0,0.0,178800.0,10.35294528524183,178800.0,30.443083506137462,178800.0,0.0,178800.0,0.0,178800.0,23.663086915747556,178800.0,35.32597095416538,178800.0,0.50200004,178800.0,0.50200004
179000.0,8.080171685501243,179000.0,38.17340329034635,179000.0,0.0,179000.0,0.0,179000.0,1.4781717787183244,179000.0,19.254952866449617,179000.0,0.0,179000.0,0.0,179000.0,1.825266750616986,179000.0,30.306743842167712,179000.0,0.0,179000.0,0.0,179000.0,1.8305341879243884,179000.0,30.89388320909619,179000.0,0.0,179000.0,0.0,179000.0,1.8265042881535747,179000.0,30.880104532055412,179000.0,0.0,179000.0,0.04000000799999998,179000.0,-0.6162607302175268,179000.0,9.447998503854924,179000.0,0.0,179000.0,0.0,179000.0,9.361933648521683,179000.0,16.29867891272977,179000.0,0.14900000000000002,179000.0,0.0,179000.0,9.37700906987304,179000.0,16.47014803603033,179000.0,0.14899999999999997,179000.0,0.14899999999999997,179000.0,8.485315350052455,179000.0,15.797455258562007,179000.0,0.0,179000.0,0.0,179000.0,8.041389365942925,179000.0,37.90171182288872,179000.0,0.0,179000.0,0.0,179000.0,23.675618709534405,179000.0,35.28957087750115,179000.0,0.50200004,179000.0,0.50200004
179200.0,6.838820165866365,179200.0,32.638801599701175,179200.0,0.0,179200.0,0.0,179200.0,1.3974086700852149,179200.0,19.009959836221675,179200.0,0.0,179200.0,0.0,179200.0,1.822652215835808,179200.0,30.006644271702527,179200.0,0.0,179200.0,0.0,179200.0,1.8308771189113353,179200.0,30.601377239386004,179200.0,0.0,179200.0,0.0,179200.0,1.8267449919059762,179200.0,30.587652214987667,179200.0,0.0,179200.0,0.04000000799999998,179200.0,-0.7844123590188684,179200.0,8.951544239296826,179200.0,0.0,179200.0,0.0,179200.0,9.353603675739937,179200.0,16.271020535833536,179200.0,0.14900000000000002,179200.0,0.0,179200.0,9.36824336574941,179200.0,16.440394537478145,179200.0,0.14899999999999997,179200.0,0.14899999999999997,179200.0,8.469451798567853,179200.0,15.749426046462544,179200.0,0.0,179200.0,0.0,179200.0,6.789763613327132,179200.0,32.43664323125108,179200.0,0.0,179200.0,0.0,179200.0,23.676781115354267,179200.0,35.19165471140267,179200.0,0.50200004,179200.0,0.50200004
179400.0,5.985838853205499,179400.0,29.20357151669588,179400.0,0.0,179400.0,0.0,179400.0,1.3097455873322137,179400.0,18.702513101139417,179400.0,0.0,179400.0,0.0,179400.0,1.817806333825306,179400.0,29.7279434677363,179400.0,0.0,179400.0,0.0,179400.0,1.8303030509463867,179400.0,30.353622500314103,179400.0,0.0,179400.0,0.0,179400.0,1.8260715460417323,179400.0,30.341324830324357,179400.0,0.0,179400.0,0.04000000799999998,179400.0,-0.9172514415726352,179400.0,8.54221955311836,179400.0,0.0,179400.0,0.0,179400.0,9.346560684985041,179400.0,16.243470692296672,179400.0,0.14900000000000002,179400.0,0.0,179400.0,9.360769992197529,179400.0,16.410984290659588,179400.0,0.14899999999999997,179400.0,0.14899999999999997,179400.0,8.456739784499467,179400.0,15.70591033251756,179400.0,0.0,179400.0,0.0,179400.0,5.941804921729194,179400.0,29.07976492710468,179400.0,0.0,179400.0,0.0,179400.0,23.67230954252268,179400.0,35.07272176208112,179400.0,0.50200004,179400.0,0.50200004
179600.0,5.0864640865231445,179600.0,29.905342081631275,179600.0,0.0,179600.0,0.0,179600.0,1.205796417869874,179600.0,18.431903048494096,179600.0,0.0,179600.0,0.0,179600.0,1.810417395982925,179600.0,29.466514814962714,179600.0,0.0,179600.0,0.0,179600.0,1.827283869613307,179600.0,30.083717334463124,179600.0,0.0,179600.0,0.0,179600.0,1.822895536757407,179600.0,30.069963092387393,179600.0,0.0,179600.0,0.04000000799999998,179600.0,-1.1641857527934236,179600.0,8.136984509535527,179600.0,0.0,179600.0,0.0,179600.0,9.330535993862071,179600.0,16.20960179682755,179600.0,0.14900000000000002,179600.0,0.0,179600.0,9.344202174660186,179600.0,16.375764009053217,179600.0,0.14899999999999997,179600.0,0.14899999999999997,179600.0,8.434215380702673,179600.0,15.662053432967262,179600.0,0.0,179600.0,0.0,179600.0,5.023863627894097,179600.0,30.334450714315427,179600.0,0.0,179600.0,0.0,179600.0,23.64966147497942,179600.0,34.91635516820414,179600.0,0.50200004,179600.0,0.50200004
179800.0,4.268268106598744,179800.0,38.183193329502075,179800.0,0.0,179800.0,0.0,179800.0,1.1040419960433954,179800.0,18.307290318650985,179800.0,0.0,179800.0,0.0,179800.0,1.7995255565066686,179800.0,29.19168889656284,179800.0,0.0,179800.0,0.0,179800.0,1.823393608938537,179800.0,29.79402859363517,179800.0,0.0,179800.0,0.0,179800.0,1.8189926208715526,179800.0,29.780144009621925,179800.0,0.0,179800.0,0.04000000799999998,179800.0,-1.194082095330317,179800.0,8.026067513109558,179800.0,0.0,179800.0,0.0,179800.0,9.318085021646734,179800.0,16.172665100350766,179800.0,0.14900000000000002,179800.0,0.0,179800.0,9.331330222343167,179800.0,16.337753526391843,179800.0,0.14899999999999997,179800.0,0.14899999999999997,179800.0,8.425065587348952,179800.0,15.63189665670561,179800.0,0.0,179800.0,0.0,179800.0,4.239714251150886,179800.0,37.89586410561495,179800.0,0.0,179800.0,0.0,179800.0,23.616276289793518,179800.0,34.7088239631618,179800.0,0.50200004,179800.0,0.50200004
180000.0,3.9508847746405675,180000.0,32.47548923199061,180000.0,0.0,180000.0,0.0,180000.0,1.044429260817119,180000.0,18.101500405128164,180000.0,0.0,180000.0,0.0,180000.0,1.78976310344963,180000.0,28.914952845455854,180000.0,0.0,180000.0,0.0,180000.0,1.8217830808968103,180000.0,29.509310550974202,180000.0,0.0,180000.0,0.0,180000.0,1.817393016970841,180000.0,29.495776181637122,180000.0,0.0,180000.0,0.04000000799999998,180000.0,-1.1865705759903655,180000.0,8.047506021091946,180000.0,0.0,180000.0,0.0,180000.0,9.315044968786873,180000.0,16.13969761636568,180000.0,0.14900000000000002,180000.0,0.0,180000.0,9.328133244784905,180000.0,16.303261025602286,180000.0,0.14899999999999997,180000.0,0.14899999999999997,180000.0,8.423499582854802,180000.0,15.611875760399117,180000.0,0.0,180000.0,0.0,180000.0,3.9338590483361933,180000.0,32.264596075225384,180000.0,0.0,180000.0,0.0,180000.0,23.605129167314967,180000.0,34.47445630653326,180000.0,0.50200004,180000.0,0.50200004
180200.0,10.221862379844668,180200.0,28.99073584971732,180200.0,0.0,180200.0,0.0,180200.0,1.0841388299228396,180200.0,17.907988344911562,180200.0,0.0,180200.0,0.0,180200.0,1.7833342243320067,180200.0,28.661026780041755,180200.0,0.0,180200.0,0.0,180200.0,1.8176402245238574,180200.0,29.275989363102852,180200.0,0.0,180200.0,0.0,180200.0,1.8131356801745102,180200.0,29.26312704978275,180200.0,0.0,180200.0,0.04000000799999998,180200.0,-1.1539497210424572,180200.0,8.123119607208146,180200.0,0.0,180200.0,0.0,180200.0,9.307848713068074,180200.0,16.118442322836383,180200.0,0.14900000000000002,180200.0,0.0,180200.0,9.320447873621376,180200.0,16.280576108484436,180200.0,0.14899999999999997,180200.0,0.14899999999999997,180200.0,8.420633483275818,180200.0,15.602002505907683,180200.0,0.0,180200.0,0.0,180200.0,10.270875793031687,180200.0,28.84237055375187,180200.0,0.0,180200.0,0.0,180200.0,23.574576673294967,180200.0,34.294354649436386,180200.0,0.50200004,180200.0,0.50200004
180400.0,7.931803900931515,180400.0,29.651776303146455,180400.0,0.0,180400.0,0.0,180400.0,1.082960187971969,180400.0,17.790294317878555,180400.0,0.0,180400.0,0.0,180400.0,1.778695292587642,180400.0,28.426424470143793,180400.0,0.0,180400.0,0.0,180400.0,1.8123984753788005,180400.0,29.037053247031082,180400.0,0.0,180400.0,0.0,180400.0,1.8079892498887107,180400.0,29.02328551026752,180400.0,0.0,180400.0,0.04000000799999998,180400.0,-1.0827796473279356,180400.0,8.247619709760528,180400.0,0.0,180400.0,0.0,180400.0,9.298352975869028,180400.0,16.10010116489106,180400.0,0.14900000000000002,180400.0,0.0,180400.0,9.309990575467044,180400.0,16.260633847398772,180400.0,0.14899999999999997,180400.0,0.14899999999999997,180400.0,8.418957025925822,180400.0,15.596174928169933,180400.0,0.0,180400.0,0.0,180400.0,7.8902674441944765,180400.0,30.064012870167005,180400.0,0.0,180400.0,0.0,180400.0,23.52379185114572,180400.0,34.12534861906493,180400.0,0.50200004,180400.0,0.50200004
180600.0,6.651548597626183,180600.0,37.843925051216054,180600.0,0.0,180600.0,0.0,180600.0,1.0864610224675344,180600.0,17.82491141997976,180600.0,0.0,180600.0,0.0,180600.0,1.774147760316902,180600.0,28.17717061892219,180600.0,0.0,180600.0,0.0,180600.0,1.8080636612991752,180600.0,28.761989991848132,180600.0,0.0,180600.0,0.0,180600.0,1.8037013587527955,180600.0,28.74875872177603,180600.0,0.0,180600.0,0.04000000799999998,180600.0,-1.0034712742053364,180600.0,8.448212617006597,180600.0,0.0,180600.0,0.0,180600.0,9.29228190386355,180600.0,16.083117120872465,180600.0,0.14900000000000002,180600.0,0.0,180600.0,9.303002340151735,180600.0,16.241781702387787,180600.0,0.14899999999999997,180600.0,0.14899999999999997,180600.0,8.41998917597997,180600.0,15.59517308961057,180600.0,0.0,180600.0,0.0,180600.0,6.6005326734661,180600.0,37.550548198018,180600.0,0.0,180600.0,0.0,180600.0,23.480953660852617,180600.0,33.93917889871475,180600.0,0.50200004,180600.0,0.50200004
180800.0,5.763926200314742,180800.0,32.19253406874583,180800.0,0.0,180800.0,0.0,180800.0,1.0907299308560556,180800.0,17.758766662804895,180800.0,0.0,180800.0,0.0,180800.0,1.769984104840367,180800.0,27.93518449734399,180800.0,0.0,180800.0,0.0,180800.0,1.8045723533950264,180800.0,28.51828190679939,180800.0,0.0,180800.0,0.0,180800.0,1.8002523874487808,180800.0,28.506633292454257,180800.0,0.0,180800.0,0.04000000799999998,180800.0,-0.9278778755865656,180800.0,8.66894107271479,180800.0,0.0,180800.0,0.0,180800.0,9.288531190046177,180800.0,16.073639196565235,180800.0,0.14900000000000002,180800.0,0.0,180800.0,9.298503367837453,180800.0,16.23097648880911,180800.0,0.14899999999999997,180800.0,0.14899999999999997,180800.0,8.422155198846559,180800.0,15.600221451777339,180800.0,0.0,180800.0,0.0,180800.0,5.718539632250431,180800.0,31.992387147458203,180800.0,0.0,180800.0,0.0,180800.0,23.447904722516544,180800.0,33.802626898792084,180800.0,0.50200004,180800.0,0.50200004
181000.0,5.121340117839578,181000.0,28.747122252335153,181000.0,0.0,181000.0,0.0,181000.0,1.0940073718548853,181000.0,17.680957592875213,181000.0,0.0,181000.0,0.0,181000.0,1.766327228134203,181000.0,27.72003155224105,181000.0,0.0,181000.0,0.0,181000.0,1.8018212173886403,181000.0,28.31301988401978,181000.0,0.0,181000.0,0.0,181000.0,1.797548049537858,181000.0,28.302290601486586,181000.0,0.0,181000.0,0.04000000799999998,181000.0,-0.8621587933153462,181000.0,8.87929867266081,181000.0,0.0,181000.0,0.0,181000.0,9.28624801069199,181000.0,16.06983953249684,181000.0,0.14900000000000002,181000.0,0.0,181000.0,9.295652892511583,181000.0,16.226396889611273,181000.0,0.14899999999999997,181000.0,0.14899999999999997,181000.0,8.424607488613393,181000.0,15.60853865447518,181000.0,0.0,181000.0,0.0,181000.0,5.083681004294955,181000.0,28.607920764885083,181000.0,0.0,181000.0,0.0,181000.0,23.423433747827513,181000.0,33.721877439293955,181000.0,0.50200004,181000.0,0.50200004
181200.0,4.635607758114351,181200.0,29.231337175667946,181200.0,0.0,181200.0,0.0,181200.0,1.0957742331429725,181200.0,17.65752060129003,181200.0,0.0,181200.0,0.0,181200.0,1.763159987261912,181200.0,27.494678745455815,181200.0,0.0,181200.0,0.0,181200.0,1.7995601477012346,181200.0,28.053610921630767,181200.0,0.0,181200.0,0.0,181200.0,1.7953335634614622,181200.0,28.042630281568318,181200.0,0.0,181200.0,0.04000000799999998,181200.0,-0.804326440786345,181200.0,9.198680531175269,181200.0,0.0,181200.0,0.0,181200.0,9.284768339968736,181200.0,16.069907617525754,181200.0,0.14900000000000002,181200.0,0.0,181200.0,9.293746823405467,181200.0,16.22599274928732,181200.0,0.14899999999999997,181200.0,0.14899999999999997,181200.0,8.427056827734523,181200.0,15.62586973868355,181200.0,0.0,181200.0,0.0,181200.0,4.602987666950293,181200.0,29.660273567048435,181200.0,0.0,181200.0,0.0,181200.0,23.404504012463207,181200.0,33.648442881737466,181200.0,0.50200004,181200.0,0.50200004
181400.0,4.221653543632311,181400.0,37.49829409639945,181400.0,0.0,181400.0,0.0,181400.0,1.0964829933700333,181400.0,17.829199380725118,181400.0,0.0,181400.0,0.0,181400.0,1.7602975880003906,181400.0,27.981619949535958,181400.0,0.0,181400.0,0.828,181400.0,1.797341386600844,181400.0,28.180503229622488,181400.0,0.0,181400.0,0.0,181400.0,1.793159699356944,181400.0,28.100152455276326,181400.0,0.0,181400.0,0.04000000799999998,181400.0,-0.7438484564751614,181400.0,9.539992711961075,181400.0,0.0,181400.0,0.0,181400.0,9.283611690800248,181400.0,16.076186799250063,181400.0,0.14900000000000002,181400.0,0.0,181400.0,9.292228351609287,181400.0,16.232809350040878,181400.0,0.14899999999999997,181400.0,0.14899999999999997,181400.0,8.429842717609203,181400.0,15.649363918542141,181400.0,0.0,181400.0,0.0,181400.0,4.189023006255446,181400.0,37.21135604026614,181400.0,0.0,181400.0,0.0,181400.0,23.386797969975536,181400.0,33.61456994271758,181400.0,0.50200004,181400.0,0.50200004
181600.0,6.84071057964724,181600.0,31.927288449016846,181600.0,0.0,181600.0,0.0,181600.0,1.1551651058305794,181600.0,17.92609400571336,181600.0,0.0,181600.0,0.0,181600.0,1.7581570191009799,181600.0,28.307156712169537,181600.0,0.0,181600.0,0.828,181600.0,1.794124767230914,181600.0,28.380238428351817,181600.0,0.0,181600.0,0.0,181600.0,1.78991129101267,181600.0,28.299798260728334,181600.0,0.0,181600.0,0.04000000799999998,181600.0,-0.6393696157024346,181600.0,9.852623448959491,181600.0,0.0,181600.0,0.0,181600.0,9.282288226077634,181600.0,16.086566971865118,181600.0,0.14900000000000002,181600.0,0.0,181600.0,9.290468014540993,181600.0,16.244521068329487,181600.0,0.14899999999999997,181600.0,0.14899999999999997,181600.0,8.435033255219455,181600.0,15.674603880636333,181600.0,0.0,181600.0,0.0,181600.0,7.318302382618308,181600.0,31.728402015527244,181600.0,0.0,181600.0,0.0,181600.0,23.36012747211478,181600.0,33.62014710813863,181600.0,0.50200004,181600.0,0.50200004
181800.0,9.316374711140561,181800.0,28.42845232546253,181800.0,0.0,181800.0,0.0,181800.0,1.2294698081471245,181800.0,18.007028168391933,181800.0,0.0,181800.0,0.0,181800.0,1.7599052579302104,181800.0,28.53866821094166,181800.0,0.0,181800.0,0.828,181800.0,1.7905117968835078,181800.0,28.584263728956557,181800.0,0.0,181800.0,0.0,181800.0,1.7863488676743584,181800.0,28.505130100363107,181800.0,0.0,181800.0,0.04000000799999998,181800.0,-0.4406030597920613,181800.0,10.181417120939045,181800.0,0.0,181800.0,0.0,181800.0,9.281507239896348,181800.0,16.10140292564815,181800.0,0.14900000000000002,181800.0,0.0,181800.0,9.289370617568634,181800.0,16.261450447096934,181800.0,0.14899999999999997,181800.0,0.14899999999999997,181800.0,8.44591426916416,181800.0,15.70406422360921,181800.0,0.0,181800.0,0.0,181800.0,9.03161685765934,181800.0,28.27343921144031,181800.0,0.0,181800.0,0.0,181800.0,23.319528239649223,181800.0,33.66702224553506,181800.0,0.50200004,181800.0,0.50200004
182000.0,7.351751976611742,182000.0,36.15517879925833,182000.0,0.0,182000.0,0.0,182000.0,1.2929424683759103,182000.0,18.290155924459818,182000.0,0.0,182000.0,0.0,182000.0,1.7628649794575737,182000.0,28.761381311025353,182000.0,0.0,182000.0,0.828,182000.0,1.788560398516063,182000.0,28.8068786721511,182000.0,0.0,182000.0,0.0,182000.0,1.784538857700822,182000.0,28.727733798841875,182000.0,0.0,182000.0,0.04000000799999998,182000.0,-0.28847520296558443,182000.0,10.540367221915751,182000.0,0.0,182000.0,0.0,182000.0,9.282352066401415,182000.0,16.12313139747827,182000.0,0.14900000000000002,182000.0,0.0,182000.0,9.290387198191027,182000.0,16.286188973164734,182000.0,0.14899999999999997,182000.0,0.14899999999999997,182000.0,8.455453905348154,182000.0,15.74106770593026,182000.0,0.0,182000.0,0.0,182000.0,7.221194978060301,182000.0,36.683256669812884,182000.0,0.0,182000.0,0.0,182000.0,23.296271044885884,182000.0,33.7519337675358,182000.0,0.50200004,182000.0,0.50200004
182200.0,6.215961081956509,182200.0,35.23575370244572,182200.0,0.0,182200.0,0.0,182200.0,1.3499867649616337,182200.0,18.501427539703542,182200.0,0.0,182200.0,0.0,182200.0,1.7661252739210798,182200.0,28.984062407591875,182200.0,0.0,182200.0,0.828,182200.0,1.7875576825020347,182200.0,29.02408949581879,182200.0,0.0,182200.0,0.0,182200.0,1.783643564539939,182200.0,28.94524799732983,182200.0,0.0,182200.0,0.04000000799999998,182200.0,-0.15848473409271194,182200.0,10.873096388334677,182200.0,0.0,182200.0,0.0,182200.0,9.283920419206911,182200.0,16.148452868789626,182200.0,0.14900000000000002,182200.0,0.0,182200.0,9.292329242126872,182200.0,16.314740180192853,182200.0,0.14899999999999997,182200.0,0.14899999999999997,182200.0,8.464000200819049,182200.0,15.779411186453112,182200.0,0.0,182200.0,0.0,182200.0,6.143100151348743,182200.0,34.85785852743676,182200.0,0.0,182200.0,0.0,182200.0,23.28240170697322,182200.0,33.86137625797382,182200.0,0.50200004,182200.0,0.50200004
182400.0,5.464433586283892,182400.0,30.771718546585404,182400.0,0.0,182400.0,0.0,182400.0,1.397860627525183,182400.0,18.653878541704135,182400.0,0.0,182400.0,0.0,182400.0,1.7692656829396043,182400.0,29.187301236980375,182400.0,0.0,182400.0,0.828,182400.0,1.787211354737187,182400.0,29.211345539416453,182400.0,0.0,182400.0,0.0,182400.0,1.7833851798501257,182400.0,29.132263103990883,182400.0,0.0,182400.0,0.04000000799999998,182400.0,-0.055589518516693186,182400.0,11.13342844062622,182400.0,0.0,182400.0,0.0,182400.0,9.285660369522912,182400.0,16.17196011894483,182400.0,0.14900000000000002,182400.0,0.0,182400.0,9.2944972334832,182400.0,16.340990008805598,182400.0,0.14899999999999997,182400.0,0.14899999999999997,182400.0,8.471013430007217,182400.0,15.812251507191947,182400.0,0.0,182400.0,0.0,182400.0,5.4158470325786965,182400.0,30.566630317176415,182400.0,0.0,182400.0,0.0,182400.0,23.275143445825364,182400.0,33.97774532537668,182400.0,0.50200004,182400.0,0.50200004
182600.0,4.925759257404738,182600.0,27.618802848059758,182600.0,0.0,182600.0,0.0,182600.0,1.436312988706828,182600.0,18.777415440505248,182600.0,0.0,182600.0,0.0,182600.0,1.7720393886452162,182600.0,29.391363367968722,182600.0,0.0,182600.0,0.828,182600.0,1.7872405170252266,182600.0,29.432466645520147,182600.0,0.0,182600.0,0.0,182600.0,1.7834898213758905,182600.0,29.35367890935406,182600.0,0.0,182600.0,0.04000000799999998,182600.0,0.026114728714370514,182600.0,11.438058840943867,182600.0,0.0,182600.0,0.0,182600.0,9.287350648713385,182600.0,16.20498417120826,182600.0,0.14900000000000002,182600.0,0.0,182600.0,9.296601338517268,182600.0,16.377381262007848,182600.0,0.14899999999999997,182600.0,0.14899999999999997,182600.0,8.476748884756722,182600.0,15.855310088179495,182600.0,0.0,182600.0,0.0,182600.0,4.8895152412612735,182600.0,27.482788308670568,182600.0,0.0,182600.0,0.0,182600.0,23.271722908897072,182600.0,34.14927774238311,182600.0,0.50200004,182600.0,0.50200004
182800.0,4.528482127601157,182800.0,35.72933110492543,182800.0,0.0,182800.0,0.0,182800.0,1.4662709021084412,182800.0,19.083024292582692,182800.0,0.0,182800.0,0.0,182800.0,1.7743677251764716,182800.0,29.601918613069717,182800.0,0.0,182800.0,0.828,182800.0,1.7874657660767455,182800.0,29.645209444185895,182800.0,0.0,182800.0,0.0,182800.0,1.7837810205897082,182800.0,29.5660406563982,182800.0,0.0,182800.0,0.04000000799999998,182800.0,0.09010892666365079,182800.0,11.705998989943067,182800.0,0.0,182800.0,0.0,182800.0,9.28886901907175,182800.0,16.239551208690727,182800.0,0.14900000000000002,182800.0,0.0,182800.0,9.298481436887792,182800.0,16.414805686838957,182800.0,0.14899999999999997,182800.0,0.14899999999999997,182800.0,8.481348316728706,182800.0,15.897843102441069,182800.0,0.0,182800.0,0.0,182800.0,4.499601721982342,182800.0,36.26933564339997,182800.0,0.0,182800.0,0.0,182800.0,23.270532772914816,182800.0,34.326718154920776,182800.0,0.50200004,182800.0,0.50200004
183000.0,4.020802638887492,183000.0,35.23222949294751,183000.0,0.0,183000.0,0.0,183000.0,1.4962144520494225,183000.0,19.295303863711165,183000.0,0.0,183000.0,0.0,183000.0,1.7766932723467714,183000.0,29.79821005338318,183000.0,0.0,183000.0,0.828,183000.0,1.788654452447011,183000.0,29.830235599225215,183000.0,0.0,183000.0,0.0,183000.0,1.7851177623076289,183000.0,29.752133612781574,183000.0,0.0,183000.0,0.04000000799999998,183000.0,0.29213064084213725,183000.0,11.910260571632318,183000.0,0.0,183000.0,0.0,183000.0,9.294811258201,183000.0,16.26966814055797,183000.0,0.14900000000000002,183000.0,0.0,183000.0,9.3056106927958,183000.0,16.44672566205522,183000.0,0.14899999999999997,183000.0,0.14899999999999997,183000.0,8.496019034766544,183000.0,15.932384772826268,183000.0,0.0,183000.0,0.0,183000.0,3.9643898049041866,183000.0,34.84916659590678,183000.0,0.0,183000.0,0.0,183000.0,23.273675986510973,183000.0,34.48248650967527,183000.0,0.50200004,183000.0,0.50200004
183200.0,10.594136489960714,183200.0,30.69289492684551,183200.0,0.0,183200.0,0.0,183200.0,1.6581184085811802,183200.0,19.43230849125386,183200.0,0.0,183200.0,0.0,183200.0,1.7848061670795772,183200.0,30.006790576109655,183200.0,0.0,183200.0,0.828,183200.0,1.7927773085873226,183200.0,30.050149517912107,183200.0,0.0,183200.0,0.0,183200.0,1.7892397109950273,183200.0,29.97181153565154,183200.0,0.0,183200.0,0.04000000799999998,183200.0,0.4549082412959376,183200.0,11.988387035380695,183200.0,0.0,183200.0,0.0,183200.0,9.306382111929357,183200.0,16.30603703812064,183200.0,0.14900000000000002,183200.0,0.0,183200.0,9.318663618849584,183200.0,16.48378626207675,183200.0,0.14899999999999997,183200.0,0.14899999999999997,183200.0,8.508856708071914,183200.0,15.960295021389497,183200.0,0.0,183200.0,0.0,183200.0,10.647721941765692,183200.0,30.48459847745074,183200.0,0.0,183200.0,0.0,183200.0,23.311868423694786,183200.0,34.69433731310993,183200.0,0.50200004,183200.0,0.50200004
183400.0,8.049502714355963,183400.0,27.684028157035314,183400.0,0.0,183400.0,0.0,183400.0,1.7209837604577973,183400.0,19.485842968053035,183400.0,0.0,183400.0,0.0,183400.0,1.7975650951475213,183400.0,30.213574728100166,183400.0,0.0,183400.0,0.828,183400.0,1.7995564000390132,183400.0,30.265287552354746,183400.0,0.0,183400.0,0.0,183400.0,1.7961362558422445,183400.0,30.18664961544392,183400.0,0.0,183400.0,0.04000000799999998,183400.0,0.4042650084062922,183400.0,11.849857478381129,183400.0,0.0,183400.0,0.0,183400.0,9.3149761999745,183400.0,16.3358624954856,183400.0,0.14900000000000002,183400.0,0.0,183400.0,9.328384980639695,183400.0,16.51348353150082,183400.0,0.14899999999999997,183400.0,0.14899999999999997,183400.0,8.505922513010901,183400.0,15.969915000723692,183400.0,0.0,183400.0,0.0,183400.0,7.992881367516368,183400.0,27.553578097051542,183400.0,0.0,183400.0,0.0,183400.0,23.385302025791507,183400.0,34.90147649811072,183400.0,0.50200004,183400.0,0.50200004
183600.0,6.418538531630137,183600.0,35.930875232215094,183600.0,0.0,183600.0,0.0,183600.0,1.7268729459138827,183600.0,19.65932653626856,183600.0,0.0,183600.0,0.0,183600.0,1.8086856084147231,183600.0,30.41793284154621,183600.0,0.0,183600.0,0.828,183600.0,1.8071025243082959,183600.0,30.476227600316896,183600.0,0.0,183600.0,0.0,183600.0,1.8036462760387135,183600.0,30.396936061158584,183600.0,0.0,183600.0,0.04000000799999998,183600.0,0.23665463864191438,183600.0,11.59168916292386,183600.0,0.0,183600.0,0.0,183600.0,9.318205004022088,183600.0,16.357147705282276,183600.0,0.14900000000000002,183600.0,0.0,183600.0,9.332599803397645,183600.0,16.534400002853268,183600.0,0.14899999999999997,183600.0,0.14899999999999997,183600.0,8.492848729258272,183600.0,15.967201416917622,183600.0,0.0,183600.0,0.0,183600.0,6.358161478282783,183600.0,36.47734253597536,183600.0,0.0,183600.0,0.0,183600.0,23.474810903488464,183600.0,35.08534247966532,183600.0,0.50200004,183600.0,0.50200004
183800.0,5.285850027329081,183800.0,35.29919015797925,183800.0,0.0,183800.0,0.0,183800.0,1.682322172540336,183800.0,19.695882374409955,183800.0,0.0,183800.0,0.0,183800.0,1.8157002798262614,183800.0,30.62169360175099,183800.0,0.0,183800.0,0.828,183800.0,1.8129785386470145,183800.0,30.684312924183974,183800.0,0.0,183800.0,0.0,183800.0,1.8093841969260673,183800.0,30.604753396096026,183800.0,0.0,183800.0,0.04000000799999998,183800.0,0.038107285311312945,183800.0,11.248411055031157,183800.0,0.0,183800.0,0.0,183800.0,9.31615359478619,183800.0,16.369288709361523,183800.0,0.14900000000000002,183800.0,0.0,183800.0,9.331131321815706,183800.0,16.545943206520942,183800.0,0.14899999999999997,183800.0,0.14899999999999997,183800.0,8.476622247627184,183800.0,15.954794541953216,183800.0,0.0,183800.0,0.0,183800.0,5.243328498103229,183800.0,34.93331218331532,183800.0,0.0,183800.0,0.0,183800.0,23.543466909916923,183800.0,35.233141063839454,183800.0,0.50200004,183800.0,0.50200004
184000.0,4.601888467468308,184000.0,30.859096126392767,184000.0,0.0,184000.0,0.0,184000.0,1.6153170775657741,184000.0,19.624502088405343,184000.0,0.0,184000.0,0.0,184000.0,1.8176608469220088,184000.0,30.814151132438507,184000.0,0.0,184000.0,0.828,184000.0,1.8158872783604822,184000.0,30.886050622246724,184000.0,0.0,184000.0,0.0,184000.0,1.812195635518636,184000.0,30.806089723344765,184000.0,0.0,184000.0,0.04000000799999998,184000.0,-0.09631553910047863,184000.0,10.845377732520388,184000.0,0.0,184000.0,0.0,184000.0,9.313210746461907,184000.0,16.37239564351786,184000.0,0.14900000000000002,184000.0,0.0,184000.0,9.32837930297683,184000.0,16.54816047045412,184000.0,0.14899999999999997,184000.0,0.14899999999999997,184000.0,8.465860724003038,184000.0,15.933981946629276,184000.0,0.0,184000.0,0.0,184000.0,4.567058090172368,184000.0,30.657245405296425,184000.0,0.0,184000.0,0.0,184000.0,23.575260657943005,184000.0,35.34437172254038,184000.0,0.50200004,184000.0,0.50200004
184200.0,4.0344636201029545,184200.0,27.878904738738473,184200.0,0.0,184200.0,0.0,184200.0,1.5357486574347392,184200.0,19.481904054903918,184200.0,0.0,184200.0,0.0,184200.0,1.8164273555257267,184200.0,30.993021601809335,184200.0,0.0,184200.0,0.828,184200.0,1.8178760948584265,184200.0,31.079186152592193,184200.0,0.0,184200.0,0.0,184200.0,1.8141040559984527,184200.0,30.99875771238452,184200.0,0.0,184200.0,0.04000000799999998,184200.0,-0.23748271666829276,184200.0,10.401173611290245,184200.0,0.0,184200.0,0.0,184200.0,9.309199905618058,184200.0,16.366860315483027,184200.0,0.14900000000000002,184200.0,0.0,184200.0,9.324453617033418,184200.0,16.541398859113425,184200.0,0.14899999999999997,184200.0,0.14899999999999997,184200.0,8.454307663332132,184200.0,15.905479906845352,184200.0,0.0,184200.0,0.0,184200.0,4.003861149855837,184200.0,27.750400016254133,184200.0,0.0,184200.0,0.0,184200.0,23.600971150881662,184200.0,35.39825159857674,184200.0,0.50200004,184200.0,0.50200004
184400.0,10.40637053285035,184400.0,35.94366902603934,184400.0,0.0,184400.0,0.0,184400.0,1.5521752456070892,184400.0,19.483243680820372,184400.0,0.0,184400.0,0.0,184400.0,1.816244620178185,184400.0,31.148347720948333,184400.0,0.0,184400.0,0.828,184400.0,1.819493406832954,184400.0,31.219506104064966,184400.0,0.0,184400.0,0.0,184400.0,1.8155077731534666,184400.0,31.137053307758464,184400.0,0.0,184400.0,0.04000000799999998,184400.0,-0.39237550151220246,184400.0,10.068545595699264,184400.0,0.0,184400.0,0.0,184400.0,9.303863292486286,184400.0,16.357914542987153,184400.0,0.14900000000000002,184400.0,0.0,184400.0,9.319075826402832,184400.0,16.53137976894106,184400.0,0.14899999999999997,184400.0,0.14899999999999997,184400.0,8.441197069087202,184400.0,15.88087132339806,184400.0,0.0,184400.0,0.0,184400.0,10.464869086455417,184400.0,36.4645238389097,184400.0,0.0,184400.0,0.0,184400.0,23.621578752856173,184400.0,35.39845358642587,184400.0,0.50200004,184400.0,0.50200004
184600.0,8.167791922014565,184600.0,35.3626961585867,184600.0,0.0,184600.0,0.0,184600.0,1.4894937456501216,184600.0,19.38574478518969,184600.0,0.0,184600.0,0.0,184600.0,1.8168631148319825,184600.0,30.93660081343027,184600.0,0.0,184600.0,0.0,184600.0,1.8211656540971246,184600.0,31.250028951882033,184600.0,0.0,184600.0,0.0,184600.0,1.8171477278446815,184600.0,31.220924188403036,184600.0,0.0,184600.0,0.04000000799999998,184600.0,-0.5935317228021859,184600.0,9.62802836680303,184600.0,0.0,184600.0,0.0,184600.0,9.295467381369528,184600.0,16.34128481836286,184600.0,0.14900000000000002,184600.0,0.0,184600.0,9.31043742735379,184600.0,16.513189709209104,184600.0,0.14899999999999997,184600.0,0.14899999999999997,184600.0,8.423070543718104,184600.0,15.845227058317947,184600.0,0.0,184600.0,0.0,184600.0,8.127648027493068,184600.0,34.98966263358209,184600.0,0.0,184600.0,0.0,184600.0,23.638466269380377,184600.0,35.3663097160725,184600.0,0.50200004,184600.0,0.50200004
184800.0,6.90792167758806,184800.0,30.871623874359543,184800.0,0.0,184800.0,0.0,184800.0,1.410157893964611,184800.0,19.142698041951757,184800.0,0.0,184800.0,0.0,184800.0,1.8146690179101082,184800.0,30.437594564166385,184800.0,0.0,184800.0,0.0,184800.0,1.821746617487426,184800.0,30.961151162046246,184800.0,0.0,184800.0,0.0,184800.0,1.8176292847860542,184800.0,30.940865624787808,184800.0,0.0,184800.0,0.04000000799999998,184800.0,-0.7614267834242283,184800.0,9.130504927999104,184800.0,0.0,184800.0,0.0,184800.0,9.287539523471631,184800.0,16.315404847832244,184800.0,0.14900000000000002,184800.0,0.0,184800.0,9.302130330083981,184800.0,16.485254750530796,184800.0,0.14899999999999997,184800.0,0.14899999999999997,184800.0,8.407504516828645,184800.0,15.798765901660646,184800.0,0.0,184800.0,0.0,184800.0,6.857752128062239,184800.0,30.665656000655535,184800.0,0.0,184800.0,0.0,184800.0,23.642995503652276,184800.0,35.28357746737908,184800.0,0.50200004,184800.0,0.50200004
185000.0,6.045494558126606,185000.0,27.822433677035637,185000.0,0.0,185000.0,0.0,185000.0,1.3235820316955067,185000.0,18.822851883129207,185000.0,0.0,185000.0,0.0,185000.0,1.810146382853048,185000.0,30.08048937196576,185000.0,0.0,185000.0,0.0,185000.0,1.821373641638416,185000.0,30.665482361358674,185000.0,0.0,185000.0,0.0,185000.0,1.8171592522843558,185000.0,30.64867106544658,185000.0,0.0,185000.0,0.04000000799999998,185000.0,-0.8926901165693281,185000.0,8.625559432205328,185000.0,0.0,185000.0,0.0,185000.0,9.280859985301417,185000.0,16.282422158422776,185000.0,0.14900000000000002,185000.0,0.0,185000.0,9.29506552856276,185000.0,16.45002500203826,185000.0,0.14899999999999997,185000.0,0.14899999999999997,185000.0,8.395142951551167,185000.0,15.746054785268369,185000.0,0.0,185000.0,0.0,185000.0,6.001054988186321,185000.0,27.690442645195592,185000.0,0.0,185000.0,0.0,185000.0,23.641071287887574,185000.0,35.14717610228574,185000.0,0.50200004,185000.0,0.50200004
185200.0,5.138742996300518,185200.0,35.76035889868692,185200.0,0.0,185200.0,0.0,185200.0,1.2205823074624023,185200.0,18.68188860303204,185200.0,0.0,185200.0,0.0,185200.0,1.8031044975423338,185200.0,29.8121982724352,185200.0,0.0,185200.0,0.0,185200.0,1.818748044910415,185200.0,30.44110918367877,185200.0,0.0,185200.0,0.0,185200.0,1.8143847167620901,185200.0,30.424590637702437,185200.0,0.0,185200.0,0.04000000799999998,185200.0,-1.1370156635898612,185200.0,8.296842393984974,185200.0,0.0,185200.0,0.0,185200.0,9.265599415703822,185200.0,16.256207081672652,185200.0,0.14900000000000002,185200.0,0.0,185200.0,9.279353618684386,185200.0,16.42283164622774,185200.0,0.14899999999999997,185200.0,0.14899999999999997,185200.0,8.373322421931157,185200.0,15.712010597445378,185200.0,0.0,185200.0,0.0,185200.0,5.0756531098661055,185200.0,36.31723276620643,185200.0,0.0,185200.0,0.0,185200.0,23.623914353337362,185200.0,35.02329624933402,185200.0,0.50200004,185200.0,0.50200004
185400.0,4.320859603148637,185400.0,35.1420404735733,185400.0,0.0,185400.0,0.0,185400.0,1.1201013052232565,185400.0,18.474407279628647,185400.0,0.0,185400.0,0.0,185400.0,1.792656674231824,185400.0,29.546205918161036,185400.0,0.0,185400.0,0.0,185400.0,1.8152732222454973,185400.0,30.164757434278926,185400.0,0.0,185400.0,0.0,185400.0,1.8108956333350397,185400.0,30.14908198291663,185400.0,0.0,185400.0,0.04000000799999998,185400.0,-1.166808949819358,185400.0,8.184133389702332,185400.0,0.0,185400.0,0.0,185400.0,9.253933762874395,185400.0,16.223437954416152,185400.0,0.14900000000000002,185400.0,0.0,185400.0,9.267344703345609,185400.0,16.389182458806122,185400.0,0.14899999999999997,185400.0,0.14899999999999997,185400.0,8.36474707103006,185400.0,15.684779511183526,185400.0,0.0,185400.0,0.0,185400.0,4.293078761486839,185400.0,34.77058568254422,185400.0,0.0,185400.0,0.0,185400.0,23.595621048802254,185400.0,34.844682335462345,185400.0,0.50200004,185400.0,0.50200004
185600.0,4.018144970685821,185600.0,30.56079538519427,185600.0,0.0,185600.0,0.0,185600.0,1.0616425897676967,185600.0,18.25019506795462,185600.0,0.0,185600.0,0.0,185600.0,1.7832689789071483,185600.0,29.265620043859695,185600.0,0.0,185600.0,0.0,185600.0,1.813864917361149,185600.0,29.872489551985137,185600.0,0.0,185600.0,0.0,185600.0,1.8094961462630523,185600.0,29.857803678260517,185600.0,0.0,185600.0,0.04000000799999998,185600.0,-1.1605631700410768,185600.0,8.190566164490289,185600.0,0.0,185600.0,0.0,185600.0,9.251228334304999,185600.0,16.190825293286853,185600.0,0.14900000000000002,185600.0,0.0,185600.0,9.264510228513261,185600.0,16.35515500324823,185600.0,0.14899999999999997,185600.0,0.14899999999999997,185600.0,8.36336074612261,185600.0,15.664459597370117,185600.0,0.0,185600.0,0.0,185600.0,4.000552596336699,185600.0,30.35270406290604,185600.0,0.0,185600.0,0.0,185600.0,23.586371035309956,185600.0,34.620727903429845,185600.0,0.50200004,185600.0,0.50200004
185800.0,10.27102612100038,185800.0,27.575666805848176,185800.0,0.0,185800.0,0.0,185800.0,1.1007283418885667,185800.0,18.04247350813522,185800.0,0.0,185800.0,0.0,185800.0,1.7771180269371585,185800.0,28.997497312533522,185800.0,0.0,185800.0,0.0,185800.0,1.8099799975023978,185800.0,29.630436013790955,185800.0,0.0,185800.0,0.0,185800.0,1.8054954935706429,185800.0,29.618124410266397,185800.0,0.0,185800.0,0.04000000799999998,185800.0,-1.1303928828784793,185800.0,8.255515776924748,185800.0,0.0,185800.0,0.0,185800.0,9.244346821014862,185800.0,16.168921277780388,185800.0,0.14900000000000002,185800.0,0.0,185800.0,9.257188216399712,185800.0,16.331818414355027,185800.0,0.14899999999999997,185800.0,0.14899999999999997,185800.0,8.360636525524988,185800.0,15.653969254480211,185800.0,0.0,185800.0,0.0,185800.0,10.319413639945477,185800.0,27.461662183281913,185800.0,0.0,185800.0,0.0,185800.0,23.558873814933342,185800.0,34.43652572590829,185800.0,0.50200004,185800.0,0.50200004
186000.0,7.963270488277,186000.0,35.43459241724358,186000.0,0.0,186000.0,0.0,186000.0,1.0986987011624725,186000.0,18.04348122994935,186000.0,0.0,186000.0,0.0,186000.0,1.7727234074780487,186000.0,28.775158797153978,186000.0,0.0,186000.0,0.0,186000.0,1.8050059068241207,186000.0,29.433853105464067,186000.0,0.0,186000.0,0.0,186000.0,1.8006170147819092,186000.0,29.42254044519805,186000.0,0.0,186000.0,0.04000000799999998,186000.0,-1.0618583427938875,186000.0,8.339309180468916,186000.0,0.0,186000.0,0.0,186000.0,9.23513112823187,186000.0,16.154890305489907,186000.0,0.14900000000000002,186000.0,0.0,186000.0,9.247050528910458,186000.0,16.31659007644821,186000.0,0.14899999999999997,186000.0,0.14899999999999997,186000.0,8.359116703178849,186000.0,15.649072021141473,186000.0,0.0,186000.0,0.0,186000.0,7.921291694853816,186000.0,35.956249665885785,186000.0,0.0,186000.0,0.0,186000.0,23.51149398034678,186000.0,34.30515167789732,186000.0,0.50200004,186000.0,0.50200004
186200.0,6.675640351296056,186200.0,34.638755258886114,186200.0,0.0,186200.0,0.0,186200.0,1.1013345576480151,186200.0,17.98088578807554,186200.0,0.0,186200.0,0.0,186200.0,1.7683454343711227,186200.0,28.544677608870405,186200.0,0.0,186200.0,0.0,186200.0,1.8009054609909683,186200.0,29.15005269250809,186200.0,0.0,186200.0,0.0,186200.0,1.796561938138278,186200.0,29.13808715206855,186200.0,0.0,186200.0,0.04000000799999998,186200.0,-0.9844188810343831,186200.0,8.519775938641324,186200.0,0.0,186200.0,0.0,186200.0,9.229329999663715,186200.0,16.136738728858774,186200.0,0.14900000000000002,186200.0,0.0,186200.0,9.240339126431069,186200.0,16.29645064345295,186200.0,0.14899999999999997,186200.0,0.14899999999999997,186200.0,8.360286921060077,186200.0,15.646441663121301,186200.0,0.0,186200.0,0.0,186200.0,6.623799926120957,186200.0,34.26473507294448,186200.0,0.0,186200.0,0.0,186200.0,23.471226471845846,186200.0,34.1140143319975,186200.0,0.50200004,186200.0,0.50200004
186400.0,5.794044719300916,186400.0,30.06850333100003,186400.0,0.0,186400.0,0.0,186400.0,1.1047967127436622,186400.0,17.883694321833765,186400.0,0.0,186400.0,0.0,186400.0,1.7643257756589967,186400.0,28.29215552551248,186400.0,0.0,186400.0,0.0,186400.0,1.7976680922151955,186400.0,28.87555865301015,186400.0,0.0,186400.0,0.0,186400.0,1.7933655666552866,186400.0,28.86353557099673,186400.0,0.0,186400.0,0.04000000799999998,186400.0,-0.9122912606972483,186400.0,8.752276835174047,186400.0,0.0,186400.0,0.0,186400.0,9.22587184379759,186400.0,16.125073578135517,186400.0,0.14900000000000002,186400.0,0.0,186400.0,9.236143658464306,186400.0,16.283092863356227,186400.0,0.14899999999999997,186400.0,0.14899999999999997,186400.0,8.362481898778578,186400.0,15.650802846744586,186400.0,0.0,186400.0,0.0,186400.0,5.748287568679122,186400.0,29.859964564712097,186400.0,0.0,186400.0,0.0,186400.0,23.44080506538555,186400.0,33.95296441900922,186400.0,0.50200004,186400.0,0.50200004
186600.0,5.143972345933233,186600.0,27.206780267276958,186600.0,0.0,186600.0,0.0,186600.0,1.107180102098172,186600.0,17.786822719079684,186600.0,0.0,186600.0,0.0,186600.0,1.7607377836080684,186600.0,28.06661982163244,186600.0,0.0,186600.0,0.0,186600.0,1.7950235482941306,186600.0,28.66741767582398,186600.0,0.0,186600.0,0.0,186600.0,1.7907668554676093,186600.0,28.655628893521424,186600.0,0.0,186600.0,0.04000000799999998,186600.0,-0.8473093778143865,186600.0,8.950004833115981,186600.0,0.0,186600.0,0.0,186600.0,9.223717050798266,186600.0,16.120909879431554,186600.0,0.14900000000000002,186600.0,0.0,186600.0,9.233402119688819,186600.0,16.278026512473264,186600.0,0.14899999999999997,186600.0,0.14899999999999997,186600.0,8.365015669250484,186600.0,15.658319137497175,186600.0,0.0,186600.0,0.0,186600.0,5.105416660493585,186600.0,27.068930092886202,186600.0,0.0,186600.0,0.0,186600.0,23.41742047582172,186600.0,33.864073956079004,186600.0,0.50200004,186600.0,0.50200004
186800.0,4.655014511153109,186800.0,35.04931420507474,186800.0,0.0,186800.0,0.0,186800.0,1.1082164728289399,186800.0,17.87776866952675,186800.0,0.0,186800.0,0.0,186800.0,1.757600096184333,186800.0,27.87357839637666,186800.0,0.0,186800.0,0.0,186800.0,1.7928827449850377,186800.0,28.46855059956144,186800.0,0.0,186800.0,0.0,186800.0,1.7886720918082073,186800.0,28.45548349616945,186800.0,0.0,186800.0,0.04000000799999998,186800.0,-0.7910517820669517,186800.0,9.169483925568942,186800.0,0.0,186800.0,0.0,186800.0,9.222378318888548,186800.0,16.11989089848372,186800.0,0.14900000000000002,186800.0,0.0,186800.0,9.231620612878922,186800.0,16.276421582289473,186800.0,0.14899999999999997,186800.0,0.14899999999999997,186800.0,8.367510071071715,186800.0,15.669259661351079,186800.0,0.0,186800.0,0.0,186800.0,4.622360303896087,186800.0,35.60234313968173,186800.0,0.0,186800.0,0.0,186800.0,23.399664502681695,186800.0,33.803006797897254,186800.0,0.50200004,186800.0,0.50200004
187000.0,4.249265417458304,187000.0,34.3376108069811,187000.0,0.0,187000.0,0.0,187000.0,1.108114106577395,187000.0,17.901631884436892,187000.0,0.0,187000.0,0.0,187000.0,1.7547935286455367,187000.0,27.654149140659513,187000.0,0.0,187000.0,0.0,187000.0,1.7908249237653067,187000.0,28.210724268417547,187000.0,0.0,187000.0,0.0,187000.0,1.7866582176714068,187000.0,28.19866679942728,187000.0,0.0,187000.0,0.04000000799999998,187000.0,-0.7334880002311929,187000.0,9.494281871109749,187000.0,0.0,187000.0,0.0,187000.0,9.221382386129681,187000.0,16.123721758632946,187000.0,0.14900000000000002,187000.0,0.0,187000.0,9.230245949504953,187000.0,16.280253964494314,187000.0,0.14899999999999997,187000.0,0.14899999999999997,187000.0,8.37027047341071,187000.0,15.690216490879363,187000.0,0.0,187000.0,0.0,187000.0,4.216290210576824,187000.0,33.96978118325086,187000.0,0.0,187000.0,0.0,187000.0,23.38345983473557,187000.0,33.74859113221806,187000.0,0.50200004,187000.0,0.50200004
187200.0,6.854905928949747,187200.0,29.905576267544106,187200.0,0.0,187200.0,0.0,187200.0,1.1656982484783218,187200.0,17.89996245606924,187200.0,0.0,187200.0,0.0,187200.0,1.7526951944104283,187200.0,27.783386155315856,187200.0,0.0,187200.0,0.828,187200.0,1.787760596265021,187200.0,28.102082122636865,187200.0,0.0,187200.0,0.0,187200.0,1.7835621993720325,187200.0,28.039376586507807,187200.0,0.0,187200.0,0.04000000799999998,187200.0,-0.6315188239004463,187200.0,9.794962529173677,187200.0,0.0,187200.0,0.0,187200.0,9.220271308390418,187200.0,16.1319519047965,187200.0,0.14900000000000002,187200.0,0.0,187200.0,9.228639657218547,187200.0,16.289387507267566,187200.0,0.14899999999999997,187200.0,0.14899999999999997,187200.0,8.375540902231164,187200.0,15.713282675424063,187200.0,0.0,187200.0,0.0,187200.0,7.3314584351923235,187200.0,29.713862473812352,187200.0,0.0,187200.0,0.0,187200.0,23.35837875297349,187200.0,33.73335735527698,187200.0,0.50200004,187200.0,0.50200004
187400.0,9.336762492497739,187400.0,29.9824617325416,187400.0,0.0,187400.0,0.0,187400.0,1.2393792704421733,187400.0,17.984313274276264,187400.0,0.0,187400.0,0.0,187400.0,1.7544996399637633,187400.0,28.178994943725435,187400.0,0.0,187400.0,0.828,187400.0,1.7843322165936912,187400.0,28.252323128200118,187400.0,0.0,187400.0,0.0,187400.0,1.7801849559525067,187400.0,28.177357016417083,187400.0,0.0,187400.0,0.04000000799999998,187400.0,-0.43450093444670346,187400.0,10.0140772274628,187400.0,0.0,187400.0,0.0,187400.0,9.219874538400564,187400.0,16.140180719007244,187400.0,0.14900000000000002,187400.0,0.0,187400.0,9.2277989737253,187400.0,16.29872942995778,187400.0,0.14899999999999997,187400.0,0.14899999999999997,187400.0,8.386747265717617,187400.0,15.731659332157202,187400.0,0.0,187400.0,0.0,187400.0,9.050966590548711,187400.0,30.361021584890185,187400.0,0.0,187400.0,0.0,187400.0,23.319905813243093,187400.0,33.74584149490379,187400.0,0.50200004,187400.0,0.50200004
187600.0,7.369105261949435,187600.0,38.05600204726059,187600.0,0.0,187600.0,0.0,187600.0,1.3018112152293377,187600.0,18.230112535383668,187600.0,0.0,187600.0,0.0,187600.0,1.757538727483535,187600.0,28.440925406006993,187600.0,0.0,187600.0,0.828,187600.0,1.7825392378834135,187600.0,28.484449297393525,187600.0,0.0,187600.0,0.0,187600.0,1.7785303080522947,187600.0,28.407281649704803,187600.0,0.0,187600.0,0.04000000799999998,187600.0,-0.2826537752329615,187600.0,10.375771239555576,187600.0,0.0,187600.0,0.0,187600.0,9.221016267097733,187600.0,16.158146357649603,187600.0,0.14900000000000002,187600.0,0.0,187600.0,9.229022033335438,187600.0,16.31927843453958,187600.0,0.14899999999999997,187600.0,0.14899999999999997,187600.0,8.39656374838105,187600.0,15.765727985545833,187600.0,0.0,187600.0,0.0,187600.0,7.238400963124118,187600.0,37.75567196555023,187600.0,0.0,187600.0,0.0,187600.0,23.29819437846482,187600.0,33.80127336740513,187600.0,0.50200004,187600.0,0.50200004
187800.0,6.232219023196493,187800.0,32.33180174036571,187800.0,0.0,187800.0,0.0,187800.0,1.3578968764944586,187800.0,18.37187487656272,187800.0,0.0,187800.0,0.0,187800.0,1.7608841765436796,187800.0,28.677972942842665,187800.0,0.0,187800.0,0.828,187800.0,1.781659999343286,187800.0,28.709312425170136,187800.0,0.0,187800.0,0.0,187800.0,1.777756631350206,187800.0,28.63125530532872,187800.0,0.0,187800.0,0.04000000799999998,187800.0,-0.15205102195575615,187800.0,10.712417300316266,187800.0,0.0,187800.0,0.0,187800.0,9.222834345889947,187800.0,16.18027329997576,187800.0,0.14900000000000002,187800.0,0.0,187800.0,9.231142249032956,187800.0,16.34450463673074,187800.0,0.14899999999999997,187800.0,0.14899999999999997,187800.0,8.40539061966374,187800.0,15.801858451964385,187800.0,0.0,187800.0,0.0,187800.0,6.159314027763506,187800.0,32.12040389134243,187800.0,0.0,187800.0,0.0,187800.0,23.28540214796787,187800.0,33.88584058826879,187800.0,0.50200004,187800.0,0.50200004
188000.0,5.4798309620458925,188000.0,28.864954284273658,188000.0,0.0,188000.0,0.0,188000.0,1.4050675614092807,188000.0,18.484512061482686,188000.0,0.0,188000.0,0.0,188000.0,1.764111335285378,188000.0,28.884421817136012,188000.0,0.0,188000.0,0.828,188000.0,1.781407153195706,188000.0,28.901317810364485,188000.0,0.0,188000.0,0.0,188000.0,1.7775906518580407,188000.0,28.82290385193423,188000.0,0.0,188000.0,0.04000000799999998,188000.0,-0.04825941975712368,188000.0,10.978472480139573,188000.0,0.0,188000.0,0.0,188000.0,9.224774281147829,188000.0,16.201315374924288,188000.0,0.14900000000000002,188000.0,0.0,188000.0,9.233457464703255,188000.0,16.368285723630244,188000.0,0.14899999999999997,188000.0,0.14899999999999997,188000.0,8.412649723007847,188000.0,15.833010596898978,188000.0,0.0,188000.0,0.0,188000.0,5.431167662009245,188000.0,28.715428151304742,188000.0,0.0,188000.0,0.0,188000.0,23.27887703940803,188000.0,33.9778175756108,188000.0,0.50200004,188000.0,0.50200004
188200.0,4.9405355313984325,188200.0,29.622108526303535,188200.0,0.0,188200.0,0.0,188200.0,1.4430675136336872,188200.0,18.64085945246591,188200.0,0.0,188200.0,0.0,188200.0,1.7669694993609923,188200.0,29.07121098934531,188200.0,0.0,188200.0,0.828,188200.0,1.781509714062118,188200.0,29.09131790416998,188200.0,0.0,188200.0,0.0,188200.0,1.777768081357433,188200.0,29.01356689414389,188200.0,0.0,188200.0,0.04000000799999998,188200.0,0.034320451813555905,188200.0,11.233073743470307,188200.0,0.0,188200.0,0.0,188200.0,9.226623878429882,188200.0,16.224961761977124,188200.0,0.14900000000000002,188200.0,0.0,188200.0,9.23568500800889,188200.0,16.39473979671104,188200.0,0.14899999999999997,188200.0,0.14899999999999997,188200.0,8.418585954518042,188200.0,15.865554472999676,188200.0,0.0,188200.0,0.0,188200.0,4.90425438102018,188200.0,30.038347915745437,188200.0,0.0,188200.0,0.0,188200.0,23.275980081795534,188200.0,34.096761033937554,188200.0,0.50200004,188200.0,0.50200004
188400.0,4.542815852912958,188400.0,37.93620923141734,188400.0,0.0,188400.0,0.0,188400.0,1.4727557148396548,188400.0,18.939702287000593,188400.0,0.0,188400.0,0.0,188400.0,1.7693763771038735,188400.0,29.285484799382942,188400.0,0.0,188400.0,0.828,188400.0,1.7817930601615373,188400.0,29.31811801093028,188400.0,0.0,188400.0,0.0,188400.0,1.7781170284379477,188400.0,29.23992431133766,188400.0,0.0,188400.0,0.04000000799999998,188400.0,0.09902701712135875,188400.0,11.519946080638084,188400.0,0.0,188400.0,0.0,188400.0,9.22826767277767,188400.0,16.257735610313528,188400.0,0.14900000000000002,188400.0,0.0,188400.0,9.23766721106425,188400.0,16.430809685390102,188400.0,0.14899999999999997,188400.0,0.14899999999999997,188400.0,8.423346513244722,188400.0,15.907668152095173,188400.0,0.0,188400.0,0.0,188400.0,4.513903874373773,188400.0,37.647670912960976,188400.0,0.0,188400.0,0.0,188400.0,23.27517061520743,188400.0,34.26268282706597,188400.0,0.50200004,188400.0,0.50200004
188600.0,4.246244317907912,188600.0,32.45517896274225,188600.0,0.0,188600.0,0.0,188600.0,1.495632604531495,188600.0,19.109934318969188,188600.0,0.0,188600.0,0.0,188600.0,1.7713370042340995,188600.0,29.49841848296932,188600.0,0.0,188600.0,0.828,188600.0,1.7821499486759829,188600.0,29.520139142740863,188600.0,0.0,188600.0,0.0,188600.0,1.778531561928,188600.0,29.441184456477608,188600.0,0.0,188600.0,0.04000000799999998,188600.0,0.1497713921147699,188600.0,11.747843663802321,188600.0,0.0,188600.0,0.0,188600.0,9.22967902929867,188600.0,16.28810798846091,188600.0,0.14900000000000002,188600.0,0.0,188600.0,9.239365494640927,188600.0,16.463614262771976,188600.0,0.14899999999999997,188600.0,0.14899999999999997,188600.0,8.427144867606518,188600.0,15.94471158737958,188600.0,0.0,188600.0,0.0,188600.0,4.221460380380941,188600.0,32.25941790159662,188600.0,0.0,188600.0,0.0,188600.0,23.2754656879373,188600.0,34.41544562472509,188600.0,0.50200004,188600.0,0.50200004
188800.0,6.81244516493693,188800.0,28.91043347237488,188800.0,0.0,188800.0,0.0,188800.0,1.5983847630373655,188800.0,19.235833231879003,188800.0,0.0,188800.0,0.0,188800.0,1.7757908238444435,188800.0,29.707941467253512,188800.0,0.0,188800.0,0.828,188800.0,1.7853726597550017,188800.0,29.744095359358226,188800.0,0.0,188800.0,0.0,188800.0,1.7818165546194005,188800.0,29.665425976891104,188800.0,0.0,188800.0,0.04000000799999998,188800.0,0.4430016015691117,188800.0,11.943696995093314,188800.0,0.0,188800.0,0.0,188800.0,9.241973816136891,188800.0,16.324473165379235,188800.0,0.14900000000000002,188800.0,0.0,188800.0,9.253461980134816,188800.0,16.501571684177417,188800.0,0.14899999999999997,188800.0,0.14899999999999997,188800.0,8.449900627343128,188800.0,15.981436273261632,188800.0,0.0,188800.0,0.0,188800.0,7.331404371230703,188800.0,28.76835562003673,188800.0,0.0,188800.0,0.0,188800.0,23.297414451083622,188800.0,34.61126655911628,188800.0,0.50200004,188800.0,0.50200004
189000.0,9.583346829290024,189000.0,29.605251691515562,189000.0,0.0,189000.0,0.0,189000.0,1.7062699078796955,189000.0,19.37090628025465,189000.0,0.0,189000.0,0.0,189000.0,1.7876247997200625,189000.0,29.918731046109507,189000.0,0.0,189000.0,0.828,189000.0,1.7915731885588129,189000.0,29.963613028757507,189000.0,0.0,189000.0,0.0,189000.0,1.788158936115751,189000.0,29.884839808763715,189000.0,0.0,189000.0,0.04000000799999998,189000.0,0.4803834890915854,189000.0,11.889961420699626,189000.0,0.0,189000.0,0.0,189000.0,9.253526656155385,189000.0,16.356504872772494,189000.0,0.14900000000000002,189000.0,0.0,189000.0,9.26621411223942,189000.0,16.533783268718928,189000.0,0.14899999999999997,189000.0,0.14899999999999997,189000.0,8.454789082895235,189000.0,15.99778792561064,189000.0,0.0,189000.0,0.0,189000.0,9.282096650906258,189000.0,30.04404929705716,189000.0,0.0,189000.0,0.0,189000.0,23.359191800152164,189000.0,34.814993661011485,189000.0,0.50200004,189000.0,0.50200004
189200.0,7.250245211465723,189200.0,38.08413445388718,189200.0,0.0,189200.0,0.0,189200.0,1.7449147431771919,189200.0,19.577318591983175,189200.0,0.0,189200.0,0.0,189200.0,1.8004044440822793,189200.0,30.133571140411448,189200.0,0.0,189200.0,0.828,189200.0,1.7994160087629258,189200.0,30.18139314542537,189200.0,0.0,189200.0,0.0,189200.0,1.796014888490024,189200.0,30.102286518781703,189200.0,0.0,189200.0,0.04000000799999998,189200.0,0.36808587306976864,189200.0,11.685551367502137,189200.0,0.0,189200.0,0.0,189200.0,9.26065584039011,189200.0,16.380818387044382,189200.0,0.14900000000000002,189200.0,0.0,189200.0,9.274381486599188,189200.0,16.557862555176037,189200.0,0.14899999999999997,189200.0,0.14899999999999997,189200.0,8.44724952504725,189200.0,15.99954525740062,189200.0,0.0,189200.0,0.0,189200.0,7.113634120046754,189200.0,37.80494358559727,189200.0,0.0,189200.0,0.0,189200.0,23.447264615327335,189200.0,35.00559117435767,189200.0,0.50200004,189200.0,0.50200004
189400.0,5.784502635516956,189400.0,32.576167355483506,189400.0,0.0,189400.0,0.0,189400.0,1.7245888086203645,189400.0,19.596213800687146,189400.0,0.0,189400.0,0.0,189400.0,1.8102678675639248,189400.0,30.34344115785701,189400.0,0.0,189400.0,0.828,189400.0,1.8072418786095044,189400.0,30.395647594240813,189400.0,0.0,189400.0,0.0,189400.0,1.8037639189729244,189400.0,30.31635001446376,189400.0,0.0,189400.0,0.04000000799999998,189400.0,0.15533212083309733,189400.0,11.379946234964583,189400.0,0.0,189400.0,0.0,189400.0,9.261764894529545,189400.0,16.396230812155462,189400.0,0.14900000000000002,189400.0,0.0,189400.0,9.276328403335238,189400.0,16.572826780259284,189400.0,0.14899999999999997,189400.0,0.14899999999999997,189400.0,8.431038507564896,189400.0,15.990607028015363,189400.0,0.0,189400.0,0.0,189400.0,5.709012964887897,189400.0,32.37375751042754,189400.0,0.0,189400.0,0.0,189400.0,23.539630747981708,189400.0,35.16464902934902,189400.0,0.50200004,189400.0,0.50200004
189600.0,4.882874114368898,189600.0,29.09009700887513,189600.0,0.0,189600.0,0.0,189600.0,1.6658181003991,189600.0,19.52661669183111,189600.0,0.0,189600.0,0.0,189600.0,1.8150191674275082,189600.0,30.540938780303215,189600.0,0.0,189600.0,0.828,189600.0,1.8115814582630743,189600.0,30.6031350907863,189600.0,0.0,189600.0,0.0,189600.0,1.8079716070448428,189600.0,30.523476568704375,189600.0,0.0,189600.0,0.04000000799999998,189600.0,-0.0029290051555124373,189600.0,11.003232823128215,189600.0,0.0,189600.0,0.0,189600.0,9.259417776526856,189600.0,16.402564135464253,189600.0,0.14900000000000002,189600.0,0.0,189600.0,9.274281222881514,189600.0,16.57844547639287,189600.0,0.14899999999999997,189600.0,0.14899999999999997,189600.0,8.418644125901421,189600.0,15.972782387516252,189600.0,0.0,189600.0,0.0,189600.0,4.840583016234488,189600.0,28.95005333815362,189600.0,0.0,189600.0,0.0,189600.0,23.585304066449716,189600.0,35.29049708133835,189600.0,0.50200004,189600.0,0.50200004
189800.0,4.261479793471623,189800.0,29.820800826935997,189800.0,0.0,189800.0,0.0,189800.0,1.5907618541061472,189800.0,19.45730767208073,189800.0,0.0,189800.0,0.0,189800.0,1.8154879386815046,189800.0,30.72634622702197,189800.0,0.0,189800.0,0.828,189800.0,1.8142759919971376,189800.0,30.802371374386396,189800.0,0.0,189800.0,0.0,189800.0,1.8105716166105896,189800.0,30.722160328018006,189800.0,0.0,189800.0,0.04000000799999998,189800.0,-0.1427549171914772,189800.0,10.57702402560006,189800.0,0.0,189800.0,0.0,189800.0,9.256202658562504,189800.0,16.400109355887817,189800.0,0.14900000000000002,189800.0,0.0,189800.0,9.271190689251213,189800.0,16.574943579430037,189800.0,0.14899999999999997,189800.0,0.14899999999999997,189800.0,8.407662835849656,189800.0,15.947005656478717,189800.0,0.0,189800.0,0.0,189800.0,4.228817643019292,189800.0,30.260606544893673,189800.0,0.0,189800.0,0.0,189800.0,23.614977462881633,189800.0,35.368981385407025,189800.0,0.50200004,189800.0,0.50200004
190000.0,6.839213451935304,190000.0,38.29569637211553,190000.0,0.0,190000.0,0.0,190000.0,1.5614201144848405,190000.0,19.48258373713303,190000.0,0.0,190000.0,0.0,190000.0,1.8141843337220642,190000.0,30.908733917240692,190000.0,0.0,190000.0,0.828,190000.0,1.8161613817177653,190000.0,30.99452709605268,190000.0,0.0,190000.0,0.0,190000.0,1.8123068328033916,190000.0,30.913639696558885,190000.0,0.0,190000.0,0.04000000799999998,190000.0,-0.29452549871268596,190000.0,10.121482406503501,190000.0,0.0,190000.0,0.0,190000.0,9.251736662185383,190000.0,16.38943378208672,190000.0,0.14900000000000002,190000.0,0.0,190000.0,9.266731648284454,190000.0,16.562891671567087,190000.0,0.14899999999999997,190000.0,0.14899999999999997,190000.0,8.395368762006273,190000.0,15.914190832193773,190000.0,0.0,190000.0,0.0,190000.0,7.331023449864571,190000.0,38.016770283559545,190000.0,0.0,190000.0,0.0,190000.0,23.639155627490073,190000.0,35.387627220645435,190000.0,0.50200004,190000.0,0.50200004
190200.0,9.545280476563867,190200.0,32.858177881427586,190200.0,0.0,190200.0,0.0,190200.0,1.5290079649771466,190200.0,19.3511212397568,190200.0,0.0,190200.0,0.0,190200.0,1.8153816510005938,190200.0,31.076231849021593,190200.0,0.0,190200.0,0.828,190200.0,1.8185298570021982,190200.0,31.163379357544894,190200.0,0.0,190200.0,0.0,190200.0,1.8145947221080958,190200.0,31.081622272412076,190200.0,0.0,190200.0,0.04000000799999998,190200.0,-0.5279513678496182,190200.0,9.700678535495433,190200.0,0.0,190200.0,0.0,190200.0,9.243125580092684,190200.0,16.373609765657214,190200.0,0.14900000000000002,190200.0,0.0,190200.0,9.257894923146338,190200.0,16.545598131457762,190200.0,0.14899999999999997,190200.0,0.14899999999999997,190200.0,8.375437206018308,190200.0,15.87966511022294,190200.0,0.0,190200.0,0.0,190200.0,9.25877137838899,190200.0,32.66429545304417,190200.0,0.0,190200.0,0.0,190200.0,23.663097378784823,190200.0,35.35801808844724,190200.0,0.50200004,190200.0,0.50200004
190400.0,7.605815588248193,190400.0,29.434704671727317,190400.0,0.0,190400.0,0.0,190400.0,1.4610413555677122,190400.0,19.154470830234494,190400.0,0.0,190400.0,0.0,190400.0,1.814722180667879,190400.0,30.865426012921596,190400.0,0.0,190400.0,0.0,190400.0,1.8195496980069692,190400.0,31.186660970463244,190400.0,0.0,190400.0,0.0,190400.0,1.8154909876561574,190400.0,31.157856517392762,190400.0,0.0,190400.0,0.04000000799999998,190400.0,-0.6829619701830071,190400.0,9.256327231465269,190400.0,0.0,190400.0,0.0,190400.0,9.236253989388613,190400.0,16.35184547479083,190400.0,0.14900000000000002,190400.0,0.0,190400.0,9.25069115897483,190400.0,16.522141326400675,190400.0,0.14899999999999997,190400.0,0.14899999999999997,190400.0,8.361327129249077,190400.0,15.839639126627054,190400.0,0.0,190400.0,0.0,190400.0,7.475353084832126,190400.0,29.28258815580479,190400.0,0.0,190400.0,0.0,190400.0,23.66981388448017,190400.0,35.29654223121072,190400.0,0.50200004,190400.0,0.50200004
190600.0,6.482665855358139,190600.0,30.017672398900572,190600.0,0.0,190600.0,0.0,190600.0,1.3782358315709926,190600.0,18.919829651030227,190600.0,0.0,190600.0,0.0,190600.0,1.8114550221715482,190600.0,30.360065298511177,190600.0,0.0,190600.0,0.0,190600.0,1.8196701648270164,190600.0,30.892917701432044,190600.0,0.0,190600.0,0.0,190600.0,1.815510333379604,190600.0,30.872550269594143,190600.0,0.0,190600.0,0.04000000799999998,190600.0,-0.8183685049318472,190600.0,8.754584561931676,190600.0,0.0,190600.0,0.0,190600.0,9.229755983757844,190600.0,16.320314153904143,190600.0,0.14900000000000002,190600.0,0.0,190600.0,9.243821081906484,190600.0,16.48847470390462,190600.0,0.14899999999999997,190600.0,0.14899999999999997,190600.0,8.34885697014836,190600.0,15.78821621082957,190600.0,0.0,190600.0,0.0,190600.0,6.409557947257451,190600.0,30.450351386525693,190600.0,0.0,190600.0,0.0,190600.0,23.669929278726354,190600.0,35.177227234189516,190600.0,0.50200004,190600.0,0.50200004
190800.0,5.663384378804902,190800.0,38.50339664555208,190800.0,0.0,190800.0,0.0,190800.0,1.2877293389284303,190800.0,18.786861234434507,190800.0,0.0,190800.0,0.0,190800.0,1.8061060547117809,190800.0,30.022231135509013,190800.0,0.0,190800.0,0.0,190800.0,1.8189042411405854,190800.0,30.642201313612883,190800.0,0.0,190800.0,0.0,190800.0,1.8146489945437791,190800.0,30.626918667563945,190800.0,0.0,190800.0,0.04000000799999998,190800.0,-0.9537059464394065,190800.0,8.349637984171608,190800.0,0.0,190800.0,0.0,190800.0,9.222859400511055,190800.0,16.290263541941396,190800.0,0.14900000000000002,190800.0,0.0,190800.0,9.236544653125469,190800.0,16.456722506068033,190800.0,0.14899999999999997,190800.0,0.14899999999999997,190800.0,8.33653743405043,190800.0,15.74344763564506,190800.0,0.0,190800.0,0.0,190800.0,5.606993218775228,190800.0,38.24158522937867,190800.0,0.0,190800.0,0.0,190800.0,23.66533338736749,190800.0,35.04463231281093,190800.0,0.50200004,190800.0,0.50200004
191000.0,4.632074565789906,191000.0,32.89593557965195,191000.0,0.0,191000.0,0.0,191000.0,1.176863285253686,191000.0,18.520894395614956,191000.0,0.0,191000.0,0.0,191000.0,1.7971573518198034,191000.0,29.73758286524647,191000.0,0.0,191000.0,0.0,191000.0,1.8149393850046807,191000.0,30.362842789757583,191000.0,0.0,191000.0,0.0,191000.0,1.810578090303818,191000.0,30.348995345560457,191000.0,0.0,191000.0,0.04000000799999998,191000.0,-1.1522903698961338,191000.0,8.060010645091584,191000.0,0.0,191000.0,0.0,191000.0,9.203767915604914,191000.0,16.254570089470167,191000.0,0.14900000000000002,191000.0,0.0,191000.0,9.21697677673104,191000.0,16.420170412190846,191000.0,0.14899999999999997,191000.0,0.14899999999999997,191000.0,8.315750148428304,191000.0,15.705656859862861,191000.0,0.0,191000.0,0.0,191000.0,4.585972289625041,191000.0,32.698382069554356,191000.0,0.0,191000.0,0.0,191000.0,23.632158172337878,191000.0,34.86925409355304,191000.0,0.50200004,191000.0,0.50200004
191200.0,4.130158162654957,191200.0,29.19837581215615,191200.0,0.0,191200.0,0.0,191200.0,1.095508863164572,191200.0,18.25316362897436,191200.0,0.0,191200.0,0.0,191200.0,1.7869313758621874,191200.0,29.450827403234427,191200.0,0.0,191200.0,0.0,191200.0,1.812882242630409,191200.0,30.065187897612166,191200.0,0.0,191200.0,0.0,191200.0,1.8085229861870704,191200.0,30.05139134654696,191200.0,0.0,191200.0,0.04000000799999998,191200.0,-1.1445399064446327,191200.0,8.021092756340833,191200.0,0.0,191200.0,0.0,191200.0,9.19894686102018,191200.0,16.217741725922547,191200.0,0.14900000000000002,191200.0,0.0,191200.0,9.211934693917126,191200.0,16.382208906224797,191200.0,0.14899999999999997,191200.0,0.14899999999999997,191200.0,8.313100530972454,191200.0,15.678770787501357,191200.0,0.0,191200.0,0.0,191200.0,4.1058133467803,191200.0,29.051271725748432,191200.0,0.0,191200.0,0.0,191200.0,23.616399352020203,191200.0,34.64928956734239,191200.0,0.50200004,191200.0,0.50200004
191400.0,6.874479524535575,191400.0,29.70511930666857,191400.0,0.0,191400.0,0.0,191400.0,1.0946735283812135,191400.0,18.07318052736271,191400.0,0.0,191400.0,0.0,191400.0,1.7789406995542183,191400.0,29.160127521569525,191400.0,0.0,191400.0,0.0,191400.0,1.8101379576958572,191400.0,29.770903380438433,191400.0,0.0,191400.0,0.0,191400.0,1.8056864424507402,191400.0,29.757215273647322,191400.0,0.0,191400.0,0.04000000799999998,191400.0,-1.1255635518448504,191400.0,8.076827707611766,191400.0,0.0,191400.0,0.0,191400.0,9.194000210459421,191400.0,16.185712243301165,191400.0,0.14900000000000002,191400.0,0.0,191400.0,9.206692438843435,191400.0,16.348584277522352,191400.0,0.14899999999999997,191400.0,0.14899999999999997,191400.0,8.311020322618857,191400.0,15.660795788592045,191400.0,0.0,191400.0,0.0,191400.0,7.353965534651186,191400.0,30.135460476016668,191400.0,0.0,191400.0,0.0,191400.0,23.597071408444982,191400.0,34.41196788396928,191400.0,0.50200004,191400.0,0.50200004
191600.0,9.375390132985197,191600.0,37.82857084418068,191600.0,0.0,191600.0,0.0,191600.0,1.1050722509503494,191600.0,18.065304362456484,191600.0,0.0,191600.0,0.0,191600.0,1.7743614549751043,191600.0,28.92955123774312,191600.0,0.0,191600.0,0.0,191600.0,1.8052300230647698,191600.0,29.573188026940034,191600.0,0.0,191600.0,0.0,191600.0,1.8007465495839619,191600.0,29.559343204185367,191600.0,0.0,191600.0,0.04000000799999998,191600.0,-1.0610304736442917,191600.0,8.151591660046373,191600.0,0.0,191600.0,0.0,191600.0,9.184546170058235,191600.0,16.169374595923237,191600.0,0.14900000000000002,191600.0,0.0,191600.0,9.196369333536865,191600.0,16.33111144640625,191600.0,0.14899999999999997,191600.0,0.14899999999999997,191600.0,8.309065958280152,191600.0,15.653703815506173,191600.0,0.0,191600.0,0.0,191600.0,9.089045969556022,191600.0,37.56492913684281,191600.0,0.0,191600.0,0.0,191600.0,23.55015647122184,191600.0,34.27104415375012,191600.0,0.50200004,191600.0,0.50200004
191800.0,7.40263078428895,191800.0,32.206151417294876,191800.0,0.0,191800.0,0.0,191800.0,1.1102280562397384,191800.0,17.94800863780746,191800.0,0.0,191800.0,0.0,191800.0,1.770213795184549,191800.0,28.68168069477767,191800.0,0.0,191800.0,0.0,191800.0,1.8014563886998276,191800.0,29.289258971285598,191800.0,0.0,191800.0,0.0,191800.0,1.7970491411052172,191800.0,29.27582943519582,191800.0,0.0,191800.0,0.04000000799999998,191800.0,-0.9936009840566834,191800.0,8.315965835417984,191800.0,0.0,191800.0,0.0,191800.0,9.178898483838385,191800.0,16.147761677680204,191800.0,0.14900000000000002,191800.0,0.0,191800.0,9.189890864401704,191800.0,16.30758559498548,191800.0,0.14899999999999997,191800.0,0.14899999999999997,191800.0,8.309899448319616,191800.0,15.64756072517603,191800.0,0.0,191800.0,0.0,191800.0,7.271794724980682,191800.0,31.99960298685336,191800.0,0.0,191800.0,0.0,191800.0,23.511939580263373,191800.0,34.07109332759429,191800.0,0.50200004,191800.0,0.50200004
192000.0,6.248185106166165,192000.0,28.538490529455487,192000.0,0.0,192000.0,0.0,192000.0,1.1151345216718915,192000.0,17.820650691968737,192000.0,0.0,192000.0,0.0,192000.0,1.7662171531247826,192000.0,28.418669129562993,192000.0,0.0,192000.0,0.0,192000.0,1.7981835826287609,192000.0,29.009637102572345,192000.0,0.0,192000.0,0.0,192000.0,1.7938432406091833,192000.0,28.99671570138565,192000.0,0.0,192000.0,0.04000000799999998,192000.0,-0.9220390175134902,192000.0,8.536188636570396,192000.0,0.0,192000.0,0.0,192000.0,9.175113751739678,192000.0,16.132330147454848,192000.0,0.14900000000000002,192000.0,0.0,192000.0,9.185345700690391,192000.0,16.290423723227807,192000.0,0.14899999999999997,192000.0,0.14899999999999997,192000.0,8.311991398978952,192000.0,15.648244346853948,192000.0,0.0,192000.0,0.0,192000.0,6.175131288960809,192000.0,28.391578934859417,192000.0,0.0,192000.0,0.0,192000.0,23.479378135210048,192000.0,33.89824925226179,192000.0,0.50200004,192000.0,0.50200004
192200.0,5.468293385580803,192200.0,28.943534778026088,192200.0,0.0,192200.0,0.0,192200.0,1.118768895779624,192200.0,17.763580882804394,192200.0,0.0,192200.0,0.0,192200.0,1.7625906302584706,192200.0,28.178313380559054,192200.0,0.0,192200.0,0.0,192200.0,1.7954788135897373,192200.0,28.803615043102408,192200.0,0.0,192200.0,0.0,192200.0,1.7911953692096356,192200.0,28.793174688752647,192200.0,0.0,192200.0,0.04000000799999998,192200.0,-0.8552313295458245,192200.0,8.720735573985406,192200.0,0.0,192200.0,0.0,192200.0,9.172728024503938,192200.0,16.125493100046093,192200.0,0.14900000000000002,192200.0,0.0,192200.0,9.182338656104049,192200.0,16.282616008230637,192200.0,0.14899999999999997,192200.0,0.14899999999999997,192200.0,8.314585612949166,192200.0,15.653061339448199,192200.0,0.0,192200.0,0.0,192200.0,5.418498539493634,192200.0,29.351844163542655,192200.0,0.0,192200.0,0.0,192200.0,23.453729449283973,192200.0,33.79759464796142,192200.0,0.50200004,192200.0,0.50200004
192400.0,4.898199753026511,192400.0,37.37573444652448,192400.0,0.0,192400.0,0.0,192400.0,1.120859044678924,192400.0,17.856701505405994,192400.0,0.0,192400.0,0.0,192400.0,1.7593769569685018,192400.0,27.981019528588604,192400.0,0.0,192400.0,0.0,192400.0,1.793249639521992,192400.0,28.59800733833879,192400.0,0.0,192400.0,0.0,192400.0,1.7890164479675537,192400.0,28.587711841622774,192400.0,0.0,192400.0,0.04000000799999998,192400.0,-0.7955005677231062,192400.0,8.929594498635664,192400.0,0.0,192400.0,0.0,192400.0,9.171237515073035,192400.0,16.122034945632375,192400.0,0.14900000000000002,192400.0,0.0,192400.0,9.180360124336588,192400.0,16.27846676181226,192400.0,0.14899999999999997,192400.0,0.14899999999999997,192400.0,8.317262064878742,192400.0,15.661349664897548,192400.0,0.0,192400.0,0.0,192400.0,4.860635709819955,192400.0,37.114778143891805,192400.0,0.0,192400.0,0.0,192400.0,23.433784919873,192400.0,33.72430943566455,192400.0,0.50200004,192400.0,0.50200004
192600.0,4.46910180738782,192600.0,31.775554848893357,192600.0,0.0,192600.0,0.0,192600.0,1.1215904547111033,192600.0,17.82986869362211,192600.0,0.0,192600.0,0.0,192600.0,1.75659196338484,192600.0,27.76540107418135,192600.0,0.0,192600.0,0.0,192600.0,1.7914320712372256,192600.0,28.334440153432368,192600.0,0.0,192600.0,0.0,192600.0,1.7872448032889352,192600.0,28.32374356508041,192600.0,0.0,192600.0,0.04000000799999998,192600.0,-0.7439625015207526,192600.0,9.253268239139848,192600.0,0.0,192600.0,0.0,192600.0,9.170315264592896,192600.0,16.12228497865261,192600.0,0.14900000000000002,192600.0,0.0,192600.0,9.179078572800197,192600.0,16.278403579193366,192600.0,0.14899999999999997,192600.0,0.14899999999999997,192600.0,8.319767440037568,192600.0,15.678898672685692,192600.0,0.0,192600.0,0.0,192600.0,4.438885533611583,192600.0,31.57033175632182,192600.0,0.0,192600.0,0.0,192600.0,23.418462714989854,192600.0,33.65697942301325,192600.0,0.50200004,192600.0,0.50200004
192800.0,4.090013614214758,192800.0,28.159765896932868,192800.0,0.0,192800.0,0.0,192800.0,1.1215175530287487,192800.0,17.7878440250786,192800.0,0.0,192800.0,0.0,192800.0,1.7540504211896564,192800.0,27.53346106157789,192800.0,0.0,192800.0,0.0,192800.0,1.7895541583782786,192800.0,28.081080723555147,192800.0,0.0,192800.0,0.0,192800.0,1.7854119104867399,192800.0,28.07050446290338,192800.0,0.0,192800.0,0.04000000799999998,192800.0,-0.6875058138311887,192800.0,9.59555794651958,192800.0,0.0,192800.0,0.0,192800.0,9.169600085831956,192800.0,16.12865338265406,192800.0,0.14900000000000002,192800.0,0.0,192800.0,9.178043876984677,192800.0,16.28552237360881,192800.0,0.14899999999999997,192800.0,0.14899999999999997,192800.0,8.322676855474947,192800.0,15.702441072680756,192800.0,0.0,192800.0,0.0,192800.0,4.060825826932294,192800.0,28.01505753306086,192800.0,0.0,192800.0,0.0,192800.0,23.403343268351637,192800.0,33.629038302425904,192800.0,0.50200004,192800.0,0.50200004
193000.0,6.692492623248188,193000.0,35.71420854950189,193000.0,0.0,193000.0,0.0,193000.0,1.1797963086193073,193000.0,17.966033171035075,193000.0,0.0,193000.0,0.0,193000.0,1.752128769035498,193000.0,28.015183235464484,193000.0,0.0,193000.0,0.828,193000.0,1.7864505846439958,193000.0,28.201420449578766,193000.0,0.0,193000.0,0.0,193000.0,1.7822806707464867,193000.0,28.116756429532487,193000.0,0.0,193000.0,0.04000000799999998,193000.0,-0.5744506536999976,193000.0,9.827459213848133,193000.0,0.0,193000.0,0.0,193000.0,9.16884018739461,193000.0,16.135727704978592,193000.0,0.14900000000000002,193000.0,0.0,193000.0,9.176856778813981,193000.0,16.293651885271622,193000.0,0.14899999999999997,193000.0,0.14899999999999997,193000.0,8.32881179438469,193000.0,15.720320030080297,193000.0,0.0,193000.0,0.0,193000.0,7.169161257450699,193000.0,36.255482974847304,193000.0,0.0,193000.0,0.0,193000.0,23.377272188434137,193000.0,33.63417184717524,193000.0,0.50200004,193000.0,0.50200004
193200.0,9.228320507465144,193200.0,35.045921455595625,193200.0,0.0,193200.0,0.0,193200.0,1.2553647049122512,193200.0,18.103206875820703,193200.0,0.0,193200.0,0.0,193200.0,1.7542907162878614,193200.0,28.327639398486003,193200.0,0.0,193200.0,0.828,193200.0,1.783303137497112,193200.0,28.392119502188166,193200.0,0.0,193200.0,0.0,193200.0,1.7791925718339774,193200.0,28.311483424134078,193200.0,0.0,193200.0,0.04000000799999998,193200.0,-0.3722952790301034,193200.0,10.127367454912237,193200.0,0.0,193200.0,0.0,193200.0,9.169154935474197,193200.0,16.148064709863068,193200.0,0.14900000000000002,193200.0,0.0,193200.0,9.17692924305141,193200.0,16.307939469594782,193200.0,0.14899999999999997,193200.0,0.14899999999999997,193200.0,8.340788790262101,193200.0,15.746126326331181,193200.0,0.0,193200.0,0.0,193200.0,8.942630506554362,193200.0,34.658581825588826,193200.0,0.0,193200.0,0.0,193200.0,23.340309324182982,193200.0,33.67184530254233,193200.0,0.50200004,193200.0,0.50200004
193400.0,7.280555964140498,193400.0,30.35654421029534,193400.0,0.0,193400.0,0.0,193400.0,1.319788003359822,193400.0,18.21264342636687,193400.0,0.0,193400.0,0.0,193400.0,1.7577861671147539,193400.0,28.576353791014316,193400.0,0.0,193400.0,0.828,193400.0,1.7817851623854792,193400.0,28.619763773828737,193400.0,0.0,193400.0,0.0,193400.0,1.7778148433384167,193400.0,28.540278482605117,193400.0,0.0,193400.0,0.04000000799999998,193400.0,-0.22243231455495127,193400.0,10.480254544329012,193400.0,0.0,193400.0,0.0,193400.0,9.170762955643438,193400.0,16.16799978775806,193400.0,0.14900000000000002,193400.0,0.0,193400.0,9.178762623323669,193400.0,16.3309413350569,193400.0,0.14899999999999997,193400.0,0.14899999999999997,193400.0,8.350870548973583,193400.0,15.781315692734378,193400.0,0.0,193400.0,0.0,193400.0,7.150144440620229,193400.0,30.14233681917008,193400.0,0.0,193400.0,0.0,193400.0,23.32023695678135,193400.0,33.749086239340215,193400.0,0.50200004,193400.0,0.50200004
193600.0,6.156583879863815,193600.0,27.38568453135788,193600.0,0.0,193600.0,0.0,193600.0,1.3779764890087072,193600.0,18.3061827566612,193600.0,0.0,193600.0,0.0,193600.0,1.761542106037425,193600.0,28.786752365580433,193600.0,0.0,193600.0,0.828,193600.0,1.781145654957488,193600.0,28.802040773539233,193600.0,0.0,193600.0,0.0,193600.0,1.7772794856048195,193600.0,28.722158943764278,193600.0,0.0,193600.0,0.04000000799999998,193600.0,-0.09325051055415969,193600.0,10.739263758361016,193600.0,0.0,193600.0,0.0,193600.0,9.172951309346455,193600.0,16.186206796495856,193600.0,0.14900000000000002,193600.0,0.0,193600.0,9.181367747047432,193600.0,16.351743692343785,193600.0,0.14899999999999997,193600.0,0.14899999999999997,193600.0,8.359918847836406,193600.0,15.809887198695135,193600.0,0.0,193600.0,0.0,193600.0,6.084232040428047,193600.0,27.268657649992402,193600.0,0.0,193600.0,0.0,193600.0,23.308710375701448,193600.0,33.82828015018323,193600.0,0.50200004,193600.0,0.50200004
193800.0,5.415330230885278,193800.0,35.29648885676237,193800.0,0.0,193800.0,0.0,193800.0,1.4268673957798863,193800.0,18.56669559871504,193800.0,0.0,193800.0,0.0,193800.0,1.7651058665975055,193800.0,28.965797640687004,193800.0,0.0,193800.0,0.828,193800.0,1.781098542860745,193800.0,28.95966029518445,193800.0,0.0,193800.0,0.0,193800.0,1.77731856068056,193800.0,28.87920430846997,193800.0,0.0,193800.0,0.04000000799999998,193800.0,0.00877859056347973,193800.0,10.949609706484475,193800.0,0.0,193800.0,0.0,193800.0,9.175164982851763,193800.0,16.203100686003896,193800.0,0.14900000000000002,193800.0,0.0,193800.0,9.184039697550888,193800.0,16.3708713717587,193800.0,0.14899999999999997,193800.0,0.14899999999999997,193800.0,8.367307317204322,193800.0,15.834518615016067,193800.0,0.0,193800.0,0.0,193800.0,5.367242269002493,193800.0,35.81855927617551,193800.0,0.0,193800.0,0.0,193800.0,23.303241880089438,193800.0,33.91176661206485,193800.0,0.50200004,193800.0,0.50200004
194000.0,4.893710027658987,194000.0,34.58384120427284,194000.0,0.0,194000.0,0.0,194000.0,1.4658769587330744,194000.0,18.759266707101347,194000.0,0.0,194000.0,0.0,194000.0,1.768224812828293,194000.0,29.163249296384947,194000.0,0.0,194000.0,0.828,194000.0,1.7813695532473206,194000.0,29.188676050735168,194000.0,0.0,194000.0,0.0,194000.0,1.7776634723793727,194000.0,29.109333107584813,194000.0,0.0,194000.0,0.04000000799999998,194000.0,0.08783368768778445,194000.0,11.256113304867904,194000.0,0.0,194000.0,0.0,194000.0,9.177175156231561,194000.0,16.232954959091167,194000.0,0.14900000000000002,194000.0,0.0,194000.0,9.18647204703574,194000.0,16.404201410833224,194000.0,0.14899999999999997,194000.0,0.14899999999999997,194000.0,8.37319134267773,194000.0,15.874850659408793,194000.0,0.0,194000.0,0.0,194000.0,4.857627603012401,194000.0,34.2129827209638,194000.0,0.0,194000.0,0.0,194000.0,23.301241661842564,194000.0,34.06858599429557,194000.0,0.50200004,194000.0,0.50200004
194200.0,4.50978016577562,194200.0,30.162928585226137,194200.0,0.0,194200.0,0.0,194200.0,1.4961174693392514,194200.0,18.903005568343485,194200.0,0.0,194200.0,0.0,194200.0,1.7708216151029716,194200.0,29.373642873748565,194200.0,0.0,194200.0,0.828,194200.0,1.7817829726409713,194200.0,29.404654492248948,194200.0,0.0,194200.0,0.0,194200.0,1.7781410471467747,194200.0,29.32549020965522,194200.0,0.0,194200.0,0.04000000799999998,194200.0,0.14934275116512913,194200.0,11.519602997797426,194200.0,0.0,194200.0,0.0,194200.0,9.17892175140837,194200.0,16.26411408508056,194200.0,0.14900000000000002,194200.0,0.0,194200.0,9.1885798343934,194200.0,16.438294243146913,194200.0,0.14899999999999997,194200.0,0.14899999999999997,194200.0,8.377868144191549,194200.0,15.914126455021734,194200.0,0.0,194200.0,0.0,194200.0,4.4809574952300375,194200.0,29.964269531925645,194200.0,0.0,194200.0,0.0,194200.0,23.30107626108892,194200.0,34.231665789642285,194200.0,0.50200004,194200.0,0.50200004
194400.0,4.006814952201606,194400.0,27.38005807494394,194400.0,0.0,194400.0,0.0,194400.0,1.5266406948189368,194400.0,19.00991944432115,194400.0,0.0,194400.0,0.0,194400.0,1.7734936471747962,194400.0,29.562983628773377,194400.0,0.0,194400.0,0.828,194400.0,1.7835110042934446,194400.0,29.59254794106198,194400.0,0.0,194400.0,0.0,194400.0,1.7800281870012684,194400.0,29.514509849811947,194400.0,0.0,194400.0,0.04000000799999998,194400.0,0.3493717503234165,194400.0,11.725335557232965,194400.0,0.0,194400.0,0.0,194400.0,9.185798216586374,194400.0,16.29222967152424,194400.0,0.14900000000000002,194400.0,0.0,194400.0,9.196664110159722,194400.0,16.468332014160108,194400.0,0.14899999999999997,194400.0,0.14899999999999997,194400.0,8.393272180411298,194400.0,15.946908557125811,194400.0,0.0,194400.0,0.0,194400.0,3.9509542669055153,194400.0,27.238178868811566,194400.0,0.0,194400.0,0.0,194400.0,23.30741955034111,194400.0,34.380943576809216,194400.0,0.50200004,194400.0,0.50200004
194600.0,10.58991392412828,194600.0,35.58343290576341,194600.0,0.0,194600.0,0.0,194600.0,1.6889039131978123,194600.0,19.28569001560115,194600.0,0.0,194600.0,0.0,194600.0,1.7822837036371297,194600.0,29.770019774612148,194600.0,0.0,194600.0,0.828,194600.0,1.7885125477615074,194600.0,29.81314985772076,194600.0,0.0,194600.0,0.0,194600.0,1.7850266013975415,194600.0,29.73461946725946,194600.0,0.0,194600.0,0.04000000799999998,194600.0,0.5092497691838954,194600.0,11.802307543442796,194600.0,0.0,194600.0,0.0,194600.0,9.198947754271947,194600.0,16.325739968970264,194600.0,0.14900000000000002,194600.0,0.0,194600.0,9.211282974430402,194600.0,16.502637819564818,194600.0,0.14899999999999997,194600.0,0.14899999999999997,194600.0,8.407394769700197,194600.0,15.972231575286914,194600.0,0.0,194600.0,0.0,194600.0,10.643988722616191,194600.0,36.12611162432145,194600.0,0.0,194600.0,0.0,194600.0,23.350488873769276,194600.0,34.58384853321782,194600.0,0.50200004,194600.0,0.50200004
194800.0,8.052480005677648,194800.0,34.947600202828454,194800.0,0.0,194800.0,0.0,194800.0,1.7519256897222621,194800.0,19.429232261005158,194800.0,0.0,194800.0,0.0,194800.0,1.7957972461964993,194800.0,29.986304531020465,194800.0,0.0,194800.0,0.828,194800.0,1.796132039496903,194800.0,30.032487278977353,194800.0,0.0,194800.0,0.0,194800.0,1.79276089524565,194800.0,29.953814926443975,194800.0,0.0,194800.0,0.04000000799999998,194800.0,0.45639207068834875,194800.0,11.663670953365186,194800.0,0.0,194800.0,0.0,194800.0,9.2090491439624,194800.0,16.352838126464786,194800.0,0.14900000000000002,194800.0,0.0,194800.0,9.222454650303442,194800.0,16.529689137715273,194800.0,0.14899999999999997,194800.0,0.14899999999999997,194800.0,8.405746007090517,194800.0,15.97944391652593,194800.0,0.0,194800.0,0.0,194800.0,7.996161734897355,194800.0,34.58066603573663,194800.0,0.0,194800.0,0.0,194800.0,23.427746826794824,194800.0,34.783190296647184,194800.0,0.50200004,194800.0,0.50200004
195000.0,6.426946438282098,195000.0,30.521344015012932,195000.0,0.0,195000.0,0.0,195000.0,1.757849397868602,195000.0,19.45406879354607,195000.0,0.0,195000.0,0.0,195000.0,1.8076746064211981,195000.0,30.195654315329573,195000.0,0.0,195000.0,0.828,195000.0,1.8044892049713348,195000.0,30.24745026776239,195000.0,0.0,195000.0,0.0,195000.0,1.8010794846243254,195000.0,30.168473422821773,195000.0,0.0,195000.0,0.04000000799999998,195000.0,0.2868051102148875,195000.0,11.406229505694418,195000.0,0.0,195000.0,0.0,195000.0,9.21372656436507,195000.0,16.37152867385917,195000.0,0.14900000000000002,195000.0,0.0,195000.0,9.228040920233417,195000.0,16.548074100524964,195000.0,0.14899999999999997,195000.0,0.14899999999999997,195000.0,8.393936257471081,195000.0,15.97445714459382,195000.0,0.0,195000.0,0.0,195000.0,6.366806675437128,195000.0,30.319692973197263,195000.0,0.0,195000.0,0.0,195000.0,23.520086114611754,195000.0,34.96086850581189,195000.0,0.50200004,195000.0,0.50200004
195200.0,5.2803919053606885,195200.0,27.568236230253895,195200.0,0.0,195200.0,0.0,195200.0,1.7121916062579579,195200.0,19.394502710622024,195200.0,0.0,195200.0,0.0,195200.0,1.815480549858829,195200.0,30.393474090692756,195200.0,0.0,195200.0,0.828,195200.0,1.8113683145164265,195200.0,30.455646049038563,195200.0,0.0,195200.0,0.0,195200.0,1.807822566250928,195200.0,30.376281476234208,195200.0,0.0,195200.0,0.04000000799999998,195200.0,0.07194555435661001,195200.0,11.064172784333628,195200.0,0.0,195200.0,0.0,195200.0,9.212604235413497,195200.0,16.381207086104713,195200.0,0.14900000000000002,195200.0,0.0,195200.0,9.227461640624828,195200.0,16.557200051931616,195200.0,0.14899999999999997,195200.0,0.14899999999999997,195200.0,8.377543935780565,195200.0,15.959892083759575,195200.0,0.0,195200.0,0.0,195200.0,5.23539682089905,195200.0,27.440647258679363,195200.0,0.0,195200.0,0.0,195200.0,23.594764797087585,195200.0,35.11202188511688,195200.0,0.50200004,195200.0,0.50200004
195400.0,4.555030698589191,195400.0,35.83882183137791,195400.0,0.0,195400.0,0.0,195400.0,1.639900490579724,195400.0,19.46866732928849,195400.0,0.0,195400.0,0.0,195400.0,1.818050486298537,195400.0,30.584490680917156,195400.0,0.0,195400.0,0.828,195400.0,1.8149960862322696,195400.0,30.657384419798056,195400.0,0.0,195400.0,0.0,195400.0,1.8113348979958668,195400.0,30.577283408808672,195400.0,0.0,195400.0,0.04000000799999998,195400.0,-0.0824640688149104,195400.0,10.662522657347784,195400.0,0.0,195400.0,0.0,195400.0,9.209675977975348,195400.0,16.381982232568504,195400.0,0.14900000000000002,195400.0,0.0,195400.0,9.224690299403662,195400.0,16.557104887005437,195400.0,0.14899999999999997,195400.0,0.14899999999999997,195400.0,8.365671110045694,195400.0,15.937024549691323,195400.0,0.0,195400.0,0.0,195400.0,4.520465844041452,195400.0,36.38624722941219,195400.0,0.0,195400.0,0.0,195400.0,23.63072519910262,195400.0,35.21920865440509,195400.0,0.50200004,195400.0,0.50200004
195600.0,3.9894584870329743,195600.0,35.20645103404532,195600.0,0.0,195600.0,0.0,195600.0,1.5548713295611205,195600.0,19.421164971234774,195600.0,0.0,195600.0,0.0,195600.0,1.8170037849868539,195600.0,30.772822038898294,195600.0,0.0,195600.0,0.828,195600.0,1.817313835875354,195600.0,30.854232897469675,195600.0,0.0,195600.0,0.0,195600.0,1.813560672727146,195600.0,30.773788285737492,195600.0,0.0,195600.0,0.04000000799999998,195600.0,-0.23149266341291472,195600.0,10.219986345532416,195600.0,0.0,195600.0,0.0,195600.0,9.205775954265444,195600.0,16.374235698794607,195600.0,0.14900000000000002,195600.0,0.0,195600.0,9.220814545527961,195600.0,16.548133547482564,195600.0,0.14899999999999997,195600.0,0.14899999999999997,195600.0,8.353917382285754,195600.0,15.906562405505936,195600.0,0.0,195600.0,0.0,195600.0,3.959741012158927,195600.0,34.84038228854123,195600.0,0.0,195600.0,0.0,195600.0,23.656353558107703,195600.0,35.267477546463766,195600.0,0.50200004,195600.0,0.50200004
195800.0,10.386296275757436,195800.0,30.91573184138379,195800.0,0.0,195800.0,0.0,195800.0,1.5673127626831562,195800.0,19.286193330341963,195800.0,0.0,195800.0,0.0,195800.0,1.8168200734158533,195800.0,30.937108773098128,195800.0,0.0,195800.0,0.828,195800.0,1.8191236071216776,195800.0,31.015771506066173,195800.0,0.0,195800.0,0.0,195800.0,1.8151503093078656,195800.0,30.934436291672252,195800.0,0.0,195800.0,0.04000000799999998,195800.0,-0.3876105727994549,195800.0,9.839558671499125,195800.0,0.0,195800.0,0.0,195800.0,9.200731975531573,195800.0,16.36209915442148,195800.0,0.14900000000000002,195800.0,0.0,195800.0,9.215667473264535,195800.0,16.534758377150222,195800.0,0.14899999999999997,195800.0,0.14899999999999997,195800.0,8.341151404401108,195800.0,15.876856472121835,195800.0,0.0,195800.0,0.0,195800.0,10.444468330905943,195800.0,30.722368583320023,195800.0,0.0,195800.0,0.0,195800.0,23.67534076015486,195800.0,35.26108846834487,195800.0,0.50200004,195800.0,0.50200004
196000.0,8.159463360008305,196000.0,28.094731750216827,196000.0,0.0,196000.0,0.0,196000.0,1.5018823077653292,196000.0,19.106067394161368,196000.0,0.0,196000.0,0.0,196000.0,1.8174376714122515,196000.0,31.07445899840593,196000.0,0.0,196000.0,0.828,196000.0,1.8209779497283587,196000.0,31.15587164276087,196000.0,0.0,196000.0,0.0,196000.0,1.8169696828108406,196000.0,31.073583144955172,196000.0,0.0,196000.0,0.04000000799999998,196000.0,-0.5901102092740128,196000.0,9.490997289948464,196000.0,0.0,196000.0,0.0,196000.0,9.19272356399461,196000.0,16.347343581552263,196000.0,0.14900000000000002,196000.0,0.0,196000.0,9.207348367420678,196000.0,16.518745527761226,196000.0,0.14899999999999997,196000.0,0.14899999999999997,196000.0,8.323462699603018,196000.0,15.847100284402979,196000.0,0.0,196000.0,0.0,196000.0,8.119763008965656,196000.0,27.979528069668493,196000.0,0.0,196000.0,0.0,196000.0,23.690116868212588,196000.0,35.230855339679714,196000.0,0.50200004,196000.0,0.50200004
196200.0,6.909387861244856,196200.0,36.21200351280336,196200.0,0.0,196200.0,0.0,196200.0,1.42057518573656,196200.0,19.0766785833904,196200.0,0.0,196200.0,0.0,196200.0,1.8152379285509448,196200.0,30.859311849580433,196200.0,0.0,196200.0,0.0,196200.0,1.8216894535392012,196200.0,31.19168611990226,196200.0,0.0,196200.0,0.0,196200.0,1.8175791962929788,196200.0,31.161894781261665,196200.0,0.0,196200.0,0.04000000799999998,196200.0,-0.7580587659833857,196200.0,8.992232522836055,196200.0,0.0,196200.0,0.0,196200.0,9.18514263090795,196200.0,16.32014413264633,196200.0,0.14900000000000002,196200.0,0.0,196200.0,9.199345344895278,196200.0,16.489530844376297,196200.0,0.14899999999999997,196200.0,0.14899999999999997,196200.0,8.30830596447143,196200.0,15.799399149372048,196200.0,0.0,196200.0,0.0,196200.0,6.859956941282692,196200.0,36.755866878585,196200.0,0.0,196200.0,0.0,196200.0,23.692919157413264,196200.0,35.148382163920495,196200.0,0.50200004,196200.0,0.50200004
196400.0,6.0457572523548,196400.0,35.430967282079244,196400.0,0.0,196400.0,0.0,196400.0,1.3319865396594863,196400.0,18.878966406324245,196400.0,0.0,196400.0,0.0,196400.0,1.8107094572775857,196400.0,30.359503615989972,196400.0,0.0,196400.0,0.0,196400.0,1.8213961159085255,196400.0,30.896446482809964,196400.0,0.0,196400.0,0.0,196400.0,1.8171856086870646,196400.0,30.875591883018206,196400.0,0.0,196400.0,0.04000000799999998,196400.0,-0.8928121639078054,196400.0,8.489382714925005,196400.0,0.0,196400.0,0.0,196400.0,9.178554182843653,196400.0,16.285870199111738,196400.0,0.14900000000000002,196400.0,0.0,196400.0,9.192333729082614,196400.0,16.45301610356427,196400.0,0.14899999999999997,196400.0,0.14899999999999997,196400.0,8.295930227980925,196400.0,15.74550471199124,196400.0,0.0,196400.0,0.0,196400.0,6.000645291698123,196400.0,35.05994267976942,196400.0,0.0,196400.0,0.0,196400.0,23.689592591715034,196400.0,35.01227496711042,196400.0,0.50200004,196400.0,0.50200004
196600.0,5.139265072509811,196600.0,30.9704141756316,196600.0,0.0,196600.0,0.0,196600.0,1.227323741766202,196600.0,18.595990733101242,196600.0,0.0,196600.0,0.0,196600.0,1.803659352478443,196600.0,30.01738171990665,196600.0,0.0,196600.0,0.0,196600.0,1.8188941991166925,196600.0,30.622109743046543,196600.0,0.0,196600.0,0.0,196600.0,1.8145341229607883,196600.0,30.604328957239144,196600.0,0.0,196600.0,0.04000000799999998,196600.0,-1.1397440864691377,196600.0,8.09435554370128,196600.0,0.0,196600.0,0.0,196600.0,9.16369310269285,196600.0,16.251596326642783,196600.0,0.14900000000000002,196600.0,0.0,196600.0,9.176963229854907,196600.0,16.41744038101617,196600.0,0.14899999999999997,196600.0,0.14899999999999997,196600.0,8.274482661161567,196600.0,15.70143796809671,196600.0,0.0,196600.0,0.0,196600.0,5.076288694405269,196600.0,30.752592147877778,196600.0,0.0,196600.0,0.0,196600.0,23.669331779749964,196600.0,34.85574562427668,196600.0,0.50200004,196600.0,0.50200004
196800.0,4.323753835091502,196800.0,27.861964776430156,196800.0,0.0,196800.0,0.0,196800.0,1.1252985137804135,196800.0,18.298640798696425,196800.0,0.0,196800.0,0.0,196800.0,1.7932156953159784,196800.0,29.715419261333114,196800.0,0.0,196800.0,0.0,196800.0,1.8155007716436584,196800.0,30.338981197148907,196800.0,0.0,196800.0,0.0,196800.0,1.8111235746976517,196800.0,30.32262439101469,196800.0,0.0,196800.0,0.04000000799999998,196800.0,-1.170490640291925,196800.0,7.992020814187137,196800.0,0.0,196800.0,0.0,196800.0,9.15235721820068,196800.0,16.21720421462074,196800.0,0.14900000000000002,196800.0,0.0,196800.0,9.165250620790335,196800.0,16.382155327833356,196800.0,0.14899999999999997,196800.0,0.14899999999999997,196800.0,8.266266747941375,196800.0,15.672970772964135,196800.0,0.0,196800.0,0.0,196800.0,4.296043557765145,196800.0,27.718164796621014,196800.0,0.0,196800.0,0.0,196800.0,23.638448777586465,196800.0,34.673034522559014,196800.0,0.50200004,196800.0,0.50200004
197000.0,4.016701923793276,197000.0,35.88324017714819,197000.0,0.0,197000.0,0.0,197000.0,1.0644916367659865,197000.0,18.225150300289144,197000.0,0.0,197000.0,0.0,197000.0,1.7837556413191198,197000.0,29.41910706418563,197000.0,0.0,197000.0,0.0,197000.0,1.8140553472394547,197000.0,30.038537010970373,197000.0,0.0,197000.0,0.0,197000.0,1.8096853470500387,197000.0,30.023118633549895,197000.0,0.0,197000.0,0.04000000799999998,197000.0,-1.1638635025134445,197000.0,8.009089486197578,197000.0,0.0,197000.0,0.0,197000.0,9.149641030488157,197000.0,16.18295503526473,197000.0,0.14900000000000002,197000.0,0.0,197000.0,9.162392606521136,197000.0,16.346491478720637,197000.0,0.14899999999999997,197000.0,0.14899999999999997,197000.0,8.264938113771718,197000.0,15.651372466143323,197000.0,0.0,197000.0,0.0,197000.0,3.9983543393776473,197000.0,36.419519108102016,197000.0,0.0,197000.0,0.0,197000.0,23.628170673845236,197000.0,34.44658982879019,197000.0,0.50200004,197000.0,0.50200004
197200.0,10.272709552111447,197200.0,35.05766412996821,197200.0,0.0,197200.0,0.0,197200.0,1.1034147451445695,197200.0,18.10815548834612,197200.0,0.0,197200.0,0.0,197200.0,1.7775509870948636,197200.0,29.13593785765503,197200.0,0.0,197200.0,0.0,197200.0,1.810202103748964,197200.0,29.748289143212386,197200.0,0.0,197200.0,0.0,197200.0,1.805716339425259,197200.0,29.733942607813702,197200.0,0.0,197200.0,0.04000000799999998,197200.0,-1.132899889834351,197200.0,8.104804943449611,197200.0,0.0,197200.0,0.0,197200.0,9.143000791020466,197200.0,16.15475746179328,197200.0,0.14900000000000002,197200.0,0.0,197200.0,9.155290777012638,197200.0,16.31652236006249,197200.0,0.14899999999999997,197200.0,0.14899999999999997,197200.0,8.262524397064265,197200.0,15.637841277048443,197200.0,0.0,197200.0,0.0,197200.0,10.321813193551948,197200.0,34.684711798978974,197200.0,0.0,197200.0,0.0,197200.0,23.59887914015972,197200.0,34.218676861545084,197200.0,0.50200004,197200.0,0.50200004
197400.0,7.974975155383573,197400.0,30.63182031410226,197400.0,0.0,197400.0,0.0,197400.0,1.1011804704933228,197400.0,17.971283070841892,197400.0,0.0,197400.0,0.0,197400.0,1.7731883677843616,197400.0,28.879872935022497,197400.0,0.0,197400.0,0.0,197400.0,1.8053563549346963,197400.0,29.508412296362604,197400.0,0.0,197400.0,0.0,197400.0,1.800963413377459,197400.0,29.495108863671728,197400.0,0.0,197400.0,0.04000000799999998,197400.0,-1.0645037125808436,197400.0,8.22845999740164,197400.0,0.0,197400.0,0.0,197400.0,9.134311236728827,197400.0,16.1371330637769,197400.0,0.14900000000000002,197400.0,0.0,197400.0,9.145676054961067,197400.0,16.29739603066468,197400.0,0.14899999999999997,197400.0,0.14899999999999997,197400.0,8.261498943755418,197400.0,15.632150419637533,197400.0,0.0,197400.0,0.0,197400.0,7.934386324337625,197400.0,30.426250656430177,197400.0,0.0,197400.0,0.0,197400.0,23.54980274972297,197400.0,34.058856836873616,197400.0,0.50200004,197400.0,0.50200004
197600.0,6.685507655900818,197600.0,27.42510251503874,197600.0,0.0,197600.0,0.0,197600.0,1.1035754298311764,197600.0,17.823090621877174,197600.0,0.0,197600.0,0.0,197600.0,1.7688619214197232,197600.0,28.617199145221385,197600.0,0.0,197600.0,0.0,197600.0,1.8012862654691981,197600.0,29.22181936854896,197600.0,0.0,197600.0,0.0,197600.0,1.7969406812459585,197600.0,29.20876210351167,197600.0,0.0,197600.0,0.04000000799999998,197600.0,-0.9864501378902164,197600.0,8.433868868636479,197600.0,0.0,197600.0,0.0,197600.0,9.128795484904607,197600.0,16.119873257496113,197600.0,0.14900000000000002,197600.0,0.0,197600.0,9.13925208586191,197600.0,16.27830185490713,197600.0,0.14899999999999997,197600.0,0.14899999999999997,197600.0,8.263054099307183,197600.0,15.630757631024952,197600.0,0.0,197600.0,0.0,197600.0,6.634954973483553,197600.0,27.28659962914335,197600.0,0.0,197600.0,0.0,197600.0,23.507594797082643,197600.0,33.882072730366026,197600.0,0.50200004,197600.0,0.50200004
197800.0,5.802615510836739,197800.0,35.44234546470793,197800.0,0.0,197800.0,0.0,197800.0,1.1068977392192374,197800.0,17.88137445563764,197800.0,0.0,197800.0,0.0,197800.0,1.7648860894268492,197800.0,28.353077808904818,197800.0,0.0,197800.0,0.0,197800.0,1.7980717828891561,197800.0,28.942981977850092,197800.0,0.0,197800.0,0.0,197800.0,1.7937676294893172,197800.0,28.930024188703722,197800.0,0.0,197800.0,0.04000000799999998,197800.0,-0.91352411653872,197800.0,8.686835079433363,197800.0,0.0,197800.0,0.0,197800.0,9.12556105199801,197800.0,16.109136636347408,197800.0,0.14900000000000002,197800.0,0.0,197800.0,9.135290252935459,197800.0,16.266100141658335,197800.0,0.14899999999999997,197800.0,0.14899999999999997,197800.0,8.265564089244341,197800.0,15.636326143754564,197800.0,0.0,197800.0,0.0,197800.0,5.758043173472827,197800.0,35.98094348974937,197800.0,0.0,197800.0,0.0,197800.0,23.47575564095872,197800.0,33.73851295220045,197800.0,0.50200004,197800.0,0.50200004
198000.0,5.1605603320123485,198000.0,34.83200064322026,198000.0,0.0,198000.0,0.0,198000.0,1.1091936941830625,198000.0,17.8842140461992,198000.0,0.0,198000.0,0.0,198000.0,1.7613674673039263,198000.0,28.12592779666333,198000.0,0.0,198000.0,0.0,198000.0,1.795491135472784,198000.0,28.71607267490565,198000.0,0.0,198000.0,0.0,198000.0,1.79123239956265,198000.0,28.702905288992202,198000.0,0.0,198000.0,0.04000000799999998,198000.0,-0.8490431892765452,198000.0,8.925153727398289,198000.0,0.0,198000.0,0.0,198000.0,9.123623646578393,198000.0,16.10535696859736,198000.0,0.14900000000000002,198000.0,0.0,198000.0,9.132788992463778,198000.0,16.26151024072436,198000.0,0.14899999999999997,198000.0,0.14899999999999997,198000.0,8.26830069470047,198000.0,15.645962278951833,198000.0,0.0,198000.0,0.0,198000.0,5.122857779388706,198000.0,34.44584443998177,198000.0,0.0,198000.0,0.0,198000.0,23.45175801107794,198000.0,33.654511039820775,198000.0,0.50200004,198000.0,0.50200004
198200.0,4.673043561290899,198200.0,30.28645490293343,198200.0,0.0,198200.0,0.0,198200.0,1.1101196886298068,198200.0,17.842877082345957,198200.0,0.0,198200.0,0.0,198200.0,1.7582867671583464,198200.0,27.900703662569867,198200.0,0.0,198200.0,0.0,198200.0,1.793362884621272,198200.0,28.475175842499738,198200.0,0.0,198200.0,0.0,198200.0,1.789149645655447,198200.0,28.462327121524567,198200.0,0.0,198200.0,0.04000000799999998,198200.0,-0.792170614670323,198200.0,9.21168033039805,198200.0,0.0,198200.0,0.0,198200.0,9.122420073006111,198200.0,16.105933579379762,198200.0,0.14900000000000002,198200.0,0.0,198200.0,9.13115800956533,198200.0,16.26170447683027,198200.0,0.14899999999999997,198200.0,0.14899999999999997,198200.0,8.270982737841146,198200.0,15.661616069570984,198200.0,0.0,198200.0,0.0,198200.0,4.6403679570333365,198200.0,30.062515674455753,198200.0,0.0,198200.0,0.0,198200.0,23.43316196537129,198200.0,33.60199086009679,198200.0,0.50200004,198200.0,0.50200004
198400.0,4.281689180456482,198400.0,27.086991631177096,198400.0,0.0,198400.0,0.0,198400.0,1.110078773168157,198400.0,17.787157786306427,198400.0,0.0,198400.0,0.0,198400.0,1.755576378295969,198400.0,27.66288300832044,198400.0,0.0,198400.0,0.0,198400.0,1.7915188090266012,198400.0,28.216801352802324,198400.0,0.0,198400.0,0.0,198400.0,1.7873493449521285,198400.0,28.204866422128127,198400.0,0.0,198400.0,0.04000000799999998,198400.0,-0.7402930952957147,198400.0,9.553688948753067,198400.0,0.0,198400.0,0.0,198400.0,9.121632891153272,198400.0,16.11234735352532,198400.0,0.14900000000000002,198400.0,0.0,198400.0,9.130049397852508,198400.0,16.268593264083485,198400.0,0.14899999999999997,198400.0,0.14899999999999997,198400.0,8.273597918587928,198400.0,15.685137023763426,198400.0,0.0,198400.0,0.0,198400.0,4.2526739767378565,198400.0,26.94675504093546,198400.0,0.0,198400.0,0.0,198400.0,23.417927156367625,198400.0,33.57916705794496,198400.0,0.50200004,198400.0,0.50200004
198600.0,6.872965587008122,198600.0,35.014810073574466,198600.0,0.0,198600.0,0.0,198600.0,1.1675562001307593,198600.0,17.92788315625897,198600.0,0.0,198600.0,0.0,198600.0,1.7534743137473208,198600.0,27.449578341668797,198600.0,0.0,198600.0,0.0,198600.0,1.7882750613320888,198600.0,28.024894728054612,198600.0,0.0,198600.0,0.0,198600.0,1.7840743140014421,198600.0,28.015316685168727,198600.0,0.0,198600.0,0.04000000799999998,198600.0,-0.6309509831610454,198600.0,9.810664671334111,198600.0,0.0,198600.0,0.0,198600.0,9.120648142808538,198600.0,16.120680912725106,198600.0,0.14900000000000002,198600.0,0.0,198600.0,9.128583285488707,198600.0,16.27792365255337,198600.0,0.14899999999999997,198600.0,0.14899999999999997,198600.0,8.279470749371491,198600.0,15.705690506782288,198600.0,0.0,198600.0,0.0,198600.0,7.351200908849901,198600.0,35.528823233645575,198600.0,0.0,198600.0,0.0,198600.0,23.38986233193752,198600.0,33.58646122462024,198600.0,0.50200004,198600.0,0.50200004
198800.0,9.343444498938787,198800.0,34.3510678820312,198800.0,0.0,198800.0,0.0,198800.0,1.240986199500924,198800.0,18.034109583719573,198800.0,0.0,198800.0,0.0,198800.0,1.7553294732100597,198800.0,27.96410713200106,198800.0,0.0,198800.0,0.828,198800.0,1.7849194465184839,198800.0,28.156610728986703,198800.0,0.0,198800.0,0.0,198800.0,1.7807717797967315,198800.0,28.07667118496071,198800.0,0.0,198800.0,0.04000000799999998,198800.0,-0.43387944778939885,198800.0,10.140869723489308,198800.0,0.0,198800.0,0.0,198800.0,9.120603487631302,198800.0,16.134824827105184,198800.0,0.14900000000000002,198800.0,0.0,198800.0,9.128202423734962,198800.0,16.29401218902931,198800.0,0.14899999999999997,198800.0,0.14899999999999997,198800.0,8.291028497881886,198800.0,15.734517944379581,198800.0,0.0,198800.0,0.0,198800.0,9.059656224120165,198800.0,33.973365151249936,198800.0,0.0,198800.0,0.0,198800.0,23.34966871809186,198800.0,33.63014855224749,198800.0,0.50200004,198800.0,0.50200004
199000.0,7.373430654348151,199000.0,29.821822680862095,199000.0,0.0,199000.0,0.0,199000.0,1.3038244987479424,199000.0,18.133131428935734,199000.0,0.0,199000.0,0.0,199000.0,1.7584128383738993,199000.0,28.307008177523365,199000.0,0.0,199000.0,0.828,199000.0,1.7831384684653013,199000.0,28.382533554727424,199000.0,0.0,199000.0,0.0,199000.0,1.7791294730276201,199000.0,28.30301211818082,199000.0,0.0,199000.0,0.04000000799999998,199000.0,-0.2805453819631551,199000.0,10.50199464272657,199000.0,0.0,199000.0,0.0,199000.0,9.122019054426008,199000.0,16.155797168488427,199000.0,0.14900000000000002,199000.0,0.0,199000.0,9.129776810701172,199000.0,16.31793591714644,199000.0,0.14899999999999997,199000.0,0.14899999999999997,199000.0,8.301228110444034,199000.0,15.770945814637265,199000.0,0.0,199000.0,0.0,199000.0,7.243475677841938,199000.0,29.61365406106592,199000.0,0.0,199000.0,0.0,199000.0,23.326284061856096,199000.0,33.717249749917634,199000.0,0.50200004,199000.0,0.50200004
199200.0,6.231341970990876,199200.0,29.988137773322258,199200.0,0.0,199200.0,0.0,199200.0,1.360378001671727,199200.0,18.29477434641135,199200.0,0.0,199200.0,0.0,199200.0,1.7617994695941426,199200.0,28.563961013784592,199200.0,0.0,199200.0,0.828,199200.0,1.7822804531701966,199200.0,28.605972075944738,199200.0,0.0,199200.0,0.0,199200.0,1.7783782323393036,199200.0,28.526776884503946,199200.0,0.0,199200.0,0.04000000799999998,199200.0,-0.14881454439826694,199200.0,10.839223297309529,199200.0,0.0,199200.0,0.0,199200.0,9.124082752689654,199200.0,16.180715269142564,199200.0,0.14900000000000002,199200.0,0.0,199200.0,9.13220860395219,199200.0,16.34612991486682,199200.0,0.14899999999999997,199200.0,0.14899999999999997,199200.0,8.31037175141088,199200.0,15.809245360498373,199200.0,0.0,199200.0,0.0,199200.0,6.158990102294192,199200.0,30.39360446843384,199200.0,0.0,199200.0,0.0,199200.0,23.31229912401571,199200.0,33.82956264010394,199200.0,0.50200004,199200.0,0.50200004
199400.0,5.4814454359143765,199400.0,37.98306112504453,199400.0,0.0,199400.0,0.0,199400.0,1.4078060036538533,199400.0,18.573282691070258,199400.0,0.0,199400.0,0.0,199400.0,1.7650584415916204,199400.0,28.765918441583484,199400.0,0.0,199400.0,0.828,199400.0,1.7820574783777965,199400.0,28.76979681566012,199400.0,0.0,199400.0,0.0,199400.0,1.7782426393891477,199400.0,28.691430609703023,199400.0,0.0,199400.0,0.04000000799999998,199400.0,-0.045839843945161995,199400.0,11.05712367947385,199400.0,0.0,199400.0,0.0,199400.0,9.126191324435542,199400.0,16.19919868583066,199400.0,0.14900000000000002,199400.0,0.0,199400.0,9.134737679830161,199400.0,16.366878369789582,199400.0,0.14899999999999997,199400.0,0.14899999999999997,199400.0,8.317759399665308,199400.0,15.835577598172195,199400.0,0.0,199400.0,0.0,199400.0,5.432990663520059,199400.0,37.7108924991225,199400.0,0.0,199400.0,0.0,199400.0,23.305088920907078,199400.0,33.91920710541502,199400.0,0.50200004,199400.0,0.50200004
199600.0,4.943127130270257,199600.0,32.36062405987022,199600.0,0.0,199600.0,0.0,199600.0,1.4459112209148337,199600.0,18.73690320124576,199600.0,0.0,199600.0,0.0,199600.0,1.7679302350358317,199600.0,28.980541511145674,199600.0,0.0,199600.0,0.828,199600.0,1.7821844262842297,199600.0,29.000643503849677,199600.0,0.0,199600.0,0.0,199600.0,1.7784444544773088,199600.0,28.922563586807566,199600.0,0.0,199600.0,0.04000000799999998,199600.0,0.03598390712211865,199600.0,11.362147399787354,199600.0,0.0,199600.0,0.0,199600.0,9.128173865336771,199600.0,16.230678828289104,199600.0,0.14900000000000002,199600.0,0.0,199600.0,9.137129306672136,199600.0,16.40180088709371,199600.0,0.14899999999999997,199600.0,0.14899999999999997,199600.0,8.323792758669173,199600.0,15.877373634040334,199600.0,0.0,199600.0,0.0,199600.0,4.906943026997695,199600.0,32.15326595058772,199600.0,0.0,199600.0,0.0,199600.0,23.3016799636452,199600.0,34.085761796775934,199600.0,0.50200004,199600.0,0.50200004
199800.0,4.5459844512030685,199800.0,28.76009940545675,199800.0,0.0,199800.0,0.0,199800.0,1.4756077174295887,199800.0,18.870704966327878,199800.0,0.0,199800.0,0.0,199800.0,1.770337285706281,199800.0,29.2006908201168,199800.0,0.0,199800.0,0.828,199800.0,1.782486529633604,199800.0,29.229583508309936,199800.0,0.0,199800.0,0.0,199800.0,1.7788120821779387,199800.0,29.151543758589344,199800.0,0.0,199800.0,0.04000000799999998,199800.0,0.10008259165191816,199800.0,11.644457215566554,199800.0,0.0,199800.0,0.0,199800.0,9.129921874130973,199800.0,16.265689575431843,199800.0,0.14900000000000002,199800.0,0.0,199800.0,9.139236580011,199800.0,16.43995328616519,199800.0,0.14899999999999997,199800.0,0.14899999999999997,199800.0,8.328626926762428,199800.0,15.920987066547525,199800.0,0.0,199800.0,0.0,199800.0,4.517127817866853,199800.0,28.6157398187296,199800.0,0.0,199800.0,0.0,199800.0,23.300484511867005,199800.0,34.27049812521576,199800.0,0.50200004,199800.0,0.50200004
200000.0,4.0383113667528825,200000.0,29.459049736909222,200000.0,0.0,200000.0,0.0,200000.0,1.5053410561895164,200000.0,19.047541171120436,200000.0,0.0,200000.0,0.0,200000.0,1.7727746965265472,200000.0,29.414740963421735,200000.0,0.0,200000.0,0.828,200000.0,1.7838783333362138,200000.0,29.447469654404024,200000.0,0.0,200000.0,0.0,200000.0,1.7803561534524088,200000.0,29.36948792673836,200000.0,0.0,200000.0,0.04000000799999998,200000.0,0.30245751471469323,200000.0,11.886576730256083,200000.0,0.0,200000.0,0.0,200000.0,9.13664361024247,200000.0,16.301207820227273,200000.0,0.14900000000000002,200000.0,0.0,200000.0,9.147141951910909,200000.0,16.477786489450832,200000.0,0.14899999999999997,200000.0,0.14899999999999997,200000.0,8.344087270404554,200000.0,15.962107885951562,200000.0,0.0,200000.0,0.0,200000.0,3.98190202581392,200000.0,29.893913425855608,200000.0,0.0,200000.0,0.0,200000.0,23.303553935535387,200000.0,34.45421224031083,200000.0,0.50200004,200000.0,0.50200004
