Type,Value,Type,Value,Type,Value,Type,Value,Type,Value,Type,Value
Data Source,Cold_11LTAN_Sceince_500_wBagHeater_Defrost : TMD : BAGHEATERSHEHE_COLD_11LT,Data Source,Cold_11LTAN_Sceince_500_wBagHeater_Defrost_2 : TMD : BAGHEATERSHEHE_COLD_11LT,Data Source,Cold_11LTAN_Sceince_500_wBagHeater_Defrost_3 : TMD : BAGHEATERSHEHE_COLD_11LT,Data Source,Cold_11LTAN_Sceince_500_wBagHeater_Defrost_4 : TMD : BAGHEATERSHEHE_COLD_11LT,Data Source,Cold_11LTAN_Sceince_500_wBagHeater_Defrost_5 : TMD : BAGHEATERSHEHE_COLD_11LT,Data Source,Cold_11LTAN_Sceince_500_wBagHeater_Defrost_6 : TMD : BAGHEATERSHEHE_COLD_11LT
Element,272,Element,272,Element,272,Element,272,Element,272,Element,272
,,,,,,,,,,,
,,,,,,,,,,,
Time[s],Temperature,Time[s],Temperature,Time[s],Temperature,Time[s],Temperature,Time[s],Temperature,Time[s],Temperature
0.0,-10.223669422391305,0.0,-10.223669422391305,0.0,-10.223669422391305,0.0,-10.223669422391305,0.0,-10.223669422391305,0.0,-10.223669422391305
10.0,-10.223648148035974,10.0,-10.223648148035974,10.0,-10.223648148035974,10.0,-10.223648148035974,10.0,-10.223648148035974,10.0,-10.223648148035974
20.0,-10.223626962286197,20.0,-10.223626962286197,20.0,-10.223626962286197,20.0,-10.223626962286197,20.0,-10.223626962286197,20.0,-10.223626962286197
30.0,-10.22360586703912,30.0,-10.22360586703912,30.0,-10.22360586703912,30.0,-10.22360586703912,30.0,-10.22360586703912,30.0,-10.22360586703912
40.0,-10.223584862833219,40.0,-10.223584862833219,40.0,-10.223584862833219,40.0,-10.223584862833219,40.0,-10.223584862833219,40.0,-10.223584862833219
50.0,-10.223563950197113,50.0,-10.223563950197113,50.0,-10.223563950197113,50.0,-10.223563950197113,50.0,-10.223563950197113,50.0,-10.223563950197113
60.0,-10.223543129648347,60.0,-10.223543129648347,60.0,-10.223543129648347,60.0,-10.223543129648347,60.0,-10.223543129648347,60.0,-10.223543129648347
70.0,-10.22352240169286,70.0,-10.22352240169286,70.0,-10.22352240169286,70.0,-10.22352240169286,70.0,-10.22352240169286,70.0,-10.22352240169286
80.0,-10.22350176682422,80.0,-10.22350176682422,80.0,-10.22350176682422,80.0,-10.22350176682422,80.0,-10.22350176682422,80.0,-10.22350176682422
90.0,-10.223481225523548,90.0,-10.223481225523548,90.0,-10.223481225523548,90.0,-10.223481225523548,90.0,-10.223481225523548,90.0,-10.223481225523548
100.0,-10.223460778260646,100.0,-10.223460778260646,100.0,-10.223460778260646,100.0,-10.223460778260646,100.0,-10.223460778260646,100.0,-10.223460778260646
110.0,-10.22344042549701,110.0,-10.22344042549701,110.0,-10.22344042549701,110.0,-10.22344042549701,110.0,-10.22344042549701,110.0,-10.22344042549701
120.0,-10.223420167688094,120.0,-10.223420167688094,120.0,-10.223420167688094,120.0,-10.223420167688094,120.0,-10.223420167688094,120.0,-10.223420167688094
130.0,-10.223400005284912,130.0,-10.223400005284912,130.0,-10.223400005284912,130.0,-10.223400005284912,130.0,-10.223400005284912,130.0,-10.223400005284912
140.0,-10.223379938735143,140.0,-10.223379938735143,140.0,-10.223379938735143,140.0,-10.223379938735143,140.0,-10.223379938735143,140.0,-10.223379938735143
150.0,-10.223359968483585,150.0,-10.223359968483585,150.0,-10.223359968483585,150.0,-10.223359968483585,150.0,-10.223359968483585,150.0,-10.223359968483585
160.0,-10.223340094972603,160.0,-10.223340094972603,160.0,-10.223340094972603,160.0,-10.223340094972603,160.0,-10.223340094972603,160.0,-10.223340094972603
170.0,-10.223320318642363,170.0,-10.223320318642363,170.0,-10.223320318642363,170.0,-10.223320318642363,170.0,-10.223320318642363,170.0,-10.223320318642363
180.0,-10.223300639930601,180.0,-10.223300639930601,180.0,-10.223300639930601,180.0,-10.223300639930601,180.0,-10.223300639930601,180.0,-10.223300639930601
190.0,-10.22328105927233,190.0,-10.22328105927233,190.0,-10.22328105927233,190.0,-10.22328105927233,190.0,-10.22328105927233,190.0,-10.22328105927233
200.0,-10.223261577099315,200.0,-10.223261577099315,200.0,-10.223261577099315,200.0,-10.223261577099315,200.0,-10.223261577099315,200.0,-10.223261577099315
210.0,-10.223242193839779,210.0,-10.223242193839779,210.0,-10.223242193839779,210.0,-10.223242193839779,210.0,-10.223242193839779,210.0,-10.223242193839779
220.0,-10.223222909917839,220.0,-10.223222909917839,220.0,-10.223222909917839,220.0,-10.223222909917839,220.0,-10.223222909917839,220.0,-10.223222909917839
230.0,-10.2232037257533,230.0,-10.2232037257533,230.0,-10.2232037257533,230.0,-10.2232037257533,230.0,-10.2232037257533,230.0,-10.2232037257533
240.0,-10.223184641761344,240.0,-10.223184641761344,240.0,-10.223184641761344,240.0,-10.223184641761344,240.0,-10.223184641761344,240.0,-10.223184641761344
250.0,-10.223165658352208,250.0,-10.223165658352208,250.0,-10.223165658352208,250.0,-10.223165658352208,250.0,-10.223165658352208,250.0,-10.223165658352208
260.0,-10.223146775931795,260.0,-10.223146775931795,260.0,-10.223146775931795,260.0,-10.223146775931795,260.0,-10.223146775931795,260.0,-10.223146775931795
270.0,-10.223127994902214,270.0,-10.223127994902214,270.0,-10.223127994902214,270.0,-10.223127994902214,270.0,-10.223127994902214,270.0,-10.223127994902214
280.0,-10.223109315662333,280.0,-10.223109315662333,280.0,-10.223109315662333,280.0,-10.223109315662333,280.0,-10.223109315662333,280.0,-10.223109315662333
290.0,-10.223090738607679,290.0,-10.223090738607679,290.0,-10.223090738607679,290.0,-10.223090738607679,290.0,-10.223090738607679,290.0,-10.223090738607679
300.0,-10.223072264130694,300.0,-10.223072264130694,300.0,-10.223072264130694,300.0,-10.223072264130694,300.0,-10.223072264130694,300.0,-10.223072264130694
310.0,-10.2230538926204,310.0,-10.2230538926204,310.0,-10.2230538926204,310.0,-10.2230538926204,310.0,-10.2230538926204,310.0,-10.2230538926204
320.0,-10.22303562446238,320.0,-10.22303562446238,320.0,-10.22303562446238,320.0,-10.22303562446238,320.0,-10.22303562446238,320.0,-10.22303562446238
330.0,-10.223017460038527,330.0,-10.223017460038527,330.0,-10.223017460038527,330.0,-10.223017460038527,330.0,-10.223017460038527,330.0,-10.223017460038527
340.0,-10.222999399726985,340.0,-10.222999399726985,340.0,-10.222999399726985,340.0,-10.222999399726985,340.0,-10.222999399726985,340.0,-10.222999399726985
350.0,-10.222981443902338,350.0,-10.222981443902338,350.0,-10.222837875494394,350.0,-10.222694308228162,350.0,-10.222694308228162,350.0,-10.222694308228162
360.0,-10.222963592935654,360.0,-10.222963592935654,360.0,-9.84318028465913,360.0,-9.463394476874,360.0,-9.463394476874,360.0,-9.463394476874
370.0,-10.222945847195126,370.0,-10.222945847195126,370.0,-9.497356064039717,370.0,-8.771764936144097,370.0,-8.771764936144097,370.0,-8.771764936144097
380.0,-10.222928207046332,380.0,-10.222928207046332,380.0,-9.188322641389274,380.0,-8.153717516610078,380.0,-8.153717516610078,380.0,-8.153717516610078
390.0,-10.22291067285253,390.0,-10.22291067285253,390.0,-8.910515318673625,390.0,-7.598122841979729,390.0,-7.598122841979729,390.0,-7.598122841979729
400.0,-10.222893244975127,400.0,-10.222893244975127,400.0,-8.659281784406614,400.0,-7.09567627711159,400.0,-7.09567627711159,400.0,-7.09567627711159
410.0,-10.222875923773898,410.0,-10.222875923773898,410.0,-8.430727828197796,410.0,-6.638589370487081,410.0,-6.638589370487081,410.0,-6.638589370487081
420.0,-10.222858709606479,420.0,-10.222858709606479,420.0,-8.221589529958774,420.0,-6.220334241493412,420.0,-6.220334241493412,420.0,-6.220334241493412
430.0,-10.222841602828142,430.0,-10.222841602828142,430.0,-8.029127342368614,430.0,-5.835431751110959,430.0,-5.835431751110959,430.0,-5.835431751110959
440.0,-10.222824603791263,440.0,-10.222824603791263,440.0,-7.851038284957901,440.0,-5.479275893704294,440.0,-5.479275893704294,440.0,-5.479275893704294
450.0,-10.222807712845405,450.0,-10.222807712845405,450.0,-7.685383124791603,450.0,-5.1479881605642355,450.0,-5.1479881605642355,450.0,-5.1479881605642355
460.0,-10.222790930337071,460.0,-10.222790930337071,460.0,-7.530525960636845,460.0,-4.838296709451121,460.0,-4.838296709451121,460.0,-4.838296709451121
470.0,-10.222774256609696,470.0,-10.222774256609696,470.0,-7.385084075122218,470.0,-4.547436069486296,470.0,-4.547436069486296,470.0,-4.547436069486296
480.0,-10.222757692003817,480.0,-10.222757692003817,480.0,-7.247886289210723,480.0,-4.273063850263105,480.0,-4.273063850263105,480.0,-4.273063850263105
490.0,-10.222741236856917,490.0,-10.222741236856917,490.0,-7.117938358867575,490.0,-4.013191535096833,490.0,-4.013191535096833,490.0,-4.013191535096833
500.0,-10.222724891503745,500.0,-10.222724891503745,500.0,-6.994394206296949,500.0,-3.7661269432671247,500.0,-3.7661269432671247,500.0,-3.7661269432671247
510.0,-10.22270865627621,510.0,-10.22270865627621,510.0,-6.876531986781631,510.0,-3.5304263633901978,510.0,-3.5304263633901978,510.0,-3.5304263633901978
520.0,-10.222692531503625,520.0,-10.222692531503625,520.0,-6.7637341646125915,520.0,-3.304854704940947,520.0,-3.304854704940947,520.0,-3.304854704940947
530.0,-10.222676517512603,530.0,-10.222676517512603,530.0,-6.655470914140927,530.0,-3.0883523000183746,530.0,-3.0883523000183746,530.0,-3.0883523000183746
540.0,-10.222660614627348,540.0,-10.222660614627348,540.0,-6.55128627982099,540.0,-2.8800072231089486,540.0,-2.8800072231089486,540.0,-2.8800072231089486
550.0,-10.22264482316949,550.0,-10.22264482316949,550.0,-6.4507866265387825,550.0,-2.679032191445597,550.0,-2.679032191445597,550.0,-2.679032191445597
560.0,-10.222629143458397,560.0,-10.222629143458397,560.0,-6.353630992077174,560.0,-2.48474526967059,560.0,-2.48474526967059,560.0,-2.48474526967059
570.0,-10.22261357581063,570.0,-10.22261357581063,570.0,-6.259523020193027,570.0,-2.2965537357527364,570.0,-2.2965537357527364,570.0,-2.2965537357527364
580.0,-10.222598120539159,580.0,-10.222598120539159,580.0,-6.168204207886978,580.0,-2.113940575321364,580.0,-2.113940575321364,580.0,-2.113940575321364
590.0,-10.222582777952548,590.0,-10.222582777952548,590.0,-6.079448246037187,590.0,-1.9364531627560884,590.0,-1.9364531627560884,590.0,-1.9364531627560884
600.0,-10.222495763781254,600.0,-10.222495763781254,600.0,-5.993056270290128,600.0,-1.7636937628158567,600.0,-1.7636937628158567,600.0,-1.7636937628158567
610.0,-10.032661639690462,610.0,-10.032661639690462,610.0,-5.908852870320869,610.0,-1.5953115490300747,610.0,-1.5953115490300747,610.0,-1.5953115490300747
620.0,-9.859743197049726,620.0,-9.859743197049726,620.0,-5.826682731419443,620.0,-1.4309958867612327,620.0,-1.4309958867612327,620.0,-1.4309958867612327
630.0,-9.705220145044606,630.0,-9.705220145044606,630.0,-5.746407803758539,630.0,-1.2704706716477516,630.0,-1.2704706716477516,630.0,-1.2704706716477516
640.0,-9.566310130969136,640.0,-9.566310130969136,640.0,-5.667904912421151,640.0,-1.113489549581753,640.0,-1.113489549581753,640.0,-1.113489549581753
650.0,-9.440686999579178,650.0,-9.440686999579178,650.0,-5.59106373594936,650.0,-0.9598318737415161,650.0,-0.9598318737415161,650.0,-0.9598318737415161
660.0,-9.326403648657244,660.0,-9.326403648657244,660.0,-5.515785093343901,660.0,-0.8092992785370043,660.0,-0.8092992785370043,660.0,-0.8092992785370043
670.0,-9.221828122479486,670.0,-9.221828122479486,670.0,-5.441979489531826,670.0,-0.6617127704994319,670.0,-0.6617127704994319,670.0,-0.6617127704994319
680.0,-9.12559065230791,680.0,-9.12559065230791,680.0,-5.369565877683396,680.0,-0.516910252878387,680.0,-0.516910252878387,680.0,-0.516910252878387
690.0,-9.036539752962991,690.0,-9.036539752962991,690.0,-5.298470603702235,690.0,-0.3747444145901491,690.0,-0.3747444145901491,690.0,-0.3747444145901491
700.0,-8.953705812879045,700.0,-8.953705812879045,700.0,-5.228626503969591,700.0,-0.2350809256809205,700.0,-0.2350809256809205,700.0,-0.2350809256809205
710.0,-8.876258663296959,710.0,-8.876258663296959,710.0,-5.159960941230966,710.0,-0.09777451241861251,710.0,-0.09777451241861251,710.0,-0.09777451241861251
720.0,-8.803513189246454,720.0,-8.803513189246454,720.0,-5.092422484201569,720.0,0.03727769155688907,720.0,0.03727769155688907,720.0,0.03727769155688907
730.0,-8.734892810727588,730.0,-8.734892810727588,730.0,-5.025967616701043,730.0,0.17016272385135972,730.0,0.17016272385135972,730.0,0.17016272385135972
740.0,-8.66989986778554,740.0,-8.66989986778554,740.0,-4.9605480842924905,740.0,0.30097709529961325,740.0,0.30097709529961325,740.0,0.30097709529961325
750.0,-8.608110882341894,750.0,-8.608110882341894,750.0,-4.89611924518677,750.0,0.42981009126327324,750.0,0.42981009126327324,750.0,0.42981009126327324
760.0,-8.54916457346987,760.0,-8.54916457346987,760.0,-4.832639689795724,760.0,0.5567445325531251,760.0,0.5567445325531251,760.0,0.5567445325531251
770.0,-8.492751880420819,770.0,-8.492751880420819,770.0,-4.770070909473283,770.0,0.68185743797158,770.0,0.68185743797158,770.0,0.68185743797158
780.0,-8.43860765097414,780.0,-8.43860765097414,780.0,-4.708377007417847,780.0,0.805220602531221,780.0,0.805220602531221,780.0,0.805220602531221
790.0,-8.38650371155138,790.0,-8.38650371155138,790.0,-4.647524445640473,790.0,0.9269011035405769,790.0,0.9269011035405769,790.0,0.9269011035405769
800.0,-8.336243084319046,800.0,-8.336243084319046,800.0,-4.587481822834622,800.0,1.0469617448845878,800.0,1.0469617448845878,800.0,1.0469617448845878
810.0,-8.287655156856065,810.0,-8.287655156856065,810.0,-4.528219678777261,810.0,1.1654614482334127,810.0,1.1654614482334127,810.0,1.1654614482334127
820.0,-8.240591643341851,820.0,-8.240591643341851,820.0,-4.469710321570216,820.0,1.2824555985611579,820.0,1.2824555985611579,820.0,1.2824555985611579
830.0,-8.194923203836646,830.0,-8.194923203836646,830.0,-4.411927674603578,830.0,1.3979963502207906,830.0,1.3979963502207906,830.0,1.3979963502207906
840.0,-8.150536611052823,840.0,-8.150536611052823,840.0,-4.354847140585008,840.0,1.5121328988857765,840.0,1.5121328988857765,840.0,1.5121328988857765
850.0,-8.107332372912365,850.0,-8.107332372912365,850.0,-4.2984454803776355,850.0,1.6249117238737176,850.0,1.6249117238737176,850.0,1.6249117238737176
860.0,-8.065222734824525,860.0,-8.065222734824525,860.0,-4.242700704721653,860.0,1.7363768047012598,860.0,1.7363768047012598,860.0,1.7363768047012598
870.0,-8.024129998561625,870.0,-8.024129998561625,870.0,-4.1875919771970445,870.0,1.8465698151569925,870.0,1.8465698151569925,870.0,1.8465698151569925
880.0,-7.983985105329945,880.0,-7.983985105329945,880.0,-4.13309952701977,880.0,1.9555302977057363,880.0,1.9555302977057363,880.0,1.9555302977057363
890.0,-7.944726439507272,890.0,-7.944726439507272,890.0,-4.079204570464435,890.0,2.063295820639197,890.0,2.063295820639197,890.0,2.063295820639197
900.0,-7.906298816875885,900.0,-7.906298816875885,900.0,-4.025889239875955,900.0,2.1699021200471478,900.0,2.1699021200471478,900.0,2.1699021200471478
910.0,-7.868652627273358,910.0,-7.868652627273358,910.0,-3.9731365193785435,910.0,2.2753832283964335,910.0,2.2753832283964335,910.0,2.2753832283964335
920.0,-7.8317431066343355,920.0,-7.8317431066343355,920.0,-3.920930186508256,920.0,2.379771591263623,920.0,2.379771591263623,920.0,2.379771591263623
930.0,-7.79552971758485,930.0,-7.79552971758485,930.0,-3.869254759099568,930.0,2.483098173561005,930.0,2.483098173561005,930.0,2.483098173561005
940.0,-7.75997562122677,940.0,-7.75997562122677,940.0,-3.818095446844097,940.0,2.585392556418841,940.0,2.585392556418841,940.0,2.585392556418841
950.0,-7.725047225634107,950.0,-7.725047225634107,950.0,-3.767438107014917,950.0,2.6866830257371466,950.0,2.6866830257371466,950.0,2.6866830257371466
960.0,-7.690713798979483,960.0,-7.690713798979483,960.0,-3.7172692039155484,960.0,2.7869966532895667,960.0,2.7869966532895667,960.0,2.7869966532895667
970.0,-7.656947137201137,970.0,-7.656947137201137,970.0,-3.667575771670007,970.0,2.8863593711498154,970.0,2.8863593711498154,970.0,2.8863593711498154
980.0,-7.62372127776888,980.0,-7.62372127776888,980.0,-3.618345380012351,980.0,2.9847960401220415,980.0,2.9847960401220415,980.0,2.9847960401220415
990.0,-7.591012252482418,990.0,-7.591012252482418,990.0,-3.5695661027738623,990.0,3.082330512774599,990.0,3.082330512774599,990.0,3.082330512774599
1000.0,-7.558797862480978,1000.0,-7.558797862480978,1000.0,-3.521226472362827,1000.0,3.178985724506743,1000.0,3.178985724506743,1000.0,3.178985724506743
1010.0,-7.527057546381482,1010.0,-7.527057546381482,1010.0,-3.4733155344411846,1010.0,3.274783584125746,1010.0,3.274783584125746,1010.0,3.274783584125746
1020.0,-7.4957721110808135,1020.0,-7.4957721110808135,1020.0,-3.4258226613342964,1020.0,3.3697453471783283,1020.0,3.3697453471783283,1020.0,3.3697453471783283
1030.0,-7.464923696520344,1030.0,-7.464923696520344,1030.0,-3.3787376891967895,1030.0,3.463891341496655,1030.0,3.463891341496655,1030.0,3.463891341496655
1040.0,-7.434495599092513,1040.0,-7.434495599092513,1040.0,-3.332050817261844,1040.0,3.5572411687665357,1040.0,3.5572411687665357,1040.0,3.5572411687665357
1050.0,-7.40447217308012,1050.0,-7.40447217308012,1050.0,-3.2857526036154754,1050.0,3.6498137129686183,1050.0,3.6498137129686183,1050.0,3.6498137129686183
1060.0,-7.374838734595509,1060.0,-7.374838734595509,1060.0,-3.239833946644611,1060.0,3.741627177481364,1060.0,3.741627177481364,1060.0,3.741627177481364
1070.0,-7.345581476647946,1070.0,-7.345581476647946,1070.0,-3.1942860677415243,1070.0,3.832699119671766,1070.0,3.832699119671766,1070.0,3.832699119671766
1080.0,-7.31668739382626,1080.0,-7.31668739382626,1080.0,-3.1491004951587818,1080.0,3.923046483185025,1080.0,3.923046483185025,1080.0,3.923046483185025
1090.0,-7.288144215311597,1090.0,-7.288144215311597,1090.0,-3.1042690489199907,1090.0,4.0126856281221075,1090.0,4.0126856281221075,1090.0,4.0126856281221075
1100.0,-7.259940345125996,1100.0,-7.259940345125996,1100.0,-3.059783826701592,1100.0,4.101632359276252,1100.0,4.101632359276252,1100.0,4.101632359276252
1110.0,-7.232064880053156,1110.0,-7.232064880053156,1110.0,-3.0156373036118986,1110.0,4.189901726621244,1110.0,4.189901726621244,1110.0,4.189901726621244
1120.0,-7.20450726858811,1120.0,-7.20450726858811,1120.0,-2.9718218556981557,1120.0,4.277508978099641,1120.0,4.277508978099641,1120.0,4.277508978099641
1130.0,-7.177257720078655,1130.0,-7.177257720078655,1130.0,-2.9283304643862675,1130.0,4.3644681510553545,1130.0,4.3644681510553545,1130.0,4.3644681510553545
1140.0,-7.150306854972042,1140.0,-7.150306854972042,1140.0,-2.885156213346796,1140.0,4.450793078286816,1140.0,4.450793078286816,1140.0,4.450793078286816
1150.0,-7.123645750031229,1150.0,-7.123645750031229,1150.0,-2.8422924054626435,1150.0,4.536497154168858,1150.0,4.536497154168858,1150.0,4.536497154168858
1160.0,-7.0972659064635115,1160.0,-7.0972659064635115,1160.0,-2.7997325531349158,1160.0,4.621593354040476,1160.0,4.621593354040476,1160.0,4.621593354040476
1170.0,-7.071159220964308,1170.0,-7.071159220964308,1170.0,-2.7574703691473714,1170.0,4.7060942524748315,1170.0,4.7060942524748315,1170.0,4.7060942524748315
1180.0,-7.0453179593498465,1180.0,-7.0453179593498465,1180.0,-2.7154997580502096,1180.0,4.790012040509992,1180.0,4.790012040509992,1180.0,4.790012040509992
1190.0,-7.01973473249432,1190.0,-7.01973473249432,1190.0,-2.6738148080267865,1190.0,4.873358541913965,1190.0,4.873358541913965,1190.0,4.873358541913965
1200.0,-6.9944024743226585,1200.0,-6.9944024743226585,1200.0,-2.632409783208717,1200.0,4.956145228551071,1200.0,4.956145228551071,1200.0,4.956145228551071
1210.0,-6.9693144216407825,1210.0,-6.9693144216407825,1210.0,-2.5912791164071804,1210.0,5.038383234914204,1210.0,5.038383234914204,1210.0,5.038383234914204
1220.0,-6.944464095615587,1220.0,-6.944464095615587,1220.0,-2.5504174022336,1220.0,5.120083371876546,1220.0,5.120083371876546,1220.0,5.120083371876546
1230.0,-6.919845284738656,1230.0,-6.919845284738656,1230.0,-2.5098193905853567,1230.0,5.201256139714544,1230.0,5.201256139714544,1230.0,5.201256139714544
1240.0,-6.8954520291265995,1240.0,-6.8954520291265995,1240.0,-2.4694799804713314,1240.0,5.2819117404503375,1240.0,5.2819117404503375,1240.0,5.2819117404503375
1250.0,-6.871278606028742,1250.0,-6.871278606028742,1250.0,-2.429394214155905,1250.0,5.362060089558138,1250.0,5.362060089558138,1250.0,5.362060089558138
1260.0,-6.847319516427081,1260.0,-6.847319516427081,1260.0,-2.3895572716007654,1260.0,5.441710827074121,1260.0,5.441710827074121,1260.0,5.441710827074121
1270.0,-6.823569472627327,1270.0,-6.823569472627327,1270.0,-2.3499644651859883,1270.0,5.520873328149107,1270.0,5.520873328149107,1270.0,5.520873328149107
1280.0,-6.800023386750986,1280.0,-6.800023386750986,1280.0,-2.3106112346935292,1280.0,5.599556713076666,1280.0,5.599556713076666,1280.0,5.599556713076666
1290.0,-6.776676360048955,1290.0,-6.776676360048955,1290.0,-2.2714931425384126,1290.0,5.6777698568283865,1290.0,5.6777698568283865,1290.0,5.6777698568283865
1300.0,-6.75352367296416,1300.0,-6.75352367296416,1300.0,-2.2326058692318154,1300.0,5.7555213981272155,1300.0,5.7555213981272155,1300.0,5.7555213981272155
1310.0,-6.730560775877943,1310.0,-6.730560775877943,1310.0,-2.1939452090616927,1310.0,5.832819748086021,1310.0,5.832819748086021,1310.0,5.832819748086021
1320.0,-6.707783280482505,1320.0,-6.707783280482505,1320.0,-2.1555070659784468,1320.0,5.909673098438109,1320.0,5.909673098438109,1320.0,5.909673098438109
1330.0,-6.68518695172656,1330.0,-6.68518695172656,1330.0,-2.117287449672853,1330.0,5.986089429383293,1330.0,5.986089429383293,1330.0,5.986089429383293
1340.0,-6.662767700287887,1340.0,-6.662767700287887,1340.0,-2.0792824718352376,1340.0,6.062076517072505,1340.0,6.062076517072505,1340.0,6.062076517072505
1350.0,-6.6405215755289095,1350.0,-6.6405215755289095,1350.0,-2.0414883425850903,1350.0,6.137641940751241,1350.0,6.137641940751241,1350.0,6.137641940751241
1360.0,-6.618444758897951,1360.0,-6.618444758897951,1360.0,-2.0039013670615167,1360.0,6.2127930895821395,1360.0,6.2127930895821395,1360.0,6.2127930895821395
1370.0,-6.596533557740781,1370.0,-6.596533557740781,1370.0,-1.966517942165115,1370.0,6.28753716916379,1370.0,6.28753716916379,1370.0,6.28753716916379
1380.0,-6.574784399490949,1380.0,-6.574784399490949,1380.0,-1.9293345534433364,1380.0,6.3618812077633216,1380.0,6.3618812077633216,1380.0,6.3618812077633216
1390.0,-6.5531938262109515,1390.0,-6.5531938262109515,1390.0,-1.8923477721116928,1390.0,6.435832062277327,1390.0,6.435832062277327,1390.0,6.435832062277327
1400.0,-6.531758489457278,1400.0,-6.531758489457278,1400.0,-1.8555542522029023,1400.0,6.509396423936971,1400.0,6.509396423936971,1400.0,6.509396423936971
1410.0,-6.510475145446106,1410.0,-6.510475145446106,1410.0,-1.8189507278374517,1410.0,6.582580823770202,1410.0,6.582580823770202,1410.0,6.582580823770202
1420.0,-6.489340650497227,1420.0,-6.489340650497227,1420.0,-1.7825340106088836,1420.0,6.65539163783409,1420.0,6.65539163783409,1420.0,6.65539163783409
1430.0,-6.468351956737,1430.0,-6.468351956737,1430.0,-1.74630098707795,1430.0,6.7278350922297685,1430.0,6.7278350922297685,1430.0,6.7278350922297685
1440.0,-6.447506108041458,1440.0,-6.447506108041458,1440.0,-1.7102486163699537,1440.0,6.799917267910493,1440.0,6.799917267910493,1440.0,6.799917267910493
1450.0,-6.42680023590538,1450.0,-6.42680023590538,1450.0,-1.6743739273466074,1450.0,6.871644106349385,1450.0,6.871644106349385,1450.0,6.871644106349385
1460.0,-6.406231557047809,1460.0,-6.406231557047809,1460.0,-1.6386740185498447,1460.0,6.943021409623923,1460.0,6.943021409623923,1460.0,6.943021409623923
1470.0,-6.385797368082345,1470.0,-6.385797368082345,1470.0,-1.6031460527503234,1470.0,7.014054851366809,1470.0,7.014054851366809,1470.0,7.014054851366809
1480.0,-6.365495043580329,1480.0,-6.365495043580329,1480.0,-1.5677872572017741,1480.0,7.084749976233888,1480.0,7.084749976233888,1480.0,7.084749976233888
1490.0,-6.345322032653414,1490.0,-6.345322032653414,1490.0,-1.5325949210891365,1490.0,7.155112205017174,1490.0,7.155112205017174,1490.0,7.155112205017174
1500.0,-6.325275856034715,1500.0,-6.325275856034715,1500.0,-1.4975663936467836,1500.0,7.225146838411952,1500.0,7.225146838411952,1500.0,7.225146838411952
1510.0,-6.305354103308379,1510.0,-6.305354103308379,1510.0,-1.4626990823490635,1510.0,7.294859060638846,1510.0,7.294859060638846,1510.0,7.294859060638846
1520.0,-6.285554430277127,1520.0,-6.285554430277127,1520.0,-1.427990451168894,1520.0,7.364253942928867,1520.0,7.364253942928867,1520.0,7.364253942928867
1530.0,-6.265874556457682,1530.0,-6.265874556457682,1530.0,-1.3934380188996485,1530.0,7.433336446878999,1530.0,7.433336446878999,1530.0,7.433336446878999
1540.0,-6.246312262696409,1540.0,-6.246312262696409,1540.0,-1.3590393575376034,1540.0,7.50211142768449,1540.0,7.50211142768449,1540.0,7.50211142768449
1550.0,-6.226865388897666,1550.0,-6.226865388897666,1550.0,-1.3247920907224258,1550.0,7.570583637253005,1550.0,7.570583637253005,1550.0,7.570583637253005
1560.0,-6.207531831859097,1560.0,-6.207531831859097,1560.0,-1.2906938922332658,1560.0,7.63875772720591,1560.0,7.63875772720591,1560.0,7.63875772720591
1570.0,-6.188309543207464,1570.0,-6.188309543207464,1570.0,-1.2567424845388742,1570.0,7.706638251770827,1570.0,7.706638251770827,1570.0,7.706638251770827
1580.0,-6.169196527429871,1580.0,-6.169196527429871,1580.0,-1.2229356373993896,1580.0,7.774229670569975,1580.0,7.774229670569975,1580.0,7.774229670569975
1590.0,-6.150190839995076,1590.0,-6.150190839995076,1590.0,-1.189271166518327,1590.0,7.841536351308851,1590.0,7.841536351308851,1590.0,7.841536351308851
1600.0,-6.131290585560227,1600.0,-6.131290585560227,1600.0,-1.1557469322425618,1600.0,7.908562572368238,1600.0,7.908562572368238,1600.0,7.908562572368238
1610.0,-6.112493916259815,1610.0,-6.112493916259815,1610.0,-1.1223608383100532,1610.0,7.975312525303514,1610.0,7.975312525303514,1610.0,7.975312525303514
1620.0,-6.093799030072291,1620.0,-6.093799030072291,1620.0,-1.0891108306434172,1620.0,8.041790317253836,1620.0,8.041790317253836,1620.0,8.041790317253836
1630.0,-6.075204169260145,1630.0,-6.075204169260145,1630.0,-1.0559948961874925,1630.0,8.107999973265413,1630.0,8.107999973265413,1630.0,8.107999973265413
1640.0,-6.056707618879328,1640.0,-6.056707618879328,1640.0,-1.0230110617883554,1640.0,8.17394543853316,1640.0,8.17394543853316,1640.0,8.17394543853316
1650.0,-6.038307705353467,1650.0,-6.038307705353467,1650.0,-0.9901573931120105,1650.0,8.239630580564341,1650.0,8.239630580564341,1650.0,8.239630580564341
1660.0,-6.02000279510951,1660.0,-6.02000279510951,1660.0,-0.9574319936006294,1660.0,8.305059191267066,1660.0,8.305059191267066,1660.0,8.305059191267066
1670.0,-6.001791293269411,1670.0,-6.001791293269411,1670.0,-0.9248330034630883,1670.0,8.370234988970099,1670.0,8.370234988970099,1670.0,8.370234988970099
1680.0,-5.983671642391179,1680.0,-5.983671642391179,1680.0,-0.8923585986940906,1680.0,8.435161620378992,1680.0,8.435161620378992,1680.0,8.435161620378992
1690.0,-5.965642321261487,1690.0,-5.965642321261487,1690.0,-0.8600069901261846,1690.0,8.499842662467415,1690.0,8.499842662467415,1690.0,8.499842662467415
1700.0,-5.947701843742,1700.0,-5.947701843742,1700.0,-0.8277764225174662,1700.0,8.564281624301081,1700.0,8.564281624301081,1700.0,8.564281624301081
1710.0,-5.929848757665146,1710.0,-5.929848757665146,1710.0,-0.795665173672576,1710.0,8.628481948798582,1710.0,8.628481948798582,1710.0,8.628481948798582
1720.0,-5.912081643776028,1720.0,-5.912081643776028,1720.0,-0.7636715535945137,1720.0,8.692447014432142,1720.0,8.692447014432142,1720.0,8.692447014432142
1730.0,-5.894399114717959,1730.0,-5.894399114717959,1730.0,-0.7317939036653869,1730.0,8.756180136872052,1730.0,8.756180136872052,1730.0,8.756180136872052
1740.0,-5.876799814058382,1740.0,-5.876799814058382,1740.0,-0.7000305958548099,1740.0,8.819684570576166,1740.0,8.819684570576166,1740.0,8.819684570576166
1750.0,-5.859282415358127,1750.0,-5.859282415358127,1750.0,-0.6683800319589215,1750.0,8.882963510324005,1750.0,8.882963510324005,1750.0,8.882963510324005
1760.0,-5.841845621290755,1760.0,-5.841845621290755,1760.0,-0.6368406428779313,1760.0,8.946020092686245,1760.0,8.946020092686245,1760.0,8.946020092686245
1770.0,-5.824488162797494,1770.0,-5.824488162797494,1770.0,-0.6054108879185921,1770.0,9.008857397447319,1770.0,9.008857397447319,1770.0,9.008857397447319
1780.0,-5.8072087982674665,1780.0,-5.8072087982674665,1780.0,-0.5740892541116748,1780.0,9.071478448988056,1780.0,9.071478448988056,1780.0,9.071478448988056
1790.0,-5.790006312744769,1790.0,-5.790006312744769,1790.0,-0.5428742555472429,1790.0,9.133886217630527,1790.0,9.133886217630527,1790.0,9.133886217630527
1800.0,-5.77287951716173,1800.0,-5.772951300656867,1800.0,-0.5117644327269831,1800.0,9.196083620943048,1800.0,9.196083620943048,1800.0,9.196083620943048
1810.0,-5.9439534941545835,1810.0,-5.94578658677485,1810.0,-0.4807583519346295,1810.0,9.258073525007582,1810.0,9.258073525007582,1810.0,9.258073525007582
1820.0,-6.100113017875284,1820.0,-6.101746236263421,1820.0,-0.4498546046239562,1820.0,9.319858745649393,1820.0,9.319858745649393,1820.0,9.319858745649393
1830.0,-6.23791029379936,1830.0,-6.239374086889451,1830.0,-0.41905180682182597,1830.0,9.381442049633064,1830.0,9.381442049633064,1830.0,9.381442049633064
1840.0,-6.360133494930574,1840.0,-6.361453304056993,1840.0,-0.3883485985393366,1840.0,9.442826155831945,1840.0,9.442826155831945,1840.0,9.442826155831945
1850.0,-6.469113374084312,1850.0,-6.47031048114202,1850.0,-0.35774364319643426,1850.0,9.50401373636635,1850.0,9.50401373636635,1850.0,9.50401373636635
1860.0,-6.5668006345207734,1860.0,-6.567892864410912,1860.0,-0.3272356270628906,1860.0,9.565007417708754,1860.0,9.565007417708754,1860.0,9.565007417708754
1870.0,-6.65483002103397,1870.0,-6.655832323660084,1870.0,-0.29682325871495496,1870.0,9.625809781756896,1870.0,9.625809781756896,1870.0,9.625809781756896
1880.0,-6.734573430098941,1880.0,-6.735498362737133,1880.0,-0.2665052685074258,1880.0,9.686423366875195,1880.0,9.686423366875195,1880.0,9.686423366875195
1890.0,-6.807183936288666,1890.0,-6.808042063534157,1890.0,-0.23628040806113038,1890.0,9.746850668905978,1890.0,9.746850668905978,1890.0,9.746850668905978
1900.0,-6.873632302654483,1900.0,-6.87443252816165,1900.0,-0.20614744976568616,1900.0,9.807094142150747,1900.0,9.807094142150747,1900.0,9.807094142150747
1910.0,-6.934737270834502,1910.0,-6.935487112602576,1910.0,-0.17610518629313812,1910.0,9.867156200325761,1910.0,9.867156200325761,1910.0,9.867156200325761
1920.0,-6.991190702059111,1920.0,-6.99189652097919,1920.0,-0.1461524301230573,1920.0,9.92703921749338,1920.0,9.92703921749338,1920.0,9.92703921749338
1930.0,-7.04357845468574,1930.0,-7.044245644382371,1930.0,-0.11628801308546581,1930.0,9.986745528961501,1930.0,9.986745528961501,1930.0,9.986745528961501
1940.0,-7.092397730589109,1940.0,-7.093030875200412,1940.0,-0.08651078592191057,1940.0,10.046277432152312,1940.0,10.046277432152312,1940.0,10.046277432152312
1950.0,-7.138071496065937,1950.0,-7.138674501456416,1950.0,-0.056819617862246964,1950.0,10.10563718744341,1950.0,10.10563718744341,1950.0,10.10563718744341
1960.0,-7.180960478241451,1960.0,-7.181536681193508,1960.0,-0.027213396215559085,1960.0,10.164827018982184,1960.0,10.164827018982184,1960.0,10.164827018982184
1970.0,-7.221373151461155,1970.0,-7.221925410606423,1970.0,0.0023089740256308903,1970.0,10.223849115475783,1970.0,10.223849115475783,1970.0,10.223849115475783
1980.0,-7.259574056653168,1980.0,-7.260104828256332,1980.0,0.03174857056911467,1980.0,10.282705630957805,1980.0,10.282705630957805,1980.0,10.282705630957805
1990.0,-7.295790737544649,1990.0,-7.296302138716032,1990.0,0.06110645419385991,1990.0,10.341398685531363,1990.0,10.341398685531363,1990.0,10.341398685531363
2000.0,-7.330219528751841,2000.0,-7.330713390222746,2000.0,0.09038366910958824,2000.0,10.399930366090288,2000.0,10.399930366090288,2000.0,10.399930366090288
2010.0,-7.363030390362406,2010.0,-7.363508300589632,2010.0,0.11958124330578494,2010.0,10.458302727020111,2010.0,10.458302727020111,2010.0,10.458302727020111
2020.0,-7.394370950217143,2020.0,-7.394834292280766,2020.0,0.14870018889068723,2020.0,10.51651779087861,2020.0,10.51651779087861,2020.0,10.51651779087861
2030.0,-7.424369887464403,2030.0,-7.424819869971837,2030.0,0.17774150242024692,2030.0,10.57457754905772,2030.0,10.57457754905772,2030.0,10.57457754905772
2040.0,-7.453139768098725,2040.0,-7.4535774511004815,2040.0,0.2067061652182823,2040.0,10.632483962426788,2040.0,10.632483962426788,2040.0,10.632483962426788
2050.0,-7.48077942427999,2050.0,-7.481205741031664,2050.0,0.23559514368746703,2050.0,10.690238961958421,2050.0,10.690238961958421,2050.0,10.690238961958421
2060.0,-7.5073759535764015,2060.0,-7.507791728837985,2060.0,0.2644093896112845,2060.0,10.747844449336435,2060.0,10.747844449336435,2060.0,10.747844449336435
2070.0,-7.533006401321274,2070.0,-7.533412366768951,2070.0,0.2931498404403752,2070.0,10.805302297540093,2070.0,10.805302297540093,2070.0,10.805302297540093
2080.0,-7.557739178540091,2080.0,-7.558135985766952,2080.0,0.3218174195629598,2080.0,10.862614351404368,2080.0,10.862614351404368,2080.0,10.862614351404368
2090.0,-7.581635259003801,2090.0,-7.582023490505535,2090.0,0.35041303657265394,2090.0,10.919782428169912,2090.0,10.919782428169912,2090.0,10.919782428169912
2100.0,-7.604749191616263,2100.0,-7.605129370091693,2100.0,0.37893758753394496,2100.0,10.97680831802327,2100.0,10.97680831802327,2100.0,10.97680831802327
2110.0,-7.627129958246108,2110.0,-7.627502554486174,2110.0,0.40739195524360483,2110.0,11.033693784625553,2110.0,11.033693784625553,2110.0,11.033693784625553
2120.0,-7.648821702054953,2120.0,-7.649187141648242,2120.0,0.43577700948697234,2120.0,11.090440565629397,2120.0,11.090440565629397,2120.0,11.090440565629397
2130.0,-7.669864347180386,2130.0,-7.670223016225184,2130.0,0.46409360728917065,2130.0,11.147050373183326,2130.0,11.147050373183326,2130.0,11.147050373183326
2140.0,-7.690294127152324,2140.0,-7.690646377133612,2140.0,0.49234259316061363,2140.0,11.203524894425001,2140.0,11.203524894425001,2140.0,11.203524894425001
2150.0,-7.710144036531543,2150.0,-7.710490188494686,2150.0,0.5205247993408779,2150.0,11.259865791965082,2150.0,11.259865791965082,2150.0,11.259865791965082
2160.0,-7.72944421786461,2160.0,-7.729784565996379,2160.0,0.5486410460393913,2160.0,11.316074704362853,2160.0,11.316074704362853,2160.0,11.316074704362853
2170.0,-7.74822229406357,2170.0,-7.748557108772401,2170.0,0.576692141668116,2170.0,11.372153246587303,2170.0,11.372153246587303,2170.0,11.372153246587303
2180.0,-7.766503654656814,2180.0,-7.766833185229525,2180.0,0.6046788830664757,2180.0,11.428103010464598,2180.0,11.428103010464598,2180.0,11.428103010464598
2190.0,-7.784311702980467,2190.0,-7.784636179879921,2190.0,0.6326020557190596,2190.0,11.483925565113186,2190.0,11.483925565113186,2190.0,11.483925565113186
2200.0,-7.801668070233692,2200.0,-7.801987707091562,2200.0,0.6604624339674923,2200.0,11.539622457367008,2200.0,11.539622457367008,2200.0,11.539622457367008
2210.0,-7.8185928013681485,2210.0,-7.818907796718353,2210.0,0.688260781216321,2210.0,11.595195212188091,2210.0,11.595195212188091,2210.0,11.595195212188091
2220.0,-7.835104516985423,2220.0,-7.835415055776238,2220.0,0.7159978501340567,2220.0,11.650645333068555,2220.0,11.650645333068555,2220.0,11.650645333068555
2230.0,-7.851220554753106,2230.0,-7.851526809670153,2230.0,0.7436743828507638,2230.0,11.705974302424712,2230.0,11.705974302424712,2230.0,11.705974302424712
2240.0,-7.8669570932988355,2240.0,-7.867259225926307,2240.0,0.7712911111511589,2240.0,11.761183581981372,2240.0,11.761183581981372,2240.0,11.761183581981372
2250.0,-7.882329261079593,2250.0,-7.88262742292216,2250.0,0.7988487566614864,2250.0,11.816274613145913,2250.0,11.816274613145913,2250.0,11.816274613145913
2260.0,-7.897351232335155,2260.0,-7.897645565720316,2260.0,0.8263480310309369,2260.0,11.871248817371642,2260.0,11.871248817371642,2260.0,11.871248817371642
2270.0,-7.912036311910384,2270.0,-7.912326950787501,2270.0,0.8537896361073055,2270.0,11.926107596511512,2270.0,11.926107596511512,2270.0,11.926107596511512
2280.0,-7.926397010459784,2280.0,-7.926684081109607,2280.0,0.881174264108588,2280.0,11.980852333163222,2280.0,11.980852333163222,2280.0,11.980852333163222
2290.0,-7.940445111320048,2290.0,-7.940728732986824,2290.0,0.9085025977894947,2290.0,12.035484391005468,2290.0,12.035484391005468,2290.0,12.035484391005468
2300.0,-7.954191730145812,2300.0,-7.954472015601965,2300.0,0.9357753106042562,2300.0,12.090005115125953,2300.0,12.090005115125953,2300.0,12.090005115125953
2310.0,-7.967647368243523,2310.0,-7.967924424295274,2310.0,0.9629930668640698,2310.0,12.144415832340433,2310.0,12.144415832340433,2310.0,12.144415832340433
2320.0,-7.980821960400972,2320.0,-7.981095888342844,2320.0,0.9901565218892903,2320.0,12.19871785150299,2320.0,12.19871785150299,2320.0,12.19871785150299
2330.0,-7.9937249178961585,2330.0,-7.993995813919969,2330.0,1.0172663221593146,2330.0,12.252912463809695,2330.0,12.252912463809695,2330.0,12.252912463809695
2340.0,-8.006365167272035,2340.0,-8.006633122836519,2340.0,1.0443231054583528,2340.0,12.30700094309521,2340.0,12.30700094309521,2340.0,12.30700094309521
2350.0,-8.01875118538345,2350.0,-8.019016287548656,2350.0,1.0713275010182708,2350.0,12.360984546122562,2350.0,12.360984546122562,2350.0,12.360984546122562
2360.0,-8.030891031152116,2360.0,-8.031153362883089,2360.0,0.7220327680443365,2360.0,11.662387825531237,2360.0,12.414864512866986,2360.0,12.414864512866986
2370.0,-8.042792374407457,2370.0,-8.043052014850074,2370.0,0.40266468492013713,2370.0,11.023651674789974,2370.0,12.468642066792976,2370.0,12.468642066792976
2380.0,-8.054462522140206,2380.0,-8.05471954687307,2380.0,0.12011650084237806,2380.0,10.45856007521259,2380.0,12.522318415125435,2380.0,12.522318415125435
2390.0,-8.06590844245181,2390.0,-8.066162923716117,2390.0,-0.13119010949818666,2390.0,9.955955004751486,2390.0,12.575894749116324,2390.0,12.575894749116324
2400.0,-8.077136786445715,2400.0,-8.07728111800497,2400.0,-0.355918501180435,2400.0,9.506508714291204,2400.0,12.629372244309133,2400.0,12.629372244309133
2410.0,-8.088153908278231,2410.0,-7.803463319980444,2410.0,-0.5579718227065824,2410.0,9.102414122753935,2410.0,12.6827520608001,2410.0,12.6827520608001
2420.0,-8.098965883559119,2420.0,-7.554863684264069,2420.0,-0.7406212157005402,2420.0,8.737128358152058,2420.0,12.736035343495788,2420.0,12.736035343495788
2430.0,-8.109578526269596,2430.0,-7.333670773275578,2430.0,-0.9066120489667097,2430.0,8.405160243696342,2430.0,12.789223222367067,2430.0,12.789223222367067
2440.0,-8.119997404344888,2440.0,-7.135713860047629,2440.0,-1.0582519821808911,2440.0,8.101894135191348,2440.0,12.842316812697694,2440.0,12.842316812697694
2450.0,-8.130227854051983,2450.0,-6.957506844558805,2450.0,-1.1974839952531602,2450.0,7.823443835190038,2450.0,12.895317215328843,2450.0,12.895317215328843
2460.0,-8.140274993276181,2460.0,-6.796132438726358,2460.0,-1.3259469753977429,2460.0,7.5665313979688404,2460.0,12.948225516898457,2460.0,12.948225516898457
2470.0,-8.150143733820387,2470.0,-6.649146228964819,2470.0,-1.4450260046372456,2470.0,7.328386538441607,2470.0,13.001042790075129,2470.0,13.001042790075129
2480.0,-8.159838792809706,2480.0,-6.514497175983912,2480.0,-1.5558941192909141,2480.0,7.106663100817345,2480.0,13.053770093783525,2480.0,13.053770093783525
2490.0,-8.169364703280758,2490.0,-6.390461712107771,2490.0,-1.6595470063320612,2490.0,6.899369656387604,2490.0,13.106408473423532,2490.0,13.106408473423532
2500.0,-8.178725824028005,2500.0,-6.275589089546131,2500.0,-1.756831848114877,2500.0,6.70481180679075,2500.0,13.15895896108208,2500.0,13.15895896108208
2510.0,-8.187926348770581,2510.0,-6.1686560400293775,2510.0,-1.8484713175883156,2510.0,6.521544188014891,2510.0,12.45894723323679,2510.0,13.211422575739475
2520.0,-8.19697031469733,2520.0,-6.068629142382396,2520.0,-1.9350835530746662,2520.0,6.348330516594145,2520.0,11.818813200539486,2520.0,13.26380032347049
2530.0,-8.205861610441454,2530.0,-5.974633572331977,2530.0,-2.0171987986693876,2530.0,6.18411030558407,2530.0,11.25234044662138,2530.0,13.31609319764049
2540.0,-8.214603983533275,2540.0,-5.885927138301867,2540.0,-2.0952732780955845,2540.0,6.027971114416259,2540.0,10.748370636694936,2540.0,13.368302179095563
2550.0,-8.223201047375039,2550.0,-5.801878696552802,2550.0,-2.1697007721089325,2550.0,5.8791253922621936,2550.0,10.297575735151398,2550.0,13.420428236345083
2560.0,-8.231656287772534,2560.0,-5.72195019569908,2560.0,-2.2408222887279043,2560.0,5.736891136212423,2560.0,9.892148395709462,2560.0,13.472472325740197
2570.0,-8.23997306905793,2570.0,-5.645681730127671,2570.0,-2.308934148736034,2570.0,5.600675719268002,2570.0,9.525545498526428,2570.0,13.524435391648435
2580.0,-8.248154639835887,2580.0,-5.5726790888744455,2580.0,-2.374294753628297,2580.0,5.469962353717317,2580.0,9.192275633170196,2580.0,13.576318366624442
2590.0,-8.256204138380737,2590.0,-5.5026033749855,2590.0,-2.437130257443813,2590.0,5.3442987469469525,2590.0,8.887722933519342,2590.0,13.628122171577202
2600.0,-8.26412459771056,2600.0,-5.435162343537395,2600.0,-2.4976393260934056,2600.0,5.223287582419865,2600.0,8.60800098993232,2600.0,13.679847715934613
2610.0,-8.271918950361819,2610.0,-5.370103166970792,2610.0,-2.5559971364779313,2610.0,5.1065785211888945,2610.0,8.349831652641328,2610.0,13.731495897804919
2620.0,-8.279590032885542,2620.0,-5.307206386408655,2620.0,-2.612358741775076,2620.0,4.993861471161522,2620.0,8.110444439408136,2620.0,13.783067604136471
2630.0,-8.287140590082908,2630.0,-5.246280848997431,2630.0,-2.666861907809621,2630.0,4.8848609142590105,2630.0,7.887493003184892,2630.0,13.834563710877363
2640.0,-8.294573278999998,2640.0,-5.187159465536771,2640.0,-2.719629507653015,2640.0,4.779331117163372,2640.0,7.678985729111191,2640.0,13.885985083133557
2650.0,-8.301890672696926,2650.0,-5.129695650977847,2650.0,-2.7707715468727927,2650.0,4.67705208079641,2650.0,7.483228037151887,2650.0,13.937332575327188
2660.0,-8.309095263808077,2660.0,-5.07376033380682,2660.0,-2.820386879651403,2660.0,4.577826108082678,2660.0,7.298774385604498,2660.0,13.98860703135331
2670.0,-8.316189467907792,2670.0,-5.0192394397288895,2670.0,-2.8685646658808563,2670.0,4.481474889776356,2670.0,7.124388316902079,2670.0,14.039809284735277
2680.0,-8.323175626695203,2680.0,-4.9660317711297335,2680.0,-2.915385610950682,2680.0,4.387837024911865,2680.0,6.95900917327534,2680.0,14.090940158777633
2690.0,-8.33005601101053,2690.0,-4.914047217093642,2690.0,-2.960923022989506,2690.0,4.296765906354544,2690.0,6.801724346359227,2690.0,14.142000466716372
2700.0,-8.336832823695378,2700.0,-4.863205239777811,2700.0,-3.0052437165454724,2700.0,4.208127913478668,2700.0,6.651746120359689,2700.0,14.1929910118652
2710.0,-8.34350820231027,2710.0,-4.813433592077588,2710.0,-3.048408786897979,2710.0,4.121800863589277,2710.0,6.508392330070601,2710.0,14.24391258775443
2720.0,-8.350084221716608,2720.0,-4.76466722908053,2720.0,-3.090474275203684,2720.0,4.037672681677366,2720.0,6.371070188731195,2720.0,14.294765978264882
2730.0,-8.356562896531162,2730.0,-4.716847382088391,2730.0,-3.1314917413711636,2730.0,3.9556402547194183,2730.0,6.23926275129126,2730.0,14.345551957757584
2740.0,-8.36294618346091,2740.0,-4.66992076919296,2740.0,-3.1715087588040065,2740.0,3.875608442238994,2740.0,6.112517570127652,2740.0,14.396271291199183
2750.0,-8.369235983524648,2750.0,-4.6238389207142045,2750.0,-3.210569342861338,2750.0,3.7974892194331047,2750.0,5.990437175941272,2750.0,14.446924734284261
2760.0,-8.375434144168382,2760.0,-4.578557601398758,2760.0,-3.2487143229751343,2760.0,3.721200932982127,2760.0,5.872671079200106,2760.0,14.497513033554775
2770.0,-8.381542461279336,2770.0,-4.534036314257109,2770.0,-3.2859816667744326,2770.0,3.646667652843427,2770.0,5.758909039341693,2770.0,14.548036926517582
2780.0,-8.38756268110077,2780.0,-4.490237873393265,2780.0,-3.322406763235422,2780.0,3.573818605985708,2780.0,5.6488753918787955,2780.0,14.59849714176461
2790.0,-8.393496502048485,2790.0,-4.447128035240985,2790.0,-3.358022670770257,2790.0,3.502587680234726,2790.0,5.542324259105311,2790.0,14.648894399099673
2800.0,-8.399345576442895,2800.0,-4.40467517934996,2800.0,-3.3928603352544062,2800.0,3.4329129882385523,2800.0,5.439035499536981,2800.0,14.699229409663657
2810.0,-8.405111512161374,2810.0,-4.36285003128317,2810.0,-3.4269487822109603,2810.0,3.364736483116703,2810.0,5.338811275637202,2810.0,14.749502876058198
2820.0,-8.410795874214767,2820.0,-4.321625421378411,2820.0,-3.460315286721722,2820.0,3.298003618651854,2820.0,5.241473139610336,2820.0,14.79971549246812
2830.0,-8.41640018625305,2830.0,-4.280976074119183,2830.0,-3.492985524094089,2830.0,3.2326630479691842,2830.0,5.146859553819493,2830.0,14.849867944782213
2840.0,-8.421925932004017,2840.0,-4.2408784236896,2840.0,-3.524983703855469,2840.0,3.1686663555567978,2840.0,5.054823776307306,2840.0,14.899960910712258
2850.0,-8.42737455664899,2850.0,-4.201310451978956,2850.0,-3.556332689266275,2850.0,3.105967818248918,2850.0,4.965232053446163,2850.0,14.949995059910048
2860.0,-8.432747468137226,2860.0,-4.162251545880013,2860.0,-3.5870541042179136,2860.0,3.0445241914355354,2860.0,4.877962071339412,2860.0,14.999971054083849
2870.0,-8.438046038444257,2870.0,-4.123682371212166,2870.0,-3.617168429114241,2870.0,2.984294517304583,2870.0,4.79290162555942,2870.0,15.04988954711259
2880.0,-8.443271604779174,2880.0,-4.085584761007111,2880.0,-3.6466950871072203,2880.0,2.9252399523762898,2880.0,4.709947475429425,2880.0,15.099751185156112
2890.0,-8.448425470742755,2890.0,-4.047941616233255,2890.0,-3.6756525218613265,2890.0,2.8673236119817407,2890.0,4.629004354568741,2890.0,15.149556606761346
2900.0,-8.453508907439268,2900.0,-4.010736817321162,2900.0,-3.7040582678575023,2900.0,2.810510429662175,2900.0,4.549984114001842,2900.0,15.199306442965334
2910.0,-8.458523154543414,2910.0,-3.973955145092642,2910.0,-3.731929014109302,2910.0,2.754767029744706,2910.0,4.472804977951352,2910.0,15.249001317395303
2920.0,-8.463469421324767,2920.0,-3.9375822099002638,2920.0,-3.759280662045653,2920.0,2.700061611584735,2920.0,4.397390895614027,2920.0,15.298641846366593
2930.0,-8.468348887632025,2930.0,-3.901604387954158,2930.0,-3.7861283782151114,2930.0,2.646363844165446,2930.0,4.323670974871749,2930.0,15.348228638977297
2940.0,-8.473162704843155,2940.0,-3.866008763962948,2940.0,-3.812486642385126,2940.0,2.5936447699125758,2940.0,4.251578986100443,2940.0,15.397762297196534
2950.0,-8.477911996780168,2950.0,-3.8307830793295783,2950.0,-3.838369291528809,2950.0,2.541876716735035,2950.0,4.181052926096282,2950.0,15.447243415948922
2960.0,-8.482597860585427,2960.0,-3.7959156852453853,2960.0,-3.8637895601277683,2960.0,2.4910332174299676,2960.0,4.112034633689056,2960.0,15.49667258320068
2970.0,-8.487221367562018,2970.0,-3.7613955001194403,2970.0,-3.888760117172257,2970.0,2.4410889356913166,2970.0,4.04446944989925,2970.0,15.54605038004595
2980.0,-8.491783563981368,2980.0,-3.7272119708563083,2980.0,-3.913293100192848,2980.0,2.3920195980537216,2980.0,3.978305916583203,2980.0,15.595377380792428
2990.0,-8.496285471858865,2990.0,-3.6933550375563273,2990.0,-3.9374001466174415,2990.0,2.3438019311846983,2990.0,3.913495508421646,2990.0,15.64465415304666
3000.0,-8.500728089699676,3000.0,-3.659815101269147,3000.0,-3.9610924227131967,3000.0,2.2964136040059997,3000.0,3.8499923938707794,3000.0,15.693881257798475
3010.0,-8.505112393215617,3010.0,-3.626582994476981,3010.0,-3.9843806503427346,3010.0,2.249833174185144,3010.0,3.7877532213409952,3010.0,14.990588230896588
3020.0,-8.509439336013962,3020.0,-3.593649954023416,3020.0,-4.007275131737793,3020.0,2.2040400385908128,3020.0,3.7267369274088327,3020.0,14.347212067966977
3030.0,-8.513709850260463,3030.0,-3.561007596240444,3030.0,-4.029785772472083,3030.0,2.159014387348947,3030.0,3.666904564325924,3030.0,13.777535311154697
3040.0,-8.51792484731718,3040.0,-3.528647894054601,3040.0,-4.051922102795096,3040.0,2.1147371611762638,3040.0,3.6082191444733795,3040.0,13.270398851936847
3050.0,-8.522085218356052,3050.0,-3.496563155878107,3050.0,-4.073693297470012,3050.0,2.071190011704577,3050.0,3.5506454997413663,3050.0,12.816473960350361
3060.0,-8.526191834949291,3060.0,-3.4647460061147752,3060.0,-4.095108194245611,3060.0,2.028355264535588,3060.0,3.4941501540866966,3060.0,12.407952659458427
3070.0,-8.53024554963802,3070.0,-3.4331893671293705,3070.0,-4.1161753110780435,3070.0,1.986215884796212,3070.0,3.4387012077588714,3070.0,12.03829125002375
3080.0,-8.534247196480324,3080.0,-3.4018864425456923,3080.0,-4.136902862207202,3080.0,1.9447554449833966,3080.0,3.3842682318849313,3080.0,11.701997783619849
3090.0,-8.538197591582364,3090.0,-3.3708307017563275,3090.0,-4.157298773184365,3090.0,1.9039580949101784,3090.0,3.330822172272424,3090.0,11.394455889713937
3100.0,-8.542097533626444,3100.0,-3.3400158655497965,3100.0,-4.177370694948633,3100.0,1.8638085335684211,3100.0,3.2783352614252075,3100.0,11.11177868162758
3110.0,-8.545947804390593,3110.0,-3.309435892753217,3110.0,-4.197126017023095,3110.0,1.824291982762833,3110.0,3.2267809379110437,3110.0,10.850687555001903
3120.0,-8.54974916924806,3120.0,-3.2790849677912552,3120.0,-4.216571879887304,3120.0,1.7853941623882492,3120.0,3.1761337723342473,3120.0,10.608411591550363
3130.0,-8.553502377648826,3130.0,-3.2489574890862722,3130.0,-4.235715186590813,3130.0,1.7471012672240978,3130.0,3.126369399245237,3130.0,10.382604023627144
3140.0,-8.557208163583716,3140.0,-3.2190480582292804,3140.0,-4.254562613664694,3140.0,1.7093999451306519,3140.0,3.0774644543984904,3140.0,10.17127282877441
3150.0,-8.560867246031583,3150.0,-3.1893514698590844,3150.0,-4.2731206213838115,3150.0,1.6722772765428275,3150.0,3.0293965168415657,3150.0,9.972723030420019
3160.0,-8.564480329390607,3160.0,-3.159862702192922,3160.0,-4.291395463426458,3160.0,1.6357207551667639,3160.0,2.9821440553752128,3160.0,9.78550869984651
3170.0,-8.568048103889106,3170.0,-3.130576908151953,3170.0,-4.309393195971041,3170.0,1.5997182697969963,3170.0,2.9356863789824823,3170.0,9.608393000780216
3180.0,-8.571571245957774,3180.0,-3.1014894070165235,3180.0,-4.327119686250113,3180.0,1.5642580871929814,3180.0,2.890003590883699,3180.0,9.440314904115755
3190.0,-8.5750504185775,3190.0,-3.0725956765821976,3190.0,-4.344580620611888,3190.0,1.5293288359294026,3190.0,2.845076545880479,3190.0,9.280361436793898
3200.0,-8.578486271618901,3200.0,-3.043891345793641,3200.0,-4.361781512138392,3200.0,1.4949194911374908,3200.0,2.8008868106848723,3200.0,9.127744524393771
3210.0,-8.581879442171337,3210.0,-3.2975600471519644,3210.0,-4.378727707847832,3210.0,1.461019360078846,3210.0,2.7574166269778964,3210.0,8.981781648700833
3220.0,-8.585230554861164,3220.0,-3.5289274482457627,3220.0,-4.3954243955091705,3220.0,1.4276180684961792,3220.0,2.71464887696707,3220.0,8.841879675212228
3230.0,-8.588540222160667,3230.0,-3.732819782280881,3230.0,-4.411876610095241,3230.0,1.394705547688368,3230.0,2.6725670512323743,3230.0,8.70752131612661
3240.0,-8.591809044687546,3240.0,-3.9134172298083842,3240.0,-4.428089239897947,3240.0,1.362272022262241,3240.0,2.631155218674657,3240.0,8.578253785843147
3250.0,-8.595037611497188,3250.0,-4.074213900436661,3250.0,-4.444067032329539,3250.0,1.3303079985157875,3250.0,2.5903979983942684,3250.0,8.453679281685657
3260.0,-8.59822650037371,3260.0,-4.218133890931916,3260.0,-4.4598145994355685,3260.0,1.2988042534062094,3260.0,2.5502805333414984,3260.0,8.333446985199409
3270.0,-8.601376278115973,3270.0,-4.347627422792342,3270.0,-4.4753364231343244,3270.0,1.2677518240695531,3270.0,2.5107884656039166,3270.0,8.217246331230433
3280.0,-8.604487500815605,3280.0,-4.46475050752119,3280.0,-4.490636860196768,3280.0,1.2371419978606966,3280.0,2.471907913207927,3280.0,8.104801334923328
3290.0,-8.607560714128267,3290.0,-4.571230985660597,3290.0,-4.505720146983912,3290.0,1.2069663028802005,3290.0,2.433625448318769,3290.0,7.995865802324844
3300.0,-8.610596453538175,3300.0,-4.668523291310617,3300.0,-4.520590403956086,3300.0,1.177216498958911,3300.0,2.395928076735562,3300.0,7.8902192797324
3310.0,-8.613595244615333,3310.0,-4.757853885921164,3310.0,-4.535251639967328,3310.0,1.1478845690740822,3310.0,2.358803218586625,3310.0,7.787663621336301
3320.0,-8.61655760326496,3320.0,-4.840258968214424,3320.0,-4.549707756357051,3320.0,1.1189627111701521,3320.0,2.322238690138548,3320.0,7.688020074935437
3330.0,-8.619484035963833,3330.0,-4.916615788744671,3330.0,-4.563962550844127,3330.0,1.0904433303691279,3330.0,2.28622268664667,3330.0,7.591126802289192
3340.0,-8.622375039972074,3340.0,-4.98766866763363,3340.0,-4.5780197212248295,3340.0,1.062319031556956,3340.0,2.2507437661840077,3340.0,7.496836764592478
3350.0,-8.62523110354015,3350.0,-5.054050624033241,3350.0,-4.591882868902526,3350.0,1.0345826123076538,3350.0,2.21579083436383,3350.0,7.4050159150822426
3360.0,-8.628052706118828,3360.0,-5.116301368838978,3360.0,-4.605555502267192,3360.0,1.0072270561181769,3360.0,2.1813531298864275,3360.0,7.315541650386222
3370.0,-8.630840318568824,3370.0,-5.174882282399808,3370.0,-4.619041039929959,3370.0,0.9802455259393085,3370.0,2.147420210857957,3370.0,7.228301480204191
3380.0,-8.633594403367681,3380.0,-5.2301888917176145,3380.0,-4.632342813818343,3380.0,0.953631357988348,3380.0,2.1139819418312555,3380.0,7.143191881533893
3390.0,-8.636315414812367,3390.0,-5.282561272970482,3390.0,-4.64546407213857,3390.0,0.9273780558305923,3390.0,2.081028481523296,3390.0,7.060117309160864
3400.0,-8.639003799217438,3400.0,-5.332292731898475,3400.0,-4.65840798221107,3400.0,0.9014792847143338,3400.0,2.048550271166016,3400.0,6.97898933871434
3410.0,-8.641659995118593,3410.0,-5.37963705399498,3410.0,-4.671177633196533,3410.0,0.8759288661372204,3410.0,2.0165380234394656,3410.0,6.899725922396897
3420.0,-8.644284433492585,3420.0,-5.424814566329681,3420.0,-4.683776038729267,3420.0,0.8507207726193861,3420.0,1.9849827119390904,3420.0,6.8222507406771395
3430.0,-8.646877537967255,3430.0,-5.46801721133684,3430.0,-4.696206139437115,3430.0,0.8258491226984952,3430.0,1.953875561169744,3430.0,6.746492635923745
3440.0,-8.649439725012211,3440.0,-5.509412798628222,3440.0,-4.708470805344444,3440.0,0.8013081761451362,3440.0,1.9232080370426825,3440.0,6.672385116157331
3450.0,-8.651971404114866,3450.0,-5.549148572529251,3450.0,-4.720572838167539,3450.0,0.7770923293832274,3450.0,1.8929718378421043,3450.0,6.59986591893179
3460.0,-8.654472977946114,3460.0,-5.587354209554457,3460.0,-4.732514973511619,3460.0,0.753196111101808,3460.0,1.8631588856294417,3460.0,6.528876626905893
3470.0,-8.65694484251729,3470.0,-5.624144340598809,3470.0,-4.744299882975692,3470.0,0.7296141780470814,3470.0,1.8337613180576038,3470.0,6.459362327961437
3480.0,-8.659387387330714,3480.0,-5.659620676527246,3480.0,-4.755930176171476,3480.0,0.7063413109843594,3480.0,1.8047714805699535,3480.0,6.391271313811032
3490.0,-8.661800995525686,3490.0,-5.693873802516606,3490.0,-4.767408402662493,3490.0,0.6833724108193927,3490.0,1.7761819189596366,3490.0,6.324554811948899
3500.0,-8.664186044021386,3500.0,-5.72698469546064,3500.0,-4.778737053828264,3500.0,0.6607024948708112,3500.0,1.7479853722676668,3500.0,6.2591667465632685
3510.0,-8.6665429036537,3510.0,-5.7590260095951615,3510.0,-4.789918564653888,3510.0,0.6383266932891212,3510.0,1.7201747660036284,3510.0,6.195063524678129
3520.0,-8.668871939306822,3520.0,-5.790063167918562,3520.0,-4.80095531545025,3520.0,0.616240245614343,3520.0,1.6927432056696756,3520.0,6.132203844328288
3530.0,-8.67117351004138,3530.0,-5.8201552906927665,3530.0,-4.811849633507925,3530.0,0.5944384974652094,3530.0,1.6656839705709678,3530.0,6.070548522031661
3540.0,-8.673447969218124,3540.0,-5.8493559870903615,3540.0,-4.822603794688383,3540.0,0.5729168973539259,3540.0,1.6389905078960434,3540.0,6.010060337207694
3550.0,-8.67569566461862,3550.0,-5.877714031723273,3550.0,-4.833220024955559,3550.0,0.5516709936203565,3550.0,1.6126564270536297,3550.0,5.950703891519888
3560.0,-8.677916938562253,3560.0,-5.905273944191926,3560.0,-4.843700501850432,3560.0,0.53069643147988,3560.0,1.5866754942503822,3560.0,5.892445481395865
3570.0,-8.680112128025065,3570.0,-5.932076486811029,3570.0,-4.854047355916176,3570.0,0.509988950175762,3570.0,1.5610416272937924,3570.0,5.835252982211585
3580.0,-8.682281564761128,3580.0,-5.958159093181063,3580.0,-4.864262672076809,3580.0,0.48954438022949776,3580.0,1.5357488906061352,3580.0,5.779095742828854
3590.0,-8.68442557541883,3590.0,-5.983556238201648,3590.0,-4.874348490964352,3590.0,0.4693586407925325,3590.0,1.5107914904467001,3590.0,5.723944489355422
3600.0,-8.68654448165209,3600.0,-6.008299758410068,3600.0,-4.88430681019629,3600.0,0.4494277370958192,3600.0,1.4861637703317123,3600.0,5.6697712371371445
3610.0,-8.688638600226902,3610.0,-6.032419130100175,3610.0,-4.894139585605616,3610.0,0.42974775799142223,3610.0,1.4618602066416158,3610.0,5.6165492101132175
3620.0,-8.69070824312429,3620.0,-6.055941711482351,3620.0,-4.903848732426538,3620.0,0.4103148735827977,3620.0,1.4378754044060493,3620.0,5.564252766775166
3630.0,-8.692753717639675,3630.0,-6.078892954151229,3630.0,-4.913436126437804,3630.0,0.39112533293870044,3630.0,1.4142040932571145,3630.0,5.512857332062237
3640.0,-8.694775326478554,3640.0,-6.101296588296669,3640.0,-4.922903605064555,3640.0,0.372175461888962,3640.0,1.390841123543455,3640.0,5.462339334605795
3650.0,-8.696773367840585,3650.0,-6.123174785392274,3650.0,-4.932252968433417,3650.0,0.3534616609050163,3650.0,1.3677814626053635,3650.0,5.412676148812232
3660.0,-8.698748135492286,3660.0,-6.144548301524013,3660.0,-4.941485980381516,3660.0,0.33498040306335247,3660.0,1.3450201912033835,3660.0,5.3638460413249565
3670.0,-8.700699918842169,3670.0,-6.165436604048261,3670.0,-4.950604369435099,3670.0,0.31672823207449435,3670.0,1.3225525000802472,3670.0,5.3158281214453265
3680.0,-8.702629003017611,3680.0,-6.185857983849646,3680.0,-4.959609829758832,3680.0,0.29870176037541957,3680.0,1.3003736866496365,3680.0,5.268602295149857
3690.0,-8.704535668942585,3690.0,-6.205829655124671,3690.0,-4.968504022075343,3690.0,0.28089766728352233,3690.0,1.2784791518075849,3690.0,5.222149222382678
3700.0,-8.706420193415235,3700.0,-6.225367844331667,3700.0,-4.977288574555829,3700.0,0.2633126972113742,3700.0,1.2568643968615067,3700.0,5.17645027733596
3710.0,-8.708282849184187,3710.0,-6.244487869706063,3710.0,-4.985965083681788,3710.0,0.24594365793975537,3710.0,1.2355250205720938,3710.0,5.131487511460829
3720.0,-8.710123905023853,3720.0,-6.263204212538205,3720.0,-4.994535115078846,3720.0,0.2287874189473201,3720.0,1.2144567163036393,3720.0,5.087243618976532
3730.0,-8.711943625808008,3730.0,-6.281530581237079,3730.0,-5.003000204323331,3730.0,0.21184090979541673,3730.0,1.1936552692782103,3730.0,5.043701904671428
3740.0,-8.71374227258167,3740.0,-6.299479969061824,3740.0,-5.011361857722691,3740.0,0.1951011185652805,3740.0,1.1731165539290982,3740.0,5.000846253806426
3750.0,-8.715520102633286,3750.0,-6.317064706278987,3750.0,-5.019621553072234,3750.0,0.17856509034452125,3750.0,1.1528365313475835,3750.0,4.958661103951065
3760.0,-8.71727736956509,3760.0,-6.33429650739882,3760.0,-5.027780740387942,3760.0,0.16222992576202572,3760.0,1.1328112468206146,3760.0,4.9171314185998245
3770.0,-8.719014323363183,3770.0,-6.351186514055783,3770.0,-5.03584084261645,3770.0,0.14609277956926148,3770.0,1.1130368274544677,3770.0,4.8762426624287745
3780.0,-8.72073121046595,3780.0,-6.367745334023441,3780.0,-5.04380325632291,3780.0,0.1301508592664108,3780.0,1.0935094798818676,3780.0,4.835980778068333
3790.0,-8.722428273831184,3790.0,-6.383983076789071,3790.0,-5.051669352357288,3790.0,0.11440142377205863,3790.0,1.074225488048766,3790.0,4.7963321642764605
3800.0,-8.724105753003048,3800.0,-6.399909386061428,3800.0,-5.059440476500666,3800.0,0.09884178213349547,3800.0,1.0551812110763972,3800.0,4.757283655407295
3810.0,-8.725763884183682,3810.0,-6.415533469539937,3810.0,-5.067117950098157,3810.0,0.08346929227116547,3810.0,1.0363730811906893,3810.0,4.718822502075323
3820.0,-8.727402900305652,3820.0,-6.430864126226375,3820.0,-5.074703070674172,3820.0,0.06828135975979521,3820.0,1.0177976017198291,3820.0,4.680936352931742
3830.0,-8.72902303110006,3830.0,-6.445909771522838,3830.0,-5.082197112526015,3830.0,0.05327543665039276,3830.0,0.9994513451622924,3830.0,4.643613237479511
3840.0,-8.730624503161382,3840.0,-6.460678460337413,3840.0,-5.089601327298026,3840.0,0.03844902032951865,3840.0,0.9813309513217688,3840.0,4.606841549851911
3850.0,-8.73220754001017,3850.0,-6.475177908391617,3850.0,-5.096916944536786,3850.0,0.02379965241500357,3850.0,0.9634331255051382,3850.0,4.570610033488697
3860.0,-8.733772362153115,3860.0,-6.489415511901898,3860.0,-5.104145172228821,3860.0,0.009324917686074368,3860.0,0.9457546367816175,3860.0,4.534907766647074
3870.0,-8.735319187141322,3870.0,-6.50339836578695,3870.0,-5.111287197321237,3870.0,-0.00497755695322902,3870.0,0.9282923162997279,3870.0,4.499724148692549
3880.0,-8.736848229625242,3880.0,-6.517133280535633,3880.0,-5.118344186224691,3880.0,-0.01911010347754807,3880.0,0.911043055661954,3880.0,4.465048887117072
3890.0,-8.73835970140406,3890.0,-6.530626797853366,3890.0,-5.125317285297171,3890.0,-0.03307501370896729,3890.0,0.8940038053564584,3890.0,4.430871985241517
3900.0,-8.739853811473024,3900.0,-6.543885205197896,3900.0,-5.1322076213119034,3900.0,-0.04687454025591202,3900.0,0.8771715732409389,3900.0,4.397183730552636
3910.0,-8.74133076607091,3910.0,-6.5569145493038175,3910.0,-5.139016301912981,3910.0,-0.06051089742524288,3910.0,0.860543423074247,3910.0,4.3639746836336935
3920.0,-8.742790768727206,3920.0,-6.569720648781065,3920.0,-5.145744416057926,3920.0,-0.0739862621079398,3920.0,0.8441164730945169,3920.0,4.331235667650393
3930.0,-8.744234020308134,3930.0,-6.582309105864872,3930.0,-5.152393034447201,3930.0,-0.08730277463861293,3930.0,0.8278878946425787,3930.0,4.298957758358691
3940.0,-8.745660719061961,3940.0,-6.594685317387335,3940.0,-5.158963209941518,3940.0,-0.10046253963034882,3940.0,0.8118549108288529,3940.0,4.267132274602222
3950.0,-8.747070661010813,3950.0,-6.6068510368346445,3950.0,-5.165454134003136,3950.0,-0.11346393198907358,3950.0,0.7960192951139264,3950.0,4.23575967649363
3960.0,-8.748464498217707,3960.0,-6.61881525218208,3960.0,-5.171868939972191,3960.0,-0.1263132241672608,3960.0,0.7803732091379036,3960.0,4.204821509164293
3970.0,-8.749842402723088,3970.0,-6.6305826412871856,3970.0,-5.178208545147417,3970.0,-0.13901224965013817,3970.0,0.764914229443525,3970.0,4.174310179187879
3980.0,-8.751204556643932,3980.0,-6.642157821866756,3980.0,-5.184473907321906,3980.0,-0.1515629228048281,3980.0,0.7496398410927044,3980.0,4.144218026911526
3990.0,-8.752551140669762,3990.0,-6.653545260109747,3990.0,-5.19066597283353,3990.0,-0.1639671350472093,3990.0,0.7345475639366886,3990.0,4.114537572710986
4000.0,-8.753882333932525,4000.0,-6.66474927666756,4000.0,-5.1967856761664635,4000.0,-0.17622675405255087,4000.0,0.7196349533290303,4000.0,4.08526151350699
4010.0,-8.755198313902772,4010.0,-6.675774052432861,4010.0,-5.202833939661929,4010.0,-0.1883436231830728,4010.0,0.7048996005837738,4010.0,4.0563827190249935
4020.0,-8.7564992563099,4020.0,-6.686623634113186,4020.0,-5.208811673326044,4020.0,-0.20031956110822377,4020.0,0.6903391332080013,4020.0,4.027894227840022
4030.0,-8.757785736071723,4030.0,-6.697305273187211,4030.0,-5.214721622104942,4030.0,-0.2121600644170002,4030.0,0.6759467142216651,4030.0,3.9997804568986197
4040.0,-8.759057429534876,4040.0,-6.707818634496497,4040.0,-5.220562389783273,4040.0,-0.22386233025912247,4040.0,0.6617256010645545,4040.0,3.972045632748245
4050.0,-8.760314565237021,4050.0,-6.7181678786888215,4050.0,-5.226335115967997,4050.0,-0.23542863711255288,4050.0,0.6476728794246932,4050.0,3.944682003080114
4060.0,-8.761557316914438,4060.0,-6.7283566132534505,4060.0,-5.232040685453651,4060.0,-0.24686075314663355,4060.0,0.6337862606858989,4060.0,3.9176831215214487
4070.0,-8.762785855457306,4070.0,-6.7383883287191075,4070.0,-5.237679966617146,4070.0,-0.2581604137407429,4070.0,0.6200635012410766,4070.0,3.891042708876203
4080.0,-8.764000349048693,4080.0,-6.74826640421583,4080.0,-5.2432538121867065,4080.0,-0.26932932302497437,4080.0,0.6065024004328337,4080.0,3.864754645779075
4090.0,-8.765200963284784,4090.0,-6.757994112643521,4090.0,-5.248763059924297,4090.0,-0.28036915524889117,4090.0,0.5931007987103684,4090.0,3.8388129659308747
4100.0,-8.766387861278712,4100.0,-6.767574625478899,4100.0,-5.2542085332297015,4100.0,-0.291281555993573,4100.0,0.5798565759827262,4100.0,3.81321184986684
4110.0,-8.767560805105424,4110.0,-6.777007804314695,4110.0,-5.259589206990666,4110.0,-0.3020644647381323,4110.0,0.5667721138106527,4110.0,3.787954232267554
4120.0,-8.768720474853119,4120.0,-6.786300840497995,4120.0,-5.2649082756162455,4120.0,-0.31272428022836113,4120.0,0.5538395325990689,4120.0,3.7630233027575053
4130.0,-8.7698669363635,4130.0,-6.795455899028687,4130.0,-5.270166108379542,4130.0,-0.3232617384041678,4130.0,0.5410578292383346,4130.0,3.7384155953013547
4140.0,-8.771000338774948,4140.0,-6.80447574807319,4140.0,-5.275363454083362,4140.0,-0.33367833589527834,4140.0,0.5284250815156714,4140.0,3.7141259283943735
4150.0,-8.772120829943516,4150.0,-6.813363080597446,4150.0,-5.280501053012545,4150.0,-0.3439755523134512,4150.0,0.5159393917600597,4150.0,3.6901492252186356
4160.0,-8.77322855636267,4160.0,-6.82212051656922,4160.0,-5.28557963667482,4160.0,-0.35415484973576683,4160.0,0.5035988873310909,4160.0,3.6664805123172055
4170.0,-8.774323663100931,4170.0,-6.830750605153027,4170.0,-5.290599927614526,4170.0,-0.3642176723330201,4170.0,0.4914017209373438,4170.0,3.6431149180376496
4180.0,-8.77540629375466,4180.0,-6.839255826888781,4180.0,-5.295562639289411,4180.0,-0.37416544612413316,4180.0,0.4793460708062891,4180.0,3.6200476707829408
4190.0,-8.776476983616313,4190.0,-6.847641685957076,4190.0,-5.3004702856141215,4190.0,-0.3840032084891384,4190.0,0.46742574254362224,4190.0,3.5972656930952995
4200.0,-8.777535334736564,4200.0,-6.855906297976146,4200.0,-5.305321086565381,4200.0,-0.3937273852809147,4200.0,0.4556449804159164,4200.0,3.5747759088669984
4210.0,-8.778581602038685,4210.0,-6.864052860413872,4210.0,-5.310116259632501,4210.0,-0.40334041314601554,4210.0,0.44400074777409343,4210.0,3.552571364963554
4220.0,-8.779615927373637,4220.0,-6.872083634894887,4220.0,-5.314856501364234,4220.0,-0.41284368433429225,4220.0,0.43249127663154235,4220.0,3.530647577908314
4230.0,-8.780638450317126,4230.0,-6.880000819137424,4230.0,-5.3195424960137405,4230.0,-0.42223856652964614,4230.0,0.42111483172355996,4230.0,3.509000169015096
4240.0,-8.78164930829501,4240.0,-6.887806549789792,4240.0,-5.324174916150671,4240.0,-0.4315264040671822,4240.0,0.40986970892945457,4240.0,3.4876248597521453
4250.0,-8.782648446700762,4250.0,-6.895501439322417,4250.0,-5.328753549892325,4250.0,-0.4407067671650866,4250.0,0.3987563545427681,4250.0,3.4665214926052568
4260.0,-8.783636128332041,4260.0,-6.90308850583285,4260.0,-5.333279638740523,4260.0,-0.4497821404326402,4260.0,0.3877716893570319,4260.0,3.4456832519470586
4270.0,-8.784612576279445,4270.0,-6.91057042459373,4270.0,-5.337754244604025,4270.0,-0.4587546496074265,4270.0,0.37691307139546604,4270.0,3.4251041936281994
4280.0,-8.785577916144241,4280.0,-6.917949077572039,4280.0,-5.342177977887265,4280.0,-0.4676255143173597,4280.0,0.36617895816469964,4280.0,3.4047804960089936
4290.0,-8.786532272665221,4290.0,-6.925226302893368,4290.0,-5.346551442909397,4290.0,-0.4763959418848628,4290.0,0.3555678245011211,4290.0,3.3847084041798716
4300.0,-8.78747576962812,4300.0,-6.932403895739605,4300.0,-5.350875237632658,4300.0,-0.4850671268051899,4300.0,0.3450781631142487,4300.0,3.3648842297169472
4310.0,-8.788408529791653,4310.0,-6.939483609280529,4310.0,-5.355149953447055,4310.0,-0.4936402503337115,4310.0,0.33470848500146994,4310.0,3.3453043502460185
4320.0,-8.789330674828117,4320.0,-6.9464671556437505,4320.0,-5.359376175012614,4320.0,-0.5021164801853767,4320.0,0.32445731973054287,4320.0,3.3259652088045235
4330.0,-8.79024232527712,4330.0,-6.953356206911047,4330.0,-5.363554480149887,4330.0,-0.5104969703290044,4330.0,0.31432321561057674,4330.0,3.3068633130394254
4340.0,-8.791143600510146,4340.0,-6.9601523961296365,4340.0,-5.367685439770568,4340.0,-0.5187828608591629,4340.0,0.3043047397718279,4340.0,3.287995234276748
4350.0,-8.792034618703932,4350.0,-6.966857318328971,4350.0,-5.3717696178402035,4350.0,-0.5269752779315862,4350.0,0.2944004781715859,4350.0,3.2693576064941734
4360.0,-8.79291549682062,4360.0,-6.9734725315342985,4360.0,-5.375807571367454,4360.0,-0.5350753337495666,4360.0,0.28460903554133654,4360.0,3.250947125222108
4370.0,-8.793786350593296,4370.0,-6.9799995577712535,4370.0,-5.379799850413423,4370.0,-0.5430841265911517,4370.0,0.27492903528617374,4370.0,3.2327605463932456
4380.0,-8.794647294516945,4380.0,-6.986439884057959,4380.0,-5.38374699811914,4380.0,-0.5510027408707255,4380.0,0.26535911934608225,4380.0,3.2147946851571647
4390.0,-8.795498441843746,4390.0,-6.99279496338062,4390.0,-5.387649550747199,4390.0,-0.5588322472275672,4390.0,0.2558979480262097,4390.0,3.197046414672163
4400.0,-8.796339904581917,4400.0,-6.999066215649894,4400.0,-5.391508037734703,4400.0,-0.5665737026364359,4400.0,0.24654419980337586,4400.0,3.179512664886116
4410.0,-8.797171793497707,4410.0,-7.005255028636421,4410.0,-5.395322981755321,4410.0,-0.5742281505354436,4410.0,0.23729657111346794,4410.0,3.162190421314719
4420.0,-8.797994218119662,4420.0,-7.011362758883373,4420.0,-5.399094898788427,4420.0,-0.5817966209673692,4420.0,0.22815377612502796,4420.0,3.1450767238239097
4430.0,-8.798807286744784,4430.0,-7.017390732595615,4430.0,-5.402824298193755,4430.0,-0.5892801307314084,4430.0,0.21911454650174086,4430.0,3.128168665422173
4440.0,-8.799611106446388,4440.0,-7.023340246504435,4440.0,-5.406511682790372,4440.0,-0.5966796835431062,4440.0,0.21017763115756707,4440.0,3.111463391067001
4450.0,-8.8004057830834,4450.0,-7.029212568707807,4450.0,-5.410157548938584,4450.0,-0.6039962702000429,4450.0,0.20134179600624533,4450.0,3.094958096488807
4460.0,-8.80119142130981,4460.0,-7.035008939485546,4460.0,-5.413762386623853,4460.0,-0.611230868751178,4460.0,0.19260582370832408,4460.0,3.078650027035714
4470.0,-8.80196812458517,4470.0,-7.040730572089831,4470.0,-5.417326679542178,4470.0,-0.6183844446692157,4470.0,0.18396851341622875,4470.0,3.0625364765400427
4480.0,-8.802735995185603,4480.0,-7.046378653511254,4480.0,-5.42085090518603,4480.0,-0.6254579510241495,4480.0,0.17542868051912638,4480.0,3.0466147862088397
4490.0,-8.803495134215112,4490.0,-7.051954345221063,4490.0,-5.424335534931298,4490.0,-0.6324523286579812,4490.0,0.16698515638865016,4490.0,3.030882343538546
4500.0,-8.80424564161742,4500.0,-7.057458783889685,4500.0,-5.427781034123542,4500.0,-0.6393685063590824,4500.0,0.15863678812592072,4500.0,3.0153365812551463
4510.0,-8.80498761618795,4510.0,-7.062893082082815,4510.0,-5.431187862164856,4510.0,-0.64620740103629,4510.0,0.15038243831070655,4510.0,2.999974976279612
4520.0,-8.8057211555877,4520.0,-7.0682583289360945,4520.0,-5.434556472601184,4520.0,-0.6529699178932784,4520.0,0.14222098475177763,4520.0,2.9847950487174337
4530.0,-8.806446356357986,4530.0,-7.073555590809459,4530.0,-5.4378873132101955,4530.0,-0.6596569506024179,4530.0,0.13415132023951584,4530.0,2.9697943608733626
4540.0,-8.807163313934652,4540.0,-7.078785911919146,4540.0,-5.441180826087317,4540.0,-0.666269381476221,4540.0,0.12617235230281937,4540.0,2.9549705162917093
4550.0,-8.807872122661788,4550.0,-7.083950314949088,4550.0,-5.444437447730633,4550.0,-0.6728080816362649,4550.0,0.1182830029695747,4550.0,2.940321158822827
4560.0,-8.80857287580493,4560.0,-7.089049801642183,4560.0,-5.447657609124101,4560.0,-0.6792739111795169,4560.0,0.11048220853219343,4560.0,2.925843971714485
4570.0,-8.80926566556443,4570.0,-7.094085353371508,4570.0,-5.450841735819524,4570.0,-0.6856677193422466,4570.0,0.10276891931661583,4570.0,2.9115366767283097
4580.0,-8.809950583087865,4580.0,-7.099057931693399,4580.0,-5.453990248016927,4580.0,-0.6919903446610042,4580.0,0.09514209945627582,4580.0,2.8973970332798986
4590.0,-8.810627718482587,4590.0,-7.103968478881733,4590.0,-5.4571035606435965,4590.0,-0.6982426151309049,4590.0,0.0876007266699758,4590.0,2.8834228376031015
4600.0,-8.81129716082715,4600.0,-7.108817918444597,4600.0,-5.460182083430896,4600.0,-0.7044253483607529,4600.0,0.08014379204490736,4600.0,2.8696119219372775
4610.0,-8.811958998182767,4610.0,-7.1136071556237175,4610.0,-5.463226220989882,4610.0,-0.7105393517253451,4610.0,0.07277029982390035,4610.0,2.855962153737971
4620.0,-8.812613317604693,4620.0,-7.1183370778783,4620.0,-5.466236372885865,4620.0,-0.716585422515283,4620.0,0.06547926719643801,4620.0,2.842471434907598
4630.0,-8.813260205153902,4630.0,-7.1230085553532385,4630.0,-5.469212933711778,4630.0,-0.7225643480848328,4630.0,0.058269724093659846,4630.0,2.8291377010483774
4640.0,-8.813899745908376,4640.0,-7.127622441332583,4640.0,-5.472156293160416,4640.0,-0.7284769059967412,4640.0,0.05114071298723034,4640.0,2.81595892073494
4650.0,-8.814532023974852,4650.0,-7.132179572678316,4650.0,-5.475066836095506,4650.0,-0.7343238641649665,4650.0,0.044091288692201504,4650.0,2.8029330948069062
4660.0,-8.81515712250005,4660.0,-7.136680770255613,4660.0,-5.477944942621514,4660.0,-0.740105980994731,4660.0,0.03712051817369852,4660.0,2.7900582556810427
4670.0,-8.815775123682048,4670.0,-7.141126839344268,4670.0,-5.4807909881523456,4670.0,-0.7458240055202535,4670.0,0.03022748035740957,4670.0,2.7773324666818224
4680.0,-8.816386108781986,4680.0,-7.145518570037682,4680.0,-5.483605343479276,4680.0,-0.7514786775402745,4680.0,0.02341126594333785,4680.0,2.7647538213898932
4690.0,-8.816990158135456,4690.0,-7.149856737629435,4690.0,-5.486388374837418,4690.0,-0.757070727751298,4690.0,0.016670977223428383,4690.0,2.7523204430083514
4700.0,-8.817587351163795,4700.0,-7.15414210298738,4700.0,-5.489140443971236,4700.0,-0.7626008778782842,4700.0,0.010005727902828651,4700.0,2.740030483746166
4710.0,-8.818177766384956,4710.0,-7.1583754129160555,4710.0,-5.491861908198384,4710.0,-0.7680698408025549,4710.0,0.0034146429251273327,4710.0,2.727882124218441
4720.0,-8.818761481424193,4720.0,-7.1625574005076995,4720.0,-5.494553120472625,4720.0,-0.7734783206878365,4720.0,-0.003103141699346081,4720.0,2.7158735728629955
4730.0,-8.81933857302476,4730.0,-7.166688785482299,4730.0,-5.497214429445233,4730.0,-0.7788270131033688,4730.0,-0.009548479061142952,4730.0,2.7040030653723934
4740.0,-8.81990911705796,4740.0,-7.170770274517268,4740.0,-5.499846179525603,4740.0,-0.7841166051453428,4740.0,-0.015922211516509268,4740.0,2.6922688641413406
4750.0,-8.820473188533777,4750.0,-7.174802561566921,4750.0,-5.502448710940606,4750.0,-0.7893477755558899,4750.0,-0.02222517084872021,4750.0,2.6806692577285602
4760.0,-8.821030861611444,4760.0,-7.178786328172934,4760.0,-5.505022359793795,4760.0,-0.7945211948406385,4760.0,-0.028458178426851537,4760.0,2.669202560332325
4770.0,-8.821582209610142,4770.0,-7.182722243765088,4770.0,-5.5075674581229475,4770.0,-0.7996375253840516,4770.0,-0.0346220453616222,4770.0,2.6578671112800136
4780.0,-8.822127305019004,4780.0,-7.186610965953012,4780.0,-5.510084333957022,4780.0,-0.8046974215626009,4780.0,-0.040717572657589254,4780.0,2.646661274530969
4790.0,-8.822666219507404,4790.0,-7.190453140808655,4790.0,-5.512573311371566,4790.0,-0.8097015298559138,4790.0,-0.046745551362720426,4790.0,2.6355834381927092
4800.0,-8.823199023934427,4800.0,-7.1942494031405895,4800.0,-5.515034710543123,4800.0,-0.8146504889555801,4800.0,-0.05270676271459585,4800.0,2.6246320140495802
4810.0,-8.823725788358606,4810.0,-7.19800037675964,4810.0,-5.517468847802915,4810.0,-0.8195449298722395,4810.0,-0.058601978284110595,4810.0,2.613805437103604
4820.0,-8.824246582047222,4820.0,-7.201706674736829,4820.0,-5.519876035689065,4820.0,-0.8243854760407104,4820.0,-0.06443196011597896,4820.0,2.6031021651276194
4830.0,-8.824761473485317,4830.0,-7.205368899653388,4830.0,-5.522256582998097,4830.0,-0.8291727434228386,4830.0,-0.07019746086654746,4830.0,2.592520678229498
4840.0,-8.825270530383891,4840.0,-7.208987643842664,4840.0,-5.524610794834566,4840.0,-0.8339073406082174,4840.0,-0.07589922393847265,4840.0,2.582059478428517
4850.0,-8.825773819688242,4850.0,-7.212563489625068,4850.0,-5.526938972660237,4850.0,-0.8385898689131919,4850.0,-0.08153798361263259,4850.0,2.5717170892421897
4860.0,-8.826271407586267,4860.0,-7.2160970095364325,4860.0,-5.52924141434232,4860.0,-0.8432209224782139,4860.0,-0.08711446517806538,4860.0,2.561492055283246
4870.0,-8.826763359516852,4870.0,-7.2195887665497,4870.0,-5.531518414201468,4870.0,-0.847801088363821,4870.0,-0.09262938505957619,4870.0,2.551382941866784
4880.0,-8.827249740178308,4880.0,-7.2230393142904346,4880.0,-5.5337702630584475,4880.0,-0.8523309466451282,4880.0,-0.09808345094286117,4880.0,2.541388334626858
4890.0,-8.827730613536525,4890.0,-7.226449197246119,4890.0,-5.535997248280817,4890.0,-0.8568110705048017,4890.0,-0.10347736189789032,4890.0,2.5315068391426503
4900.0,-8.828206042833605,4900.0,-7.229818950969549,4900.0,-5.538199653828219,4900.0,-0.8612420263243249,4900.0,-0.10881180849944476,4900.0,2.5217370805736596
4910.0,-8.828676090595497,4910.0,-7.23314910227613,4910.0,-5.540377760297226,4910.0,-0.8656243737738759,4910.0,-0.11408747294581756,4910.0,2.512077703304252
4920.0,-8.829140818639862,4920.0,-7.23644016943543,4920.0,-5.542531844964795,4920.0,-0.8699586659001601,4920.0,-0.11930502917491995,4920.0,2.502527370596933
4930.0,-8.829600288083673,4930.0,-7.23969266235735,4930.0,-5.544662181831463,4930.0,-0.8742454492131115,4930.0,-0.12446514297826872,4930.0,2.493084764253918
4940.0,-8.830054559350925,4940.0,-7.242907082773164,4940.0,-5.5467690416638336,4940.0,-0.8784852637712756,4940.0,-0.12956847211336117,4940.0,2.483748584286866
4950.0,-8.830503692180386,4950.0,-7.2460839244117405,4950.0,-5.548852692036394,4950.0,-0.8826786432659506,4950.0,-0.1346156664139786,4950.0,2.474517548594082
4960.0,-8.83094774563332,4960.0,-7.249223673170824,4960.0,-5.550913397372973,4960.0,-0.8868261151038281,4960.0,-0.13960736789873865,4960.0,2.465390392645786
4970.0,-8.83138677810111,4970.0,-7.252326807283547,4970.0,-5.552951418987352,4970.0,-0.8909282004888033,4970.0,-0.14454421087768018,4970.0,2.4563658691764054
4980.0,-8.831820847312919,4980.0,-7.255393797480472,4980.0,-5.554967015123368,4980.0,-0.8949854145018321,4980.0,-0.14942682205710664,4980.0,2.4474427478843217
4990.0,-8.832250010343229,4990.0,-7.258425107147269,4990.0,-5.55696044099447,4990.0,-0.8989982661804137,4990.0,-0.1542558206427143,4990.0,2.438619815138385
5000.0,-8.832674323619578,5000.0,-7.261421192478204,5000.0,-5.558931948822777,5000.0,-0.9029672585962951,5000.0,-0.15903181844091374,5000.0,2.429895873691132
5010.0,-8.833093842929935,5010.0,-7.264382502625333,5010.0,-5.560881787877517,5010.0,-0.9068928889321912,5010.0,-0.16375541995874096,5010.0,2.4212697423989473
5020.0,-8.833508623430102,5020.0,-7.267309479843735,5020.0,-5.562810204512539,5020.0,-0.9107756485572138,5020.0,-0.16842722250154585,5020.0,2.4127402559483566
5030.0,-8.833918719650912,5030.0,-7.270202559632571,5030.0,-5.564717442203767,5030.0,-0.9146160231010464,5030.0,-0.17304781626926147,5030.0,2.404306264588737
5040.0,-8.83432418550551,5040.0,-7.273062170872691,5040.0,-5.5666037415854674,5040.0,-0.9184144925270095,5040.0,-0.1776177844512026,5040.0,2.3959666338712577
5050.0,-8.834725074296266,5050.0,-7.275888735960419,5050.0,-5.568469340486454,5050.0,-0.9221715312042303,5050.0,-0.18213770331891177,5050.0,2.3877202443933023
5060.0,-8.835121438721826,5060.0,-7.278682670937724,5060.0,-5.570314473965522,5060.0,-0.9258876079781934,5060.0,-0.18660814231795617,5060.0,2.3795659915491085
5070.0,-8.835513330883694,5070.0,-7.281444385618507,5070.0,-5.572139374345845,5070.0,-0.9295631862403002,5070.0,-0.1910296641571199,5070.0,2.371502785286106
5080.0,-8.835900802291956,5080.0,-7.284174283711359,5080.0,-5.573944271248497,5080.0,-0.9331987239955133,5080.0,-0.19540282489639324,5080.0,2.363529549867082
5090.0,-8.8362839038715,5090.0,-7.286872762939043,5090.0,-5.57572939162576,5090.0,-0.9367946739296222,5090.0,-0.1997281740331633,5090.0,2.3556452236376733
5100.0,-8.836662685968392,5100.0,-7.289540215155203,5100.0,-5.577494959794122,5100.0,-0.9403514834753913,5100.0,-0.2040062545877222,5100.0,2.3478487587981482
5110.0,-8.83703719835609,5110.0,-7.292177026458345,5110.0,-5.579241197466882,5110.0,-0.9438695948779916,5110.0,-0.20823760318716017,5110.0,2.3401391211807683
5120.0,-8.837407490241784,5120.0,-7.294783577302715,5120.0,-5.580968323786366,5120.0,-0.9473494452595861,5120.0,-0.21242275014820958,5120.0,2.3325152900311794
5130.0,-8.837773610272873,5130.0,-7.2973602426065085,5130.0,-5.582676555355753,5130.0,-0.9507914666829576,5130.0,-0.21656221955877222,5130.0,2.3249762577949022
5140.0,-8.83813560654325,5140.0,-7.299907391857618,5140.0,-5.5843661062706795,5140.0,-0.9541960862143966,5140.0,-0.22065652935835933,5140.0,2.317521029907818
5150.0,-8.83849352660055,5150.0,-7.302425389217271,5150.0,-5.586037188151031,5150.0,-0.9575637259865071,5150.0,-0.2247061914179146,5150.0,2.31014862459092
5160.0,-8.838847417453625,5160.0,-7.304914593621587,5160.0,-5.5876900101727855,5160.0,-0.9608948032603113,5160.0,-0.2287117116190054,5160.0,2.302858072648258
5170.0,-8.839197325579756,5170.0,-7.307375358880551,5170.0,-5.589324779099224,5170.0,-0.9641897304866476,5170.0,-0.23267358993154924,5170.0,2.2956484172697498
5180.0,-8.8395432969317,5180.0,-7.309808033774187,5180.0,-5.590941699311549,5180.0,-0.9674489153662318,5180.0,-0.23659232049007461,5180.0,2.2885187138380254
5190.0,-8.839885376944267,5190.0,-7.312212962146349,5190.0,-5.592540972838846,5190.0,-0.9706727609087308,5190.0,-0.24046839166868433,5190.0,2.28146802973956
5200.0,-8.840223610541031,5200.0,-7.314590482995872,5200.0,-5.594122799387376,5200.0,-0.9738616654909842,5200.0,-0.24430228615492164,5200.0,2.2744954441798018
5210.0,-8.840558042140476,5210.0,-7.3169409305655355,5210.0,-5.595687376369703,5210.0,-0.9770160229140818,5210.0,-0.24809448102192166,5210.0,2.2676000480021914
5220.0,-8.840888715662164,5220.0,-7.319264634428743,5220.0,-5.597234898932706,5220.0,-0.9801362224595975,5220.0,-0.2518454477999166,5220.0,2.260780943510939
5230.0,-8.841215674532014,5230.0,-7.32156191957319,5230.0,-5.59876555998518,5230.0,-0.9832226489444149,5230.0,-0.255555652545522,5230.0,2.2540372442981984
5240.0,-8.841538961687725,5240.0,-7.323833106482855,5240.0,-5.600279550224332,5240.0,-0.9862756827746343,5240.0,-0.2592255559100773,5240.0,2.2473680750743537
5250.0,-8.841858619583698,5250.0,-7.3260785112176015,5250.0,-5.6017770581624475,5250.0,-0.9892956999987684,5250.0,-0.2628556132071049,5250.0,2.2407725715024
5260.0,-8.842174690196487,5260.0,-7.328298445491347,5260.0,-5.603258270153014,5260.0,-0.9922830723601931,5260.0,-0.2664462744786829,5260.0,2.234249880034839
5270.0,-8.842487215029868,5270.0,-7.330493216748138,5270.0,-5.604723370416657,5270.0,-0.9952381673492329,5270.0,-0.26999798456101026,5270.0,2.22779915775401
5280.0,-8.842796235120328,5280.0,-7.33266312823685,5280.0,-5.606172541066757,5280.0,-0.9981613482543263,5280.0,-0.2735111831489625,5280.0,2.221419572215374
5290.0,-8.843101791042153,5290.0,-7.334808479083871,5290.0,-5.60760596213471,5290.0,-1.001052974212523,5290.0,-0.27698630485994596,5290.0,2.2151103012939464
5300.0,-8.843403922912682,5300.0,-7.336929564364323,5300.0,-5.609023811595209,5300.0,-1.00391340025973,5300.0,-0.28042377929685397,5300.0,2.208870533033227
5310.0,-8.843702670398836,5310.0,-7.3390266751727395,5310.0,-5.610426265391793,5310.0,-1.0067429773808352,5310.0,-0.28382403111091314,5310.0,2.2026994654967145
5320.0,-8.843998072722515,5320.0,-7.341100098691489,5320.0,-5.611813497461924,5320.0,-1.009542052559096,5320.0,-0.28718748006344047,5320.0,2.196596306621679
5330.0,-8.844290168666356,5330.0,-7.3431501182576895,5330.0,-5.613185679761427,5330.0,-1.012310968824307,5330.0,-0.2905145410865549,5330.0,2.1905602740769003
5340.0,-8.84457899657852,5340.0,-7.345177013427876,5340.0,-5.614542982288132,5340.0,-1.0150500653002732,5340.0,-0.2938056243422601,5340.0,2.1845905951228533
5350.0,-8.844864594377684,5350.0,-7.347181060041455,5350.0,-5.615885573105215,5350.0,-1.0177596772513104,5350.0,-0.2970611352808754,5350.0,2.1786865064747976
5360.0,-8.84514699955757,5360.0,-7.349162530282229,5360.0,-5.617213618363933,5360.0,-1.020440136127869,5360.0,-0.3002814746984803,5360.0,2.1728472541687034
5370.0,-8.845426249191574,5370.0,-7.351121692738921,5370.0,-5.618527282326267,5370.0,-1.0230917696118698,5370.0,-0.30346703879336295,5370.0,2.167072093429341
5380.0,-8.84570237993721,5380.0,-7.353058812463721,5380.0,-5.619826727386722,5380.0,-1.0257149016609735,5380.0,-0.30661821922160976,5380.0,2.161360288541339
5390.0,-8.845975428039957,5390.0,-7.354974151029817,5390.0,-5.621112114094121,5390.0,-1.0283098525522831,5390.0,-0.3097354031518035,5390.0,2.1557111127226682
5400.0,-8.846245429337749,5400.0,-7.356867966587394,5400.0,-5.622383601172884,5400.0,-1.0308769389254007,5400.0,-0.3128189733188434,5400.0,2.1501238479998905
5410.0,-8.846512419265135,5410.0,-7.358740513918946,5410.0,-5.623641345544296,5410.0,-1.0334164738251892,5410.0,-0.3158693080775578,5410.0,2.144597785086189
5420.0,-8.846776432857624,5420.0,-7.360592044493007,5420.0,-5.624885502347616,5420.0,-1.0359287667440833,5420.0,-0.31888678145515986,5420.0,2.1391322232610364
5430.0,-8.84703750475611,5430.0,-7.362422806517269,5430.0,-5.626116224960953,5430.0,-1.038414123663775,5430.0,-0.32187176320347866,5430.0,2.1337264702519145
5440.0,-8.847295669211297,5440.0,-7.364233044990346,5440.0,-5.627333665022031,5440.0,-1.040872847096768,5440.0,-0.32482461885042024,5440.0,2.128379842118497
5450.0,-8.847550960087993,5450.0,-7.366023001752579,5450.0,-5.628537972448504,5450.0,-1.0433052361269617,5450.0,-0.32774570975073025,5450.0,2.1230916631380743
5460.0,-8.847803410869743,5460.0,-7.367792915535846,5460.0,-5.62972929545853,5460.0,-1.045711586450174,5460.0,-0.33063539313610024,5460.0,2.117861265693653
5470.0,-8.848053054663406,5470.0,-7.369543022012723,5470.0,-5.6309077805908405,5470.0,-1.0480921904143503,5470.0,-0.3334940221651297,5470.0,2.112687990163151
5480.0,-8.848299924203799,5480.0,-7.371273553844375,5480.0,-5.632073572724988,5480.0,-1.0504473370591798,5480.0,-0.33632194597236054,5480.0,2.107571184810801
5490.0,-8.848544051858335,5490.0,-7.372984740727724,5490.0,-5.633226815101098,5490.0,-1.0527773121552986,5490.0,-0.33911950971665683,5490.0,2.1025102056803107
5500.0,-8.84878546963149,5500.0,-7.374676809441399,5500.0,-5.6343676493393735,5500.0,-1.0550823982427129,5500.0,-0.3418870546291129,5500.0,2.097504416489943
5510.0,-8.84902420916909,5510.0,-7.3763499838907425,5510.0,-5.635496215459311,5510.0,-1.0573628746689625,5510.0,-0.3446249180599828,5510.0,2.092553188529467
5520.0,-8.849260301762683,5520.0,-7.378004485151942,5520.0,-5.636612651898674,5520.0,-1.0596190176266418,5520.0,-0.34733343352512563,5520.0,2.0876559005586715
5530.0,-8.84949377835387,5530.0,-7.379640531515297,5530.0,-5.637717095532122,5530.0,-1.0618511001904418,5530.0,-0.3500129307518487,5530.0,2.082811938707704
5540.0,-8.849724669538558,5540.0,-7.381258338527635,5540.0,-5.638809681689981,5540.0,-1.0640593923539312,5540.0,-0.35266373572426446,5540.0,2.0780206963790944
5550.0,-8.849953005571681,5550.0,-7.382858119034327,5550.0,-5.639890544176836,5550.0,-1.0662441610661928,5550.0,-0.3552861707283523,5550.0,2.073281574150655
5560.0,-8.850178816371695,5560.0,-7.384440083220384,5560.0,-5.640959815290056,5560.0,-1.0684056702678684,5560.0,-0.3578805543962967,5560.0,2.068593979680394
5570.0,-8.850402131524929,5570.0,-7.386004438650453,5570.0,-5.642017625837701,5570.0,-1.0705441809265375,5570.0,-0.3604472017502808,5570.0,2.063957327613134
5580.0,-8.85062298028976,5580.0,-7.38755139030825,5580.0,-5.6430641051563475,5580.0,-1.072659951071862,5580.0,-0.3629864242454018,5580.0,2.0593710394884854
5590.0,-8.850841391600481,5590.0,-7.389081140634723,5590.0,-5.6440993811283935,5590.0,-1.0747532358297824,5590.0,-0.36549852981211395,5590.0,2.054834543650578
5600.0,-8.851057394071473,5600.0,-7.390593889565814,5600.0,-5.645123580199282,5600.0,-1.0768242874565273,5600.0,-0.3679838228979175,5600.0,2.050347275159287
5610.0,-8.851271016000927,5610.0,-7.392089834569183,5610.0,-5.646136827394243,5610.0,-1.0788733553720493,5610.0,-0.37044260450846744,5610.0,2.0459086757030858
5620.0,-8.851482285374438,5620.0,-7.393569170680162,5620.0,-5.647139246334798,5620.0,-1.0809006861928365,5620.0,-0.37287517224819006,5620.0,2.0415181935130615
5630.0,-8.851691229868502,5630.0,-7.395032090536942,5630.0,-5.648130959255122,5630.0,-1.082906523764321,5630.0,-0.3752818203598725,5630.0,2.037175283278695
5640.0,-8.851897876853965,5640.0,-7.3964787844149384,5640.0,-5.649112087017684,5640.0,-1.084891109192791,5640.0,-0.37766283976426585,5640.0,2.032879406065041
5650.0,-8.852102253399552,5650.0,-7.397909440260865,5650.0,-5.650082749129344,5650.0,-1.086854680876995,5650.0,-0.3800185180986968,5650.0,2.0286300292307597
5660.0,-8.852304386275081,5660.0,-7.399324243725769,5660.0,-5.651043063756838,5660.0,-1.0887974745392646,5660.0,-0.38234913975550644,5660.0,2.0244266263480473
5670.0,-8.852504301954825,5670.0,-7.400723378197664,5670.0,-5.651993147742145,5670.0,-1.0907197232562817,5670.0,-0.3846549859198675,5670.0,2.0202686771232736
5680.0,-8.852702026620962,5680.0,-7.402107024833654,5680.0,-5.652933116617796,5680.0,-1.0926216574897227,5680.0,-0.38693633460720694,5680.0,2.0161556673189818
5690.0,-8.852897586166687,5690.0,-7.40347536259122,5690.0,-5.6538630846218805,5690.0,-1.0945035051159426,5690.0,-0.38919346069999317,5690.0,2.012087088677374
5700.0,-8.853091006199275,5700.0,-7.404828568258944,5700.0,-5.654783164712634,5700.0,-1.0963654914557652,5700.0,-0.3914266359840229,5700.0,2.0080624388447843
5710.0,-8.853282312042849,5710.0,-7.406166816486237,5710.0,-5.655693468582716,5710.0,-1.0982078393031023,5710.0,-0.39363612918390944,5710.0,2.004081221297726
5720.0,-8.853471528741265,5720.0,-7.407490279812963,5720.0,-5.656594106673393,5720.0,-1.1000307689538988,5720.0,-0.3958222059983812,5720.0,2.000142945270044
5730.0,-8.853658681061027,5730.0,-7.408799128698267,5730.0,-5.657485188188771,5730.0,-1.1018344982341934,5730.0,-0.39798512913506734,5730.0,1.9962471256805039
5740.0,-8.853843793494292,5740.0,-7.410093531549415,5740.0,-5.658366821109647,5740.0,-1.10361924252866,5740.0,-0.4001251583450766,5740.0,1.9923932830622497
5750.0,-8.854026890261826,5750.0,-7.4113736547496405,5750.0,-5.659239112207608,5750.0,-1.1053852148081966,5750.0,-0.4022425504571699,5750.0,1.9885809434925918
5760.0,-8.854207995316091,5760.0,-7.412639662686011,5760.0,-5.660102167058713,5760.0,-1.1071326256576917,5760.0,-0.4043375594114243,5760.0,1.984809638523891
5770.0,-8.854387132344025,5770.0,-7.413891717776582,5770.0,-5.660956090057128,5770.0,-1.10886168330295,5770.0,-0.4064104362926236,5770.0,1.9810789051157636
5780.0,-8.854564324769933,5780.0,-7.415129980496678,5780.0,-5.661800984428228,5780.0,-1.1105725936376045,5780.0,-0.4084614293628472,5780.0,1.9773882855684013
5790.0,-8.85473959575766,5790.0,-7.416354609404789,5790.0,-5.66263695224165,5790.0,-1.1122655602491098,5790.0,-0.4104907840935244,5790.0,1.9737373274568468
5800.0,-8.854912968213421,5800.0,-7.417565761168261,5800.0,-5.663464094423875,5800.0,-1.1139407844446911,5800.0,-0.4124987431973967,5800.0,1.970125583566471
5810.0,-8.85508446478835,5810.0,-7.418763590588198,5810.0,-5.664282510771227,5810.0,-1.1155984652771638,5810.0,-0.414485546659886,5810.0,1.9665526118287178
5820.0,-8.855254107881208,5820.0,-7.4199482506244685,5820.0,-5.665092299962538,5820.0,-1.1172387995705002,5820.0,-0.4164514317703601,5820.0,1.9630179752583248
5830.0,-8.855421919641152,5830.0,-7.421119892420129,5830.0,-5.66589355957176,5830.0,-1.1188619819450485,5830.0,-0.4183966331531128,5830.0,1.9595212418909163
5840.0,-8.855587921970429,5840.0,-7.422278665325592,5840.0,-5.666686386080491,5840.0,-1.1204682048425763,5840.0,-0.4203213827978897,5840.0,1.956061984721753
5850.0,-8.855752136527116,5850.0,-7.423424716922202,5850.0,-5.6674708748903555,5850.0,-1.1220576585510398,5850.0,-0.4222259100899975,5850.0,1.952639781645014
5860.0,-8.855914584727993,5860.0,-7.424558193045885,5860.0,-5.668247120335486,5860.0,-1.1236305312291743,5860.0,-0.42411044184046637,5860.0,1.9492542153940866
5870.0,-8.856075287751379,5870.0,-7.42567923781017,5870.0,-5.669015215694676,5870.0,-1.125187008930791,5870.0,-0.4259752023155661,5870.0,1.9459048734826836
5880.0,-8.85623426653991,5880.0,-7.426787993628907,5880.0,-5.669775253203498,5880.0,-1.1267272756288993,5880.0,-0.4278204132661293,5880.0,1.94259134814638
5890.0,-8.85639154180328,5890.0,-7.427884601238572,5890.0,-5.670527324066326,5890.0,-1.1282515132392534,5890.0,-0.42964629395638043,5890.0,1.9393132362856143
5900.0,-8.856547134020788,5900.0,-7.428969199720287,5900.0,-5.671271518467986,5900.0,-1.1297599016439408,5900.0,-0.43145306119254223,5900.0,1.9360701394089437
5910.0,-8.856701063444246,5910.0,-7.430041926521295,5910.0,-5.672007925585405,5910.0,-1.1312526187143441,5910.0,-0.43324092935093655,5910.0,1.9328616635775542
5920.0,-8.856853350100286,5920.0,-7.43110291747625,5920.0,-5.672736633599177,5920.0,-1.1327298403341208,5920.0,-0.43501011040567267,5920.0,1.9296874193501679
5930.0,-8.857004013793143,5930.0,-7.432152306828049,5930.0,-5.67345772970479,5930.0,-1.1341917404216926,5930.0,-0.4367608139564118,5930.0,1.9265470217288765
5940.0,-8.857153074106973,5940.0,-7.433190227248426,5940.0,-5.674171300123917,5940.0,-1.1356384909524984,5940.0,-0.4384932472552453,5940.0,1.9234400901059407
5950.0,-8.8573005504086,5950.0,-7.434216809858132,5950.0,-5.674877430115283,5950.0,-1.1370702619811324,5950.0,-0.4402076152335318,5950.0,1.9203662482108304
5960.0,-8.857446461849735,5960.0,-7.435232184246816,5960.0,-5.67557620398585,5960.0,-1.138487221663056,5960.0,-0.44190412052848865,5960.0,1.9173251240584495
5970.0,-8.857590827369485,5970.0,-7.436236478492617,5970.0,-5.676267705101435,5970.0,-1.1398895362760215,5970.0,-0.443582963509254,5970.0,1.9143163498978886
5980.0,-8.857733665696854,5980.0,-7.437229819181396,5980.0,-5.6769520158973314,5980.0,-1.14127737024143,5980.0,-0.44524434230265636,5980.0,1.9113395621616505
5990.0,-8.857874995352876,5990.0,-7.438212331425792,5990.0,-5.67762921788896,5990.0,-1.1426508861452476,5990.0,-0.4468884528189638,5990.0,1.9083944014160903
6000.0,-8.858014834653211,6000.0,-7.439184138883797,6000.0,-5.678299391682246,6000.0,-1.1440102447587879,6000.0,-0.4485154887768202,6000.0,1.9054805123120004
6010.0,-8.858153201710262,6010.0,-7.440145363777158,6010.0,-5.678962616983831,6010.0,-1.1453556050592306,6010.0,-0.4501256417283319,6010.0,1.9025975435361857
6020.0,-8.858290114435507,6020.0,-7.441096126909617,6020.0,-5.6796189726113075,6020.0,-1.1466871242498335,6020.0,-0.45171910108374447,6020.0,1.8997451477634715
6030.0,-8.858425590541765,6030.0,-7.442036547684478,6030.0,-5.680268536503191,6030.0,-1.1480049577800013,6030.0,-0.45329605413553786,6030.0,1.8969229816094986
6040.0,-8.858559647545487,6040.0,-7.442966744122526,6040.0,-5.680911385728894,6040.0,-1.1493092593650032,6040.0,-0.4548566860826839,6040.0,1.894130705584134
6050.0,-8.858692302768763,6050.0,-7.443886832878966,6050.0,-5.681547596498553,6050.0,-1.1506001810056383,6050.0,-0.4564011800542717,6050.0,1.8913679840453341
6060.0,-8.858823573341715,6060.0,-7.444796929260738,6060.0,-5.6821772441726095,6060.0,-1.1518778730074495,6060.0,-0.45792971713304637,6060.0,1.8886344851539048
6070.0,-8.858953476204546,6070.0,-7.4456971472431315,6070.0,-5.682800403271541,6070.0,-1.153142483999994,6070.0,-0.45944247637857205,6070.0,1.8859298808284388
6080.0,-8.859082028109587,6080.0,-7.446587599486476,6080.0,-5.683417147485162,6080.0,-1.1543941609555062,6080.0,-0.46093963485014533,6080.0,1.8832538467013542
6090.0,-8.859209245623592,6090.0,-7.4474683973523295,6090.0,-5.684027549682196,6090.0,-1.1556330492077778,6090.0,-0.46242136762951846,6090.0,1.8806060620750373
6100.0,-8.85933514512965,6100.0,-7.448339650919577,6100.0,-5.684631681919336,6100.0,-1.156859292470479,6100.0,-0.46388784784311626,6100.0,1.877986209878841
6110.0,-8.85945974282937,6110.0,-7.449201469000313,6110.0,-5.685229615450418,6110.0,-1.1580730328554976,6110.0,-0.46533924668439297,6110.0,1.8753939766265184
6120.0,-8.85958305474478,6120.0,-7.450053959155333,6120.0,-5.6858214207356506,6120.0,-1.1592744108907853,6120.0,-0.46677573343550627,6120.0,1.8728290523742683
6130.0,-8.859705096720466,6130.0,-7.450897227709686,6130.0,-5.686407167450255,6130.0,-1.160463565538428,6130.0,-0.46819747548902435,6130.0,1.8702911306791739
6140.0,-8.859825884425506,6140.0,-7.451731379767626,6140.0,-5.686986924493539,6140.0,-1.1616406342121324,6140.0,-0.4696046383692566,6140.0,1.8677799085584128
6150.0,-8.859945433355438,6150.0,-7.452556519227697,6150.0,-5.687560759997593,6150.0,-1.1628057527946045,6150.0,-0.4709973857534218,6150.0,1.8652950864487348
6160.0,-8.860063758834208,6160.0,-7.453372748797502,6160.0,-5.688128741335781,6160.0,-1.163959055654863,6160.0,-0.4723758794923768,6160.0,1.8628363681668145
6170.0,-8.86018087601614,6170.0,-7.4541801700080805,6170.0,-5.688690935131444,6170.0,-1.1651006756651852,6170.0,-0.473740279631373,6170.0,1.860403460869533
6180.0,-8.860296799887829,6180.0,-7.454978883228351,6180.0,-5.689247407266276,6180.0,-1.1662307442179947,6180.0,-0.47509074443043575,6180.0,1.8579960750152995
6190.0,-8.860411545269995,6190.0,-7.455768987679196,6190.0,-5.689798222888674,6190.0,-1.167349391242472,6190.0,-0.4764274303844357,6190.0,1.8556139243256993
6200.0,-8.860525126819384,6200.0,-7.456550581447427,6200.0,-5.690343446422006,6200.0,-1.1684567452209274,6200.0,-0.4777504922430483,6200.0,1.853256725747406
6210.0,-8.860637559030625,6210.0,-7.4573237614994,6210.0,-5.6908831415726935,6210.0,-1.169552933205167,6210.0,-0.4790600830304168,6210.0,1.8509241994149728
6220.0,-8.860748856237983,6220.0,-7.45808862369473,6220.0,-5.6914173713383995,6220.0,-1.170638080832547,6220.0,-0.4803563540646571,6220.0,1.848616068613616
6230.0,-8.860859032617245,6230.0,-7.458845262799508,6230.0,-5.691946198015834,6230.0,-1.171712312341763,6230.0,-0.4816394549770509,6230.0,1.846332059742927
6240.0,-8.860968102187513,6240.0,-7.459593772499592,6240.0,-5.692469683208866,6240.0,-1.1727757505886882,6240.0,-0.48290953373109446,6240.0,1.8440719022807355
6250.0,-8.86107607881296,6250.0,-7.460334245413501,6250.0,-5.692987887836035,6250.0,-1.173828517061773,6250.0,-0.48416673664120513,6250.0,1.8418353287475122
6260.0,-8.861182976204496,6260.0,-7.461066773105271,6260.0,-5.69350087213856,6260.0,-1.174870731897542,6260.0,-0.485411208391417,6260.0,1.8396220746712373
6270.0,-8.861288807921628,6270.0,-7.4617914460971795,6270.0,-5.694008695687702,6270.0,-1.1759025138956278,6270.0,-0.4866430920536573,6270.0,1.8374318785526478
6280.0,-8.861393587374158,6280.0,-7.4625083538820425,6280.0,-5.6945114173924205,6280.0,-1.1769239805338563,6280.0,-0.48786252910590094,6280.0,1.8352644818309491
6290.0,-8.861497327823683,6290.0,-7.463217584935752,6290.0,-5.695009095506771,6290.0,-1.1779352479830272,6290.0,-0.48906965945019965,6290.0,1.8331196288498999
6300.0,-8.861600042385568,6300.0,-7.46391922672918,6300.0,-5.695501787637278,6300.0,-1.1789364311216095,6300.0,-0.49026462143025545,6300.0,1.8309970668245679
6310.0,-8.861701744030443,6310.0,-7.464613365740368,6310.0,-5.695989550750282,6310.0,-1.179927643550345,6310.0,-0.4914475518491094,6310.0,1.8288965458079713
6320.0,-8.861802445585715,6320.0,-7.4653000874661855,6320.0,-5.696472441178965,6320.0,-1.180908997606325,6320.0,-0.4926185859864284,6320.0,1.826817818658755
6330.0,-8.861902159737514,6330.0,-7.4659794764341205,6330.0,-5.696950514630692,6330.0,-1.1818806043773096,6330.0,-0.4937778576155646,6330.0,1.8247606410086485
6340.0,-8.86200089903195,6340.0,-7.466651616213704,6340.0,-5.697423826193782,6340.0,-1.1828425737158423,6340.0,-0.49492549902058375,6340.0,1.8227247712308798
6350.0,-8.862098675876894,6350.0,-7.467316589427872,6350.0,-5.697892430344662,6350.0,-1.1837950142529092,6350.0,-0.4960616410129236,6350.0,1.8207099704085907
6360.0,-8.862195502543525,6360.0,-7.467974477764214,6360.0,-5.698356380954675,6360.0,-1.1847380334117183,6360.0,-0.49718641294802157,6360.0,1.8187160023037767
6370.0,-8.862291391167844,6370.0,-7.468625361986046,6370.0,-5.698815731296838,6370.0,-1.1856717374212038,6370.0,-0.49829994274160605,6370.0,1.8167426333265804
6380.0,-8.862386353752242,6380.0,-7.469269321943156,6380.0,-5.6992705340526255,6380.0,-1.186596231329429,6380.0,-0.49940235688593265,6380.0,1.814789632505095
6390.0,-8.862480427075928,6390.0,-7.469906601644334,6390.0,-5.699720958202075,6390.0,-1.1875118559789093,6390.0,-0.5004940628636629,6390.0,1.812856271890926
6400.0,-8.862573597587794,6400.0,-7.4705371070647475,6400.0,-5.700166933727408,6400.0,-1.1884184669202817,6400.0,-0.5015748896141466,6400.0,1.8109428478589669
6410.0,-8.862665875105947,6410.0,-7.471160904513492,6410.0,-5.7006085038145615,6410.0,-1.1893161501854066,6410.0,-0.5026449409600139,6410.0,1.8090491696599753
6420.0,-8.862757271487299,6420.0,-7.4717780729916825,6420.0,-5.701045720735789,6420.0,-1.190205010100559,6420.0,-0.5037043424810564,6420.0,1.8071750082728297
6430.0,-8.862847798376146,6430.0,-7.472388690176002,6430.0,-5.701478635871471,6430.0,-1.1910851492216488,6430.0,-0.5047532176351942,6430.0,1.8053201385090945
6440.0,-8.862937467215884,6440.0,-7.4729928325011326,6440.0,-5.701907299767303,6440.0,-1.1919566684505312,6440.0,-0.5057916878979195,6440.0,1.803484338763842
6450.0,-8.863026289260016,6450.0,-7.473590575232218,6450.0,-5.702331762184521,6450.0,-1.192819667136562,6450.0,-0.5068198728831422,6450.0,1.801667390800234
6460.0,-8.863114275582818,6460.0,-7.47418199252761,6460.0,-5.702752072144052,6460.0,-1.1936742431639815,6460.0,-0.507837890447489,6460.0,1.7998690795649102
6470.0,-8.863201437089545,6470.0,-7.474767157493697,6470.0,-5.703168277964984,6470.0,-1.1945204930274436,6470.0,-0.5088458567798935,6470.0,1.7980891930292244
6480.0,-8.86328778452543,6480.0,-7.475346142232234,6480.0,-5.703580427297864,6480.0,-1.1953585118968888,6480.0,-0.5098438864790569,6480.0,1.79632752205285
6490.0,-8.86337332848262,6490.0,-7.475919017880519,6490.0,-5.703988567152661,6490.0,-1.1961883936728417,6490.0,-0.5108320926189195,6490.0,1.7945838602670598
6500.0,-8.86345807940614,6500.0,-7.476485854646256,6500.0,-5.7043927439229005,6500.0,-1.1970102310340356,6500.0,-0.5118105868057102,6500.0,1.7928580039732633
6510.0,-8.863542047599658,6510.0,-7.4770467218383185,6510.0,-5.704793003406976,6510.0,-1.1978241154793432,6510.0,-0.5127794792276752,6510.0,1.7911497520545465
6520.0,-8.863625243230343,6520.0,-7.477601687894051,6520.0,-5.7051893908271625,6520.0,-1.198630137364408,6520.0,-0.5137388786990456,6520.0,1.7894589058974912
6530.0,-8.863707676333389,6530.0,-7.478150820403492,6530.0,-5.705581950846088,6530.0,-1.1994283859345134,6530.0,-0.5146888926987337,6530.0,1.787785269323117
6540.0,-8.863789356816136,6540.0,-7.47869418613102,6540.0,-5.705970727581857,6540.0,-1.2002189493532065,6540.0,-0.5156296274049174,6540.0,1.7861286485252144
6550.0,-8.863870294461591,6550.0,-7.47923185103481,6550.0,-5.706355764621153,6550.0,-1.2010019147285331,6550.0,-0.5165611877258942,6550.0,1.784488852015245
6560.0,-8.863950498931576,6560.0,-7.479763880284367,6560.0,-5.706737105031358,6560.0,-1.201777368135979,6560.0,-0.5174836773278154,6560.0,1.7828656905722877
6570.0,-8.864029979768784,6570.0,-7.480290338275756,6570.0,-5.707114791370363,6570.0,-1.202545394639177,6570.0,-0.5183971986592939,6570.0,1.7812589771985148
6580.0,-8.864108746398605,6580.0,-7.480811288645493,6580.0,-5.707488865695895,6580.0,-1.2033060783082312,6580.0,-0.5193018529737811,6580.0,1.7796685270781907
6590.0,-8.864186808130782,6590.0,-7.481326794283559,6590.0,-5.7078593695738675,6590.0,-1.2040595022369898,6590.0,-0.5201977403499818,6590.0,1.7780941575398865
6600.0,-8.864264174160859,6600.0,-7.481836917345165,6600.0,-5.708226344085988,6600.0,-1.2048057485587453,6600.0,-0.5210849597111675,6600.0,1.7765356880213687
6610.0,-8.864340853571566,6610.0,-7.482341719262047,6610.0,-5.708589829836991,6610.0,-1.2055448984611181,6610.0,-0.5219636088428666,6610.0,1.7749929400367221
6620.0,-8.864416855333833,6620.0,-7.482841260752844,6620.0,-5.708949866961534,6620.0,-1.2062770321997636,6620.0,-0.5228337844096035,6620.0,1.77346573714539
6630.0,-8.864492160227043,6630.0,-7.483335425405003,6630.0,-5.709306367431693,6630.0,-1.2070019708806876,6630.0,-0.523695275373201,6630.0,1.771954441669515
6640.0,-8.864566813500902,6640.0,-7.483824507040561,6640.0,-5.709659539825422,6640.0,-1.207720136381334,6640.0,-0.5245485841952401,6640.0,1.7704581660029315
6650.0,-8.86464081688102,6650.0,-7.484308519177092,6650.0,-5.710009390359827,6650.0,-1.208431540118445,6650.0,-0.525393725696884,6650.0,1.768976877512853
6660.0,-8.864714178593944,6660.0,-7.484787517783466,6660.0,-5.710355955917237,6660.0,-1.2091362558424488,6660.0,-0.526230788758986,6660.0,1.7675104137233852
6670.0,-8.864786906792629,6670.0,-7.485261558467234,6670.0,-5.710699273153988,6670.0,-1.2098343568857486,6670.0,-0.5270598617565508,6670.0,1.7660586131030718
6680.0,-8.864859009554596,6680.0,-7.485730696434738,6680.0,-5.711039378472577,6680.0,-1.210525916100277,6680.0,-0.5278810324842265,6680.0,1.7646213151991461
6690.0,-8.864930494880022,6690.0,-7.486194986458093,6690.0,-5.711376307998455,6690.0,-1.2112110058065073,6690.0,-0.5286943880946602,6690.0,1.7631983607471042
6700.0,-8.865001370689747,6700.0,-7.486654482848459,6700.0,-5.711710097560769,6700.0,-1.2118896977518476,6700.0,-0.5295000150489121,6700.0,1.7617895917590904
6710.0,-8.865071644823352,6710.0,-7.487109239434529,6710.0,-5.71204078267698,6710.0,-1.2125620630770537,6710.0,-0.5302979990763873,6710.0,1.7603948515941839
6720.0,-8.865141325037422,6720.0,-7.487559309545589,6720.0,-5.71236839854035,6720.0,-1.2132281722898814,6720.0,-0.5310884251433209,6720.0,1.7590139850140034
6730.0,-8.865210419003988,6730.0,-7.488004745998285,6730.0,-5.7126929800100825,6730.0,-1.2138880952440128,6730.0,-0.531871377427945,6730.0,1.7576468382256554
6740.0,-8.865278934309133,6740.0,-7.488445601086362,6740.0,-5.713014561603514,6740.0,-1.2145419011228615,6740.0,-0.5326469393013284,6740.0,1.7562932589147355
6750.0,-8.86534687845196,6750.0,-7.488881926573284,6750.0,-5.713333177490296,6750.0,-1.2151896584275848,6750.0,-0.5334151933129229,6750.0,1.7549530962697601
6760.0,-8.86541425884373,6760.0,-7.48931377368693,6760.0,-5.713648861488122,6760.0,-1.2158314349680823,6760.0,-0.5341762211803897,6760.0,1.7536262009995305
6770.0,-8.865481082806978,6770.0,-7.489741193116113,6770.0,-5.713961647059606,6770.0,-1.216467297856813,6770.0,-0.5349301037822218,6770.0,1.7523124253446118
6780.0,-8.865547357575261,6780.0,-7.490164235008574,6780.0,-5.714271567310443,6780.0,-1.2170973135050354,6780.0,-0.5356769211535309,6780.0,1.7510116230840354
6790.0,-8.865613090292776,6790.0,-7.490582948970616,6790.0,-5.714578654988484,6790.0,-1.2177215476208967,6790.0,-0.5364167524838497,6790.0,1.7497236495382018
6800.0,-8.865678288014042,6800.0,-7.490997384067176,6800.0,-5.714882942483324,6800.0,-1.2183400652089542,6800.0,-0.5371496761168149,6800.0,1.7484483615682695
6810.0,-8.865742957703773,6810.0,-7.491407588822969,6810.0,-5.715184461826562,6810.0,-1.2189529305707847,6810.0,-0.5378757695511897,6810.0,1.7471856175732887
6820.0,-8.865807106236607,6820.0,-7.491813611224429,6820.0,-5.715483244692485,6820.0,-1.219560207306898,6820.0,-0.5385951094431372,6820.0,1.7459352774848986
6830.0,-8.865870740397092,6830.0,-7.492215498721936,6830.0,-5.715779322399229,6830.0,-1.2201619583193821,6830.0,-0.5393077716097598,6830.0,1.7446972027602028
6840.0,-8.86593386688002,6840.0,-7.492613298232923,6840.0,-5.716072725910502,6840.0,-1.220758245815322,6840.0,-0.5400138310333699,6840.0,1.7434712563732
6850.0,-8.865996492290398,6850.0,-7.493007056145226,6850.0,-5.716363485837433,6850.0,-1.221349131310994,6850.0,-0.5407133618665017,6850.0,1.7422573028050397
6860.0,-8.866058623143937,6860.0,-7.493396818320801,6860.0,-5.716651632440683,6860.0,-1.2219346756363956,6860.0,-0.5414064374374772,6860.0,1.7410552080330224
6870.0,-8.8661202658673,6870.0,-7.493782630099713,6870.0,-5.716937195632997,6870.0,-1.2225149389401606,6870.0,-0.5420931302566848,6870.0,1.739864839518985
6880.0,-8.866181426798466,6880.0,-7.494164536304383,6880.0,-5.717220204981538,6880.0,-1.2230899806948041,6880.0,-0.5427735120227204,6880.0,1.7386860661971186
6890.0,-8.866242112187102,6890.0,-7.494542581243698,6890.0,-5.717500689710513,6890.0,-1.22365985970228,6890.0,-0.5434476536292803,6890.0,1.737518758461422
6900.0,-8.866302328194871,6900.0,-7.494916808717512,6900.0,-5.7177786787039615,6900.0,-1.2242246340995142,6900.0,-0.5441156251719506,6900.0,1.7363627881524304
6910.0,-8.86636208089607,6910.0,-7.495287262021332,6910.0,-5.7180542005084165,6910.0,-1.2247843613644265,6910.0,-0.5447774959553299,6910.0,1.7352180285437466
6920.0,-8.866421376277883,6920.0,-7.4956539839507474,6920.0,-5.718327283336006,6920.0,-1.2253390983217662,6920.0,-0.5454333345005296,6920.0,1.734084354328606
6930.0,-8.86648022024128,6930.0,-7.4960170168066025,6930.0,-5.71859795506743,6930.0,-1.2258889011493912,6930.0,-0.5460832085523307,6930.0,1.7329616416056943
6940.0,-8.866538632260543,6940.0,-7.496376481695742,6940.0,-5.718866302715568,6940.0,-1.2264339452196802,6940.0,-0.5467273265270557,6940.0,1.7318495243821599
6950.0,-8.866596607513985,6950.0,-7.496732353458288,6950.0,-5.719132304002231,6950.0,-1.2269741845959872,6950.0,-0.5473656353977595,6950.0,1.7307480877210084
6960.0,-8.866654147317075,6960.0,-7.497084650018218,6960.0,-5.71939596852057,6960.0,-1.2275096391290852,6960.0,-0.5479981600828481,6960.0,1.7296572812962576
6970.0,-8.866711257401535,6970.0,-7.497433413233649,6970.0,-5.719657323938932,6970.0,-1.2280403647558302,6970.0,-0.5486249680154336,6970.0,1.7285769819219425
6980.0,-8.866767943404158,6980.0,-7.497778684266329,6980.0,-5.719916397449847,6980.0,-1.2285664164423458,6980.0,-0.5492461254651337,6980.0,1.7275070685051417
6990.0,-8.866824210863552,6990.0,-7.498120503617676,6990.0,-5.720173215793486,6990.0,-1.2290878482431848,6990.0,-0.5498616976096594,6990.0,1.7264474219133525
7000.0,-8.866880065218966,7000.0,-7.498458911161836,7000.0,-5.720427805279916,7000.0,-1.2296047133536663,7000.0,-0.550471748598764,7000.0,1.7253979248577973
7010.0,-8.866935511810736,7010.0,-7.498793946175001,7010.0,-5.720680191809141,7010.0,-1.2301170641559451,7010.0,-0.551076341609358,7010.0,1.724358461792971
7020.0,-8.866990555881245,7020.0,-7.4991256473611525,7020.0,-5.7209304008885855,7020.0,-1.230624952258596,7020.0,-0.5516755388934194,7020.0,1.7233289188305145
7030.0,-8.8670452025762,7030.0,-7.49945405287472,7030.0,-5.721178457649052,7030.0,-1.231128428531112,7030.0,-0.5522694018193386,7030.0,1.7223091836651048
7040.0,-8.867099456946468,7040.0,-7.499779200340384,7040.0,-5.721424386858532,7040.0,-1.2316275431337915,7040.0,-0.5528579909077604,7040.0,1.7212991455099942
7050.0,-8.867153323949479,7050.0,-7.5001011268706135,7050.0,-5.721668212934221,7050.0,-1.2321223455438188,7050.0,-0.5534413658627013,7050.0,1.7202986950414139
7060.0,-8.867206808450824,7060.0,-7.500419869081001,7060.0,-5.721909959953424,7060.0,-1.2326128845778856,7060.0,-0.5540195855988309,7060.0,1.719307724350174
7070.0,-8.867259915225848,7070.0,-7.500735463103882,7070.0,-5.7221496516629555,7070.0,-1.2330992084122572,7070.0,-0.5545927082653133,7070.0,1.718326126898456
7080.0,-8.867312648961075,7080.0,-7.501047944600678,7080.0,-5.722387311487741,7080.0,-1.2335813646004552,7080.0,-0.5551607912671329,7080.0,1.7173537974825182
7090.0,-8.86736501425561,7090.0,-7.5013573487726415,7090.0,-5.722622962538356,7090.0,-1.2340594000889682,7090.0,-0.5557238912836265,7090.0,1.7163906321989684
7100.0,-8.86741701562237,7100.0,-7.501663710370851,7100.0,-5.722856627617841,7100.0,-1.2345333612312834,7100.0,-0.5562820642855131,7100.0,1.7154365284145496
7110.0,-8.867468657489384,7110.0,-7.501967063705091,7110.0,-5.723088329228001,7110.0,-1.2350032938006898,7110.0,-0.5568353655500609,7110.0,1.71449138473922
7120.0,-8.867519944200918,7120.0,-7.50226744265217,7120.0,-5.723318089574989,7120.0,-1.2354692430017233,7120.0,-0.5573838496748551,7120.0,1.7135551010012267
7130.0,-8.867570880018741,7130.0,-7.502564880663597,7130.0,-5.723545930574773,7130.0,-1.2359312534809412,7130.0,-0.5579275705905989,7130.0,1.7126275782243634
7140.0,-8.867621469123176,7140.0,-7.502859410772543,7140.0,-5.723771873857824,7140.0,-1.236389369336679,7140.0,-0.5584665815727604,7140.0,1.7117087186072355
7150.0,-8.867671715614145,7150.0,-7.503151065600708,7150.0,-5.723995940773842,7150.0,-1.2368436341280442,7150.0,-0.5590009352524996,7150.0,1.7107984255034878
7160.0,-8.86772162351222,7160.0,-7.5034398773641815,7160.0,-5.72421815239582,7160.0,-1.2372940908834738,7160.0,-0.5595306836266819,7160.0,1.709896603403983
7170.0,-8.867771196759323,7170.0,-7.503725877879549,7170.0,-5.724438529524139,7170.0,-1.237740782108631,7170.0,-0.5600558780674852,7170.0,1.7090031579195255
7180.0,-8.867820439219939,7180.0,-7.504009098569344,7180.0,-5.7246570926903395,7180.0,-1.2381837497938784,7180.0,-0.5605765693313004,7180.0,1.7081179957646082
7190.0,-8.867869354681709,7190.0,-7.504289570467368,7190.0,-5.7248738621606075,7190.0,-1.2386230354215466,7190.0,-0.5610928075673511,7190.0,1.707241024742274
7200.0,-8.86791794685658,7200.0,-7.504567324223851,7200.0,-5.725088857939487,7200.0,-1.2390586799727024,7200.0,-0.5616046423260069,7200.0,1.7063721537290046
7210.0,-8.86796621938158,7210.0,-7.504842390110487,7210.0,-5.725302099773236,7210.0,-1.2394907239338935,7210.0,-0.5621121225665597,7210.0,1.705511292660726
7220.0,-8.868014175819827,7220.0,-7.5051147980252395,7220.0,-5.725513607153036,7220.0,-1.2399192073034615,7220.0,-0.5626152966650109,7220.0,1.7046583525190455
7230.0,-8.868061819661145,7230.0,-7.505384577497013,7230.0,-5.725723399318212,7230.0,-1.2403441695977808,7230.0,-0.5631142124213787,7230.0,1.7038132453179236
7240.0,-8.868109154323239,7240.0,-7.505651757690167,7240.0,-5.725931495259391,7240.0,-1.2407656498571926,7240.0,-0.5636089170668181,7240.0,1.7029758840909657
7250.0,-8.868156183152168,7250.0,-7.505916367408824,7250.0,-5.726137913721293,7250.0,-1.2411836866517967,7250.0,-0.5640994572706489,7250.0,1.7021461828788655
7260.0,-8.868202909423358,7260.0,-7.5061784351014005,7260.0,-5.7263426732058536,7260.0,-1.2415983180870962,7260.0,-0.564585879146991,7260.0,1.7013240567171979
7270.0,-8.868249336342329,7270.0,-7.506437988864622,7270.0,-5.726545791975023,7270.0,-1.2420095818095886,7270.0,-0.565068228261544,7270.0,1.7005094216247258
7280.0,-8.868295467045542,7280.0,-7.50669505644787,7280.0,-5.726747288053618,7280.0,-1.2424175150122845,7280.0,-0.5655465496380299,7280.0,1.6997021945913777
7290.0,-8.86834130460143,7290.0,-7.506949665257306,7290.0,-5.726947179232311,7290.0,-1.2428221544401339,7290.0,-0.5660208877647647,7290.0,1.6989022935667657
7300.0,-8.868386852011126,7300.0,-7.507201842360068,7300.0,-5.727145483070345,7300.0,-1.2432235363953323,7300.0,-0.5664912866009926,7300.0,1.698109637449146
7310.0,-8.868432112209328,7310.0,-7.507451614488034,7310.0,-5.727342216898286,7310.0,-1.2436216967424871,7310.0,-0.566957789583029,7310.0,1.697324146074021
7320.0,-8.868477088065147,7320.0,-7.507699008042051,7320.0,-5.727537397820755,7320.0,-1.2440166709137381,7320.0,-0.5674204396303023,7320.0,1.6965457402035073
7330.0,-8.868521782382842,7330.0,-7.5079440490954985,7330.0,-5.727731042719031,7330.0,-1.2444084939138083,7330.0,-0.5678792791514616,7330.0,1.6957743415155109
7340.0,-8.868566197902672,7340.0,-7.508186763398252,7340.0,-5.727923168253647,7340.0,-1.2447972003248537,7340.0,-0.5683343500501367,7340.0,1.6950098725932965
7350.0,-8.868610337301586,7350.0,-7.508427176380399,7350.0,-5.728113790866885,7350.0,-1.2451828243114291,7350.0,-0.5687856937308343,7350.0,1.6942522569148812
7360.0,-8.868654203194275,7360.0,-7.508665313156103,7360.0,-5.728302926785691,7360.0,-1.2455653996253788,7360.0,-0.5692333511047971,7360.0,1.6935014188429816
7370.0,-8.868697798133963,7370.0,-7.508901198527401,7370.0,-5.728490592024089,7370.0,-1.2459449596107972,7370.0,-0.5696773625958484,7370.0,1.6927572836144593
7380.0,-8.868741124613367,7380.0,-7.509134856987905,7380.0,-5.728676802385885,7380.0,-1.2463215372086849,7380.0,-0.5701177681459588,7380.0,1.6920197773304733
7390.0,-8.868784185065499,7390.0,-7.509366312726365,7390.0,-5.72886157346707,7390.0,-1.2466951649617326,7390.0,-0.5705546072208374,7390.0,1.6912888269464654
7400.0,-8.868826981864355,7400.0,-7.509595589630367,7400.0,-5.729044920658431,7400.0,-1.24706587501891,7400.0,-0.5709879188156154,7400.0,1.690564360262494
7410.0,-8.86886951732587,7410.0,-7.509822711289725,7410.0,-5.729226859147845,7410.0,-1.2474336991400332,7410.0,-0.5714177414599716,7410.0,1.6898463059134714
7420.0,-8.868911793708598,7420.0,-7.510047701000078,7420.0,-5.729407403922799,7420.0,-1.2477986687002447,7420.0,-0.5718441132237161,7420.0,1.6891345933597444
7430.0,-8.868953813214583,7430.0,-7.510270581766387,7430.0,-5.7295865697727635,7430.0,-1.2481608146944252,7430.0,-0.5722670717220258,7430.0,1.6884291528776898
7440.0,-8.86899557799024,7440.0,-7.510491376306341,7440.0,-5.729764371291718,7440.0,-1.248520167742032,7440.0,-0.5726866541208447,7440.0,1.6877299155500545
7450.0,-8.869037090127312,7450.0,-7.510710107054014,7450.0,-5.729940822880556,7450.0,-1.2488767580911742,7450.0,-0.5731028971422262,7450.0,1.687036813256967
7460.0,-8.869078351663678,7460.0,-7.510926796163191,7460.0,-5.730115938749576,7460.0,-1.2492306156233033,7460.0,-0.5735158370694929,7460.0,1.686349778666476
7470.0,-8.869119364584156,7470.0,-7.51114146551081,7470.0,-5.730289732920762,7470.0,-1.2495817698574416,7470.0,-0.5739255097523172,7470.0,1.6856687452256347
7480.0,-8.86916013082135,7480.0,-7.51135413670024,7480.0,-5.730462219230178,7480.0,-1.249930249954401,7480.0,-0.5743319506118935,7480.0,1.684993647151696
7490.0,-8.869200652256398,7490.0,-7.511564831064478,7490.0,-5.730633411330069,7490.0,-1.2502760847209855,7490.0,-0.5747351946458216,7490.0,1.6843244194231046
7500.0,-8.869240930719792,7500.0,-7.511773569669397,7500.0,-5.730803322691349,7500.0,-1.250619302614204,7500.0,-0.5751352764330095,7500.0,1.6836609977708956
7510.0,-8.869280967992072,7510.0,-7.5119803733171695,7510.0,-5.730971966605665,7510.0,-1.250959931745364,7510.0,-0.5755322301387489,7510.0,1.6830033186700306
7520.0,-8.86932076580503,7520.0,-7.512185262549304,7520.0,-5.731139356187867,7520.0,-1.2512979998843314,7520.0,-0.5759260895196037,7520.0,1.6823513193306694
7530.0,-8.86936032584226,7530.0,-7.512388257650105,7530.0,-5.731305504378417,7530.0,-1.2516335344636937,7530.0,-0.5763168879281797,7530.0,1.6817049376897233
7540.0,-8.869399649740204,7540.0,-7.5125893786497775,7540.0,-5.7314704239454555,7540.0,-1.2519665625828027,7540.0,-0.5767046583182308,7540.0,1.6810641124024153
7550.0,-8.869438739088963,7550.0,-7.512788645327562,7550.0,-5.73163412748707,7550.0,-1.2522971110116783,7550.0,-0.5770894332491054,7550.0,1.6804287828338675
7560.0,-8.869477595432967,7560.0,-7.512986077214759,7560.0,-5.731796627433467,7560.0,-1.252625206195159,7560.0,-0.5774712448905263,7560.0,1.6797988890511082
7570.0,-8.869516220271846,7570.0,-7.513181693597881,7570.0,-5.731957936049135,7570.0,-1.2529508742565203,7570.0,-0.5778501250271757,7570.0,1.6791743718148098
7580.0,-8.869554615061077,7580.0,-7.513375513521379,7580.0,-5.7321180654348485,7580.0,-1.2532741410015085,7580.0,-0.5782261050632193,7580.0,1.6785551725715377
7590.0,-8.869592781212924,7590.0,-7.513567555791064,7590.0,-5.73227702752995,7590.0,-1.2535950319220739,7590.0,-0.5785992160268965,7590.0,1.6779412334454968
7600.0,-8.869630720097268,7600.0,-7.51375783897678,7600.0,-5.732434834114396,7600.0,-1.253913572200411,7600.0,-0.5789694885751148,7600.0,1.6773324972307402
7610.0,-8.869668425504516,7610.0,-7.5139463467116,7610.0,-5.732591467822715,7610.0,-1.2542297289461761,7610.0,-0.5793368859973159,7610.0,1.676729016918045
7620.0,-8.869705902205528,7620.0,-7.514133116512172,7620.0,-5.732746956112084,7620.0,-1.2545435594899688,7620.0,-0.5797014763838405,7620.0,1.6761306735246948
7630.0,-8.869743156548328,7630.0,-7.51431818712692,7630.0,-5.732901327852985,7630.0,-1.2548551223727018,7630.0,-0.5800633289296824,7630.0,1.6755373474968147
7640.0,-8.869780189841476,7640.0,-7.514501575638495,7640.0,-5.733054593784705,7640.0,-1.2551644404476738,7640.0,-0.5804224714954201,7640.0,1.6749489866396705
7650.0,-8.869817003341609,7650.0,-7.5146832990041315,7650.0,-5.733206764569326,7650.0,-1.2554715364628262,7650.0,-0.5807789318152309,7650.0,1.6743655389962055
7660.0,-8.869853598260821,7660.0,-7.514863374047013,7660.0,-5.733357850786276,7660.0,-1.2557764330382197,7660.0,-0.5811327374687808,7660.0,1.6737869528998608
7670.0,-8.869889975771452,7670.0,-7.5150418174480835,7670.0,-5.733507862926468,7670.0,-1.2560791526456148,7670.0,-0.5814839158564864,7670.0,1.6732131770200687
7680.0,-8.869926137009445,7680.0,-7.515218645738484,7680.0,-5.733656811387001,7680.0,-1.2563797175915565,7680.0,-0.5818324941786427,7680.0,1.6726441603998443
7690.0,-8.869962083076858,7690.0,-7.515393875293447,7690.0,-5.73380470646636,7690.0,-1.2566781500028383,7690.0,-0.5821784994182497,7690.0,1.6720798524868297
7700.0,-8.869997815043222,7700.0,-7.5155675223269816,7700.0,-5.733951558360385,7700.0,-1.2569744718150129,7700.0,-0.5825219583268453,7700.0,1.6715202031578527
7710.0,-8.870033333946727,7710.0,-7.515739602887548,7710.0,-5.734097377158712,7710.0,-1.2572687047626192,7710.0,-0.5828628974131526,7710.0,1.6709651627388187
7720.0,-8.870068640795077,7720.0,-7.515910132854932,7720.0,-5.734242172842262,7720.0,-1.2575608703718328,7720.0,-0.583201342934063,7720.0,1.6704146820201196
7730.0,-8.870103736566167,7730.0,-7.5160791279376316,7730.0,-5.734385955280905,7730.0,-1.2578509899543115,7730.0,-0.5835373208875558,7730.0,1.6698687122690088
7740.0,-8.870138622208465,7740.0,-7.5162466036709334,7740.0,-5.7345287342319065,7740.0,-1.2581390846028488,7740.0,-0.5838708570074037,7740.0,1.669327205238211
7750.0,-8.870173298641703,7750.0,-7.51641257541609,7750.0,-5.7346705193389305,7750.0,-1.258425175188062,7750.0,-0.5842019767593581,7750.0,1.6687901131725622
7760.0,-8.870207766757582,7760.0,-7.516577058359766,7760.0,-5.734811320131532,7760.0,-1.2587092823562824,7760.0,-0.5845307053385081,7760.0,1.668257388813271
7770.0,-8.870242027420131,7770.0,-7.516740067513855,7770.0,-5.73495114602487,7770.0,-1.258991426528239,7770.0,-0.5848570676678524,7770.0,1.667728985400511
7780.0,-8.870276081466388,7780.0,-7.516901617715906,7780.0,-5.735090006319784,7780.0,-1.259271627898305,7780.0,-0.5851810883973424,7780.0,1.667204856674639
7790.0,-8.87030992970681,7790.0,-7.51706172362971,7790.0,-5.735227910202984,7790.0,-1.2595499064344002,7790.0,-0.5855027919038551,7790.0,1.6666849568762327
7800.0,-8.870343572925854,7800.0,-7.517220399745978,7800.0,-5.735364866747575,7800.0,-1.2598262818783674,7800.0,-0.5858222022915055,7800.0,1.6661692407452648
7810.0,-8.870377022620096,7810.0,-7.517377705702613,7810.0,-5.735500924328754,7810.0,-1.2601008518800538,7810.0,-0.5861394334408251,7810.0,1.6656575191631875
7820.0,-8.87041026808022,7820.0,-7.517533605254489,7820.0,-5.735636048127135,7820.0,-1.2603735485698184,7820.0,-0.5864544083402963,7820.0,1.6651499095976232
7830.0,-8.870443309580013,7830.0,-7.517688112804905,7830.0,-5.735770247142041,7830.0,-1.2606443922208488,7830.0,-0.5867671517815526,7830.0,1.6646463654246315
7840.0,-8.870476147666944,7840.0,-7.517841242546294,7840.0,-5.735903530285561,7840.0,-1.2609134025378888,7840.0,-0.5870776878255244,7840.0,1.6641468415083218
7850.0,-8.870508782881242,7850.0,-7.517993008436738,7850.0,-5.736035906307784,7850.0,-1.261180598860484,7850.0,-0.5873860400934411,7850.0,1.6636512935052818
7860.0,-8.87054121574979,7860.0,-7.5181434242088505,7860.0,-5.736167383802683,7860.0,-1.2614460001849608,7860.0,-0.5876922317942064,7860.0,1.663159677813451
7870.0,-8.870573446782457,7870.0,-7.5182925033791035,7870.0,-5.736297971214824,7870.0,-1.2617096251849538,7870.0,-0.5879962857493284,7870.0,1.6626719515271482
7880.0,-8.870605476469906,7880.0,-7.518440259256764,7880.0,-5.736427676845967,7880.0,-1.261971492229744,7880.0,-0.5882982244148602,7880.0,1.6621880723974019
7890.0,-8.870637305282784,7890.0,-7.518586704952347,7890.0,-5.736556508861386,7890.0,-1.262231619400567,7890.0,-0.588598069900946,7890.0,1.6617079987980035
7900.0,-8.870668933670983,7900.0,-7.518731853384982,7900.0,-5.736684475295653,7900.0,-1.2624900245045207,7900.0,-0.5888958439886613,7900.0,1.6612316896960446
7910.0,-8.870700362063362,7910.0,-7.518875717289195,7910.0,-5.736811584057595,7910.0,-1.262746725086941,7910.0,-0.5891915681444141,7910.0,1.6607591046265582
7920.0,-8.870731590868004,7920.0,-7.51901830922085,7920.0,-5.736937842935084,7920.0,-1.2630017384421255,7920.0,-0.589485263532895,7920.0,1.6602902036704617
7930.0,-8.870762620472298,7930.0,-7.519159641562795,7930.0,-5.737063259599124,7930.0,-1.2632550816228685,7930.0,-0.5897769510282226,7930.0,1.6598249474348752
7940.0,-8.870793451243452,7940.0,-7.519299726529602,7940.0,-5.73718784160775,7940.0,-1.2635067714486774,7940.0,-0.5900666512238597,7940.0,1.6593632970364234
7950.0,-8.870824083528728,7950.0,-7.519438576172265,7950.0,-5.7373115964093655,7950.0,-1.26375682451335,7950.0,-0.5903543844414086,7950.0,1.658905214085883
7960.0,-8.870854517656152,7960.0,-7.519576202382132,7960.0,-5.737434531345938,7960.0,-1.2640052571913216,7960.0,-0.5906401707383102,7960.0,1.6584506606750558
7970.0,-8.870884753934801,7970.0,-7.5197126168945525,7970.0,-5.7375566536556795,7970.0,-1.2642520856438162,7970.0,-0.5909240299146965,7970.0,1.6579995993647572
7980.0,-8.870914792654537,7980.0,-7.5198478312915364,7980.0,-5.737677970474694,7980.0,-1.2644973258229317,7980.0,-0.5912059815189649,7980.0,1.6575519931748517
7990.0,-8.870944634083541,7990.0,-7.519981857001942,7990.0,-5.737798488836632,7990.0,-1.2647409934738696,7990.0,-0.5914860448504804,7990.0,1.6571078055773292
8000.0,-8.870974278466523,8000.0,-7.520114705302173,8000.0,-5.737918215672479,8000.0,-1.264983104136828,8000.0,-0.5917642389623955,8000.0,1.6566670004897346
8010.0,-8.871003726023897,8010.0,-7.520246387317313,8010.0,-5.738037157811033,8010.0,-1.265223673149684,8010.0,-0.5920405826650875,8010.0,1.656229542268309
8020.0,-8.871032976951398,8020.0,-7.520376914023247,8020.0,-5.738155321980384,8020.0,-1.2654627156510367,8020.0,-0.5923150945298737,8020.0,1.6557953957009752
8030.0,-8.871062031420538,8030.0,-7.520506296248643,8030.0,-5.738272714809142,8030.0,-1.2657002465834943,8030.0,-0.5925877928928514,8030.0,1.6553645260004355
8040.0,-8.871090889578717,8040.0,-7.520634544677291,8040.0,-5.738389342828263,8040.0,-1.2659362806967123,8040.0,-0.5928586958586872,8040.0,1.6549368987977628
8050.0,-8.871119539727877,8050.0,-7.5207616226555905,8050.0,-5.7385051692981355,8050.0,-1.2661707467036778,8050.0,-0.5931277230339749,8050.0,1.6545126341986545
8060.0,-8.87114799759185,8060.0,-7.520887603762327,8060.0,-5.738620258250411,8060.0,-1.266403773914485,8060.0,-0.5933950237010733,8060.0,1.6540914920221303
8070.0,-8.871176260643061,8070.0,-7.521012486123837,8070.0,-5.738734604903727,8070.0,-1.2666353540295923,8070.0,-0.5936605894587277,8070.0,1.6536734799786692
8080.0,-8.871204329097056,8080.0,-7.521136279633827,8080.0,-5.738848215232746,8080.0,-1.2668655004143394,8080.0,-0.5939244367417126,8080.0,1.6532585667065964
8090.0,-8.871232203136644,8090.0,-7.521258994103672,8090.0,-5.7389610951661085,8090.0,-1.267094226374582,8090.0,-0.594186581911621,8090.0,1.6528467209917261
8100.0,-8.871259882916307,8100.0,-7.52138063925776,8100.0,-5.739073250582357,8100.0,-1.2673215451415156,8100.0,-0.5944470412382368,8100.0,1.6524379118006463
8110.0,-8.871287368565326,8110.0,-7.52150122472924,8110.0,-5.7391846873063495,8110.0,-1.2675474698583982,8110.0,-0.5947058308838455,8110.0,1.6520321083081206
8120.0,-8.871314660190219,8120.0,-7.521620760056266,8120.0,-5.739295411105946,8120.0,-1.2677720135698385,8120.0,-0.5949629668899706,8120.0,1.6516292799197216
8130.0,-8.871341757876419,8130.0,-7.521739254679012,8130.0,-5.73940542768924,8130.0,-1.2679951892126886,8130.0,-0.5952184651671133,8130.0,1.65122939629004
8140.0,-8.871368661689706,8140.0,-7.521856717937339,8140.0,-5.739514742702493,8140.0,-1.2682170096090355,8140.0,-0.595472341485957,8140.0,1.6508324273371215
8150.0,-8.871395371677428,8150.0,-7.521973159069071,8150.0,-5.739623361728314,8150.0,-1.2684374874605195,8150.0,-0.5957246114707128,8150.0,1.6504383432539491
8160.0,-8.871421887869552,8160.0,-7.52208858720863,8160.0,-5.73973129028447,8160.0,-1.2686566353437505,8160.0,-0.5959752905938285,8160.0,1.6500471145173945
8170.0,-8.871448210279464,8170.0,-7.522203011386332,8170.0,-5.7398385338228985,8170.0,-1.268874465707118,8170.0,-0.5962243941720151,8170.0,1.6496587118948332
8180.0,-8.871474338904816,8180.0,-7.52231644052785,8180.0,-5.7399450977292235,8180.0,-1.2690909908682073,8180.0,-0.5964719373633204,8180.0,1.6492731064491335
8190.0,-8.871500273728369,8190.0,-7.52242888345429,8190.0,-5.740050987322549,8190.0,-1.2693062230121088,8190.0,-0.5967179351650316,8190.0,1.648890269541938
8200.0,-8.87152601471871,8200.0,-7.5225403488823455,8200.0,-5.7401562078551684,8200.0,-1.2695201741904372,8200.0,-0.5969624024124607,8200.0,1.6485101728360787
8210.0,-8.871551561830813,8210.0,-7.5226508454245895,8210.0,-5.740260764513172,8210.0,-1.2697328563205181,8210.0,-0.5972053537781101,8210.0,1.6481327882965893
8220.0,-8.871576915006916,8220.0,-7.52276038159033,8220.0,-5.740364662416421,8220.0,-1.2699442811855048,8220.0,-0.5974468037715828,8220.0,1.647758088190941
8230.0,-8.871602074177439,8230.0,-7.522868965786507,8230.0,-5.74046790661961,8230.0,-1.270154460434745,8230.0,-0.5976867667400872,8230.0,1.6473860450886044
8240.0,-8.871627039261716,8240.0,-7.522976606318878,8240.0,-5.740570502112798,8240.0,-1.270363405584483,8240.0,-0.5979252568690991,8240.0,1.6470166318597512
8250.0,-8.871651810168787,8250.0,-7.523083311393212,8250.0,-5.740672453822476,8250.0,-1.2705711280186929,8250.0,-0.5981622881834329,8250.0,1.6466498216737815
8260.0,-8.871676386798203,8260.0,-7.523189089116179,8260.0,-5.740773766612184,8260.0,-1.270777638990051,8260.0,-0.5983978745481744,8260.0,1.6462855879976481
8270.0,-8.87170076904034,8270.0,-7.523293947496806,8270.0,-5.740874445283399,8270.0,-1.2709829496210567,8270.0,-0.5986320296701283,8270.0,1.6459239045934426
8280.0,-8.871724956777248,8280.0,-7.523397894447416,8280.0,-5.740974494576317,8280.0,-1.2711870709051392,8280.0,-0.5988647670989321,8280.0,1.6455647455163886
8290.0,-8.871748949882974,8290.0,-7.523500937785106,8290.0,-5.74107391917083,8290.0,-1.2713900137079281,8290.0,-0.5990961002287294,8290.0,1.6452080851122501
8300.0,-8.871772748224389,8300.0,-7.523603085232851,8300.0,-5.741172723687562,8300.0,-1.2715917887688182,8300.0,-0.5993260422998663,8300.0,1.6448538980144933
8310.0,-8.871796351662168,8310.0,-7.523704344421493,8310.0,-5.741270912689107,8310.0,-1.2717924067028021,8310.0,-0.599554606400876,8310.0,1.6445021591409898
8320.0,-8.871819760051338,8320.0,-7.523804722891013,8320.0,-5.741368490681268,8320.0,-1.2719918780020056,8320.0,-0.5997818054704024,8320.0,1.6441528436911046
8330.0,-8.871842973242059,8330.0,-7.523904228092004,8330.0,-5.7414654621140455,8330.0,-1.2721902130374627,8330.0,-0.6000076522991018,8330.0,1.6438059271424528
8340.0,-8.87186599107992,8340.0,-7.524002867387048,8340.0,-5.7415618313826275,8340.0,-1.2723874220605924,8340.0,-0.6002321595314186,8340.0,1.6434613852480076
8350.0,-8.871888813406725,8350.0,-7.524100648051903,8350.0,-5.741657602828337,8350.0,-1.27258351520464,8350.0,-0.6004553396672926,8350.0,1.6431191940329486
8360.0,-8.87191144006062,8360.0,-7.524197577276889,8360.0,-5.741752780739503,8360.0,-1.272778502486335,8360.0,-0.6006772050641024,8360.0,1.6427793297916566
8370.0,-8.871933870876665,8370.0,-7.524293662167915,8370.0,-5.741847369352322,8370.0,-1.2729723938072512,8370.0,-0.6008977679382116,8370.0,1.642441769084685
8380.0,-8.871956105687296,8380.0,-7.524388909748088,8380.0,-5.741941372851948,8380.0,-1.2731651989555504,8380.0,-0.6011170403670605,8380.0,1.6421064887355863
8390.0,-8.871978144323105,8390.0,-7.524483326959108,8390.0,-5.74203479537371,8390.0,-1.2733569276078287,8390.0,-0.6013350342911334,8390.0,1.6417734658272978
8400.0,-8.87199998661333,8400.0,-7.524576920662789,8400.0,-5.742127641004143,8400.0,-1.2735475893306885,8400.0,-0.6015517615160939,8400.0,1.6414426776993343
8410.0,-8.872021632386481,8410.0,-7.524669697642208,8410.0,-5.742219913781849,8410.0,-1.2737371935825073,8410.0,-0.6017672337143998,8410.0,1.6411141019441766
8420.0,-8.872043081470526,8420.0,-7.524761664603191,8420.0,-5.742311617698684,8420.0,-1.273925749714832,8420.0,-0.6019814624273496,8420.0,1.6407877164044486
8430.0,-8.872064333693586,8430.0,-7.524852828175274,8430.0,-5.742402756700365,8430.0,-1.2741132669740327,8430.0,-0.6021944590666894,8430.0,1.6404634991699296
8440.0,-8.872085388883969,8440.0,-7.524943194913067,8440.0,-5.742493334687422,8440.0,-1.2742997545025472,8440.0,-0.6024062349164201,8440.0,1.6401414285743305
8450.0,-8.872106246870748,8450.0,-7.52503277129727,8450.0,-5.742583355516037,8450.0,-1.2744852213406477,8450.0,-0.6026168011344639,8450.0,1.639821483192432
8460.0,-8.87212690748436,8460.0,-7.525121563736324,8460.0,-5.742672822999202,8460.0,-1.2746696764279095,8460.0,-0.6028261687547852,8460.0,1.639503641836916
8470.0,-8.872147370557292,8470.0,-7.5252095785678055,8470.0,-5.74276174090795,8470.0,-1.2748531286053304,8470.0,-0.6030343486894313,8470.0,1.639187883554828
8480.0,-8.872167635924836,8480.0,-7.52529682205993,8480.0,-5.74285011297243,8480.0,-1.2750355866168372,8480.0,-0.6032413517304203,8480.0,1.638874187624521
8490.0,-8.872187703425352,8490.0,-7.525383300412704,8490.0,-5.742937942882773,8490.0,-1.2752170591108414,8490.0,-0.6034471885516283,8490.0,1.6385625335527043
8500.0,-8.872207572900807,8500.0,-7.525469019759184,8500.0,-5.743025234290012,8500.0,-1.2753975546417375,8500.0,-0.6036518697104807,8500.0,1.6382529010712885
8510.0,-8.872227244197028,8510.0,-7.525553986166473,8510.0,-5.743111990806877,8510.0,-1.2755770816713772,8510.0,-0.6038554056494955,8510.0,1.6379452701349222
8520.0,-8.872246717164119,8520.0,-7.525638205637016,8520.0,-5.743198216008688,8520.0,-1.275755648570346,8520.0,-0.6040578066980692,8520.0,1.6376396209177362
8530.0,-8.8722659916566,8530.0,-7.525721684109405,8530.0,-5.743283913433838,8530.0,-1.2759332636192904,8530.0,-0.6042590830739987,8530.0,1.6373359338110112
8540.0,-8.872285067533829,8540.0,-7.525804427459525,8540.0,-5.743369086584734,8540.0,-1.2761099350102465,8540.0,-0.6044592448848961,8540.0,1.637034189420283
8550.0,-8.872303944660494,8550.0,-7.5258864415019415,8550.0,-5.743453738928755,8550.0,-1.2762856708483274,8550.0,-0.6046583021301638,8550.0,1.6367343685622096
8560.0,-8.872322622907104,8560.0,-7.525967731990947,8560.0,-5.743537873899148,8560.0,-1.2764604791530012,8560.0,-0.6048562647027095,8560.0,1.6364364522620292
8570.0,-8.872341102150365,8570.0,-7.526048304621805,8570.0,-5.743621494895911,8570.0,-1.276634367859778,8570.0,-0.6050531423904907,8570.0,1.6361404217506412
8580.0,-8.872359382273608,8580.0,-7.526128165031821,8580.0,-5.743704605286576,8580.0,-1.276807344821302,8580.0,-0.6052489448782226,8580.0,1.6358462584618305
8590.0,-8.872377463166988,8590.0,-7.526207318801266,8590.0,-5.743787208406871,8590.0,-1.2769794178088028,8590.0,-0.6054436817487764,8590.0,1.635553944029779
8600.0,-8.872395344727837,8600.0,-7.526285771454439,8600.0,-5.743869307561423,8600.0,-1.2771505945131878,8600.0,-0.6056373624846315,8600.0,1.6352634602865004
8610.0,-8.872413026860862,8610.0,-7.526363528460696,8610.0,-5.743950906024732,8610.0,-1.2773208825464997,8610.0,-0.6058299964695609,8610.0,1.6349747892591973
8620.0,-8.872430509479027,8620.0,-7.526440595235634,8620.0,-5.744032007041758,8620.0,-1.2774902894433464,8620.0,-0.6060215929901914,8620.0,1.634687913167398
8630.0,-8.872447792503806,8630.0,-7.526516977142609,8630.0,-5.74411261382936,8630.0,-1.277658822662571,8630.0,-0.6062121612379702,8630.0,1.6344028144202223
8640.0,-8.872464875865953,8640.0,-7.526592679493664,8640.0,-5.744192729577061,8640.0,-1.2778264895885625,8640.0,-0.6064017103106336,8640.0,1.6341194756135735
8650.0,-8.872481759505924,8650.0,-7.526667707550827,8650.0,-5.744272357447819,8650.0,-1.277993297532726,8650.0,-0.6065902492140084,8650.0,1.6338378795275186
8660.0,-8.872498443374024,8660.0,-7.526742066527045,8660.0,-5.7443515005788885,8660.0,-1.278159253734744,8660.0,-0.6067777868633271,8660.0,1.6335580091239748
8670.0,-8.872514927430991,8670.0,-7.526815761587212,8670.0,-5.744430162082476,8670.0,-1.2783243653637908,8670.0,-0.6069643320846717,8670.0,1.6332798475440047
8680.0,-8.872531211648084,8680.0,-7.5268887978489065,8680.0,-5.7445083450464285,8680.0,-1.2784886395195536,8680.0,-0.6071498936163786,8680.0,1.6330033781056885
8690.0,-8.87254729600747,8690.0,-7.52696118038369,8690.0,-5.744586052534909,8690.0,-1.2786520832336943,8690.0,-0.6073344801104726,8690.0,1.6327285843014823
8700.0,-8.872563180502988,8700.0,-7.527032914218129,8700.0,-5.7446632875895665,8700.0,-1.278814703471266,8700.0,-0.6075181001344405,8700.0,1.6324554497957262
8710.0,-8.872578865140675,8710.0,-7.5271040043352455,8710.0,-5.744740053230443,8710.0,-1.2789765071322592,8710.0,-0.6077007621729171,8710.0,1.6321839584216356
8720.0,-8.872594349939327,8720.0,-7.527174455675558,8720.0,-5.744816352456926,8720.0,-1.2791375010529629,8720.0,-0.6078824746292438,8720.0,1.6319140941791754
8730.0,-8.872609634930923,8730.0,-7.527244273138169,8730.0,-5.744892188248587,8730.0,-1.2792976920072376,8730.0,-0.6080632458268962,8730.0,1.6316458412323027
8740.0,-8.87262472016096,8740.0,-7.527313461581563,8740.0,-5.744967563565663,8740.0,-1.2794570867076471,8740.0,-0.608243084010911,8740.0,1.631379183906974
8750.0,-8.872639605688539,8750.0,-7.527382025824582,8750.0,-5.74504248134983,8750.0,-1.2796156918064086,8750.0,-0.6084219973490133,8750.0,1.631114106688765
8760.0,-8.872654291586779,8760.0,-7.527449970647122,8760.0,-5.745116944524687,8760.0,-1.2797735138967161,8760.0,-0.6085999939329868,8760.0,1.6308505942208866
8770.0,-8.87266877794301,8770.0,-7.527517300791138,8770.0,-5.745190955996546,8770.0,-1.279930559513566,8770.0,-0.6087770817798442,8770.0,1.6305886313018556
8780.0,-8.872683064859402,8780.0,-7.527584020961733,8780.0,-5.745264518655215,8780.0,-1.280086835135346,8780.0,-0.6089532688335294,8780.0,1.6303282028830122
8790.0,-8.872697152453497,8790.0,-7.52765013582825,8790.0,-5.745337635374956,8790.0,-1.280242347185079,8790.0,-0.6091285629663286,8790.0,1.6300692940662056
8800.0,-8.872711040858599,8800.0,-7.527715650025408,8800.0,-5.745410309015232,8800.0,-1.2803971020315623,8800.0,-0.6093029719803286,8800.0,1.6298118901015475
8810.0,-8.8727247302241,8810.0,-7.527780568153919,8810.0,-5.745482542421399,8810.0,-1.2805511059905885,8810.0,-0.609476503608593,8810.0,1.62955597638522
8820.0,-8.872738220715727,8820.0,-7.527844894781438,8820.0,-5.745554338425111,8820.0,-1.280704365325823,8820.0,-0.6096491655163485,8820.0,1.6293015384574396
8830.0,-8.87275151251565,8830.0,-7.527908634443316,8830.0,-5.745625699845082,8830.0,-1.2808568862498755,8830.0,-0.6098209653022365,8830.0,1.6290485620006134
8840.0,-8.87276460582283,8840.0,-7.52797179164327,8840.0,-5.745696629487442,8840.0,-1.2810086749250567,8840.0,-0.6099919104992396,8840.0,1.628797032837202
8850.0,-8.872777500853074,8850.0,-7.52803437085414,8850.0,-5.7457671301463025,8850.0,-1.2811597374646162,8850.0,-0.6101620085759617,8850.0,1.6285469369278913
8860.0,-8.872790197839919,8860.0,-7.528096376519273,8860.0,-5.745837204604914,8860.0,-1.2813100799339272,8860.0,-0.6103312669382575,8860.0,1.6282982603689753
8870.0,-8.872802697035102,8870.0,-7.528157813053399,8870.0,-5.7459068556363775,8870.0,-1.281459708351962,8870.0,-0.6104996929305535,8870.0,1.628050989390404
8880.0,-8.872814998708902,8880.0,-7.528218684843698,8880.0,-5.745976086004432,8880.0,-1.2816086286922703,8880.0,-0.6106672938372071,8880.0,1.627805110353387
8890.0,-8.872827103150446,8890.0,-7.528278996250406,8890.0,-5.746044898464057,8890.0,-1.2817568468840599,8890.0,-0.6108340768837263,8890.0,1.6275606097486237
8900.0,-8.872839010668018,8900.0,-7.528338751607844,8900.0,-5.74611329576195,8900.0,-1.2819043688130063,8900.0,-0.6110000492376184,8900.0,1.6273174741945684
8910.0,-8.872850721589153,8910.0,-7.528397955224774,8910.0,-5.746181280637004,8910.0,-1.282051200322193,8910.0,-0.6111652180096491,8910.0,1.627075690435253
8920.0,-8.87286223626058,8920.0,-7.528456611385056,8920.0,-5.746248855820673,8920.0,-1.282197347212923,8920.0,-0.611329590254649,8920.0,1.6268352453389348
8930.0,-8.87287355504853,8930.0,-7.528514724348371,8930.0,-5.746316024037399,8930.0,-1.2823428152453045,8930.0,-0.6114931729724574,8930.0,1.6265961258963824
8940.0,-8.872884678339107,8940.0,-7.528572298350998,8940.0,-5.746382788005296,8940.0,-1.2824876101395488,8940.0,-0.6116559731091196,8940.0,1.6263583192187188
8950.0,-8.872895606538725,8950.0,-7.528629337606819,8950.0,-5.746449150436991,8950.0,-1.2826317375770608,8950.0,-0.6118179975584055,8950.0,1.6261218125354144
8960.0,-8.872906340074536,8960.0,-7.528685846308214,8960.0,-5.7465151140402595,8960.0,-1.2827752032014534,8960.0,-0.6119792531627799,8960.0,1.6258865931924409
8970.0,-8.872916879394653,8970.0,-7.528741828626748,8970.0,-5.746580681518617,8970.0,-1.282918012619455,8970.0,-0.612139746714494,8970.0,1.6256526486504304
8980.0,-8.872927224968354,8980.0,-7.528797288713726,8980.0,-5.746645855571464,8980.0,-1.2830601714017225,8980.0,-0.6122994849566192,8980.0,1.6254199664830624
8990.0,-8.872937377285998,8990.0,-7.528852230700827,8990.0,-5.7467106388949185,8990.0,-1.2832016850834687,8990.0,-0.6124584745837377,8990.0,1.6251885343755366
9000.0,-8.87294733685924,9000.0,-7.528906658700494,9000.0,-5.746775034181648,9000.0,-1.2833425591652055,9000.0,-0.6126167222429103,9000.0,1.6249583401228975
9010.0,-8.872957104220927,9010.0,-7.528960576806487,9010.0,-5.746839044121495,9010.0,-1.2834827991134194,9010.0,-0.6127742345343569,9010.0,1.624729371628895
9020.0,-8.87296667992567,9020.0,-7.529013989094727,9020.0,-5.746902671402062,9020.0,-1.2836224103615095,9020.0,-0.6129310180127763,9020.0,1.6245016169036586
9030.0,-8.872976064550201,9030.0,-7.529066899624241,9030.0,-5.7469659187094555,9030.0,-1.2837613983110299,9030.0,-0.6130870791883826,9030.0,1.6242750640621075
9040.0,-8.87298525869382,9040.0,-7.529119312437959,9040.0,-5.747028788728902,9040.0,-1.2838997683324318,9040.0,-0.613242424528209,9040.0,1.6240497013220863
9050.0,-8.872994262978386,9050.0,-7.529171231563124,9050.0,-5.74709128414511,9050.0,-1.2840375257659842,9050.0,-0.6133970604567638,9050.0,1.6238255170028717
9060.0,-8.873003078048498,9060.0,-7.529222661011971,9060.0,-5.747153407642661,9060.0,-1.2841746759223294,9060.0,-0.6135509933569556,9060.0,1.6236024995237617
9070.0,-8.873011704571612,9070.0,-7.529273604782173,9070.0,-5.747215161906295,9070.0,-1.2843112240831476,9070.0,-0.6137042295708679,9070.0,1.6233806374024986
9080.0,-8.873020143237627,9080.0,-7.529324066856963,9080.0,-5.747276549620989,9080.0,-1.2844471755015447,9080.0,-0.6138567754001579,9080.0,1.6231599192543138
9090.0,-8.873028394758743,9090.0,-7.529374051205236,9090.0,-5.747337573471674,9090.0,-1.2845825354021718,9090.0,-0.6140086371064936,9090.0,1.6229403337908999
9100.0,-8.873036459869903,9100.0,-7.529423561782564,9100.0,-5.747398236144332,9100.0,-1.2847173089824868,9100.0,-0.6141598209127859,9100.0,1.622721869818431
9110.0,-8.873044339329452,9110.0,-7.529472602532141,9110.0,-5.747458540326653,9110.0,-1.2848515014138413,9110.0,-0.6143103330044535,9110.0,1.6225045162357132
9120.0,-8.873052033919352,9120.0,-7.5295211773854,9120.0,-5.747518488708485,9120.0,-1.2849851178422818,9120.0,-0.6144601795303521,9120.0,1.6222882620327825
9130.0,-8.873059544445214,9130.0,-7.529569290262542,9130.0,-5.747578083982285,9130.0,-1.285118163389109,9130.0,-0.6146093666035378,9130.0,1.6220730962893304
9140.0,-8.873066871736478,9140.0,-7.5296169450730215,9140.0,-5.747637328843348,9140.0,-1.285250643151602,9140.0,-0.6147579003019604,9140.0,1.6218590081735065
9150.0,-8.873074016646264,9150.0,-7.529664145715753,9150.0,-5.747696225989993,9150.0,-1.2853825622034383,9150.0,-0.6149057866691037,9150.0,1.6216459869408206
9160.0,-8.87308098004966,9160.0,-7.529710896077864,9160.0,-5.747754778122014,9160.0,-1.2855139255934243,9160.0,-0.6150530317128314,9160.0,1.6214340219343588
9170.0,-8.873087762842054,9170.0,-7.5297572000333055,9170.0,-5.7478129879392945,9170.0,-1.2856447383444034,9170.0,-0.6151996414044203,9170.0,1.6212231025855592
9180.0,-8.873094365941785,9180.0,-7.529803061445974,9180.0,-5.747870858144696,9180.0,-1.2857750054564132,9180.0,-0.6153456216817712,9180.0,1.6210132184101553
9190.0,-8.873100790290742,9190.0,-7.529848484170586,9190.0,-5.747928391444713,9190.0,-1.2859047319077666,9190.0,-0.6154909784507397,9190.0,1.6208043590065595
9200.0,-8.873107036854503,9200.0,-7.529893472053247,9200.0,-5.7479855905501775,9200.0,-1.2860339226557982,9200.0,-0.6156357175857405,9200.0,1.620596514054229
9210.0,-8.873113106622581,9210.0,-7.529938028932025,9210.0,-5.748042458176269,9210.0,-1.2861625826373386,9210.0,-0.6157798449307391,9210.0,1.6203896733126275
9220.0,-8.873119000608302,9220.0,-7.529982158637269,9220.0,-5.748098997043098,9220.0,-1.286290716769599,9220.0,-0.615923366299805,9220.0,1.6201838266199153
9230.0,-8.873124719849184,9230.0,-7.530025864992063,9230.0,-5.748155209875795,9230.0,-1.2864183299502892,9230.0,-0.6160662874777033,9230.0,1.6199789638916475
9240.0,-8.873130265408285,9240.0,-7.530069151814325,9240.0,-5.748211099406537,9240.0,-1.2865454270601988,9240.0,-0.6162086142223671,9240.0,1.6197750751180444
9250.0,-8.873135638371181,9250.0,-7.530112022913773,9250.0,-5.748266668371356,9250.0,-1.2866720129601934,9250.0,-0.6163503522620541,9250.0,1.6195721503662186
9260.0,-8.873140839844533,9260.0,-7.53015448209118,9260.0,-5.748321919509207,9260.0,-1.2867980924903781,9260.0,-0.616491507294753,9260.0,1.6193701797801223
9270.0,-8.873145870957556,9270.0,-7.530196533139696,9270.0,-5.748376855563361,9270.0,-1.286923670471967,9270.0,-0.6166320849898977,9270.0,1.619169153578425
9280.0,-8.873150732862152,9280.0,-7.53023817984577,9280.0,-5.748431479281973,9280.0,-1.2870487517080684,9280.0,-0.6167720909894708,9280.0,1.6189690620529475
9290.0,-8.873155426733234,9290.0,-7.53027942598963,9290.0,-5.748485793418482,9290.0,-1.2871733409841815,9290.0,-0.6169115309085103,9290.0,1.6187698955674998
9300.0,-8.873159953768678,9300.0,-7.530320275345575,9300.0,-5.748539800731837,9300.0,-1.2872974430688817,9300.0,-0.617050410336028,9300.0,1.6185716445565999
9310.0,-8.873164315189479,9310.0,-7.5303607316823005,9310.0,-5.748593503986783,9310.0,-1.287421062714203,9310.0,-0.6171887348352324,9310.0,1.6183742995246357
9320.0,-8.87316851224194,9320.0,-7.530400798765639,9320.0,-5.748646905956211,9320.0,-1.2875442046583052,9320.0,-0.6173265099466161,9320.0,1.618177851042438
9330.0,-8.873172546202767,9330.0,-7.53044048036387,9330.0,-5.748700009426567,9330.0,-1.2876668736311911,9330.0,-0.6174637411935161,9330.0,1.6179822897410752
9340.0,-8.87317641837437,9340.0,-7.530479780243336,9340.0,-5.748752817193154,9340.0,-1.2877890743501998,9340.0,-0.6176004340777769,9340.0,1.6177876063158132
9350.0,-8.8731801300813,9350.0,-7.530518702165133,9350.0,-5.748805332057068,9350.0,-1.2879108115170017,9350.0,-0.6177365940769718,9350.0,1.617593791528322
9360.0,-8.873183682668408,9360.0,-7.530557249883683,9360.0,-5.748857556823145,9360.0,-1.2880320898160835,9360.0,-0.6178722266428257,9360.0,1.6174008362080088
9370.0,-8.873187077499013,9370.0,-7.5305954271450455,9370.0,-5.748909494298623,9370.0,-1.2881529139134293,9370.0,-0.6180073372000532,9370.0,1.6172087312523673
9380.0,-8.87319031595333,9380.0,-7.530633237685786,9380.0,-5.748961147291473,9380.0,-1.2882732884552768,9380.0,-0.6181419311451691,9380.0,1.617017467628081
9390.0,-8.873193399426691,9390.0,-7.530670685231488,9390.0,-5.749012518609167,9390.0,-1.2883932180667996,9390.0,-0.618276013845321,9390.0,1.6168270363714101
9400.0,-8.873196329328593,9400.0,-7.530707773495923,9400.0,-5.749063611057509,9400.0,-1.2885127073514593,9400.0,-0.6184095906378049,9400.0,1.616637428588494
9410.0,-8.87319910708261,9410.0,-7.530744506181524,9410.0,-5.7491144274410315,9410.0,-1.288631760891506,9410.0,-0.6185426668304369,9410.0,1.6164486354543863
9420.0,-8.873201734125443,9420.0,-7.530780886978426,9420.0,-5.749164970561978,9420.0,-1.2887503832471703,9420.0,-0.6186752477010035,9420.0,1.6162606482132302
9430.0,-8.873204211904813,9430.0,-7.530816919562822,9430.0,-5.749215243218546,9430.0,-1.2888685789552032,9430.0,-0.6188073384958533,9430.0,1.616073458179098
9440.0,-8.873206541877682,9440.0,-7.530852607595496,9440.0,-5.74926524820317,9440.0,-1.2889863525272205,9440.0,-0.6189389444283429,9440.0,1.615887056737359
9450.0,-8.87320872550827,9450.0,-7.530887954719846,9450.0,-5.749314988300682,9450.0,-1.2891037084482513,9450.0,-0.619070070677448,9450.0,1.6157014353454553
9460.0,-8.873210764266247,9460.0,-7.530922964560782,9460.0,-5.7493644662868295,9460.0,-1.2892206511753859,9460.0,-0.6192007223864681,9460.0,1.6155165855338098
9470.0,-8.873212659625304,9470.0,-7.530957640723138,9470.0,-5.749413684926819,9470.0,-1.2893371851364859,9470.0,-0.619330904661869,9470.0,1.615332498906721
9480.0,-8.873214413062108,9480.0,-7.530991986791022,9480.0,-5.749462646974488,9480.0,-1.28945331472959,9480.0,-0.6194606225728391,9480.0,1.6151491671420681
9490.0,-8.873216026052255,9490.0,-7.531026006324279,9490.0,-5.749511355168469,9490.0,-1.2895690443193442,9490.0,-0.6195898811476318,9490.0,1.6149665819949093
9500.0,-8.873217500068943,9500.0,-7.53105970285709,9500.0,-5.749559812230996,9500.0,-1.2896843782359664,9500.0,-0.6197186853727105,9500.0,1.6147847352977776
9510.0,-8.873218836581826,9510.0,-7.5310930798972775,9510.0,-5.749608020866958,9510.0,-1.2897993207743594,9510.0,-0.6198470401920457,9510.0,1.6146036189610176
9520.0,-8.87322003705606,9520.0,-7.531126140925506,9520.0,-5.7496559837628665,9520.0,-1.2899138761935705,9520.0,-0.6199749505064638,9520.0,1.6144232249730102
9530.0,-8.873221102951014,9530.0,-7.531158889394321,9530.0,-5.7497037035861,9530.0,-1.290028048715982,9530.0,-0.6201024211729643,9530.0,1.6142435454005526
9540.0,-8.873222035719554,9540.0,-7.531191328727561,9540.0,-5.7497511829839505,9540.0,-1.2901418425267193,9540.0,-0.6202294570042556,9540.0,1.6140645723886784
9550.0,-8.873222836806848,9550.0,-7.5312234623195975,9550.0,-5.749798424582883,9550.0,-1.290255261772832,9550.0,-0.6203560627681614,9550.0,1.613886298161346
9560.0,-8.873223507648424,9560.0,-7.531255293533484,9560.0,-5.749845430986579,9560.0,-1.2903683105619388,9560.0,-0.6204822431860102,9560.0,1.613708715022314
9570.0,-8.873224049670352,9570.0,-7.5312868257013825,9570.0,-5.749892204776278,9570.0,-1.2904809929623418,9570.0,-0.6206080029330674,9570.0,1.6135318153543243
9580.0,-8.873224464289024,9580.0,-7.5313180621246625,9580.0,-5.749938748510745,9580.0,-1.2905933130034597,9580.0,-0.6207333466389624,9580.0,1.6133555916184459
9590.0,-8.87322475291073,9590.0,-7.531349006073713,9590.0,-5.749985064725983,9590.0,-1.29070527467566,9590.0,-0.620858278887596,9590.0,1.613180036353858
9600.0,-8.873224916931186,9600.0,-7.5313796607875565,9600.0,-5.750031155934851,9600.0,-1.290816881929882,9600.0,-0.6209828042169666,9600.0,1.6130051421775897
9610.0,-8.873224957734962,9610.0,-7.531410029473664,9610.0,-5.7500770246266235,9610.0,-1.2909281386777574,9610.0,-0.6211069271190442,9610.0,1.612830901784098
9620.0,-8.873224876694858,9620.0,-7.531440115307531,9620.0,-5.750122673266722,9620.0,-1.2910390487909844,9620.0,-0.6212306520396134,9620.0,1.6126573079454498
9630.0,-8.873224675171242,9630.0,-7.531469921432166,9630.0,-5.7501681042957715,9630.0,-1.2911496161011566,9630.0,-0.6213539833778516,9630.0,1.6124843535110873
9640.0,-8.873224354510576,9640.0,-7.531499450956897,9640.0,-5.75021332012868,9640.0,-1.2912598443984646,9640.0,-0.6214769254853425,9640.0,1.6123120314086699
9650.0,-8.873223916045935,9650.0,-7.5315287069581105,9650.0,-5.7502583231550135,9650.0,-1.2913697374326623,9650.0,-0.6215994826669446,9650.0,1.6121403346427576
9660.0,-8.87322336109731,9660.0,-7.531557692479794,9660.0,-5.750303115739625,9660.0,-1.291479298913612,9660.0,-0.6217216591813904,9660.0,1.6119692562937893
9670.0,-8.873222690971575,9670.0,-7.531586410533623,9670.0,-5.750347700222537,9670.0,-1.2915885325114767,9670.0,-0.6218434592417588,9670.0,1.6117987895175974
9680.0,-8.87322190696196,9680.0,-7.531614864098692,9680.0,-5.750392078918812,9680.0,-1.2916974418565896,9680.0,-0.6219648870151887,9680.0,1.6116289275449942
9690.0,-8.873221010347672,9690.0,-7.53164305612144,9690.0,-5.750436254117972,9690.0,-1.2918060305393135,9690.0,-0.622085946622944,9690.0,1.6114596636816627
9700.0,-8.873220002393374,9700.0,-7.531670989515188,9700.0,-5.750480228083951,9700.0,-1.2919143021097903,9700.0,-0.6222066421401184,9700.0,1.6112909913079758
9710.0,-8.873218884348633,9710.0,-7.531698667159888,9710.0,-5.750524003054375,9710.0,-1.2920222600777438,9710.0,-0.6223269775956065,9710.0,1.6111229038787402
9720.0,-8.873217657447505,9720.0,-7.531726091901954,9720.0,-5.750567581240486,9720.0,-1.292129907912348,9720.0,-0.6224469569719049,9720.0,1.6109553949230278
9730.0,-8.87321632290851,9730.0,-7.531753266554199,9730.0,-5.750610964827062,9730.0,-1.2922372490423213,9730.0,-0.6225665842054691,9730.0,1.610788458043719
9740.0,-8.873214881934313,9740.0,-7.531780193896034,9740.0,-5.750654155972338,9740.0,-1.2923442868560306,9740.0,-0.6226858631867003,9740.0,1.610622086916935
9750.0,-8.873213335711462,9750.0,-7.531806876673183,9750.0,-5.750697156807891,9750.0,-1.2924510247015488,9750.0,-0.6228047977601987,9750.0,1.6104562752917253
9760.0,-8.873211685410086,9760.0,-7.531833317597729,9760.0,-5.750739969438299,9760.0,-1.292557465886523,9760.0,-0.622923391724515,9760.0,1.6102910169898077
9770.0,-8.873209932183537,9770.0,-7.531859519347741,9770.0,-5.75078259594103,9770.0,-1.2926636136780085,9770.0,-0.6230416488322633,9770.0,1.610126305905289
9780.0,-8.87320807716798,9780.0,-7.531885484567267,9780.0,-5.750825038366075,9780.0,-1.2927694713024909,9780.0,-0.623159572790055,9780.0,1.6099621360044212
9790.0,-8.873206121482172,9790.0,-7.531911215866197,9790.0,-5.750867298735988,9790.0,-1.292875041945853,9790.0,-0.6232771672585586,9790.0,1.6097985013251797
9800.0,-8.873204066227924,9800.0,-7.531936715820831,9800.0,-5.750909379046189,9800.0,-1.292980328754019,9800.0,-0.6233944358532384,9800.0,1.6096353959762724
9810.0,-8.87320191248917,9810.0,-7.5319619869734655,9810.0,-5.750951281264492,9810.0,-1.2930853348325386,9810.0,-0.6235113821439534,9810.0,1.6094728141374297
9820.0,-8.87319966133103,9820.0,-7.531987031831087,9820.0,-5.750993007329853,9820.0,-1.293190063245408,9820.0,-0.6236280096539354,9820.0,1.6093107500598218
9830.0,-8.873197313798405,9830.0,-7.532011852864668,9830.0,-5.751034559151539,9830.0,-1.2932945170145482,9830.0,-0.6237443218590599,9830.0,1.6091491980667683
9840.0,-8.87319487091544,9840.0,-7.532036452508529,9840.0,-5.751075938608327,9840.0,-1.2933986991189188,9840.0,-0.6238603221873769,9840.0,1.6089881525537806
9850.0,-8.873192333684432,9850.0,-7.532060833159496,9850.0,-5.751117147547664,9850.0,-1.293502612494062,9850.0,-0.6239760140184608,9850.0,1.6088276079890786
9860.0,-8.873189703085137,9860.0,-7.532084997176416,9860.0,-5.751158187785207,9860.0,-1.2936062600314728,9860.0,-0.6240914006829426,9860.0,1.6086675589136556
9870.0,-8.873186980074236,9870.0,-7.5321089468796485,9870.0,-5.751199061104076,9870.0,-1.2937096445783973,9870.0,-0.6242064854622884,9870.0,1.6085079999413816
9880.0,-8.873184165584597,9880.0,-7.5321326845507475,9880.0,-5.7512397692545125,9880.0,-1.293812768937254,9880.0,-0.6243212715882932,9880.0,1.6083489257590289
9890.0,-8.873181260525131,9890.0,-7.532156212432206,9890.0,-5.751280313953706,9890.0,-1.2939156358656756,9890.0,-0.6244357622433434,9890.0,1.608190331126052
9900.0,-8.87317826578025,9900.0,-7.532179532727291,9900.0,-5.751320696885417,9900.0,-1.2940182480763702,9900.0,-0.6245499605599989,9900.0,1.6080322108743959
9910.0,-8.873175182209735,9910.0,-7.532202647599954,9910.0,-5.751360919699773,9910.0,-1.2941206082371164,9910.0,-0.6246638696213235,9910.0,1.6078745599083035
9920.0,-8.873172008488984,9920.0,-7.532225564382734,9920.0,-5.751400994079673,9920.0,-1.2942227465834804,9920.0,-0.6247775233268731,9920.0,1.607717330030857
9930.0,-8.873168749737086,9930.0,-7.5322482724637885,9930.0,-5.751440897693905,9930.0,-1.294324601272583,9930.0,-0.6248908527298362,9930.0,1.6075606166296026
9940.0,-8.873165405193467,9940.0,-7.532270783719444,9940.0,-5.751480649427221,9940.0,-1.2944262192722766,9940.0,-0.6250039102235025,9940.0,1.6074043463607537
9950.0,-8.873161976625656,9950.0,-7.532293099508705,9950.0,-5.751520249054444,9950.0,-1.2945275973851986,9950.0,-0.6251166922763959,9950.0,1.6072485235972873
9960.0,-8.873158465905961,9960.0,-7.532315222924414,9960.0,-5.751559699174195,9960.0,-1.2946287391418285,9960.0,-0.6252292028060068,9960.0,1.6070931425397508
9970.0,-8.873154875069769,9970.0,-7.532337157210925,9970.0,-5.751599002543565,9970.0,-1.2947296482258912,9970.0,-0.6253414458797634,9970.0,1.6069381972561012
9980.0,-8.873151206261733,9980.0,-7.532358905710346,9980.0,-5.751638162023993,9980.0,-1.294830328419372,9980.0,-0.6254534256598308,9980.0,1.6067836817373076
9990.0,-8.873147461697872,9990.0,-7.532380471824155,9990.0,-5.751677180542682,9990.0,-1.2949307835633819,9990.0,-0.6255651463640359,9990.0,1.6066295899367011
10000.0,-8.873143643638368,10000.0,-7.5324018589862725,10000.0,-5.751716061065249,10000.0,-1.2950310175302604,10000.0,-0.6256766122376569,10000.0,1.606475915798488
10010.0,-8.873139754368113,10010.0,-7.5324230706430795,10010.0,-5.75175480657579,10010.0,-1.29513103420311,10010.0,-0.6257878275331008,10010.0,1.6063226532781074
10020.0,-8.87313579618279,10020.0,-7.532444110239789,10020.0,-5.751793420062815,10020.0,-1.2952308374614456,10020.0,-0.6258987964955092,10020.0,1.6061697963567896
10030.0,-8.873131771378835,10030.0,-7.532464981210328,10030.0,-5.751831904509056,10030.0,-1.2953304311708553,10030.0,-0.6260095233522186,10030.0,1.6060173390521721
10040.0,-8.87312768224649,10040.0,-7.532485686970279,10040.0,-5.751870262884403,10040.0,-1.2954298191755556,10040.0,-0.6261200123055958,10040.0,1.6058652754253784
10050.0,-8.873123531064872,10050.0,-7.532506230912159,10050.0,-5.751908498140845,10050.0,-1.29552900529333,10050.0,-0.6262302675276156,10050.0,1.6057135995862746
10060.0,-8.87311932009865,10060.0,-7.532526616402024,10060.0,-5.751946613209123,10060.0,-1.2956279933119832,10060.0,-0.6263402931566604,10060.0,1.6055623056969035
10070.0,-8.87311505159581,10070.0,-7.532546846777328,10070.0,-5.75198461099639,10070.0,-1.2957267869870706,10070.0,-0.6264500932950782,10070.0,1.605411387973645
10080.0,-8.873110727786218,10080.0,-7.5325669253457095,10080.0,-5.752022494384909,10080.0,-1.295825390040381,10080.0,-0.6265596720077142,10080.0,1.6052608406885598
10090.0,-8.873106350881002,10090.0,-7.532586855384096,10090.0,-5.7520602662311395,10090.0,-1.2959238061592295,10090.0,-0.626669033321189,10090.0,1.605110658169992
10100.0,-8.873101923071827,10100.0,-7.532606640138529,10100.0,-5.752097929365495,10100.0,-1.2960220389959605,10100.0,-0.6267781812235291,10100.0,1.6049608348028455
10110.0,-8.873097446531107,10110.0,-7.532626282824179,10110.0,-5.7521354865920475,10110.0,-1.2961200921680516,10110.0,-0.6268871196641438,10110.0,1.604811365028537
10120.0,-8.873092923412033,10120.0,-7.532645786625497,10120.0,-5.7521729406890305,10120.0,-1.2962179692581046,10120.0,-0.6269958525541011,10120.0,1.6046622433442912
10130.0,-8.873088355848717,10130.0,-7.532665154696616,10130.0,-5.752210294408781,10130.0,-1.2963156738143822,10130.0,-0.6271043837663854,10130.0,1.6045134643031094
10140.0,-8.873083745956754,10140.0,-7.532684390161804,10140.0,-5.7522475504783035,10140.0,-1.2964132093511143,10140.0,-0.6272127171364489,10140.0,1.6043650225126944
10150.0,-8.873079095833312,10150.0,-7.5327034961158486,10150.0,-5.75228471159968,10150.0,-1.2965105793490377,10150.0,-0.6273208564627077,10150.0,1.6042169126350452
10160.0,-8.87307440755772,10160.0,-7.532722475624709,10160.0,-5.752321780450404,10160.0,-1.2966077872558404,10160.0,-0.6274288055070355,10160.0,1.6040691293856073
10170.0,-8.873069683191718,10170.0,-7.532741331725831,10170.0,-5.7523587596839425,10170.0,-1.2967048364867446,10170.0,-0.6275365679953233,10170.0,1.6039216675326382
10180.0,-8.87306492478,10180.0,-7.532760067428814,10180.0,-5.75239565193014,10180.0,-1.296801730424979,10180.0,-0.6276441476181088,10180.0,1.603774521896497
10190.0,-8.873060134350293,10190.0,-7.532778685715636,10190.0,-5.752432459795523,10190.0,-1.2968984724221317,10190.0,-0.6277515480308942,10190.0,1.6036276873487931
10200.0,-8.873055313913879,10200.0,-7.53279718954128,10200.0,-5.752469185863672,10200.0,-1.2969950657988147,10200.0,-0.6278587728547286,10200.0,1.6034811588121944
10210.0,-8.873050465465733,10210.0,-7.532815581833923,10210.0,-5.752505832695584,10210.0,-1.2970915138448065,10210.0,-0.6279658256767207,10210.0,1.6033349312592833
10220.0,-8.873045590984649,10220.0,-7.532833865495312,10220.0,-5.752542402830028,10220.0,-1.297187819819554,10220.0,-0.6280727100501655,10220.0,1.6031889997123572
10230.0,-8.87304069243366,10230.0,-7.532852043401116,10230.0,-5.752578898783499,10230.0,-1.2972839869524841,10230.0,-0.6281794294951462,10230.0,1.6030433592427518
10240.0,-8.873035771759834,10240.0,-7.532870118401028,10240.0,-5.752615323050726,10240.0,-1.2973800184431683,10240.0,-0.6282859874987029,10240.0,1.602898004970492
10250.0,-8.87303083089467,10250.0,-7.5328880933190785,10250.0,-5.752651678104597,10250.0,-1.2974759174617525,10250.0,-0.6283923875151992,10250.0,1.6027529320637164
10260.0,-8.873025871754002,10260.0,-7.532905970953711,10260.0,-5.752687966396395,10260.0,-1.297571687148828,10260.0,-0.6284986329663853,10260.0,1.6026081357383646
10270.0,-8.873020896237898,10270.0,-7.532923754077997,10270.0,-5.752724190355788,10270.0,-1.2976673306160078,10270.0,-0.6286047272418087,10270.0,1.6024636112577597
10280.0,-8.873015906230908,10280.0,-7.53294144543962,10280.0,-5.752760352391031,10280.0,-1.2977628509456862,10280.0,-0.6287106736988446,10280.0,1.602319353932301
10290.0,-8.87301090360188,10290.0,-7.5329590477610475,10290.0,-5.752796454888786,10290.0,-1.2978582511914394,10290.0,-0.6288164756628629,10290.0,1.6021753591192123
10300.0,-8.873005890203869,10300.0,-7.532976563739532,10300.0,-5.752832500214332,10300.0,-1.297953534377875,10300.0,-0.6289221364273508,10300.0,1.6020316222221431
10310.0,-8.87300086787412,10310.0,-7.532993996047118,10310.0,-5.7528684907113785,10310.0,-1.2980487035007997,10310.0,-0.6290276592540263,10310.0,1.6018881386910706
10320.0,-8.87299583843399,10320.0,-7.533011347330691,10320.0,-5.752904428702068,10320.0,-1.298143761527372,10320.0,-0.6291330473728819,10320.0,1.601744904021878
10330.0,-8.872990803688745,10330.0,-7.533028620211892,10330.0,-5.7529403164870905,10330.0,-1.2982387113958873,10330.0,-0.6292383039822784,10330.0,1.6016019137562638
10340.0,-8.872985765427549,10340.0,-7.533045817287214,10340.0,-5.752976156345371,10340.0,-1.2983335560160314,10340.0,-0.6293434322489854,10340.0,1.6014591634815336
10350.0,-8.872980725423272,10350.0,-7.53306294112794,10350.0,-5.75301195053424,10350.0,-1.2984282982686943,10350.0,-0.6294484353081468,10350.0,1.6013166488302601
10360.0,-8.872975685432396,10360.0,-7.5330799942800075,10360.0,-5.75304770128911,10360.0,-1.2985229410061685,10360.0,-0.6295533162635639,10360.0,1.601174365480362
10370.0,-8.872970647194807,10370.0,-7.533096979264109,10370.0,-5.75308341082367,10370.0,-1.2986174870520966,10370.0,-0.6296580781874048,10370.0,1.6010323091545704
10380.0,-8.872965612433822,10380.0,-7.533113898575564,10380.0,-5.753119081329678,10380.0,-1.2987119392012567,10380.0,-0.6297627241204675,10380.0,1.6008904756205644
10390.0,-8.87296058285586,10390.0,-7.53313075468441,10390.0,-5.753154714976814,10390.0,-1.2988063002198948,10390.0,-0.6298672570721638,10390.0,1.6007488606906464
10400.0,-8.872955560150382,10400.0,-7.5331475500351734,10400.0,-5.753190313912743,10400.0,-1.2989005728455707,10400.0,-0.6299716800204377,10400.0,1.600607460221503
10410.0,-8.87295054599003,10410.0,-7.53316428704705,10410.0,-5.753225880262995,10410.0,-1.2989947597870988,10410.0,-0.6300759959120226,10410.0,1.6004662701141035
10420.0,-8.872945542030008,10420.0,-7.533180968113731,10420.0,-5.753261416130899,10420.0,-1.299088863724697,10420.0,-0.6301802076621659,10420.0,1.6003252863135926
10430.0,-8.872940549908343,10430.0,-7.533197595603403,10430.0,-5.753296923597565,10430.0,-1.2991828873099287,10430.0,-0.6302843181550243,10430.0,1.6001845048089143
10440.0,-8.87293557124574,10440.0,-7.533214171858839,10440.0,-5.753332404721837,10440.0,-1.2992768331657065,10440.0,-0.630388330243553,10440.0,1.6000439216327478
10450.0,-8.87293060764536,10450.0,-7.533230699197318,10450.0,-5.753367861540128,10450.0,-1.299370703886373,10450.0,-0.6304922467495262,10450.0,1.5999035328612623
10460.0,-8.87292566069288,10460.0,-7.533247179910664,10460.0,-5.7534032960666135,10460.0,-1.2994645020378055,10460.0,-0.6305960704635675,10460.0,1.5997633346139515
10470.0,-8.872920731956244,10470.0,-7.5332636162651845,10470.0,-5.753438710293019,10470.0,-1.2995582301572484,10470.0,-0.6306998041455005,10470.0,1.5996233230533177
10480.0,-8.87291582298587,10480.0,-7.533280010501809,10480.0,-5.753474106188732,10480.0,-1.2996518907536632,10480.0,-0.6308034505241321,10480.0,1.5994834943848042
10490.0,-8.872910935314367,10490.0,-7.533296364836097,10490.0,-5.7535094857007705,10490.0,-1.2997454863075886,10490.0,-0.6309070122975013,10490.0,1.5993438448564905
10500.0,-8.872906070456576,10500.0,-7.533312681458187,10500.0,-5.753544850753793,10500.0,-1.2998390192712939,10500.0,-0.6310104921329527,10500.0,1.5992043707587025
10510.0,-8.872901229909598,10510.0,-7.533328962533035,10510.0,-5.753580203250079,10510.0,-1.2999324920688335,10510.0,-0.6311138926672951,10510.0,1.5990650684240242
10520.0,-8.872896415152669,10520.0,-7.53334521020029,10520.0,-5.7536155450696524,10520.0,-1.3000259070962024,10520.0,-0.6312172165068272,10520.0,1.598925934226921
10530.0,-8.872891627647222,10530.0,-7.533361426574554,10530.0,-5.753650878070335,10530.0,-1.3001192667214623,10530.0,-0.6313204662275703,10530.0,1.5987869645834096
10540.0,-8.872886868836979,10540.0,-7.5333776137452855,10540.0,-5.753686204087581,10540.0,-1.3002125732847614,10540.0,-0.6314236443753808,10540.0,1.5986481559509558
10550.0,-8.872882140147748,10550.0,-7.533393773777052,10550.0,-5.753721524934924,10550.0,-1.3003058290985332,10550.0,-0.6315267534661261,10550.0,1.5985095048280178
10560.0,-8.872877442987653,10560.0,-7.533409908709603,10560.0,-5.753756842403716,10560.0,-1.300399036447617,10560.0,-0.6316297959857778,10560.0,1.5983710077538142
10570.0,-8.872872778747164,10570.0,-7.533426020557913,10570.0,-5.753792158263363,10570.0,-1.3004921975894663,10570.0,-0.6317327743907817,10570.0,1.5982326613080875
10580.0,-8.872868148798922,10580.0,-7.533442111312392,10580.0,-5.7538274742614295,10580.0,-1.3005853147542263,10580.0,-0.6318356911078898,10580.0,1.5980944621107975
10590.0,-8.872863554498158,10590.0,-7.533458182938987,10590.0,-5.753862792123761,10590.0,-1.300678390144907,10590.0,-0.6319385485346978,10590.0,1.5979564068216945
10600.0,-8.872858997182494,10600.0,-7.533474237379349,10600.0,-5.753898113554497,10600.0,-1.3007714259376553,10600.0,-0.6320413490397547,10600.0,1.5978184921401841
10610.0,-8.872854478172036,10610.0,-7.5334902765509595,10610.0,-5.753933440236299,10610.0,-1.3008644242817935,10610.0,-0.6321440949625775,10610.0,1.5976807148047727
10620.0,-8.872849998769635,10620.0,-7.533506302347351,10620.0,-5.753968773830394,10620.0,-1.3009573873001037,10620.0,-0.6322467886141054,10620.0,1.5975430715929066
10630.0,-8.872845560260826,10630.0,-7.533522316638171,10630.0,-5.754004115976869,10630.0,-1.3010503170890986,10630.0,-0.632349432276833,10630.0,1.597405559320679
10640.0,-8.872841163913984,10640.0,-7.533538321269482,10640.0,-5.754039468294584,10640.0,-1.301143215718977,10640.0,-0.6324520282050275,10640.0,1.5972681748423574
10650.0,-8.872836810980404,10650.0,-7.5335543180638425,10650.0,-5.75407483238159,10650.0,-1.3012360852341716,10650.0,-0.6325545786249672,10650.0,1.5971309150499904
10660.0,-8.87283250269455,10660.0,-7.5335703088205825,10660.0,-5.754110209815104,10660.0,-1.301328927653217,10660.0,-0.6326570857351762,10660.0,1.5969937768732967
10670.0,-8.872828240273972,10670.0,-7.533586295315949,10670.0,-5.754145602151707,10670.0,-1.3014217449692995,10670.0,-0.6327595517067093,10670.0,1.5968567572790835
10680.0,-8.872824024919591,10680.0,-7.533602279303317,10680.0,-5.754181010927684,10680.0,-1.3015145391502514,10680.0,-0.632861978683384,10680.0,1.5967198532709763
10690.0,-8.872819857815863,10690.0,-7.533618262513413,10690.0,-5.754216437658904,10690.0,-1.3016073121389315,10690.0,-0.6329643687820067,10690.0,1.5965830618889887
10700.0,-8.872815740130724,10700.0,-7.53363424665451,10700.0,-5.754251883841289,10700.0,-1.3017000658533269,10700.0,-0.6330667240926846,10700.0,1.5964463802093654
10710.0,-8.872811673016033,10710.0,-7.5336502334126285,10710.0,-5.754287350950866,10710.0,-1.3017928021869483,10710.0,-0.633169046679032,10710.0,1.5963098053439628
10720.0,-8.872807657607447,10720.0,-7.533666224451847,10720.0,-5.754322840443966,10720.0,-1.3018855230089792,10720.0,-0.6332713385785675,10720.0,1.5961733344398732
10730.0,-8.872803695024842,10730.0,-7.533682221414423,10730.0,-5.75435835375752,10730.0,-1.3019782301645622,10730.0,-0.6333736018027639,10730.0,1.5960369646793786
10740.0,-8.87279978637224,10740.0,-7.53369822592108,10740.0,-5.754393892309093,10740.0,-1.3020709254750393,10740.0,-0.633475838337547,10740.0,1.5959006932792108
10750.0,-8.872795932738047,10750.0,-7.533714239571204,10750.0,-5.7544294574972685,10750.0,-1.302163610738219,10750.0,-0.633578050143412,10750.0,1.5957645174902855
10760.0,-8.872792135195358,10760.0,-7.533730263943126,10760.0,-5.754465050701704,10760.0,-1.3022562877286055,10760.0,-0.6336802391558526,10760.0,1.595628434597384
10770.0,-8.872788394801969,10770.0,-7.533746300594314,10770.0,-5.754500673283519,10770.0,-1.3023489581977585,10770.0,-0.6337824072855264,10770.0,1.5954924419188226
10780.0,-8.872784712600657,10780.0,-7.533762351061678,10780.0,-5.754536326585354,10780.0,-1.3024416238743874,10780.0,-0.6338845564185348,10780.0,1.5953565368058331
10790.0,-8.872781089619302,10790.0,-7.533778416861699,10790.0,-5.754572011931616,10790.0,-1.3025342864648235,10790.0,-0.6339866884168242,10790.0,1.5952207166425005
10800.0,-8.872777526871035,10800.0,-7.533794499490798,10800.0,-5.754607730628818,10800.0,-1.3026269476531491,10800.0,-0.6340888051183493,10800.0,1.5950849788450538
10810.0,-8.872774025354577,10810.0,-7.533810600425489,10810.0,-5.75464348396564,10810.0,-1.3027196091014475,10810.0,-0.6341909083374375,10810.0,1.5949493208618606
10820.0,-8.872770586054292,10820.0,-7.533826721122689,10820.0,-5.754679273213243,10820.0,-1.3028122724501625,10820.0,-0.634292999864988,10820.0,1.5948137401725837
10830.0,-8.872767209940381,10830.0,-7.533842863019949,10830.0,-5.754715099625502,10830.0,-1.3029049393183618,10830.0,-0.6343950814689371,10830.0,1.5946782342882397
10840.0,-8.872763897969097,10840.0,-7.533859027535651,10840.0,-5.754750964439125,10840.0,-1.302997611303947,10840.0,-0.6344971548943468,10840.0,1.5945428007505784
10850.0,-8.872760651082995,10850.0,-7.533875216069298,10850.0,-5.754786868874046,10850.0,-1.3030902899839447,10850.0,-0.6345992218637845,10850.0,1.594407437131764
10860.0,-8.872757470211063,10860.0,-7.533891430001796,10860.0,-5.7548228141335604,10860.0,-1.3031829769147816,10860.0,-0.6347012840776677,10860.0,1.594272141033946
10870.0,-8.87275435626878,10870.0,-7.533907670695635,10870.0,-5.754858801404494,10870.0,-1.3032756736325957,10870.0,-0.6348033432144379,10870.0,1.5941369100890417
10880.0,-8.872751310158684,10880.0,-7.533923939495232,10880.0,-5.754894831857554,10880.0,-1.3033683816534662,10880.0,-0.6349054009308646,10880.0,1.5940017419581418
10890.0,-8.872748332770168,10890.0,-7.533940237727028,10890.0,-5.754930906647421,10890.0,-1.303461102473619,10890.0,-0.6350074588625214,10890.0,1.5938666343313517
10900.0,-8.872745424979863,10900.0,-7.533956566699906,10900.0,-5.754967026913133,10900.0,-1.3035538375698634,10900.0,-0.635109518623769,10900.0,1.593731584927247
10910.0,-8.872742587651809,10910.0,-7.533972927705325,10910.0,-5.7550031937781005,10910.0,-1.3036465883996915,10910.0,-0.6352115818082178,10910.0,1.593596591492606
10920.0,-8.872739821637683,10920.0,-7.53398932201755,10920.0,-5.755039408350584,10920.0,-1.3037393564016446,10920.0,-0.635313649989082,10920.0,1.593461651802016
10930.0,-8.872737127776896,10930.0,-7.534005750894033,10930.0,-5.755075671723687,10930.0,-1.3038321429955242,10930.0,-0.6354157247192588,10930.0,1.5933267636574813
10940.0,-8.872734506896848,10940.0,-7.534022215575497,10940.0,-5.75511198497575,10940.0,-1.3039249495827379,10940.0,-0.6355178075317408,10940.0,1.5931919248881419
10950.0,-8.8727319598131,10950.0,-7.534038717286282,10950.0,-5.7551483491704625,10950.0,-1.3040177775463762,10950.0,-0.6356198999399179,10950.0,1.593057133349898
10960.0,-8.872729487329623,10960.0,-7.53405525723455,10960.0,-5.755184765357132,10960.0,-1.3041106282517234,10960.0,-0.6357220034377614,10960.0,1.592922386924923
10970.0,-8.87272709023888,10970.0,-7.534071836612509,10970.0,-5.7552212345708975,10970.0,-1.3042035030463244,10970.0,-0.6358241195001281,10970.0,1.5927876835214605
10980.0,-8.87272476932209,10980.0,-7.534088456596695,10980.0,-5.755257757832964,10980.0,-1.3042964032603315,10980.0,-0.635926249583107,10980.0,1.5926530210734562
10990.0,-8.87272252534942,10990.0,-7.5341051183481245,10990.0,-5.75529433615076,10990.0,-1.304389330206743,10990.0,-0.6360283951241432,10990.0,1.5925183975401462
11000.0,-8.872720359080118,11000.0,-7.534121823012683,11000.0,-5.7553309705182,11000.0,-1.304482285181644,11000.0,-0.6361305575424658,11000.0,1.5923838109057529
11010.0,-8.872718271262697,11010.0,-7.534138571721175,11010.0,-5.755367661915934,11010.0,-1.3045752694644388,11010.0,-0.6362327382392713,11010.0,1.5922492591791475
11020.0,-8.872716262635214,11020.0,-7.534155365589708,11020.0,-5.75540441131148,11020.0,-1.3046682843181683,11020.0,-0.6363349385979816,11020.0,1.5921147403934626
11030.0,-8.872714333925328,11030.0,-7.534172205719765,11030.0,-5.755441219659432,11030.0,-1.304761330989658,11030.0,-0.6364371599845053,11030.0,1.5919802526059346
11040.0,-8.872712485850535,11040.0,-7.534189093198583,11040.0,-5.755478087901808,11040.0,-1.3048544107098503,11040.0,-0.6365394037475292,11040.0,1.5918457938972115
11050.0,-8.872710719118341,11050.0,-7.534206029099298,11050.0,-5.755515016968029,11050.0,-1.3049475246940319,11050.0,-0.6366416712187796,11050.0,1.591711362371504
11060.0,-8.872709034426505,11060.0,-7.534223014481168,11060.0,-5.755552007775319,11060.0,-1.3050406741419853,11060.0,-0.6367439637132208,11060.0,1.5915769561558104
11070.0,-8.872707432463068,11070.0,-7.534240050389791,11070.0,-5.755589061228843,11070.0,-1.3051338602383635,11070.0,-0.6368462825293439,11070.0,1.591442573399959
11080.0,-8.872705913906646,11080.0,-7.534257137857381,11080.0,-5.755626178221837,11080.0,-1.305227084152804,11080.0,-0.6369486289494475,11080.0,1.5913082122759703
11090.0,-8.872704479426528,11090.0,-7.534274277902853,11090.0,-5.7556633596359195,11090.0,-1.3053203470402295,11090.0,-0.6370510042397776,11090.0,1.5911738709780308
11100.0,-8.872703129682941,11100.0,-7.534291471532187,11100.0,-5.7557006063411995,11100.0,-1.3054136500410813,11100.0,-0.6371534096509032,11100.0,1.5910395477219714
11110.0,-8.872701865327075,11110.0,-7.534308719738584,11110.0,-5.755737919196509,11110.0,-1.3055069942814226,11110.0,-0.6372558464178305,11110.0,1.5909052407451132
11120.0,-8.872700687001391,11120.0,-7.534326023502579,11120.0,-5.755775299049598,11120.0,-1.3056003808733967,11120.0,-0.637358315760409,11120.0,1.5907709483058208
11130.0,-8.872699595339645,11130.0,-7.534343383792359,11130.0,-5.755812746737229,11130.0,-1.3056938109151985,11130.0,-0.6374608188832883,11130.0,1.5906366686833955
11140.0,-8.87269859096718,11140.0,-7.5343608015639605,11140.0,-5.755850263085571,11140.0,-1.3057872854914103,11140.0,-0.6375633569764492,11140.0,1.5905024001775412
11150.0,-8.872697674501008,11150.0,-7.534378277761351,11150.0,-5.7558878489101755,11150.0,-1.3058808056733457,11150.0,-0.6376659312152816,11150.0,1.590368141108213
11160.0,-8.872696846549976,11160.0,-7.534395813316841,11160.0,-5.75592550501622,11160.0,-1.3059743725189563,11160.0,-0.6377685427607938,11160.0,1.5902338898153492
11170.0,-8.872696107714939,11170.0,-7.534413409151014,11170.0,-5.755963232198715,11170.0,-1.3060679870733165,11170.0,-0.6378711927599099,11170.0,1.5900996446586224
11180.0,-8.872695458588847,11180.0,-7.534431066173131,11180.0,-5.756001031242743,11180.0,-1.3061616503686586,11180.0,-0.6379738823455924,11180.0,1.5899654040168958
11190.0,-8.872694899756967,11190.0,-7.534448785281224,11190.0,-5.756038902923452,11190.0,-1.3062553634247103,11190.0,-0.6380766126371648,11190.0,1.5898311662882563
11200.0,-8.87269443179709,11200.0,-7.534466567362297,11200.0,-5.756076848006342,11200.0,-1.30634912724883,11200.0,-0.6381793847404671,11200.0,1.5896969298896475
11210.0,-8.872694055279498,11210.0,-7.534484413292503,11210.0,-5.756114867247496,11210.0,-1.3064429428361088,11210.0,-0.638282199748081,11210.0,1.5895626932564622
11220.0,-8.87269377076724,11220.0,-7.534502323937345,11220.0,-5.756152961393569,11220.0,-1.3065368111697664,11220.0,-0.6383850587395213,11220.0,1.5894284548424933
11230.0,-8.87269357881621,11230.0,-7.534520300151826,11230.0,-5.756191131182165,11230.0,-1.3066307332211826,11230.0,-0.6384879627814598,11230.0,1.5892942131194812
11240.0,-8.872693479975354,11240.0,-7.534538342780673,11240.0,-5.756229377341758,11240.0,-1.3067247099501806,11240.0,-0.638590912927896,11240.0,1.5891599665769647
11250.0,-8.872693474786729,11250.0,-7.53455645265846,11250.0,-5.756267700592119,11250.0,-1.3068187423052025,11250.0,-0.6386939102204358,11250.0,1.5890257137219967
11260.0,-8.872693563785724,11260.0,-7.534574630609772,11260.0,-5.7563061016441965,11260.0,-1.3069128312233982,11260.0,-0.6387969556883804,11260.0,1.5888914530788698
11270.0,-8.872693747501039,11270.0,-7.534592877449495,11270.0,-5.7563445812005245,11270.0,-1.3070069776308857,11270.0,-0.6389000503490067,11270.0,1.5887571831889433
11280.0,-8.872694026455067,11280.0,-7.534611193982764,11280.0,-5.756383139955195,11280.0,-1.3071011824430498,11280.0,-0.6390031952077017,11280.0,1.588622902610278
11290.0,-8.87269440116377,11290.0,-7.534629581005298,11290.0,-5.756421778594064,11290.0,-1.3071954465644384,11290.0,-0.6391063912581809,11290.0,1.5884886099174271
11300.0,-8.872694872136885,11300.0,-7.534648039303539,11300.0,-5.7564604977949205,11300.0,-1.3072897708891982,11300.0,-0.6392096394826755,11300.0,1.5883543037013532
11310.0,-8.87269543987818,11310.0,-7.534666569654753,11310.0,-5.756499298227628,11310.0,-1.3073841563010546,11310.0,-0.6393129408521115,11310.0,1.588219982568919
11320.0,-8.872696104885344,11320.0,-7.534685172827154,11320.0,-5.7565381805542275,11320.0,-1.3074786036736479,11320.0,-0.639416296326205,11320.0,1.58808564514292
11330.0,-8.872696867650278,11330.0,-7.534703849580256,11330.0,-5.756577145429082,11330.0,-1.3075731138705753,11330.0,-0.6395197068538246,11330.0,1.587951290061653
11340.0,-8.872697728659181,11340.0,-7.534722600664793,11340.0,-5.7566161934990765,11340.0,-1.3076676877456133,11340.0,-0.6396231733730036,11340.0,1.587816915978835
11350.0,-8.872698688392637,11350.0,-7.534741426822962,11350.0,-5.756655325403694,11350.0,-1.3077623261428182,11350.0,-0.6397266968111639,11350.0,1.587682521563302
11360.0,-8.872699747325717,11360.0,-7.534760328788554,11360.0,-5.7566945417752144,11360.0,-1.3078570298968097,11360.0,-0.6398302780853057,11360.0,1.5875481054988332
11370.0,-8.87270090592814,11370.0,-7.534779307287144,11370.0,-5.756733843238677,11370.0,-1.307951799832779,11370.0,-0.6399339181020995,11370.0,1.587413666483845
11380.0,-8.872702164664302,11380.0,-7.534798363036196,11380.0,-5.756773230412212,11380.0,-1.3080466367667083,11380.0,-0.6400376177581666,11380.0,1.587279203231303
11390.0,-8.872703523993453,11390.0,-7.534817496745176,11390.0,-5.756812703907076,11390.0,-1.3081415415055218,11390.0,-0.6401413779401368,11390.0,1.5871447144684305
11400.0,-8.872704984369829,11400.0,-7.5348367091157495,11400.0,-5.7568522643277635,11400.0,-1.3082365148473332,11400.0,-0.6402451995248954,11400.0,1.5870101989365106
11410.0,-8.872706546242648,11410.0,-7.534856000841803,11410.0,-5.756891912272185,11410.0,-1.308331557581341,11410.0,-0.6403490833796632,11410.0,1.5868756553908214
11420.0,-8.872708210056317,11420.0,-7.534875372609749,11420.0,-5.756931648331698,11420.0,-1.3084266704882583,11420.0,-0.6404530303620807,11420.0,1.5867410826001005
11430.0,-8.872709976250443,11430.0,-7.534894825098493,11430.0,-5.756971473091258,11430.0,-1.3085218543401695,11430.0,-0.6405570413206576,11430.0,1.5866064793467645
11440.0,-8.87271184526003,11440.0,-7.534914358979676,11440.0,-5.757011387129685,11440.0,-1.3086171099009676,11440.0,-0.6406611170944977,11440.0,1.5864718444263928
11450.0,-8.87271381751545,11450.0,-7.534933974917702,11450.0,-5.757051391019449,11450.0,-1.3087124379262514,11450.0,-0.6407652585138601,11450.0,1.5863371766476226
11460.0,-8.872715893442605,11460.0,-7.534953673569973,11460.0,-5.75709148532716,11460.0,-1.3088078391636058,11460.0,-0.6408694663999691,11460.0,1.586202474832167
11470.0,-8.872718073463119,11470.0,-7.534973455586836,11470.0,-5.757131670613347,11470.0,-1.3089033143526208,11470.0,-0.6409737415653469,11470.0,1.5860677378143082
11480.0,-8.872720357994238,11480.0,-7.534993321611954,11480.0,-5.757171947432822,11480.0,-1.308998864225096,11480.0,-0.6410780848139143,11480.0,1.585932964440836
11490.0,-8.87272274744899,11490.0,-7.53501327228216,11490.0,-5.757212316334609,11490.0,-1.3090944895051815,11490.0,-0.6411824969410997,11490.0,1.5857981535709802
11500.0,-8.872725242236344,11500.0,-7.535033308227729,11500.0,-5.757252777862106,11500.0,-1.309190190909436,11500.0,-0.6412869787339294,11500.0,1.5856633040761736
11510.0,-8.872727842761263,11510.0,-7.535053430072537,11510.0,-5.757293332553266,11510.0,-1.3092859691469985,11510.0,-0.6413915309713134,11510.0,1.5855284148397766
11520.0,-8.87273054942473,11520.0,-7.535073638433949,11520.0,-5.757333980940567,11520.0,-1.3093818249197007,11520.0,-0.6414961544239911,11520.0,1.5853934847569646
11530.0,-8.872733362623826,11530.0,-7.535093933923174,11530.0,-5.757374723551181,11530.0,-1.3094777589221964,11530.0,-0.6416008498548064,11530.0,1.585258512734637
11540.0,-8.872736282751921,11540.0,-7.535114317145197,11540.0,-5.7574155609070665,11540.0,-1.3095737718420049,11540.0,-0.6417056180187601,11540.0,1.5851234976911182
11550.0,-8.872739310198607,11550.0,-7.535134788698978,11550.0,-5.757456493524992,11550.0,-1.309669864359743,11550.0,-0.6418104596630713,11550.0,1.5849884385561683
11560.0,-8.87274244534988,11560.0,-7.535155349177543,11560.0,-5.757497521916804,11560.0,-1.3097660371491833,11560.0,-0.6419153755275032,11560.0,1.584853334270653
11570.0,-8.872745688588237,11570.0,-7.5351759991680165,11570.0,-5.757538646589337,11570.0,-1.309862290877311,11570.0,-0.6420203663442557,11570.0,1.5847181837863538
11580.0,-8.872749040292641,11580.0,-7.535196739251867,11580.0,-5.757579868044537,11580.0,-1.309958626204536,11580.0,-0.6421254328381978,11580.0,1.584582986066116
11590.0,-8.87275250083861,11590.0,-7.535217570004817,11590.0,-5.757621186779655,11590.0,-1.3100550437846763,11590.0,-0.6422305757269677,11590.0,1.5844477400833041
11600.0,-8.872756070598397,11600.0,-7.535238491997067,11600.0,-5.757662603287211,11600.0,-1.3101515442652323,11600.0,-0.6423357957210819,11600.0,1.5843124448219021
11610.0,-8.872759749940965,11610.0,-7.535259505793361,11610.0,-5.757704118055148,11610.0,-1.3102481282873262,11610.0,-0.6424410935240777,11610.0,1.5841770992763262
11620.0,-8.872763539232043,11620.0,-7.535280611953078,11620.0,-5.757745731566896,11620.0,-1.3103447964858543,11620.0,-0.6425464698324924,11620.0,1.58404170245112
11630.0,-8.872767438834284,11630.0,-7.535301811030312,11630.0,-5.75778744430138,11630.0,-1.3104415494896515,11630.0,-0.6426519253361848,11630.0,1.5839062533611579
11640.0,-8.872771449107189,11640.0,-7.535323103573928,11640.0,-5.757829256733278,11640.0,-1.3105383879215473,11640.0,-0.6427574607182476,11640.0,1.5837707510310202
11650.0,-8.872775570407356,11650.0,-7.535344490127715,11650.0,-5.757871169332911,11650.0,-1.310635312398337,11650.0,-0.6428630766551857,11650.0,1.5836351944952844
11660.0,-8.872779803088378,11660.0,-7.535365971230472,11660.0,-5.757913182566433,11660.0,-1.310732323531156,11660.0,-0.6429687738170765,11660.0,1.5834995827981722
11670.0,-8.87278414750093,11670.0,-7.5353875474160175,11670.0,-5.757955296895877,11670.0,-1.3108294219252865,11670.0,-0.6430745528675931,11670.0,1.5833639149934542
11680.0,-8.872788603992962,11680.0,-7.535409219213351,11680.0,-5.757997512779151,11680.0,-1.310926608180436,11680.0,-0.643180414464083,11680.0,1.5832281901443
11690.0,-8.872793172909573,11690.0,-7.535430987146619,11690.0,-5.758039830670275,11690.0,-1.3110238828907363,11690.0,-0.643286359257755,11690.0,1.583092407323237
11700.0,-8.872797854593221,11700.0,-7.5354528517354105,11700.0,-5.758082251019293,11700.0,-1.3111212466448434,11700.0,-0.6433923878936556,11700.0,1.5829565656118407
11710.0,-8.872802649383633,11710.0,-7.535474813494595,11710.0,-5.758124774272445,11710.0,-1.3112187000261015,11710.0,-0.6434985010109074,11710.0,1.5828206641008171
11720.0,-8.872807557617996,11720.0,-7.535496872934504,11720.0,-5.75816740087214,11720.0,-1.3113162436124721,11720.0,-0.6436046992426816,11720.0,1.5826847018897243
11730.0,-8.87281257963094,11730.0,-7.535519030561055,11730.0,-5.7582101312571465,11730.0,-1.3114138779767734,11730.0,-0.6437109832163699,11730.0,1.5825486780869107
11740.0,-8.872817715754593,11740.0,-7.53554128687575,11740.0,-5.758252965862569,11740.0,-1.3115116036866685,11740.0,-0.6438173535535369,11740.0,1.5824125918094427
11750.0,-8.872822966318678,11750.0,-7.535563642375771,11750.0,-5.758295905119901,11750.0,-1.311609421304793,11750.0,-0.6439238108702131,11750.0,1.582276442182792
11760.0,-8.872828331650407,11760.0,-7.535586097554032,11760.0,-5.758338949457097,11760.0,-1.3117073313887857,11760.0,-0.6440303557767995,11760.0,1.5821402283410275
11770.0,-8.872833812074848,11770.0,-7.535608652899309,11770.0,-5.7583820992987516,11770.0,-1.3118053344914338,11770.0,-0.6441369888782671,11770.0,1.5820039494264
11780.0,-8.872839407914574,11780.0,-7.535631308896228,11780.0,-5.758425355065964,11780.0,-1.311903431160678,11780.0,-0.6442437107741662,11780.0,1.5818676045893425
11790.0,-8.872845119490044,11790.0,-7.535654066025357,11790.0,-5.758468717176571,11790.0,-1.3120016219397541,11790.0,-0.6443505220587387,11790.0,1.5817311929885594
11800.0,-8.872850947119451,11800.0,-7.53567692476339,11800.0,-5.758512186045073,11800.0,-1.3120999073671635,11800.0,-0.6444574233210041,11800.0,1.58159471379046
11810.0,-8.87285689111883,11810.0,-7.535699885582957,11810.0,-5.758555762082725,11810.0,-1.3121982879768899,11810.0,-0.6445644151448188,11810.0,1.5814581661695497
11820.0,-8.872862951802109,11820.0,-7.535722948952941,11820.0,-5.758599445697739,11820.0,-1.3122967642983239,11820.0,-0.6446714981089232,11820.0,1.5813215493079262
11830.0,-8.87286912948118,11830.0,-7.5357461153383865,11830.0,-5.7586432372950656,11830.0,-1.3123953368564933,11830.0,-0.644778672787175,11830.0,1.5811848623953861
11840.0,-8.872875424465835,11840.0,-7.5357693852006316,11840.0,-5.7586871372767074,11840.0,-1.3124940061719188,11840.0,-0.6448859397483597,11840.0,1.5810481046293796
11850.0,-8.872881837063941,11850.0,-7.535792758997318,11850.0,-5.758731146041519,11850.0,-1.3125927727608975,11850.0,-0.6449932995564807,11850.0,1.5809112752146524
11860.0,-8.87288836758134,11860.0,-7.535816237182518,11860.0,-5.758775263985565,11860.0,-1.312691637135414,11860.0,-0.645100752770778,11860.0,1.580774373363381
11870.0,-8.87289501632204,11870.0,-7.535839820206683,11870.0,-5.758819491501908,11870.0,-1.312790599803306,11870.0,-0.6452082999457255,11870.0,1.5806373982949942
11880.0,-8.872901783588102,11880.0,-7.5358635085168295,11880.0,-5.758863828980708,11880.0,-1.312889661268246,11880.0,-0.6453159416311781,11880.0,1.5805003492359866
11890.0,-8.872908669679818,11890.0,-7.53588730255652,11890.0,-5.758908276809406,11890.0,-1.3129888220298698,11890.0,-0.645423678372424,11890.0,1.5803632254200568
11900.0,-8.872915674895612,11900.0,-7.535911202765879,11900.0,-5.758952835372638,11900.0,-1.3130880825837694,11900.0,-0.6455315107102013,11900.0,1.58022602608771
11910.0,-8.872922799532201,11910.0,-7.53593520958174,11910.0,-5.758997505052308,11910.0,-1.3131874434216293,11910.0,-0.6456394391808411,11910.0,1.5800887504864412
11920.0,-8.87293004388453,11920.0,-7.53595932343763,11920.0,-5.75904228622767,11920.0,-1.3132869050312526,11920.0,-0.6457474643162886,11920.0,1.5799513978704052
11930.0,-8.872937408245866,11930.0,-7.535983544763862,11930.0,-5.759087179275338,11930.0,-1.3133864678965481,11930.0,-0.6458555866441569,11930.0,1.579813967500599
11940.0,-8.87294489290777,11940.0,-7.536007873987538,11940.0,-5.759132184569339,11940.0,-1.313486132497735,11940.0,-0.6459638066877887,11940.0,1.5796764586444705
11950.0,-8.872952498160242,11950.0,-7.536032311532655,11950.0,-5.759177302481121,11950.0,-1.3135858993112666,11950.0,-0.6460721249663984,11950.0,1.5795388705760873
11960.0,-8.872960224291607,11960.0,-7.536056857820094,11960.0,-5.759222533379689,11960.0,-1.3136857688099455,11960.0,-0.6461805419949364,11960.0,1.5794012025758424
11970.0,-8.872968071588673,11970.0,-7.5360815132677015,11970.0,-5.759267877631571,11970.0,-1.313785741462962,11970.0,-0.6462890582844433,11970.0,1.5792634539305894
11980.0,-8.872976040336685,11980.0,-7.536106278290348,11980.0,-5.7593133356008295,11980.0,-1.313885817735973,11980.0,-0.6463976743418249,11980.0,1.579125623933353
11990.0,-8.872984130819335,11990.0,-7.536131153299944,11990.0,-5.759358907649224,11990.0,-1.3139859980910797,11990.0,-0.6465063906700027,11990.0,1.578987711883406
12000.0,-8.872992343318934,12000.0,-7.536156138705496,12000.0,-5.7594045941360275,12000.0,-1.3140862829869637,12000.0,-0.6466152077681121,12000.0,1.578849717085966
12010.0,-8.873000678116195,12010.0,-7.53618123491311,12010.0,-5.759450395418425,12010.0,-1.314186672878909,12010.0,-0.6467241261313199,12010.0,1.5787116388525888
12020.0,-8.87300913549062,12020.0,-7.536206442326128,12020.0,-5.759496311851085,12020.0,-1.314287168218819,12020.0,-0.6468331462510603,12020.0,1.5785734765003838
12030.0,-8.873017715720012,12030.0,-7.536231761345132,12030.0,-5.759542343786608,12030.0,-1.3143877694553012,12030.0,-0.6469422686150034,12030.0,1.5784352293526192
12040.0,-8.873026419080986,12040.0,-7.536257192367898,12040.0,-5.759588491575348,12040.0,-1.314488477033724,12040.0,-0.6470514937071259,12040.0,1.5782968967381934
12050.0,-8.873035245848813,12050.0,-7.536282735789546,12050.0,-5.7596347555654495,12050.0,-1.3145892913961454,12050.0,-0.6471608220077322,12050.0,1.5781584779918132
12060.0,-8.873044198993282,12060.0,-7.536308398314301,12060.0,-5.759681146903136,12060.0,-1.3146902355913952,12060.0,-0.6472702784457042,12060.0,1.5780199417083371
12070.0,-8.87305327758969,12070.0,-7.536334176153691,12070.0,-5.759727658058307,12070.0,-1.3147912924517386,12070.0,-0.6473798443722583,12070.0,1.5778813115438175
12080.0,-8.873062480807718,12080.0,-7.536360067500986,12080.0,-5.759774285822568,12080.0,-1.314892455291734,12080.0,-0.6474895125823673,12080.0,1.577742596425485
12090.0,-8.873071808896704,12090.0,-7.53638607278934,12090.0,-5.7598210306697455,12090.0,-1.3149937249006522,12090.0,-0.6475992839370773,12090.0,1.5776037951947537
12100.0,-8.873081262087746,12100.0,-7.536412192421283,12100.0,-5.759867893029454,12100.0,-1.3150951019855912,12100.0,-0.6477091592090762,12100.0,1.577464906803207
12110.0,-8.87309084059075,12110.0,-7.536438426767349,12110.0,-5.759914873288215,12110.0,-1.3151965871788123,12110.0,-0.6478191390910228,12110.0,1.5773259303005973
12120.0,-8.873100544593786,12120.0,-7.536464776167145,12120.0,-5.759961971792333,12120.0,-1.3152981810458149,12120.0,-0.6479292242044333,12120.0,1.5771868648236897
12130.0,-8.873110374263774,12130.0,-7.536491240931356,12130.0,-5.760009188851712,12130.0,-1.3153998840935337,12130.0,-0.6480394151085554,12130.0,1.5770477095846787
12140.0,-8.873120329748456,12140.0,-7.536517821344887,12140.0,-5.760056524744142,12140.0,-1.3155016967781503,12140.0,-0.648149712308762,12140.0,1.57690846386083
12150.0,-8.873130411178753,12150.0,-7.536544517670079,12150.0,-5.760103979719933,12150.0,-1.3156036195127248,12150.0,-0.6482601162645586,12150.0,1.576769126985087
12160.0,-8.87314061867092,12160.0,-7.536571330149689,12160.0,-5.760151554005512,12160.0,-1.3157056526733808,12160.0,-0.648370627396258,12160.0,1.5766296983379304
12170.0,-8.873150952327526,12170.0,-7.53659825900849,12170.0,-5.760199247805978,12170.0,-1.3158077966037653,12170.0,-0.6484812460897624,12170.0,1.5764901773414879
12180.0,-8.87316141223857,12180.0,-7.536625304454931,12180.0,-5.760247061307286,12180.0,-1.31591005161901,12180.0,-0.6485919727007073,12180.0,1.5763505634545425
12190.0,-8.873171998482771,12190.0,-7.536652466682807,12190.0,-5.760294994678579,12190.0,-1.316012418009349,12190.0,-0.6487028075583844,12190.0,1.5762108561676913
12200.0,-8.873182711128713,12200.0,-7.536679745872765,12200.0,-5.760343048074037,12200.0,-1.3161148960432931,12200.0,-0.648813750969081,12200.0,1.5760710549995443
12210.0,-8.873193550235783,12210.0,-7.536707142193749,12210.0,-5.760391221634595,12210.0,-1.3162174859703215,12210.0,-0.6489248032188937,12210.0,1.5759311594933163
12220.0,-8.87320451585529,12220.0,-7.536734655804072,12220.0,-5.760439515489589,12220.0,-1.3163201880230773,12220.0,-0.649035964576094,12220.0,1.5757911692139248
12230.0,-8.873215608031144,12230.0,-7.536762286852591,12230.0,-5.760487929757844,12230.0,-1.31642300241951,12230.0,-0.6491472352933136,12230.0,1.5756510837455777
12240.0,-8.873226826800304,12240.0,-7.536790035479125,12240.0,-5.760536464548498,12240.0,-1.3165259293640088,12240.0,-0.6492586156088778,12240.0,1.5755109026899867
12250.0,-8.873238172192531,12250.0,-7.536817901814543,12250.0,-5.760585119961193,12250.0,-1.316628969048083,12250.0,-0.6493701057474522,12250.0,1.5753706256655138
12260.0,-8.873249644230302,12260.0,-7.536845885980593,12260.0,-5.760633896086145,12260.0,-1.316732121650854,12260.0,-0.6494817059207257,12260.0,1.5752302523063875
12270.0,-8.873261242928411,12270.0,-7.536873988089833,12270.0,-5.760682793004061,12270.0,-1.3168353873393361,12270.0,-0.6495934163275937,12270.0,1.575089782262168
12280.0,-8.87327296829375,12280.0,-7.5369022082453725,12280.0,-5.760731810785958,12280.0,-1.3169387662685863,12280.0,-0.6497052371543316,12280.0,1.5749492151973286
12290.0,-8.87328482032505,12290.0,-7.536930546540666,12290.0,-5.7607809494932285,12290.0,-1.3170422585817407,12290.0,-0.6498171685749244,12290.0,1.5748085507910543
12300.0,-8.873296796104405,12300.0,-7.536958997122946,12300.0,-5.7608301994153495,12300.0,-1.3171458446563178,12300.0,-0.6499291894463886,12300.0,1.5746678153206322
12310.0,-8.87330889621103,12310.0,-7.536987562468176,12310.0,-5.760879565272657,12310.0,-1.3172495352408518,12310.0,-0.6500413114709866,12310.0,1.5745269937950346
12320.0,-8.873321122599945,12320.0,-7.537016246305563,12320.0,-5.760929052888413,12320.0,-1.3173533417880494,12320.0,-0.6501535469926217,12320.0,1.5743860707960393
12330.0,-8.873333475225538,12330.0,-7.537045048609418,12330.0,-5.760978662117336,12330.0,-1.3174572639982733,12330.0,-0.6502658957049852,12330.0,1.5742450466128315
12340.0,-8.87334595401019,12340.0,-7.537073969332303,12340.0,-5.761028392806804,12340.0,-1.3175613016006833,12340.0,-0.6503783573358735,12340.0,1.574103921482292
12350.0,-8.873358558852539,12350.0,-7.537103008411398,12350.0,-5.761078244801004,12350.0,-1.3176654543510595,12350.0,-0.650490931644243,12350.0,1.5739626955954562
12360.0,-8.873371289632875,12360.0,-7.5371321657723,12360.0,-5.761128217942616,12360.0,-1.3177697220285125,12360.0,-0.6506036184160742,12360.0,1.5738213691043539
12370.0,-8.873384146216663,12370.0,-7.537161441331246,12370.0,-5.761178312073406,12370.0,-1.3178741044317592,12370.0,-0.6507164174597604,12370.0,1.573679942128697
12380.0,-8.873397128456723,12380.0,-7.537190834996451,12380.0,-5.7612285270341586,12380.0,-1.3179786013751402,12380.0,-0.650829328602052,12380.0,1.5735384147621583
12390.0,-8.873410236195115,12390.0,-7.537220346668534,12390.0,-5.761278862664078,12390.0,-1.3180832126854651,12390.0,-0.650942351683873,12390.0,1.5733967870777918
12400.0,-8.873423469263482,12400.0,-7.537249976240764,12400.0,-5.7613293187999,12400.0,-1.3181879381984303,12400.0,-0.6510554865567375,12400.0,1.5732550591331838
12410.0,-8.873436827483838,12410.0,-7.53727972359871,12410.0,-5.761379895275059,12410.0,-1.3182927777556568,12410.0,-0.6511687330794265,12410.0,1.5731132309745572
12420.0,-8.873450310668357,12420.0,-7.537309588619952,12420.0,-5.761430591918297,12420.0,-1.3183977312020256,12420.0,-0.6512820911148228,12420.0,1.5729713026410157
12430.0,-8.873463918619413,12430.0,-7.537339571173435,12430.0,-5.76148140855289,12430.0,-1.3185027983830415,12430.0,-0.6513955605274302,12430.0,1.572829274167712
12440.0,-8.873477651129422,12440.0,-7.537369671119033,12440.0,-5.761532344995629,12440.0,-1.3186079791429963,12440.0,-0.6515091411810052,12440.0,1.5726871455887719
12450.0,-8.873491507980498,12450.0,-7.537399888306998,12450.0,-5.761583401055718,12450.0,-1.3187132733227023,12450.0,-0.651622832936527,12450.0,1.5725449169399786
12460.0,-8.873505488944172,12460.0,-7.537430222577345,12460.0,-5.761634576534184,12460.0,-1.318818680758281,12460.0,-0.6517366356503821,12460.0,1.5724025882605832
12470.0,-8.87351959378108,12470.0,-7.537460673759391,12470.0,-5.761685871222947,12470.0,-1.3189242012794475,12470.0,-0.6518505491730543,12470.0,1.572260159595541
12480.0,-8.873533822240592,12480.0,-7.537491241671236,12480.0,-5.761737284904067,12480.0,-1.3190298347083342,12480.0,-0.6519645733473795,12480.0,1.5721176309969043
12490.0,-8.873548174060108,12490.0,-7.53752192611894,12490.0,-5.761788817348862,12490.0,-1.3191355808580096,12490.0,-0.652078708007507,12490.0,1.571975002525761
12500.0,-8.87356264896471,12500.0,-7.537552726896004,12500.0,-5.761840468317209,12500.0,-1.3192414395316059,12500.0,-0.6521929529774928,12500.0,1.5718322742531348
12510.0,-8.873577246666752,12510.0,-7.537583643783013,12510.0,-5.761892237556943,12510.0,-1.3193474105211704,12510.0,-0.652307308070406,12510.0,1.5716894462614537
12520.0,-8.87359196686544,12520.0,-7.537614676546891,12520.0,-5.761944124803244,12520.0,-1.3194534936070406,12520.0,-0.6524217730875999,12520.0,1.5715465186455269
12530.0,-8.873606809246521,12530.0,-7.537645824940826,12530.0,-5.761996129778216,12530.0,-1.3195596885570426,12530.0,-0.6525363478178509,12530.0,1.5714034915131392
12540.0,-8.873621773482007,12540.0,-7.537677088703761,12540.0,-5.762048252190474,12540.0,-1.3196659951259457,12540.0,-0.6526510320367189,12540.0,1.5712603649858512
12550.0,-8.87363685922986,12550.0,-7.537708467560114,12550.0,-5.7621004917347625,12550.0,-1.3197724130549588,12550.0,-0.6527658255061946,12550.0,1.5711171391996663
12560.0,-8.873652066133673,12560.0,-7.537739961219442,12560.0,-5.762152848091467,12560.0,-1.319878942071117,12560.0,-0.6528807279739319,12560.0,1.5709738143056222
12570.0,-8.87366739382237,12570.0,-7.537771569375962,12570.0,-5.762205320926346,12570.0,-1.319985581886877,12570.0,-0.6529957391728402,12570.0,1.5708303904703342
12580.0,-8.873682841909865,12580.0,-7.537803291708467,12580.0,-5.762257909890071,12580.0,-1.3200923321995701,12580.0,-0.6531108588206012,12580.0,1.5706868678763657
12590.0,-8.873698409994944,12590.0,-7.537835127879841,12590.0,-5.762310614618002,12590.0,-1.3201991926912298,12590.0,-0.6532260866194264,12590.0,1.5705432467228286
12600.0,-8.873714097660987,12600.0,-7.537867077537104,12600.0,-5.7623634347300765,12600.0,-1.3203061630281958,12600.0,-0.6533414222556282,12600.0,1.5703995272255586
12610.0,-8.873729904475843,12610.0,-7.537899140311165,12610.0,-5.762416369830447,12610.0,-1.3204132428609239,12610.0,-0.6534568653995693,12610.0,1.5702557096172265
12620.0,-8.873745837107604,12620.0,-7.537931328038229,12620.0,-5.76246943829027,12620.0,-1.3205204676216011,12620.0,-0.6535724541304928,12620.0,1.5701117468094965
12630.0,-8.873761887695906,12630.0,-7.537963626672689,12630.0,-5.762522618013212,12630.0,-1.3206277944456541,12630.0,-0.65368814238882,12630.0,1.5699676956722812
12640.0,-8.873778056170707,12640.0,-7.537996036929099,12640.0,-5.762575910617568,12640.0,-1.3207352274073505,12640.0,-0.6538039346404498,12640.0,1.569823550382318
12650.0,-8.873794341997456,12650.0,-7.538028558396391,12650.0,-5.762629315747677,12650.0,-1.3208427664057099,12650.0,-0.6539198308358389,12650.0,1.5696793107859242
12660.0,-8.873810744649067,12660.0,-7.538061190660142,12660.0,-5.762682833031723,12660.0,-1.3209504112889359,12660.0,-0.6540358308692398,12660.0,1.569534976804675
12670.0,-8.873827263595679,12670.0,-7.538093933293866,12670.0,-5.762736462075245,12670.0,-1.321058161853779,12670.0,-0.6541519345788352,12670.0,1.5693905484320623
12680.0,-8.873843898297709,12680.0,-7.538126785853647,12680.0,-5.762790202457539,12680.0,-1.321166017846687,12680.0,-0.6542681417486366,12680.0,1.5692460257290588
12690.0,-8.8738606482011,12690.0,-7.538159747874663,12690.0,-5.7628440537297045,12690.0,-1.3212739789659467,12690.0,-0.6543844521113336,12690.0,1.5691014088192683
12700.0,-8.873877512734387,12700.0,-7.538192818869037,12700.0,-5.762898015413787,12700.0,-1.3213820448641251,12700.0,-0.6545008653510563,12700.0,1.5689566978843403
12710.0,-8.87389449130648,12710.0,-7.5382259983245845,12710.0,-5.762952087002704,12710.0,-1.3214902151505201,12710.0,-0.6546173811065346,12710.0,1.5688118931594164
12720.0,-8.873911583305228,12720.0,-7.5382592857041155,12720.0,-5.763006267960215,12720.0,-1.3215984893936719,12720.0,-0.6547339989737043,12720.0,1.5686669949292895
12730.0,-8.873928788096542,12730.0,-7.5382926804451245,12730.0,-5.763060557721342,12730.0,-1.3217068671235348,12730.0,-0.6548507185082656,12730.0,1.5685220035248195
12740.0,-8.873946105023855,12740.0,-7.538326181959428,12740.0,-5.7631149556928705,12740.0,-1.321815347833512,12740.0,-0.6549675392279964,12740.0,1.5683769193199926
12750.0,-8.873963533407549,12750.0,-7.53835978963343,12750.0,-5.763169461253701,12750.0,-1.3219239309821629,12750.0,-0.6550844606146474,12750.0,1.5682317427289665
12760.0,-8.873981072544868,12760.0,-7.538393502828047,12760.0,-5.763224073755522,12760.0,-1.322032615994847,12760.0,-0.655201482115699,12760.0,1.5680864742041702
12770.0,-8.873998721709684,12770.0,-7.538427320878892,12770.0,-5.763278792523121,12770.0,-1.3221414022651068,12770.0,-0.6553186031458771,12770.0,1.5679411142340258
12780.0,-8.874016480152426,12780.0,-7.538461243096398,12780.0,-5.7633336168549,12780.0,-1.3222502891556651,12780.0,-0.6554358230883877,12780.0,1.5677956633413035
12790.0,-8.874034347100181,12790.0,-7.538495268766036,12790.0,-5.7633885460233,12790.0,-1.3223592759996832,12790.0,-0.6555531412961881,12790.0,1.567650122081902
12800.0,-8.874052321756698,12800.0,-7.538529397148579,12800.0,-5.763443579275236,12800.0,-1.3224683621016275,12800.0,-0.6556705570928428,12800.0,1.5675044910431832
12810.0,-8.874070403302568,12810.0,-7.538563627480412,12810.0,-5.7634987158325375,12810.0,-1.3225775467380294,12810.0,-0.6557880697735367,12810.0,1.567358770843013
12820.0,-8.874088590895331,12820.0,-7.538597958973617,12820.0,-5.763553954892271,12820.0,-1.3226868291584086,12820.0,-0.6559056786059222,12820.0,1.5672129621288278
12830.0,-8.874106883669626,12830.0,-7.538632390816412,12830.0,-5.763609295627171,12830.0,-1.3227962085857572,12830.0,-0.656023382830684,12830.0,1.567067065576627
12840.0,-8.874125280737262,12840.0,-7.538666922173101,12840.0,-5.763664737185798,12840.0,-1.3229056842171,12840.0,-0.6561411816621397,12840.0,1.566921081890475
12850.0,-8.87414378118729,12850.0,-7.538701552184509,12850.0,-5.763720278692896,12850.0,-1.3230152552239676,12850.0,-0.6562590742887835,12850.0,1.5667750118016712
12860.0,-8.874162384086327,12860.0,-7.538736279967977,12860.0,-5.763775919249542,12860.0,-1.3231249207528162,12860.0,-0.6563770598736748,12860.0,1.5666288560683799
12870.0,-8.874181088478496,12870.0,-7.538771104617567,12870.0,-5.763831657933583,12870.0,-1.3232346799254682,12870.0,-0.6564951375549468,12870.0,1.5664826154748845
12880.0,-8.874199893385775,12880.0,-7.538806025204558,12880.0,-5.763887493799708,12880.0,-1.323344531839529,12880.0,-0.6566133064462198,12880.0,1.566336290831437
12890.0,-8.874218797808192,12890.0,-7.5388410407774105,12890.0,-5.763943425880017,12890.0,-1.323454475568796,12890.0,-0.6567315656370311,12890.0,1.5661898829733232
12900.0,-8.874237800724059,12900.0,-7.538876150362266,12900.0,-5.763999453184021,12900.0,-1.3235645101635978,12900.0,-0.6568499141931852,12900.0,1.5660433927607
12910.0,-8.87425690109011,12910.0,-7.538911352963014,12910.0,-5.7640555746991655,12910.0,-1.3236746346512347,12910.0,-0.6569683511571719,12910.0,1.5658968210781872
12920.0,-8.874276097841811,12920.0,-7.538946647561569,12920.0,-5.764111789390838,12920.0,-1.3237848480360683,12920.0,-0.6570868755484849,12920.0,1.5657501688343
12930.0,-8.874295389893396,12930.0,-7.5389820331180415,12930.0,-5.7641680962027655,12930.0,-1.3238951493000803,12930.0,-0.6572054863637945,12930.0,1.565603436961566
12940.0,-8.874314776138256,12940.0,-7.539017508571043,12940.0,-5.7642244940571565,12940.0,-1.3240055374029087,12940.0,-0.6573241825773856,12940.0,1.5654566264156198
12950.0,-8.874334255449005,12950.0,-7.5390530728379215,12950.0,-5.764280981855004,12950.0,-1.3241160112824346,12950.0,-0.6574429631413912,12950.0,1.565309738175281
12960.0,-8.874353826677915,12960.0,-7.539088724815024,12960.0,-5.764337558476512,12960.0,-1.3242265698548483,12960.0,-0.6575618269863247,12960.0,1.5651627732419493
12970.0,-8.874373488657273,12970.0,-7.539124463378191,12970.0,-5.764394222781322,12970.0,-1.3243372120153354,12970.0,-0.6576807730212589,12970.0,1.565015732639112
12980.0,-8.8743932401996,12980.0,-7.53916028738295,12980.0,-5.764450973608911,12980.0,-1.3244479366382593,12980.0,-0.6577998001343867,12980.0,1.564868617412298
12990.0,-8.874413080097845,12990.0,-7.539196195664764,12990.0,-5.764507809778852,12990.0,-1.3245587425775123,12990.0,-0.6579189071932114,12990.0,1.5647214286283762
13000.0,-8.874433007125939,13000.0,-7.539232187039396,13000.0,-5.764564730091099,13000.0,-1.3246696286667712,13000.0,-0.6580380930448143,13000.0,1.5645741673754392
13010.0,-8.874453020038688,13010.0,-7.539268260303201,13010.0,-5.764621733326269,13010.0,-1.3247805937199284,13010.0,-0.6581573565163724,13010.0,1.5644268347623598
13020.0,-8.8744731175723,13020.0,-7.539304414233303,13020.0,-5.764678818245916,13020.0,-1.3248916365311938,13020.0,-0.6582766964152226,13020.0,1.564279431918628
13030.0,-8.87449329844463,13030.0,-7.539340647588006,13030.0,-5.764735983592854,13030.0,-1.3250027558756439,13030.0,-0.6583961115293274,13030.0,1.5641319599937729
13040.0,-8.87451356135563,13040.0,-7.539376959107205,13040.0,-5.76479322809162,13040.0,-1.3251139505095726,13040.0,-0.6585156006277592,13040.0,1.563984420157082
13050.0,-8.874533904987715,13050.0,-7.539413347512745,13050.0,-5.764850550448894,13050.0,-1.3252252191709253,13050.0,-0.6586351624610487,13050.0,1.5638368135971235
13060.0,-8.87455432800593,13060.0,-7.539449811508843,13060.0,-5.764907949353735,13060.0,-1.3253365605795955,13060.0,-0.6587547957615871,13060.0,1.5636891415212681
13070.0,-8.87457482905872,13070.0,-7.539486349782379,13070.0,-5.764965423478136,13070.0,-1.3254479734379065,13070.0,-0.6588744992439418,13070.0,1.5635414051554857
13080.0,-8.8745954067778,13080.0,-7.539522961003196,13080.0,-5.765022971477046,13080.0,-1.3255594564308855,13080.0,-0.6589942716052987,13080.0,1.5633936057437499
13090.0,-8.874616059778758,13090.0,-7.539559643824538,13090.0,-5.765080591989021,13090.0,-1.3256710082265173,13090.0,-0.6591141115256927,13090.0,1.5632457445480563
13100.0,-8.874636786661151,13100.0,-7.539596396883217,13100.0,-5.765138283636336,13100.0,-1.3257826274762274,13100.0,-0.6592340176683931,13100.0,1.563097822847632
13110.0,-8.874657586009182,13110.0,-7.539633218800135,13110.0,-5.7651960450254,13110.0,-1.3258943128152205,13110.0,-0.6593539886802785,13110.0,1.562949841938919
13120.0,-8.874678456391887,13120.0,-7.539670108180744,13120.0,-5.765253874747383,13120.0,-1.326006062862958,13120.0,-0.65947402319238,13120.0,1.5628018031348374
13130.0,-8.874699396363663,13130.0,-7.539707063615341,13130.0,-5.765311771378482,13130.0,-1.3261178762235495,13130.0,-0.6595941198202658,13130.0,1.5626537077643503
13140.0,-8.874720404464716,13140.0,-7.539744083679688,13140.0,-5.765369733480288,13140.0,-1.326229751486304,13140.0,-0.6597142771645326,13140.0,1.5625055571722062
13150.0,-8.87474147922138,13150.0,-7.5397811669351595,13150.0,-5.7654277596003585,13150.0,-1.3263416872259093,13150.0,-0.6598344938110868,13150.0,1.5623573527183712
13160.0,-8.874762619146438,13160.0,-7.5398183119292845,13160.0,-5.765485848272417,13160.0,-1.3264536820029804,13160.0,-0.6599547683314776,13160.0,1.5622090957777068
13170.0,-8.874783822739605,13170.0,-7.539855517196036,13170.0,-5.765543998016773,13170.0,-1.326565734364336,13170.0,-0.6600750992834992,13170.0,1.5620607877396577
13180.0,-8.874805088487626,13180.0,-7.5398927812561,13180.0,-5.7656022073406294,13180.0,-1.3266778428433461,13180.0,-0.6601954852112623,13180.0,1.561912430007793
13190.0,-8.874826414865026,13190.0,-7.539930102617472,13190.0,-5.765660474738563,13190.0,-1.3267900059604125,13190.0,-0.6603159246457894,13190.0,1.5617640239994122
13200.0,-8.87484780033433,13200.0,-7.539967479775854,13200.0,-5.765718798693076,13200.0,-1.3269022222235345,13200.0,-0.6604364161056369,13200.0,1.5616155711449722
13210.0,-8.874869243346776,13210.0,-7.540004911215168,13210.0,-5.765777177674914,13210.0,-1.3270144901286292,13210.0,-0.6605569580971254,13210.0,1.5614670728876423
13220.0,-8.87489074234252,13220.0,-7.540042395407982,13220.0,-5.765835610143663,13220.0,-1.3271268081601215,13220.0,-0.6606775491149338,13220.0,1.5613185306828776
13230.0,-8.87491229575106,13230.0,-7.5400799308158435,13230.0,-5.7658940945480275,13230.0,-1.3272391747912302,13230.0,-0.660798187642438,13230.0,1.561169945997984
13240.0,-8.87493390199185,13240.0,-7.540117515889695,13240.0,-5.7659526293262,13240.0,-1.327351588484459,13240.0,-0.6609188721521779,13240.0,1.561021320311686
13250.0,-8.874955559474206,13250.0,-7.5401551490703,13250.0,-5.766011212906323,13250.0,-1.3274640476917943,13250.0,-0.6610396011060444,13250.0,1.560872655113867
13260.0,-8.874977266598211,13260.0,-7.54019282878853,13260.0,-5.7660698437067675,13260.0,-1.3275765508552448,13260.0,-0.6611603729558805,13260.0,1.5607239519050455
13270.0,-8.874999021754734,13270.0,-7.54023055346589,13270.0,-5.766128520136703,13270.0,-1.327689096407295,13270.0,-0.6612811861438777,13270.0,1.5605752121959922
13280.0,-8.875020823326226,13280.0,-7.540268321515072,13280.0,-5.766187240596579,13280.0,-1.327801682771424,13280.0,-0.66140203910303,13280.0,1.560426437507092
13290.0,-8.875042669687176,13290.0,-7.540306131340367,13290.0,-5.766246003478558,13290.0,-1.3279143083625438,13290.0,-0.6615229302577637,13290.0,1.5602776293679452
13300.0,-8.875064555037861,13300.0,-7.5403439746770395,13300.0,-5.766304797229731,13300.0,-1.3280269532298115,13300.0,-0.6616438383746608,13300.0,1.56012881332958
13310.0,-8.875086477882808,13310.0,-7.540381850878428,13310.0,-5.766363622267106,13310.0,-1.328139620578303,13310.0,-0.6617647670925871,13310.0,1.5599799842739657
13320.0,-8.875108441021519,13320.0,-7.5404197648994815,13320.0,-5.766422486326079,13320.0,-1.3282523253418392,13320.0,-0.6618857324555699,13320.0,1.5598311223939596
13330.0,-8.875130443009155,13330.0,-7.540457715255287,13330.0,-5.7664813878203685,13330.0,-1.3283650657247255,13330.0,-0.6620067326415688,13330.0,1.5596822295875226
13340.0,-8.875152482359615,13340.0,-7.5404957004307045,13340.0,-5.766540325148136,13340.0,-1.3284778399532335,13340.0,-0.6621277658560503,13340.0,1.559533307705931
13350.0,-8.87517455755726,13350.0,-7.540533718889981,13350.0,-5.766599296699415,13350.0,-1.3285906462768353,13350.0,-0.6622488303325302,13350.0,1.5593843585566787
13360.0,-8.87519666706527,13360.0,-7.540571769083738,13360.0,-5.76665830086089,13360.0,-1.3287034829675108,13360.0,-0.6623699243308749,13360.0,1.5592353839076778
13370.0,-8.875218809331454,13370.0,-7.540609849453293,13370.0,-5.766717336018377,13370.0,-1.3288163483181001,13370.0,-0.6624910461350858,13370.0,1.5590863854919368
13380.0,-8.87524098279225,13380.0,-7.5406479584335795,13380.0,-5.766776400558842,13380.0,-1.3289292406400717,13380.0,-0.6626121940505192,13380.0,1.5589373650121667
13390.0,-8.875263185875633,13390.0,-7.540686094455489,13390.0,-5.76683549287065,13390.0,-1.3290421582614669,13390.0,-0.6627333664012485,13390.0,1.5587883241450984
13400.0,-8.875285417003253,13400.0,-7.5407242559466665,13400.0,-5.766894611344353,13400.0,-1.3291550995245633,13400.0,-0.6628545615274158,13400.0,1.558639264545316
13410.0,-8.875307674591749,13410.0,-7.54076244133289,13410.0,-5.766953754372457,13410.0,-1.329268062783819,13410.0,-0.6629757777829299,13410.0,1.5584901878486481
13420.0,-8.875329957054031,13420.0,-7.540800649038159,13420.0,-5.767012920349462,13420.0,-1.3293810464042661,13420.0,-0.6630970135334261,13420.0,1.5583410956752672
13430.0,-8.875352262800194,13430.0,-7.540838877485738,13430.0,-5.767072107671925,13430.0,-1.3294940487598768,13430.0,-0.663218267154506,13430.0,1.5581919896318621
13440.0,-8.875374590238268,13440.0,-7.540877125098305,13440.0,-5.767131314738283,13440.0,-1.3296070682324719,13440.0,-0.6633395370305089,13440.0,1.5580428713138212
13450.0,-8.875396937774932,13450.0,-7.540915390298356,13450.0,-5.767190539948944,13450.0,-1.3297201032106505,13450.0,-0.6634608215532513,13450.0,1.557893742306807
13460.0,-8.875419303815983,13460.0,-7.540953671508573,13460.0,-5.767249781706237,13460.0,-1.3298331520890099,13460.0,-0.6635821191210587,13460.0,1.557744604188247
13470.0,-8.875441686766782,13470.0,-7.540991967151972,13470.0,-5.767309038414295,13470.0,-1.3299462132673063,13470.0,-0.6637034281379495,13470.0,1.5575954585282386
13480.0,-8.8754640850327,13480.0,-7.541030275652097,13480.0,-5.767368308479137,13480.0,-1.3300592851500426,13480.0,-0.6638247470129655,13480.0,1.5574463068909101
13490.0,-8.875486507991367,13490.0,-7.5410686122973045,13490.0,-5.767427614938612,13490.0,-1.3301724107055493,13490.0,-0.6639461217738253,13490.0,1.5572970929129848
13500.0,-8.875508939905098,13500.0,-7.541106953372101,13500.0,-5.767486923522629,13500.0,-1.3302855286185074,13500.0,-0.6640674869647402,13500.0,1.557147896012404
13510.0,-8.875531381567034,13510.0,-7.541145301400114,13510.0,-5.7675462389950996,13510.0,-1.330398649444756,13510.0,-0.6641888540339062,13510.0,1.5569987017181204
13520.0,-8.875553831185355,13520.0,-7.5411836546683775,13520.0,-5.767605559706943,13520.0,-1.3305117717406207,13520.0,-0.664310221573873,13520.0,1.5568495113046499
13530.0,-8.875576286998193,13530.0,-7.541222011484123,13530.0,-5.767664884017076,13530.0,-1.3306248940391663,13530.0,-0.6644315881489568,13530.0,1.556700326091416
13540.0,-8.875598747264542,13540.0,-7.541260370167534,13540.0,-5.767724210287436,13540.0,-1.3307380148501666,13540.0,-0.6645529522960688,13540.0,1.5565511474389548
13550.0,-8.875621210258327,13550.0,-7.541298729047305,13550.0,-5.767783536880058,13550.0,-1.3308511326617105,13550.0,-0.6646743125272392,13550.0,1.556401976744408
13560.0,-8.875643674264758,13560.0,-7.541337086457724,13560.0,-5.767842862155739,13560.0,-1.3309642459426378,13560.0,-0.6647956673322059,13560.0,1.5562528154367052
13570.0,-8.875666137577769,13570.0,-7.541375440737151,13570.0,-5.767902184473751,13570.0,-1.3310773531452909,13570.0,-0.6649170151819833,13570.0,1.5561036649716056
13580.0,-8.875688598498094,13580.0,-7.541413790226962,13580.0,-5.767961502191605,13580.0,-1.3311904527076512,13580.0,-0.6650383545312556,13580.0,1.5559545268279367
13590.0,-8.875711055332157,13590.0,-7.541452133270856,13590.0,-5.768020813665337,13590.0,-1.3313035430558902,13590.0,-0.6651596838211876,13590.0,1.5558054025037074
13600.0,-8.87573350639116,13600.0,-7.541490468214768,13600.0,-5.768080117249796,13600.0,-1.331416622606254,13600.0,-0.6652810014816901,13600.0,1.555656293512969
13610.0,-8.87575594999082,13610.0,-7.541528793406496,13610.0,-5.768139411299304,13610.0,-1.3315296897672306,13610.0,-0.6654023059337653,13610.0,1.5555072013827222
13620.0,-8.875778384450918,13620.0,-7.541567107196097,13620.0,-5.7681986941681345,13620.0,-1.331642742941173,13620.0,-0.6655235955912752,13620.0,1.5553581276504829
13630.0,-8.875800808095295,13630.0,-7.5416054079359816,13630.0,-5.768257964211093,13630.0,-1.331755780525878,13630.0,-0.6656448688626808,13630.0,1.555209073862099
13640.0,-8.875823215008436,13640.0,-7.541643687212373,13640.0,-5.76831720967854,13640.0,-1.3318687822556603,13640.0,-0.6657661041821445,13640.0,1.5550600659593057
13650.0,-8.875845604102745,13650.0,-7.541681944871637,13650.0,-5.768376431615516,13650.0,-1.3319817522861876,13650.0,-0.665887306185881,13650.0,1.5549110976751428
13660.0,-8.875867978045594,13660.0,-7.541720185671575,13660.0,-5.768435637507171,13660.0,-1.3320947051306458,13660.0,-0.6660084904674405,13660.0,1.5547621497630382
13670.0,-8.875890335400413,13670.0,-7.541758408131464,13670.0,-5.768494825780921,13670.0,-1.3322076390157493,13670.0,-0.6661296552266316,13670.0,1.5546132241044386
13680.0,-8.875912674698066,13680.0,-7.541796610748246,13680.0,-5.768553994855684,13680.0,-1.3323205521951345,13680.0,-0.6662507986956712,13680.0,1.5544643225303463
13690.0,-8.87593499444529,13690.0,-7.541834792003515,13690.0,-5.768613143146668,13690.0,-1.33243344294828,13690.0,-0.6663719191370716,13690.0,1.5543154468265095
13700.0,-8.87595729313125,13700.0,-7.541872950368154,13700.0,-5.768672269068128,13700.0,-1.332546309578176,13700.0,-0.6664930148405879,13700.0,1.5541665987390085
13710.0,-8.875979569231689,13710.0,-7.541911084305588,13710.0,-5.768731371034892,13710.0,-1.3326591504087237,13710.0,-0.6666140841198811,13710.0,1.5540177799797588
13720.0,-8.876001821212375,13720.0,-7.541949192274002,13720.0,-5.76879044746327,13720.0,-1.3327719637820992,13720.0,-0.666735125309508,13720.0,1.5538689922312698
13730.0,-8.876024047531489,13730.0,-7.541987272727964,13730.0,-5.768849496771508,13730.0,-1.3328847480563433,13730.0,-0.6668561367619333,13730.0,1.553720237151276
13740.0,-8.876046246641048,13740.0,-7.54202532411917,13740.0,-5.768908517379598,13740.0,-1.332997501602742,13740.0,-0.6669771168446859,13740.0,1.5535715163765997
13750.0,-8.876068416987826,13750.0,-7.542063344896675,13750.0,-5.768967507708817,13750.0,-1.3331102228035956,13750.0,-0.6670980639375245,13750.0,1.5534228315271486
13760.0,-8.8760905570137,13760.0,-7.542101333506949,13760.0,-5.769026466181124,13760.0,-1.3332229100496402,13760.0,-0.6672189764300681,13760.0,1.553274184209128
13770.0,-8.876112665156617,13770.0,-7.542139288394186,13770.0,-5.769085391218802,13770.0,-1.333335561738698,13770.0,-0.6673398527198937,13770.0,1.5531255760175606
13780.0,-8.876134739851032,13780.0,-7.542177208000722,13780.0,-5.769144281244619,13780.0,-1.3334481762744894,13780.0,-0.6674606912112055,13780.0,1.5529770085382355
13790.0,-8.876156779528733,13790.0,-7.542215090767248,13790.0,-5.769203134681635,13790.0,-1.3335607520656172,13790.0,-0.6675814903138142,13790.0,1.5528284833491588
13800.0,-8.876178782619448,13800.0,-7.5422529351335275,13800.0,-5.769261949953515,13800.0,-1.3336732875249753,13800.0,-0.667702248442474,13800.0,1.5526800020217133
13810.0,-8.876200747551586,13810.0,-7.542290739538658,13810.0,-5.769320725484659,13810.0,-1.333785781069505,13810.0,-0.6678229640162017,13810.0,1.5525315661216161
13820.0,-8.876222672752844,13820.0,-7.5423285024217614,13820.0,-5.769379459700677,13820.0,-1.3338982311198113,13820.0,-0.6679436354582362,13820.0,1.552383177209146
13830.0,-8.876244556650944,13830.0,-7.542366222222465,13830.0,-5.76943815102857,13830.0,-1.3340106361002404,13830.0,-0.6680642611957321,13830.0,1.5522348368397416
13840.0,-8.876266397674199,13840.0,-7.5424038973813365,13840.0,-5.769496797897238,13840.0,-1.334122994438698,13840.0,-0.6681848396597718,13840.0,1.552086546564306
13850.0,-8.876288194252187,13850.0,-7.542441526340512,13850.0,-5.76955539873779,13850.0,-1.33423530456702,13850.0,-0.6683053692854108,13850.0,1.551938307929109
13860.0,-8.876309944816182,13860.0,-7.5424791075441675,13860.0,-5.769613951984055,13860.0,-1.334347564920759,13860.0,-0.6684258485117346,13860.0,1.5517901224758348
13870.0,-8.876331647799953,13870.0,-7.542516639439029,13870.0,-5.769672456072854,13870.0,-1.3344597739397492,13870.0,-0.6685462757821568,13870.0,1.5516419917416846
13880.0,-8.876353301640064,13880.0,-7.542554120474825,13880.0,-5.769730909444561,13880.0,-1.3345719300681915,13880.0,-0.6686666495444835,13880.0,1.5514939172590534
13890.0,-8.876374904776496,13890.0,-7.542591549104756,13890.0,-5.769789310543341,13890.0,-1.3346840317548505,13890.0,-0.6687869682513177,13890.0,1.5513459005553976
13900.0,-8.876396455653172,13900.0,-7.542628923786023,13900.0,-5.769847657817843,13900.0,-1.3347960774534549,13900.0,-0.6689072303602565,13900.0,1.5511979431532026
13910.0,-8.87641795271887,13910.0,-7.542666242980691,13910.0,-5.769905949721801,13910.0,-1.334908065623508,13910.0,-0.6690274343345628,13910.0,1.5510500465689097
13920.0,-8.876439394427605,13920.0,-7.542703505156081,13920.0,-5.769964184714557,13920.0,-1.3350199947303978,13920.0,-0.6691475786436428,13920.0,1.550902212313066
13930.0,-8.876460779239343,13930.0,-7.542740708785437,13930.0,-5.770022361261536,13930.0,-1.3351318632461329,13930.0,-0.6692676617633596,13930.0,1.5507544418895918
13940.0,-8.87648210562039,13940.0,-7.542777852348215,13940.0,-5.770080477834724,13940.0,-1.3352436696494114,13940.0,-0.6693876821763929,13940.0,1.550606736795719
13950.0,-8.876503372043652,13950.0,-7.5428149343306625,13950.0,-5.77013853291302,13950.0,-1.3353554124261933,13950.0,-0.6695076383726271,13950.0,1.550459098521462
13960.0,-8.876524576989262,13960.0,-7.542851953225893,13960.0,-5.770196524982456,13960.0,-1.3354670900697463,13960.0,-0.6696275288493021,13960.0,1.550311528549663
13970.0,-8.876545718944719,13970.0,-7.542888907534595,13970.0,-5.7702544525366735,13970.0,-1.3355787010811109,13970.0,-0.6697473521113967,13970.0,1.550164028355343
13980.0,-8.876566796405747,13980.0,-7.542925795765324,13980.0,-5.770312314077559,13980.0,-1.3356902439697327,13980.0,-0.6698671066723012,13980.0,1.5500165994054305
13990.0,-8.87658780787679,13990.0,-7.542962616435518,13990.0,-5.7703701081158485,13990.0,-1.3358017172540022,13990.0,-0.6699867910542653,13990.0,1.5498692431578833
14000.0,-8.876608751871645,14000.0,-7.54299936807171,14000.0,-5.770427833171597,14000.0,-1.3359131194617266,14000.0,-0.6701064037890657,14000.0,1.5497219610614585
14010.0,-8.876629626913745,14010.0,-7.543036049210043,14010.0,-5.7704854877745735,14010.0,-1.3360244491304982,14010.0,-0.670225943418197,14010.0,1.5495747545552148
14020.0,-8.876650431536559,14020.0,-7.543072658396655,14020.0,-5.770543070464672,14020.0,-1.3361357048081242,14020.0,-0.6703454084932229,14020.0,1.549427625068337
14030.0,-8.876671164283913,14030.0,-7.54310919418778,14030.0,-5.770600579792044,14030.0,-1.3362468850526614,14030.0,-0.670464797576109,14030.0,1.5492805740197122
14040.0,-8.876691823710114,14040.0,-7.543145655150253,14040.0,-5.770658014317501,14040.0,-1.3363579884328232,14040.0,-0.6705841092394018,14040.0,1.5491336028177913
14050.0,-8.876712408380463,14050.0,-7.5431820398614935,14050.0,-5.770715372612605,14050.0,-1.3364690135281778,14050.0,-0.6707033420664131,14050.0,1.548986712860504
14060.0,-8.876732916871347,14060.0,-7.543218346910195,14060.0,-5.770772653260231,14060.0,-1.3365799589295824,14060.0,-0.6708224946518491,14060.0,1.5488399055345003
14070.0,-8.876753347771059,14070.0,-7.543254574896723,14070.0,-5.7708298548550605,14070.0,-1.3366908232397277,14070.0,-0.6709415656019944,14070.0,1.5486931822149088
14080.0,-8.876773699680188,14080.0,-7.54329072243355,14080.0,-5.770886976003981,14080.0,-1.3368016050733729,14080.0,-0.6710605535354257,14080.0,1.5485465442648665
14090.0,-8.876793971211644,14090.0,-7.543326788145506,14090.0,-5.770944015326306,14090.0,-1.3369123030579049,14090.0,-0.6711794570831703,14090.0,1.5483999930351013
14100.0,-8.876814160991191,14100.0,-7.543362770670126,14100.0,-5.771000971454152,14100.0,-1.3370229158333407,14100.0,-0.6712982748888834,14100.0,1.5482535298640827
14110.0,-8.876834267657568,14110.0,-7.543398668657722,14110.0,-5.77105784303255,14110.0,-1.3371334420526608,14110.0,-0.6714170056091815,14110.0,1.5481071560772273
14120.0,-8.876854289862681,14120.0,-7.543434480771786,14120.0,-5.771114628719727,14120.0,-1.3372438803819446,14120.0,-0.6715356479137664,14120.0,1.54796087298723
14130.0,-8.876874226271978,14130.0,-7.54347020568915,14130.0,-5.771171327187342,14130.0,-1.3373542295007892,14130.0,-0.6716542004856864,14130.0,1.5478146818934568
14140.0,-8.876894075564971,14140.0,-7.5435058421006165,14140.0,-5.771227937121106,14140.0,-1.3374644881027364,14140.0,-0.6717726620221196,14140.0,1.5476685840814253
14150.0,-8.876913836435804,14150.0,-7.543541388711564,14150.0,-5.771284457221438,14150.0,-1.3375746548960097,14150.0,-0.6718910312347073,14150.0,1.5475225808222606
14160.0,-8.876933507593748,14160.0,-7.543576844242374,14160.0,-5.771340886203716,14160.0,-1.3376847286037696,14160.0,-0.6720093068501058,14160.0,1.5473766733723249
14170.0,-8.8769530877634,14170.0,-7.543612207428546,14170.0,-5.7713972227986785,14170.0,-1.337794707964483,14170.0,-0.6721274876102233,14170.0,1.5472308629729021
14180.0,-8.876972575684931,14180.0,-7.5436474770211595,14180.0,-5.771453465752577,14180.0,-1.33790459173212,14180.0,-0.6722455722724027,14180.0,1.5470851508497876
14190.0,-8.876991970114362,14190.0,-7.543682651787019,14190.0,-5.771509613827447,14190.0,-1.3380143786763996,14190.0,-0.6723635596097786,14190.0,1.546939538213516
14200.0,-8.877011269823699,14200.0,-7.543717730508747,14200.0,-5.771565665801366,14200.0,-1.3381240675829793,14200.0,-0.6724814484112653,14200.0,1.5467940262586022
14210.0,-8.877030473601012,14210.0,-7.543752711985009,14210.0,-5.771621620468383,14210.0,-1.3382336572534113,14210.0,-0.6725992374818757,14210.0,1.5466486161639565
14220.0,-8.877049580250814,14220.0,-7.5437875950307145,14220.0,-5.7716774766389225,14220.0,-1.3383431465057867,14220.0,-0.6727169256428036,14220.0,1.5465033090923235
14230.0,-8.877068588594458,14230.0,-7.543822378477627,14230.0,-5.771733233140227,14230.0,-1.3384525341747653,14230.0,-0.6728345117320682,14230.0,1.5463581061897371
14240.0,-8.877087497470459,14240.0,-7.543857061174438,14240.0,-5.771788888816652,14240.0,-1.338561819112203,14240.0,-0.6729519946046787,14240.0,1.5462130085854422
14250.0,-8.877106305734754,14250.0,-7.543891641987238,14250.0,-5.771844442530003,14250.0,-1.3386710001871505,14250.0,-0.673069373132975,14250.0,1.5460680173915946
14260.0,-8.877125012260922,14260.0,-7.543926119799637,14260.0,-5.771899893159581,14260.0,-1.33878007628636,14260.0,-0.6731866462067558,14260.0,1.5459231337028791
14270.0,-8.877143615940339,14270.0,-7.543960493512889,14270.0,-5.771955239602498,14270.0,-1.3388890463142498,14270.0,-0.6733038127336105,14270.0,1.545778358596483
14280.0,-8.87716211568231,14280.0,-7.543994762046239,14280.0,-5.77201048077382,14280.0,-1.3389979091930608,14280.0,-0.6734208716388831,14280.0,1.5456336931318992
14290.0,-8.877180510414485,14290.0,-7.544028924336975,14290.0,-5.77206561560676,14290.0,-1.3391066638632707,14290.0,-0.6735378218661181,14290.0,1.5454891383506884
14300.0,-8.877198799083201,14300.0,-7.544062979341079,14300.0,-5.772120643053282,14300.0,-1.3392153092839878,14300.0,-0.6736546623774875,14300.0,1.5453446952757928
14310.0,-8.87721698065405,14310.0,-7.544096926033706,14310.0,-5.7721755620846,14310.0,-1.3393238444335007,14310.0,-0.6737713921542223,14310.0,1.5452003649113648
14320.0,-8.877235054112216,14320.0,-7.544130763409458,14320.0,-5.772230371691379,14320.0,-1.3394322683095135,14320.0,-0.673888010197098,14320.0,1.54505614824204
14330.0,-8.87725301846273,14330.0,-7.544164490482704,14330.0,-5.7722850708841085,14330.0,-1.3395405799296358,14330.0,-0.6740045155265761,14330.0,1.5449120462330188
14340.0,-8.87727087273068,14340.0,-7.54419810628782,14340.0,-5.772339658693448,14340.0,-1.339648778331346,14340.0,-0.674120907183144,14340.0,1.5447680598296005
14350.0,-8.877288615961547,14350.0,-7.5442316098793905,14350.0,-5.7723941341701295,14350.0,-1.339756862572385,14350.0,-0.6742371842273752,14350.0,1.544624189957005
14360.0,-8.877306247221124,14360.0,-7.54426500033228,14360.0,-5.772448496385391,14360.0,-1.3398648317308133,14360.0,-0.6743533457402732,14360.0,1.5444804375203838
14370.0,-8.877323765595968,14370.0,-7.5442982767420155,14370.0,-5.772502744431148,14370.0,-1.339972684905368,14370.0,-0.6744693908233669,14370.0,1.544336803404444
14380.0,-8.877341170194072,14380.0,-7.544331438225472,14380.0,-5.772556877420615,14380.0,-1.3400804212160415,14380.0,-0.6745853185995023,14380.0,1.5441932884725569
14390.0,-8.877358460145194,14390.0,-7.5443644839212025,14390.0,-5.772610894488863,14390.0,-1.3401880398046475,14390.0,-0.6747011282132113,14390.0,1.5440498935666527
14400.0,-8.877375634601346,14400.0,-7.544397412989868,14400.0,-5.77266479479306,14400.0,-1.3402955398349932,14400.0,-0.6748168188311224,14400.0,1.54390661950675
14410.0,-8.877392692736935,14410.0,-7.544430224614537,14410.0,-5.77271857751277,14410.0,-1.3404029204933419,14410.0,-0.6749323896422181,14410.0,1.5437634670906244
14420.0,-8.877409633748943,14420.0,-7.544462918000677,14420.0,-5.772772241850182,14420.0,-1.3405101809884064,14420.0,-0.6750478398578935,14420.0,1.5436204370936408
14430.0,-8.877426456857153,14430.0,-7.5444954923765115,14430.0,-5.772825787030139,14430.0,-1.3406173205515957,14430.0,-0.6751631687123303,14430.0,1.5434775302687762
14440.0,-8.877443161304207,14440.0,-7.544527946993043,14440.0,-5.772879212300315,14440.0,-1.3407243384370922,14440.0,-0.6752783754622737,14440.0,1.5433347473462453
14450.0,-8.877459746355896,14450.0,-7.544560281124375,14450.0,-5.772932516931578,14450.0,-1.3408312339222495,14450.0,-0.6753934593877505,14450.0,1.5431920890333488
14460.0,-8.877476211301797,14460.0,-7.544592494068203,14460.0,-5.772985700218462,14460.0,-1.3409380063079817,14460.0,-0.6755084197922816,14460.0,1.5430495560139916
14470.0,-8.877492555455595,14470.0,-7.544624585146301,14470.0,-5.773038761479603,14470.0,-1.3410446549192967,14470.0,-0.6756232560034688,14470.0,1.5429071489479897
14480.0,-8.877508778155311,14480.0,-7.544656553704741,14480.0,-5.773091700057933,14480.0,-1.341151179105493,14480.0,-0.6757379673731787,14480.0,1.5427648684710928
14490.0,-8.877524878763568,14490.0,-7.544688399114096,14490.0,-5.7731445153209995,14490.0,-1.3412575782404053,14490.0,-0.6758525532777275,14490.0,1.5426227151948657
14500.0,-8.877540856667748,14500.0,-7.544720120769594,14500.0,-5.773197206660944,14500.0,-1.3413638517224238,14500.0,-0.6759670131180667,14500.0,1.5424806897061398
14510.0,-8.877556711279922,14510.0,-7.544751718091073,14510.0,-5.773249773494754,14510.0,-1.341469998974701,14510.0,-0.676081346319828,14510.0,1.5423387925672425
14520.0,-8.87757244203714,14520.0,-7.544783190523267,14520.0,-5.77330221526419,14520.0,-1.3415760194452224,14520.0,-0.6761955523334546,14520.0,1.5421970243158787
14530.0,-8.877588048401567,14530.0,-7.544814537536015,14530.0,-5.773354531436196,14530.0,-1.3416819126070592,14530.0,-0.6763096306344801,14530.0,1.5420553854647556
14540.0,-8.877603529861162,14540.0,-7.544845758624775,14540.0,-5.77340672150342,14540.0,-1.3417876779589293,14540.0,-0.6764235807239969,14540.0,1.5419138765010896
14550.0,-8.877618885929921,14550.0,-7.544876853311088,14550.0,-5.773458784984597,14550.0,-1.3418933150256647,14550.0,-0.6765374021292828,14550.0,1.5417724978860852
14560.0,-8.877634116148297,14560.0,-7.544907821142735,14560.0,-5.773510721424796,14560.0,-1.341998823358302,14560.0,-0.6766510944037538,14560.0,1.541631250054841
14570.0,-8.877649220083272,14570.0,-7.54493866169405,14570.0,-5.773562530395599,14570.0,-1.3421042025344645,14570.0,-0.6767646571273646,14570.0,1.5414901334161843
14580.0,-8.877664197328436,14580.0,-7.544969374565839,14580.0,-5.773614211495185,14580.0,-1.342209452158265,14580.0,-0.6768780899065242,14580.0,1.5413491483524195
14590.0,-8.877679047503975,14590.0,-7.544999959385525,14590.0,-5.773665764348325,14590.0,-1.3423145718603726,14590.0,-0.6769913923743,14590.0,1.5412082952193555
14600.0,-8.877693770256851,14600.0,-7.545030415807159,14600.0,-5.773717188606543,14600.0,-1.34241956129816,14600.0,-0.6771045641903232,14600.0,1.54106757434645
14610.0,-8.877708365260645,14610.0,-7.545060743511381,14610.0,-5.773768483947901,14610.0,-1.3425244201556052,14610.0,-0.6772176050408035,14610.0,1.5409269860365409
14620.0,-8.877722832216252,14620.0,-7.545090942206017,14620.0,-5.773819650077685,14620.0,-1.3426291481438009,14620.0,-0.6773305146391179,14620.0,1.540786530565449
14630.0,-8.877737170852031,14630.0,-7.545121011626346,14630.0,-5.7738706867287855,14630.0,-1.342733745001399,14630.0,-0.6774432927261363,14630.0,1.5406462081817118
14640.0,-8.877751380924163,14640.0,-7.545150951535399,14640.0,-5.773921593661816,14640.0,-1.3428382104947247,14640.0,-0.6775559390703974,14640.0,1.540506019106107
14650.0,-8.877765462216768,14650.0,-7.545180761724062,14650.0,-5.773972370665233,14650.0,-1.3429425444180172,14650.0,-0.677668453468312,14650.0,1.5403659635318219
14660.0,-8.877779414541882,14660.0,-7.545210442011041,14660.0,-5.774023017555469,14660.0,-1.343046746593318,14660.0,-0.6777808357441334,14660.0,1.5402260416242004
14670.0,-8.877793237739501,14670.0,-7.545239992243002,14670.0,-5.7740735341768294,14670.0,-1.3431508168706214,14670.0,-0.6778930857499939,14670.0,1.5400862535207946
14680.0,-8.877806931677437,14680.0,-7.545269412294356,14680.0,-5.774123920401476,14680.0,-1.3432547551277527,14680.0,-0.6780052033658409,14680.0,1.5399465993315264
14690.0,-8.877820496251562,14690.0,-7.545298702067446,14690.0,-5.774174176129522,14690.0,-1.3433585612703742,14690.0,-0.6781171884994572,14690.0,1.53980707913856
14700.0,-8.877833931386014,14700.0,-7.545327861492817,14700.0,-5.774224301289377,14700.0,-1.3434622352324872,14700.0,-0.6782290410869307,14700.0,1.53966769299575
14710.0,-8.87784723703375,14710.0,-7.545356890529891,14710.0,-5.774274295838233,14710.0,-1.3435657769768126,14710.0,-0.6783407610930698,14710.0,1.5395284409283831
14720.0,-8.87786041317657,14720.0,-7.545385789166788,14720.0,-5.774324159762164,14720.0,-1.343669186494879,14720.0,-0.678452348511473,14720.0,1.5393893229331108
14730.0,-8.877873459825297,14730.0,-7.545414557420509,14730.0,-5.7743738930760715,14730.0,-1.3437724638071524,14730.0,-0.6785638033645873,14730.0,1.5392503389776997
14740.0,-8.877886377019626,14740.0,-7.545443195337021,14740.0,-5.774423495823852,14740.0,-1.3438756089629873,14740.0,-0.6786751257038641,14740.0,1.5391114890011863
14750.0,-8.87789916482817,14750.0,-7.545471702991074,14750.0,-5.774472968078317,14750.0,-1.343978622040551,14750.0,-0.6787863156094387,14750.0,1.538972772913779
14760.0,-8.877911823348049,14760.0,-7.545500080485847,14760.0,-5.774522309940653,14760.0,-1.3440815031464581,14760.0,-0.6788973731899487,14760.0,1.538834190597512
14770.0,-8.877924352704579,14770.0,-7.545528327952722,14770.0,-5.774571521540293,14770.0,-1.3441842524155667,14770.0,-0.6790082985821767,14770.0,1.5386957419061507
14780.0,-8.877936753052197,14780.0,-7.545556445552085,14780.0,-5.774620603035736,14780.0,-1.344286870011684,14780.0,-0.679119091951929,14780.0,1.5385574266646886
14790.0,-8.877949024574665,14790.0,-7.545584433473602,14790.0,-5.77466955461477,14790.0,-1.3443893561279099,14790.0,-0.6792297534942398,14790.0,1.5384192446688625
14800.0,-8.87796116748511,14800.0,-7.545612291936239,14800.0,-5.774718376494572,14800.0,-1.3444917109867527,14800.0,-0.6793402834334968,14800.0,1.5382811956851903
14810.0,-8.877973182026157,14810.0,-7.545640021188493,14810.0,-5.774767068921791,14810.0,-1.3445939348401854,14810.0,-0.6794506820236316,14810.0,1.5381432794507401
14820.0,-8.877985068469917,14820.0,-7.545667621508188,14820.0,-5.774815632172544,14820.0,-1.3446960279695013,14820.0,-0.6795609495478293,14820.0,1.5380054956734093
14830.0,-8.877996827117702,14830.0,-7.545695093202314,14830.0,-5.774864066552022,14830.0,-1.3447979906851841,14830.0,-0.6796710863183895,14830.0,1.5378678440319347
14840.0,-8.878008458296938,14840.0,-7.545722436603969,14840.0,-5.774912372391701,14840.0,-1.3448998233238356,14840.0,-0.6797810926738479,14840.0,1.5377303241791607
14850.0,-8.878019962361833,14850.0,-7.5457496520728835,14850.0,-5.774960550049653,14850.0,-1.3450015262488422,14850.0,-0.6798909689793619,14850.0,1.5375929357411284
14860.0,-8.878031339695204,14860.0,-7.545776739997465,14860.0,-5.775008599912592,14860.0,-1.3451030998519735,14860.0,-0.6800007156286121,14860.0,1.5374556783156028
14870.0,-8.87804259070865,14870.0,-7.545803700794838,14870.0,-5.775056522396078,14870.0,-1.3452045445539464,14870.0,-0.6801103330441127,14870.0,1.537318551471523
14880.0,-8.878053715842924,14880.0,-7.54583053491111,14880.0,-5.775104317944653,14880.0,-1.3453058608044683,14880.0,-0.6802198216773068,14880.0,1.5371815547489638
14890.0,-8.878064715567692,14890.0,-7.545857242821342,14890.0,-5.775151987031822,14890.0,-1.345407049082107,14890.0,-0.6803291820086018,14890.0,1.537044687659164
14900.0,-8.878075590381625,14900.0,-7.545883825029549,14900.0,-5.775199530160155,14900.0,-1.3455081098944892,14900.0,-0.6804384145473523,14900.0,1.536907949684404
14910.0,-8.878086340812835,14910.0,-7.545910282069144,14910.0,-5.775246947861515,14910.0,-1.345609043778578,14910.0,-0.6805475198323482,14910.0,1.5367713402777314
14920.0,-8.878096967419909,14920.0,-7.545936614503961,14920.0,-5.775294240698339,14920.0,-1.3457098513018342,14920.0,-0.6806564984327512,14920.0,1.5366348588617802
14930.0,-8.878107470787752,14930.0,-7.5459628229241,14930.0,-5.775341409259299,14930.0,-1.345810533057912,14930.0,-0.6807653509439356,14930.0,1.5364985048330693
14940.0,-8.878117851528165,14940.0,-7.545988907946401,14940.0,-5.775388454159866,14940.0,-1.3459110896673292,14940.0,-0.6808740779881286,14940.0,1.536362277561369
14950.0,-8.878128110280418,14950.0,-7.546014870215284,14950.0,-5.775435376043111,14950.0,-1.3460115217781097,14950.0,-0.6809826802150728,14950.0,1.536226176389018
14960.0,-8.878138247711618,14960.0,-7.546040710402961,14960.0,-5.775482175579912,14960.0,-1.3461118300660915,14960.0,-0.6810911583023092,14960.0,1.5360902006305714
14970.0,-8.878148264516861,14970.0,-7.546066429209543,14970.0,-5.775528853469044,14970.0,-1.3462120152349555,14970.0,-0.681199512955168,14970.0,1.535954349572904
14980.0,-8.878158161419133,14980.0,-7.546092027362891,14980.0,-5.77557541043714,14980.0,-1.3463120780162972,14980.0,-0.6813077449069126,14980.0,1.5358186224750119
14990.0,-8.878167939169368,14990.0,-7.546117505618853,14990.0,-5.77562184723884,14990.0,-1.3464120191696,14990.0,-0.6814158549187084,14990.0,1.5356830185680914
15000.0,-8.8781775985507,15000.0,-7.546142864765473,15000.0,-5.775668164660877,15000.0,-1.3465118394865834,15000.0,-0.6815238437838017,15000.0,1.5355475370511678
15010.0,-8.878187140380252,15010.0,-7.546168105624705,15010.0,-5.77571436352411,15010.0,-1.34661153979289,15010.0,-0.6816317123295567,15010.0,1.5354121770894493
15020.0,-8.87819656550375,15020.0,-7.546193229046976,15020.0,-5.775760444677822,15020.0,-1.3467111209426637,15020.0,-0.6817394614117273,15020.0,1.5352769378197229
15030.0,-8.87820587479272,15030.0,-7.546218235908625,15030.0,-5.775806408997207,15030.0,-1.3468105838159286,15030.0,-0.6818470919119276,15030.0,1.5351418183528591
15040.0,-8.878215069142653,15040.0,-7.546243127109825,15040.0,-5.775852257381334,15040.0,-1.3469099293165667,15040.0,-0.6819546047356023,15040.0,1.5350068177761444
15050.0,-8.878224149471153,15050.0,-7.546267903572808,15050.0,-5.775897990751327,15050.0,-1.3470091583705819,15050.0,-0.6820620008102892,15050.0,1.534871935154727
15060.0,-8.878233116716135,15060.0,-7.54629256624013,15060.0,-5.775943610048693,15060.0,-1.3471082719241296,15060.0,-0.6821692810838367,15060.0,1.5347371695335956
15070.0,-8.878241971834438,15070.0,-7.546317116073176,15070.0,-5.775989116233828,15070.0,-1.3472072709423992,15070.0,-0.6822764465228576,15070.0,1.5346025199389348
15080.0,-8.878250715801256,15080.0,-7.546341554051658,15080.0,-5.776034510285389,15080.0,-1.347306156408768,15080.0,-0.6823834981122986,15080.0,1.5344679853787062
15090.0,-8.878259349609577,15090.0,-7.546365881173045,15090.0,-5.776079793199932,15090.0,-1.3474049293244068,15090.0,-0.682490436854863,15090.0,1.5343335648432346
15100.0,-8.878267874268602,15100.0,-7.546390098450979,15100.0,-5.77612496599001,15100.0,-1.3475035907066788,15100.0,-0.682597263769375,15100.0,1.5341992573067362
15110.0,-8.878276290801702,15110.0,-7.546414206913235,15110.0,-5.776170029682543,15110.0,-1.3476021415869652,15110.0,-0.6827039798888049,15110.0,1.5340650617293325
15120.0,-8.878284600244616,15120.0,-7.5464382075999,15120.0,-5.776214985316666,15120.0,-1.3477005830091304,15120.0,-0.6828105862583664,15120.0,1.5339309770589522
15130.0,-8.878292803643618,15130.0,-7.546462101561556,15130.0,-5.776259833942,15130.0,-1.3477989160273012,15130.0,-0.6829170839337435,15130.0,1.5337970022332248
15140.0,-8.878300902053596,15140.0,-7.546485889857332,15140.0,-5.776304576616851,15140.0,-1.3478971417042873,15140.0,-0.6830234739792388,15140.0,1.5336631361811746
15150.0,-8.87830889653697,15150.0,-7.546509573553887,15150.0,-5.776349214406937,15150.0,-1.3479952611103805,15150.0,-0.6831297574664756,15150.0,1.533529377824538
15160.0,-8.878316788161325,15160.0,-7.54653315372297,15160.0,-5.776393748383208,15160.0,-1.3480932753209254,15160.0,-0.6832359354722557,15160.0,1.5333957260799038
15170.0,-8.87832457799629,15170.0,-7.546556631438391,15170.0,-5.776438179618519,15170.0,-1.3481911854131898,15170.0,-0.6833420090753408,15170.0,1.533262179862063
15180.0,-8.878332267112642,15180.0,-7.546580007774944,15180.0,-5.776482509186929,15180.0,-1.3482889924656034,15180.0,-0.6834479793554251,15180.0,1.5331287380849252
15190.0,-8.878339856581158,15190.0,-7.546603283807485,15190.0,-5.7765267381623735,15190.0,-1.3483866975564693,15190.0,-0.6835538473922931,15190.0,1.5329953996623773
15200.0,-8.878347347471484,15200.0,-7.546626460609661,15200.0,-5.776570867617748,15200.0,-1.348484301762941,15200.0,-0.683659614264407,15200.0,1.5328621635096606
15210.0,-8.878354740851178,15210.0,-7.54664953925304,15210.0,-5.776614898623728,15210.0,-1.348581806159925,15210.0,-0.6837652810480506,15210.0,1.5327290285442183
15220.0,-8.878362037784795,15220.0,-7.546672520806011,15220.0,-5.776658832247987,15220.0,-1.3486792118192863,15220.0,-0.6838708488164059,15220.0,1.532595993686806
15230.0,-8.878369239332399,15230.0,-7.546695406332583,15230.0,-5.776702669553685,15230.0,-1.3487765198083226,15230.0,-0.6839763186381672,15230.0,1.532463057862628
15240.0,-8.878376346548203,15240.0,-7.546718196890746,15240.0,-5.776746411598044,15240.0,-1.34887373118844,15240.0,-0.6840816915758906,15240.0,1.5323302200031204
15250.0,-8.878383360480795,15250.0,-7.546740893532899,15250.0,-5.776790059432683,15250.0,-1.3489708470152602,15250.0,-0.6841869686866415,15250.0,1.5321974790452118
15260.0,-8.878390282172925,15260.0,-7.546763497305524,15260.0,-5.7768336141033325,15260.0,-1.3490678683384711,15260.0,-0.6842921510213499,15260.0,1.5320648339322103
15270.0,-8.878397112660796,15270.0,-7.546786009248527,15270.0,-5.776877076649186,15270.0,-1.3491647962013276,15270.0,-0.684397239624499,15270.0,1.5319322836137184
15280.0,-8.878403852973733,15280.0,-7.546808430395,15280.0,-5.7769204481024445,15280.0,-1.3492616316399502,15280.0,-0.6845022355334767,15280.0,1.5317998270466406
15290.0,-8.878410504133504,15290.0,-7.546830761770178,15290.0,-5.776963729487754,15290.0,-1.3493583756828216,15290.0,-0.6846071397780186,15290.0,1.5316674631955485
15300.0,-8.878417067153627,15300.0,-7.54685300439133,15300.0,-5.7770069218215125,15300.0,-1.3494550293501828,15300.0,-0.684711953379606,15300.0,1.5315351910333046
15310.0,-8.87842354303844,15310.0,-7.546875159266197,15310.0,-5.7770500261108495,15310.0,-1.3495515936530136,15310.0,-0.6848166773503718,15310.0,1.5314030095423066
15320.0,-8.878429932782067,15320.0,-7.546897227392477,15320.0,-5.777093043352714,15320.0,-1.3496480695919015,15320.0,-0.6849213126921639,15320.0,1.531270917715139
15330.0,-8.878436237369117,15330.0,-7.546919209758208,15330.0,-5.777135974534431,15330.0,-1.3497444581579898,15330.0,-0.6850258603972517,15330.0,1.531138914554074
15340.0,-8.878442457774756,15340.0,-7.546941107342049,15340.0,-5.777178820633926,15340.0,-1.3498407603328224,15340.0,-0.6851303214483612,15340.0,1.5310069990710387
15350.0,-8.878448594964388,15350.0,-7.546962921112769,15350.0,-5.777221582619249,15350.0,-1.3499369770880936,15350.0,-0.685234696818381,15350.0,1.5308751702878793
15360.0,-8.878454649893172,15360.0,-7.546984652028854,15360.0,-5.777264261448292,15360.0,-1.3500331093852238,15360.0,-0.6853389874698305,15360.0,1.530743427236728
15370.0,-8.878460623505612,15370.0,-7.547006301038104,15370.0,-5.777306858068078,15370.0,-1.3501291581748474,15370.0,-0.6854431943544999,15370.0,1.5306117689606522
15380.0,-8.878466516734779,15380.0,-7.547027869076935,15380.0,-5.777349373414388,15380.0,-1.3502251243962011,15380.0,-0.6855473184127553,15380.0,1.5304801945141195
15390.0,-8.87847233050205,15390.0,-7.54704935706996,15390.0,-5.7773918084111555,15390.0,-1.3503210089766848,15390.0,-0.6856513605730558,15390.0,1.5303487029636291
15400.0,-8.87847806571665,15400.0,-7.547070765929527,15400.0,-5.777434163970056,15400.0,-1.350416812831398,15400.0,-0.6857553217516256,15400.0,1.530217293387883
15410.0,-8.878483723275385,15410.0,-7.547092096555688,15410.0,-5.7774764409905,15410.0,-1.350512536863104,15410.0,-0.6858592028523315,15410.0,1.5300859648780554
15420.0,-8.87848930406254,15420.0,-7.547113349835913,15420.0,-5.777518640359263,15420.0,-1.3506081819619442,15420.0,-0.6859630047663732,15420.0,1.529954716538059
15430.0,-8.87849480894962,15430.0,-7.547134526644696,15430.0,-5.777560762950242,15430.0,-1.3507037490050906,15430.0,-0.6860667283719548,15430.0,1.5298235474848123
15440.0,-8.87850023879474,15440.0,-7.547155627843223,15440.0,-5.777602809623967,15440.0,-1.350799238856415,15440.0,-0.6861703745339354,15440.0,1.5296924568486123
15450.0,-8.87850559444229,15450.0,-7.5471766542790055,15450.0,-5.7776447812273455,15450.0,-1.3508946523659235,15450.0,-0.6862739441034938,15450.0,1.5295614437736091
15460.0,-8.878510876722782,15460.0,-7.547197606785448,15460.0,-5.777686678593094,15460.0,-1.3509899903696072,15460.0,-0.6863774379175445,15460.0,1.5294305074181485
15470.0,-8.878516086452455,15470.0,-7.547218486181881,15470.0,-5.7777285025399205,15470.0,-1.351085253689281,15470.0,-0.6864808567989543,15470.0,1.5292996469547167
15480.0,-8.878521224433905,15480.0,-7.547239293273723,15480.0,-5.777770253872646,15480.0,-1.351180443132891,15480.0,-0.6865842015566479,15480.0,1.5291688615697867
15490.0,-8.878526291454492,15490.0,-7.547260028851249,15490.0,-5.777811933381047,15490.0,-1.3512755594932075,15490.0,-0.6866874729843627,15490.0,1.5290381504651334
15500.0,-8.87853128828544,15500.0,-7.547280693688566,15500.0,-5.7778535418384,15500.0,-1.351370603546701,15500.0,-0.6867906718595659,15500.0,1.5289075128587573
15510.0,-8.878536215680631,15510.0,-7.547301288542402,15510.0,-5.777895080001031,15510.0,-1.3514655760524883,15510.0,-0.6868937989423939,15510.0,1.5287769479861046
15520.0,-8.878541074375926,15520.0,-7.54732181415136,15520.0,-5.777936548606874,15520.0,-1.3515604777516088,15520.0,-0.686996854974738,15520.0,1.5286464551009062
15530.0,-8.878545865088114,15530.0,-7.547342271235069,15530.0,-5.777977948374923,15530.0,-1.351655309365927,15530.0,-0.6870998406794394,15530.0,1.5285160334759813
15540.0,-8.878550588514274,15540.0,-7.547362660493308,15540.0,-5.77801928000436,15540.0,-1.3517500715975257,15540.0,-0.6872027567595256,15540.0,1.5283856824040136
15550.0,-8.878555245331041,15550.0,-7.547382982605407,15550.0,-5.778060544174004,15550.0,-1.35184476512796,15550.0,-0.6873056038974775,15550.0,1.5282554011982672
15560.0,-8.87855983619402,15560.0,-7.547403238229635,15560.0,-5.778101741541517,15560.0,-1.3519393906177715,15560.0,-0.68740838275471,15560.0,1.5281251891932486
15570.0,-8.878564361737503,15570.0,-7.547423428002893,15570.0,-5.778142872743201,15570.0,-1.3520339487059814,15570.0,-0.6875110939711369,15570.0,1.5279950457448253
15580.0,-8.87856882257395,15580.0,-7.547443552540362,15580.0,-5.778183938393572,15580.0,-1.3521284400098075,15580.0,-0.6876137381649072,15580.0,1.5278649702308327
15590.0,-8.878573219704025,15590.0,-7.547463615337772,15590.0,-5.778224945321104,15590.0,-1.3522228798637348,15590.0,-0.6877163319688426,15590.0,1.5277349416487018
15600.0,-8.878577552322005,15600.0,-7.547483611346366,15600.0,-5.778265882799026,15600.0,-1.352317243059569,15600.0,-0.687818847965545,15600.0,1.5276049948484425
15610.0,-8.878581822561367,15610.0,-7.547503543368095,15610.0,-5.778306754519616,15610.0,-1.3524115355655617,15610.0,-0.6879212924709001,15610.0,1.5274751223425944
15620.0,-8.878586031475452,15620.0,-7.5475234135988805,15620.0,-5.7783475642024404,15620.0,-1.3525057649921983,15620.0,-0.6880236736896345,15620.0,1.5273453139263966
15630.0,-8.8785901805765,15630.0,-7.547543223545063,15630.0,-5.778388313342236,15630.0,-1.3525999328083567,15630.0,-0.6881259930871518,15630.0,1.5272155681451114
15640.0,-8.878594271569481,15640.0,-7.547562974907272,15640.0,-5.778429003629885,15640.0,-1.3526940406843084,15640.0,-0.6882282523309461,15640.0,1.5270858833394527
15650.0,-8.87859830629019,15650.0,-7.547582669518018,15650.0,-5.77846963689012,15650.0,-1.3527880904282477,15650.0,-0.6883304532271879,15650.0,1.5269562577091536
15660.0,-8.878602286661813,15660.0,-7.54760230929847,15660.0,-5.778510215037365,15660.0,-1.352882083941839,15660.0,-0.6884325976760329,15660.0,1.5268266893583007
15670.0,-8.878606214664298,15670.0,-7.547621896227186,15670.0,-5.778550740044953,15670.0,-1.3529760231884285,15670.0,-0.6885346876396273,15670.0,1.52669717632741
15680.0,-8.878610092312163,15680.0,-7.547641432318076,15680.0,-5.778591213922331,15680.0,-1.3530699101698858,15680.0,-0.688636725119164,15680.0,1.526567716616804
15690.0,-8.878613921638632,15690.0,-7.547660919604279,15690.0,-5.778631638698995,15690.0,-1.3531637469101279,15690.0,-0.6887387121380691,15690.0,1.5264383082036077
15700.0,-8.878617704684219,15700.0,-7.547680360126739,15700.0,-5.778672016412928,15700.0,-1.353257535443135,15700.0,-0.6888406507301694,15700.0,1.5263089490536474
15710.0,-8.87862144348884,15710.0,-7.547699755926068,15710.0,-5.778712349102246,15710.0,-1.3533512778044277,15710.0,-0.6889425429309283,15710.0,1.5261796371305927
15720.0,-8.878625140085836,15720.0,-7.547719109036747,15720.0,-5.778752638799438,15720.0,-1.3534449760248626,15720.0,-0.6890443907714587,15720.0,1.5260503704018564
15730.0,-8.878628796498408,15730.0,-7.547738421483174,15730.0,-5.778792887527275,15730.0,-1.35353863212659,15730.0,-0.6891461962741047,15730.0,1.5259211468431362
15740.0,-8.878632414736622,15740.0,-7.547757695276987,15740.0,-5.778833097296022,15740.0,-1.3536322481198895,15740.0,-0.6892479614495759,15740.0,1.5257919644415203
15750.0,-8.878635996795879,15750.0,-7.547776932415232,15750.0,-5.778873270101628,15750.0,-1.3537258260013934,15750.0,-0.6893496882949774,15750.0,1.5256628211973768
15760.0,-8.87863954465572,15760.0,-7.547796134879258,15760.0,-5.778913407924572,15760.0,-1.3538193677526842,15760.0,-0.6894513787924306,15760.0,1.5255337151258122
15770.0,-8.878643060279447,15770.0,-7.547815304634159,15770.0,-5.778953512729257,15770.0,-1.3539128753396827,15770.0,-0.689553034908486,15770.0,1.5254046442573026
15780.0,-8.87864654561361,15780.0,-7.547834443628576,15780.0,-5.778993586463604,15780.0,-1.3540063507122035,15780.0,-0.6896546585936422,15780.0,1.5252756066383504
15790.0,-8.878650002588218,15790.0,-7.5478535537944325,15790.0,-5.779033631059228,15790.0,-1.3540997958039107,15790.0,-0.689756251782206,15790.0,1.5251466003314273
15800.0,-8.878653433116783,15800.0,-7.547872637047403,15800.0,-5.779073648431354,15800.0,-1.3541932125323461,15800.0,-0.6898578163924272,15800.0,1.5250176234149513
15810.0,-8.878656839096658,15810.0,-7.547891695286843,15810.0,-5.779113640479038,15810.0,-1.3542866027991176,15810.0,-0.6899593543266693,15810.0,1.524888673983339
15820.0,-8.878660222409266,15820.0,-7.547910730396399,15820.0,-5.779153609085686,15820.0,-1.3543799684901283,15820.0,-0.6900608674716089,15820.0,1.5247597501464702
15830.0,-8.878663584920481,15830.0,-7.547929744243991,15830.0,-5.779193556119093,15830.0,-1.3544733114759862,15830.0,-0.6901623576985667,15830.0,1.5246308500296142
15840.0,-8.878666928480985,15840.0,-7.5479487386825745,15840.0,-5.779233483432024,15840.0,-1.3545666336121347,15840.0,-0.6902638268638253,15840.0,1.5245019717731318
15850.0,-8.878670254926629,15850.0,-7.547967715550024,15850.0,-5.779273392862282,15850.0,-1.3546599367393055,15850.0,-0.6903652768088343,15850.0,1.5243731135320076
15860.0,-8.878673566078628,15860.0,-7.547986676669766,15860.0,-5.779313286233245,15860.0,-1.3547532226837293,15860.0,-0.6904667093606146,15860.0,1.524244273475902
15870.0,-8.87867686374393,15870.0,-7.548005623850891,15870.0,-5.779353165353951,15870.0,-1.3548464932573603,15870.0,-0.69056812633196,15870.0,1.5241154497885536
15880.0,-8.8786801497154,15880.0,-7.548024558888441,15880.0,-5.779393032019378,15880.0,-1.3549397502581324,15880.0,-0.6906695295215364,15880.0,1.5239866406678966
15890.0,-8.878683425772099,15890.0,-7.54804348356353,15890.0,-5.779432888010715,15890.0,-1.3550329954701854,15890.0,-0.6907709207142414,15890.0,1.5238578443256157
15900.0,-8.87868669367929,15900.0,-7.548062399643571,15900.0,-5.779472735095317,15900.0,-1.3551262306638063,15900.0,-0.6908723016812263,15900.0,1.5237290589871855
15910.0,-8.878689955188712,15910.0,-7.548081308882397,15910.0,-5.7795125750270895,15910.0,-1.3552194575958023,15910.0,-0.6909736741800037,15910.0,1.5236002828917474
15920.0,-8.878693212038469,15920.0,-7.548100213020227,15920.0,-5.7795524095462305,15920.0,-1.3553126780094171,15920.0,-0.6910750399545723,15920.0,1.5234715142918955
15930.0,-8.878696465953276,15930.0,-7.548119113783807,15930.0,-5.779592240379537,15930.0,-1.3554058936343416,15930.0,-0.6911764007353838,15930.0,1.5233427514539628
15940.0,-8.878699718644294,15940.0,-7.54813801288638,15940.0,-5.7796320692403285,15940.0,-1.3554991061867347,15940.0,-0.6912777582394107,15940.0,1.5232139926576052
15950.0,-8.878702971809215,15950.0,-7.548156912027627,15950.0,-5.779671897828311,15950.0,-1.3555923173692699,15950.0,-0.6913791141700183,15950.0,1.523085236196264
15960.0,-8.87870622713213,15960.0,-7.548175812893725,15960.0,-5.779711727829695,15960.0,-1.3556855288709977,15960.0,-0.6914804702170413,15960.0,1.522956480376833
15970.0,-8.87870948628352,15970.0,-7.548194717157052,15970.0,-5.779751560916965,15970.0,-1.3557787423672776,15970.0,-0.6915818280565602,15970.0,1.5228277235200534
15980.0,-8.878712750920126,15980.0,-7.5482136264763655,15980.0,-5.7797913987489,15980.0,-1.3558719595197282,15980.0,-0.6916831893509002,15980.0,1.5226989639604611
15990.0,-8.878716022684793,15990.0,-7.548232542496542,15990.0,-5.779831242970411,15990.0,-1.355965181976014,15990.0,-0.6917845557485117,15990.0,1.5225702000464851
16000.0,-8.878719303206525,16000.0,-7.548251466848377,16000.0,-5.779871095212411,16000.0,-1.3560584113698448,16000.0,-0.6918859288837762,16000.0,1.5224414301406086
16010.0,-8.878722594100017,16010.0,-7.548270401148595,16010.0,-5.779910957091662,16010.0,-1.3561516493207757,16010.0,-0.6919873103769186,16010.0,1.5223126526195279
16020.0,-8.878725896965902,16020.0,-7.548289346999663,16020.0,-5.779950830210691,16020.0,-1.3562448974339998,16020.0,-0.6920887018339074,16020.0,1.5221838658742288
16030.0,-8.878729213390242,16030.0,-7.548308305989642,16030.0,-5.779990716157591,16030.0,-1.3563381573003164,16030.0,-0.6921901048462383,16030.0,1.5220550683102518
16040.0,-8.87873254494474,16040.0,-7.548327279691915,16040.0,-5.780030616505888,16040.0,-1.3564314304959375,16040.0,-0.6922915209907575,16040.0,1.5219262583477193
16050.0,-8.878735893186231,16050.0,-7.54834626966526,16050.0,-5.78007053281434,16050.0,-1.356524718582271,16050.0,-0.692392951829578,16050.0,1.5217974344216312
16060.0,-8.878739259656772,16060.0,-7.548365277453527,16060.0,-5.780110466626921,16060.0,-1.3566180231058496,16060.0,-0.692494398909919,16060.0,1.5216685949818676
16070.0,-8.878742645883358,16070.0,-7.54838430458554,16070.0,-5.780150419472454,16070.0,-1.3567113455981932,16070.0,-0.6925958637639396,16070.0,1.5215397384933484
16080.0,-8.878746053377956,16080.0,-7.548403352574959,16080.0,-5.780190392864721,16080.0,-1.356804687575534,16080.0,-0.6926973479085727,16080.0,1.5214108634362578
16090.0,-8.87874948363708,16090.0,-7.548422422920147,16090.0,-5.780230388302129,16090.0,-1.3568980505388493,16090.0,-0.692798852845374,16090.0,1.521281968306267
16100.0,-8.878752938141952,16100.0,-7.548441517104045,16100.0,-5.780270407267611,16100.0,-1.3569914359735948,16100.0,-0.6929003800605584,16100.0,1.5211530516143947
16110.0,-8.878756418358227,16110.0,-7.548460636594009,16110.0,-5.780310451228655,16110.0,-1.3570848453497366,16110.0,-0.6930019310245815,16110.0,1.5210241118873584
16120.0,-8.878759925735878,16120.0,-7.548479782841764,16120.0,-5.780350521637018,16120.0,-1.357178280121436,16120.0,-0.6931035071923515,16120.0,1.5208951476676213
16130.0,-8.87876346170918,16130.0,-7.548498957283243,16130.0,-5.780390619928692,16130.0,-1.357271741727109,16130.0,-0.6932051100028748,16130.0,1.5207661575133955
16140.0,-8.878767027696512,16140.0,-7.5485181613384675,16140.0,-5.780430747523794,16140.0,-1.3573652315892841,16140.0,-0.6933067408792924,16140.0,1.5206371399988854
16150.0,-8.878770625100406,16150.0,-7.54853739641161,16150.0,-5.7804709058264825,16150.0,-1.357458751114503,16150.0,-0.693408401228777,16150.0,1.5205080937143105
16160.0,-8.878774255307306,16160.0,-7.548556663890792,16160.0,-5.780511096224945,16160.0,-1.35755230169331,16160.0,-0.6935100924424212,16160.0,1.5203790172659348
16170.0,-8.878777919687641,16170.0,-7.548575965148027,16170.0,-5.7805513200913,16170.0,-1.3576458847000497,16170.0,-0.6936118158952157,16170.0,1.5202499092762225
16180.0,-8.87878161959572,16180.0,-7.548595301539253,16180.0,-5.780591578781489,16180.0,-1.3577395014930358,16180.0,-0.6937135729460581,16180.0,1.5201207683836644
16190.0,-8.878785356369768,16190.0,-7.548614674404232,16190.0,-5.78063187363533,16190.0,-1.3578331534143306,16190.0,-0.693815364937528,16190.0,1.5199915932432169
16200.0,-8.878789131331772,16200.0,-7.548634085066512,16200.0,-5.780672205976431,16200.0,-1.3579268417897272,16200.0,-0.693917193196146,16200.0,1.5198623825258801
16210.0,-8.878792945787547,16210.0,-7.548653534833507,16210.0,-5.780712577112278,16210.0,-1.3580205679289319,16210.0,-0.6940190590320379,16210.0,1.5197331349189511
16220.0,-8.878796801026786,16220.0,-7.548673024996379,16220.0,-5.780752988334005,16220.0,-1.358114333125345,16220.0,-0.6941209637392536,16220.0,1.519603849126039
16230.0,-8.878800698322959,16230.0,-7.548692556830101,16230.0,-5.780793440916709,16230.0,-1.3582081386561782,16230.0,-0.6942229085955001,16230.0,1.5194745238669793
16240.0,-8.8788046389334,16240.0,-7.548712131593562,16240.0,-5.7808339361192465,16240.0,-1.3583019857823742,16240.0,-0.6943248948623688,16240.0,1.5193451578778108
16250.0,-8.8788086240993,16250.0,-7.548731750529342,16250.0,-5.780874475184346,16250.0,-1.3583958757488286,16250.0,-0.6944269237852148,16250.0,1.5192157499108285
16260.0,-8.878812655045762,16260.0,-7.548751414864131,16260.0,-5.780915059338628,16260.0,-1.358489809784253,16260.0,-0.6945289965932845,16260.0,1.519086298734395
16270.0,-8.87881673298196,16270.0,-7.548771125808397,16270.0,-5.78095568979269,16270.0,-1.3585837891012273,16270.0,-0.6946311144997634,16270.0,1.5189568031330727
16280.0,-8.8788208591009,16280.0,-7.548790884556653,16280.0,-5.7809963677410945,16280.0,-1.3586778148964291,16280.0,-0.6947332787017925,16280.0,1.5188272619073793
16290.0,-8.878825034579865,16290.0,-7.548810692287543,16290.0,-5.781037094362496,16290.0,-1.3587718883505027,16290.0,-0.6948354903805863,16290.0,1.5186976738739346
16300.0,-8.878829260580154,16300.0,-7.548830550163872,16300.0,-5.7810778708197095,16300.0,-1.3588660106282806,16300.0,-0.6949377507014494,16300.0,1.5185680378651123
16310.0,-8.878833538247445,16310.0,-7.548850459332624,16310.0,-5.781118698259767,16310.0,-1.3589601828787266,16310.0,-0.6950400608138816,16310.0,1.5184383527292071
16320.0,-8.878837868711697,16320.0,-7.548870420925148,16320.0,-5.7811595778141,16320.0,-1.3590544062352425,16320.0,-0.6951424218517688,16320.0,1.518308617330216
16330.0,-8.878842253087374,16330.0,-7.548890436057249,16330.0,-5.7812005105984685,16330.0,-1.3591486818155296,16330.0,-0.6952448349333583,16330.0,1.5181788305476598
16340.0,-8.878846692473433,16340.0,-7.5489105058292045,16340.0,-5.781241497713301,16340.0,-1.3592430107218874,16340.0,-0.6953473011614068,16340.0,1.51804899127669
16350.0,-8.878851187953583,16350.0,-7.54893063132607,16350.0,-5.781282540243592,16350.0,-1.3593373940412135,16350.0,-0.695449821623281,16350.0,1.5179190984277537
16360.0,-8.878855740596222,16360.0,-7.548950813617545,16360.0,-5.7813236392591305,16360.0,-1.3594318328451644,16360.0,-0.6955523973911746,16360.0,1.5177891509266688
16370.0,-8.878860351454797,16370.0,-7.548971053758369,16370.0,-5.781364795814672,16370.0,-1.3595263281903052,16370.0,-0.6956550295220869,16370.0,1.517659147714302
16380.0,-8.878865021567732,16380.0,-7.548991352788263,16380.0,-5.781406010949935,16380.0,-1.3596208811182138,16380.0,-0.6957577190580955,16380.0,1.5175290877465686
16390.0,-8.878869751958659,16390.0,-7.549011711732074,16390.0,-5.781447285689868,16390.0,-1.359715492655609,16390.0,-0.6958604670263878,16390.0,1.5173989699942196
16400.0,-8.878874543636593,16400.0,-7.549032131600125,16400.0,-5.781488621044763,16400.0,-1.3598101638145723,16400.0,-0.6959632744394596,16400.0,1.5172687934427427
16410.0,-8.878879397595968,16410.0,-7.549052613388064,16410.0,-5.781530018010302,16410.0,-1.3599048955925401,16410.0,-0.6960661422952755,16410.0,1.517138557092272
16420.0,-8.878884314816894,16420.0,-7.549073158077208,16420.0,-5.781571477567888,16420.0,-1.3599996889726886,16420.0,-0.6961690715774081,16420.0,1.5170082599572112
16430.0,-8.878889296265259,16430.0,-7.549093766634712,16430.0,-5.781613000684669,16430.0,-1.360094544923824,16430.0,-0.6962720632551247,16430.0,1.5168779010664009
16440.0,-8.87889434289292,16440.0,-7.549114440013594,16440.0,-5.781654588313693,16440.0,-1.3601894644007537,16440.0,-0.6963751182836483,16440.0,1.5167474794626483
16450.0,-8.878899455637825,16450.0,-7.54913517915299,16450.0,-5.781696241394135,16450.0,-1.3602844483442935,16450.0,-0.696478237604324,16450.0,1.5166169942027674
16460.0,-8.878904635424316,16460.0,-7.549155984978373,16460.0,-5.781737960851478,16460.0,-1.360379497681644,16460.0,-0.6965814221446701,16460.0,1.5164864443573736
16470.0,-8.878909883163018,16470.0,-7.549176858401585,16470.0,-5.781779747597608,16470.0,-1.3604746133262497,16470.0,-0.6966846728186574,16470.0,1.5163558290105563
16480.0,-8.878915199751264,16480.0,-7.549197800321093,16480.0,-5.781821602531001,16480.0,-1.3605697961782968,16480.0,-0.6967879905268116,16480.0,1.5162251472600354
16490.0,-8.878920586073221,16490.0,-7.5492188116221675,16490.0,-5.781863526536967,16490.0,-1.3606650471246287,16490.0,-0.6968913761564933,16490.0,1.5160943982166841
16500.0,-8.878926042999874,16500.0,-7.549239893176981,16500.0,-5.781905520487701,16500.0,-1.3607603670391015,16500.0,-0.696994830581871,16500.0,1.5159635810044234
16510.0,-8.878931571389511,16510.0,-7.549261045844896,16510.0,-5.781947585242595,16510.0,-1.3608557567826156,16510.0,-0.6970983546643009,16510.0,1.5158326947601206
16520.0,-8.878937172087655,16520.0,-7.549282270472517,16520.0,-5.781989721648279,16520.0,-1.3609512172034464,16520.0,-0.6972019492524393,16520.0,1.5157017386334641
16530.0,-8.878942845927375,16530.0,-7.549303567894011,16530.0,-5.782031930538958,16530.0,-1.361046749137198,16530.0,-0.6973056151823844,16530.0,1.5155707117865826
16540.0,-8.87894859372935,16540.0,-7.549324938931147,16540.0,-5.78207421273637,16540.0,-1.361142353407298,16540.0,-0.6974093532778295,16540.0,1.5154396133940686
16550.0,-8.878954416302184,16550.0,-7.549346384393538,16550.0,-5.782116569050263,16550.0,-1.3612380308248626,16550.0,-0.6975131643503778,16550.0,1.5153084426425794
16560.0,-8.878960314442423,16560.0,-7.549367905078903,16560.0,-5.782159000278246,16560.0,-1.361333782189053,16560.0,-0.6976170491995416,16560.0,1.515177198730968
16570.0,-8.878966288934972,16570.0,-7.549389501773041,16570.0,-5.7822015072062545,16570.0,-1.3614296082872868,16570.0,-0.6977210086131135,16570.0,1.5150458808697536
16580.0,-8.878972340553013,16580.0,-7.549411175250253,16580.0,-5.782244090608568,16580.0,-1.3615255098952344,16580.0,-0.6978250433671511,16580.0,1.514914488281264
16590.0,-8.878978470058323,16590.0,-7.549432926273351,16590.0,-5.782286751247965,16590.0,-1.36162148777718,16590.0,-0.6979291542263526,16590.0,1.5147830201991277
16600.0,-8.878984678201467,16600.0,-7.549454755593856,16600.0,-5.782329489876073,16600.0,-1.3617175426861998,16600.0,-0.6980333419440592,16600.0,1.5146514758684517
16610.0,-8.878990965721924,16610.0,-7.5494766639522615,16610.0,-5.78237230723336,16610.0,-1.3618136753641037,16610.0,-0.6981376072625926,16610.0,1.514519854545267
16620.0,-8.878997333348305,16620.0,-7.54949865207815,16620.0,-5.782415204049476,16620.0,-1.3619098865419548,16620.0,-0.6982419509132517,16620.0,1.5143881554966971
16630.0,-8.879003781798497,16630.0,-7.549520720690427,16630.0,-5.782458181043279,16630.0,-1.3620061769400273,16630.0,-0.6983463736167397,16630.0,1.5142563780005158
16640.0,-8.879010311779851,16640.0,-7.549542870497359,16640.0,-5.782501238923136,16640.0,-1.3621025472679975,16640.0,-0.6984508760831006,16640.0,1.5141245213451309
16650.0,-8.879016923989381,16650.0,-7.549565102196957,16650.0,-5.7825443783870005,16650.0,-1.3621989982252276,16650.0,-0.6985554590120272,16650.0,1.5139925848293303
16660.0,-8.879023619113914,16660.0,-7.549587416476954,16660.0,-5.782587600122691,16660.0,-1.3622955305008426,16660.0,-0.6986601230929842,16660.0,1.5138605677621322
16670.0,-8.879030397830249,16670.0,-7.549609814015151,16670.0,-5.782630904808007,16670.0,-1.3623921447739358,16670.0,-0.698764869005416,16670.0,1.5137284694625925
16680.0,-8.879037260805395,16680.0,-7.549632295479424,16680.0,-5.782674293110836,16680.0,-1.3624888417137817,16680.0,-0.6988696974189337,16680.0,1.5135962892595878
16690.0,-8.879044208696705,16690.0,-7.549654861528045,16690.0,-5.782717765689474,16690.0,-1.362585621979883,16690.0,-0.69897460899343,16690.0,1.5134640264918342
16700.0,-8.879051242152022,16700.0,-7.549677512809786,16700.0,-5.782761323192685,16700.0,-1.3626824862223759,16700.0,-0.699079604379295,16700.0,1.5133316805074755
16710.0,-8.879058361809816,16710.0,-7.549700249964013,16710.0,-5.782804966259927,16710.0,-1.3627794350819171,16710.0,-0.6991846842175565,16710.0,1.5131992506639944
16720.0,-8.87906556829954,16720.0,-7.5497230736210215,16720.0,-5.782848695521477,16720.0,-1.3628764691900648,16720.0,-0.6992898491400883,16720.0,1.5130667363281607
16730.0,-8.879072862241493,16730.0,-7.549745984402057,16730.0,-5.78289251159859,16730.0,-1.362973589169307,16730.0,-0.6993950997697099,16730.0,1.5129341368756897
16740.0,-8.879080244247294,16740.0,-7.549768982919573,16740.0,-5.782936415103773,16740.0,-1.363070795633403,16740.0,-0.6995004367204918,16740.0,1.5128014516912298
16750.0,-8.87908771491984,16750.0,-7.549792069777342,16750.0,-5.782980406640745,16750.0,-1.3631680891872566,16750.0,-0.6996058605976806,16750.0,1.5126686801680833
16760.0,-8.879095274853492,16760.0,-7.549815245570572,16760.0,-5.783024486804845,16760.0,-1.3632654704273832,16760.0,-0.6997113719981198,16760.0,1.5125358217080929
16770.0,-8.879102924634386,16770.0,-7.5498385108861985,16770.0,-5.783068656182939,16770.0,-1.3633629399419294,16770.0,-0.6998169715101943,16770.0,1.512402875721522
16780.0,-8.879110664840361,16780.0,-7.549861866302951,16780.0,-5.783112915353765,16780.0,-1.3634604983107605,16780.0,-0.6999226597141498,16780.0,1.5122698416266749
16790.0,-8.879118496041265,16790.0,-7.549885312391446,16790.0,-5.783157264888071,16790.0,-1.3635581461057635,16790.0,-0.7000284371821432,16790.0,1.5121367188502681
16800.0,-8.879126418799085,16800.0,-7.549908849714552,16800.0,-5.783201705348641,16800.0,-1.3636558838909363,16800.0,-0.7001343044784486,16800.0,1.5120035068265927
16810.0,-8.879134433668074,16810.0,-7.5499324788272935,16810.0,-5.783246237290533,16810.0,-1.363753712222441,16810.0,-0.7002402621596061,16810.0,1.5118702049979147
16820.0,-8.879142541194904,16820.0,-7.5499562002771485,16820.0,-5.783290861261279,16820.0,-1.3638516316489284,16820.0,-0.7003463107745042,16820.0,1.5117368128139623
16830.0,-8.879150741918822,16830.0,-7.549980014604149,16830.0,-5.783335577800924,16830.0,-1.3639496427116262,16830.0,-0.7004524508646408,16830.0,1.511603329732063
16840.0,-8.879159036371822,16840.0,-7.550003922341053,16840.0,-5.783380387442257,16840.0,-1.3640477459443594,16840.0,-0.7005586829641771,16840.0,1.5114697552167902
16850.0,-8.879167425078707,16850.0,-7.550027924013474,16850.0,-5.783425290710865,16850.0,-1.3641459418738984,16850.0,-0.7006650076001141,16850.0,1.5113360887398628
16860.0,-8.879175908557324,16860.0,-7.550052020140018,16860.0,-5.783470288125428,16860.0,-1.364244231019909,16860.0,-0.700771425292472,16860.0,1.5112023297800878
16870.0,-8.879184487318653,16870.0,-7.550076211232413,16870.0,-5.783515380197614,16870.0,-1.3643426138952208,16870.0,-0.7008779365543144,16870.0,1.511068477823124
16880.0,-8.879193161866928,16880.0,-7.550100497795651,16880.0,-5.783560567432547,16880.0,-1.3644410910059663,16880.0,-0.7009845418920793,16880.0,1.5109345323614403
16890.0,-8.87920193269987,16890.0,-7.550124880328157,16890.0,-5.783605850328588,16890.0,-1.3645396628515847,16890.0,-0.7010912418054889,16890.0,1.510800492894063
16900.0,-8.879210800308652,16900.0,-7.550149359321887,16900.0,-5.783651229377712,16900.0,-1.3646383299251248,16900.0,-0.7011980367877845,16900.0,1.5106663589265448
16910.0,-8.879219765178146,16910.0,-7.5501739352624355,16910.0,-5.7836967050656085,16910.0,-1.364737092713226,16910.0,-0.7013049273259999,16910.0,1.5105321299707644
16920.0,-8.879228827787058,16920.0,-7.550198608629259,16920.0,-5.783742277871681,16920.0,-1.3648359516963842,16920.0,-0.701411913900784,16920.0,1.5103978055448792
16930.0,-8.879237988608072,16930.0,-7.550223379895664,16930.0,-5.7837879482693,16930.0,-1.3649349073489732,16930.0,-0.7015189969868236,16930.0,1.5102633851730867
16940.0,-8.879247248107776,16940.0,-7.550248249529066,16940.0,-5.783833716725891,16940.0,-1.365033960139412,16940.0,-0.7016261770527839,16940.0,1.5101288683855563
16950.0,-8.879256606747155,16950.0,-7.550273217991051,16950.0,-5.783879583703045,16950.0,-1.3651331105302562,16950.0,-0.7017334545615094,16950.0,1.5099942547183445
16960.0,-8.879266064981339,16960.0,-7.550298285737464,16960.0,-5.783925549656571,16960.0,-1.3652323589784152,16960.0,-0.7018408299701124,16960.0,1.509859543713224
16970.0,-8.879275623259867,16970.0,-7.5503234532185415,16970.0,-5.783971615036889,16970.0,-1.365331705935111,16970.0,-0.7019483037301651,16970.0,1.509724734917587
16980.0,-8.879285282026942,16980.0,-7.550348720879142,16980.0,-5.784017780288751,16980.0,-1.3654311518461635,16980.0,-0.702055876287624,16980.0,1.509589827884296
16990.0,-8.879295041721289,16990.0,-7.550374089158723,16990.0,-5.784064045851646,16990.0,-1.3655306971520007,16990.0,-0.702163548083248,16990.0,1.509454822171633
17000.0,-8.87930490277647,17000.0,-7.55039955849143,17000.0,-5.784110412159779,17000.0,-1.365630342287787,17000.0,-0.7022713195524098,17000.0,1.5093197173431012
17010.0,-8.879314865620888,17010.0,-7.550425129306382,17010.0,-5.784156879642268,17010.0,-1.3657300876835605,17010.0,-0.7023791911253737,17010.0,1.5091845129673847
17020.0,-8.879324930677953,17020.0,-7.550450802027588,17020.0,-5.784203448723133,17020.0,-1.3658299337642943,17020.0,-0.702487163227392,17020.0,1.509049208618243
17025.0,-8.879330001667185,17025.0,-7.5504636767342195,17025.0,-5.784226771494146,17025.0,-1.365879894692961,17025.0,-0.7025411871083392,17025.0,1.5089815188217333
