Type,Value,Type,Value,Type,Value,Type,Value,Type,Value,Type,Value,Type,Value,Type,Value,Type,Value,Type,Value,Type,Value,Type,Value
Data Source,Cold_11LTAN_Sceince_500_wBagHeater_Defrost : TMD : BAGHEATERSHEHE_COLD_11LT,Data Source,Cold_11LTAN_Sceince_500_wBagHeater_Defrost_2 : TMD : BAGHEATERSHEHE_COLD_11LT,Data Source,Cold_11LTAN_Sceince_500_wBagHeater_Defrost_3 : TMD : BAGHEATERSHEHE_COLD_11LT,Data Source,Cold_11LTAN_Sceince_500_wBagHeater_Defrost_4 : TMD : BAGHEATERSHEHE_COLD_11LT,Data Source,Cold_11LTAN_Sceince_500_wBagHeater_Defrost_5 : TMD : BAGHEATERSHEHE_COLD_11LT,Data Source,Cold_11LTAN_Sceince_500_wBagHeater_Defrost_6 : TMD : BAGHEATERSHEHE_COLD_11LT,Data Source,Cold_11LTAN_Sceince_500_wBagHeater_Defrost : TMD : BAGHEATERSHEHE_COLD_11LT,Data Source,Cold_11LTAN_Sceince_500_wBagHeater_Defrost_2 : TMD : BAGHEATERSHEHE_COLD_11LT,Data Source,Cold_11LTAN_Sceince_500_wBagHeater_Defrost_3 : TMD : BAGHEATERSHEHE_COLD_11LT,Data Source,Cold_11LTAN_Sceince_500_wBagHeater_Defrost_4 : TMD : BAGHEATERSHEHE_COLD_11LT,Data Source,Cold_11LTAN_Sceince_500_wBagHeater_Defrost_5 : TMD : BAGHEATERSHEHE_COLD_11LT,Data Source,Cold_11LTAN_Sceince_500_wBagHeater_Defrost_6 : TMD : BAGHEATERSHEHE_COLD_11LT
Element,170,Element,170,Element,170,Element,170,Element,170,Element,170,Element,567,Element,567,Element,567,Element,567,Element,567,Element,567
,,,,,,,,,,,,,,,,,,,,,,,
,,,,,,,,,,,,,,,,,,,,,,,
Time[s],Temperature,Time[s],Temperature,Time[s],Temperature,Time[s],Temperature,Time[s],Temperature,Time[s],Temperature,Time[s],Temperature,Time[s],Temperature,Time[s],Temperature,Time[s],Temperature,Time[s],Temperature,Time[s],Temperature
0.0,-10.223133684100596,0.0,-10.223133684100596,0.0,-10.223133684100596,0.0,-10.223133684100596,0.0,-10.223133684100596,0.0,-10.223133684100596,0.0,-10.223883925053109,0.0,-10.223883925053109,0.0,-10.223883925053109,0.0,-10.223883925053109,0.0,-10.223883925053109,0.0,-10.223883925053109
10.0,-10.223115859296557,10.0,-10.223115859296557,10.0,-10.223115859296557,10.0,-10.223115859296557,10.0,-10.223115859296557,10.0,-10.223115859296557,10.0,-10.223862440060312,10.0,-10.223862440060312,10.0,-10.223862440060312,10.0,-10.223862440060312,10.0,-10.223862440060312,10.0,-10.223862440060312
20.0,-10.223098160151878,20.0,-10.223098160151878,20.0,-10.223098160151878,20.0,-10.223098160151878,20.0,-10.223098160151878,20.0,-10.223098160151878,20.0,-10.223841038768562,20.0,-10.223841038768562,20.0,-10.223841038768562,20.0,-10.223841038768562,20.0,-10.223841038768562,20.0,-10.223841038768562
30.0,-10.223080586607031,30.0,-10.223080586607031,30.0,-10.223080586607031,30.0,-10.223080586607031,30.0,-10.223080586607031,30.0,-10.223080586607031,30.0,-10.223819721710955,30.0,-10.223819721710955,30.0,-10.223819721710955,30.0,-10.223819721710955,30.0,-10.223819721710955,30.0,-10.223819721710955
40.0,-10.223063138085207,40.0,-10.223063138085207,40.0,-10.223063138085207,40.0,-10.223063138085207,40.0,-10.223063138085207,40.0,-10.223063138085207,40.0,-10.223798489446569,40.0,-10.223798489446569,40.0,-10.223798489446569,40.0,-10.223798489446569,40.0,-10.223798489446569,40.0,-10.223798489446569
50.0,-10.223045813933135,50.0,-10.223045813933135,50.0,-10.223045813933135,50.0,-10.223045813933135,50.0,-10.223045813933135,50.0,-10.223045813933135,50.0,-10.223777342527228,50.0,-10.223777342527228,50.0,-10.223777342527228,50.0,-10.223777342527228,50.0,-10.223777342527228,50.0,-10.223777342527228
60.0,-10.223028613538569,60.0,-10.223028613538569,60.0,-10.223028613538569,60.0,-10.223028613538569,60.0,-10.223028613538569,60.0,-10.223028613538569,60.0,-10.223756281496557,60.0,-10.223756281496557,60.0,-10.223756281496557,60.0,-10.223756281496557,60.0,-10.223756281496557,60.0,-10.223756281496557
70.0,-10.223011536361076,70.0,-10.223011536361076,70.0,-10.223011536361076,70.0,-10.223011536361076,70.0,-10.223011536361076,70.0,-10.223011536361076,70.0,-10.223735306889132,70.0,-10.223735306889132,70.0,-10.223735306889132,70.0,-10.223735306889132,70.0,-10.223735306889132,70.0,-10.223735306889132
80.0,-10.222994581936877,80.0,-10.222994581936877,80.0,-10.222994581936877,80.0,-10.222994581936877,80.0,-10.222994581936877,80.0,-10.222994581936877,80.0,-10.223714419229742,80.0,-10.223714419229742,80.0,-10.223714419229742,80.0,-10.223714419229742,80.0,-10.223714419229742,80.0,-10.223714419229742
90.0,-10.222977749872717,90.0,-10.222977749872717,90.0,-10.222977749872717,90.0,-10.222977749872717,90.0,-10.222977749872717,90.0,-10.222977749872717,90.0,-10.223693619032746,90.0,-10.223693619032746,90.0,-10.223693619032746,90.0,-10.223693619032746,90.0,-10.223693619032746,90.0,-10.223693619032746
100.0,-10.222961039838442,100.0,-10.222961039838442,100.0,-10.222961039838442,100.0,-10.222961039838442,100.0,-10.222961039838442,100.0,-10.222961039838442,100.0,-10.223672906802062,100.0,-10.223672906802062,100.0,-10.223672906802062,100.0,-10.223672906802062,100.0,-10.223672906802062,100.0,-10.223672906802062
110.0,-10.222944451570275,110.0,-10.222944451570275,110.0,-10.222944451570275,110.0,-10.222944451570275,110.0,-10.222944451570275,110.0,-10.222944451570275,110.0,-10.223652283032102,110.0,-10.223652283032102,110.0,-10.223652283032102,110.0,-10.223652283032102,110.0,-10.223652283032102,110.0,-10.223652283032102
120.0,-10.222927984882155,120.0,-10.222927984882155,120.0,-10.222927984882155,120.0,-10.222927984882155,120.0,-10.222927984882155,120.0,-10.222927984882155,120.0,-10.223631748209579,120.0,-10.223631748209579,120.0,-10.223631748209579,120.0,-10.223631748209579,120.0,-10.223631748209579,120.0,-10.223631748209579
130.0,-10.222911639676308,130.0,-10.222911639676308,130.0,-10.222911639676308,130.0,-10.222911639676308,130.0,-10.222911639676308,130.0,-10.222911639676308,130.0,-10.223611302815044,130.0,-10.223611302815044,130.0,-10.223611302815044,130.0,-10.223611302815044,130.0,-10.223611302815044,130.0,-10.223611302815044
140.0,-10.222895415948726,140.0,-10.222895415948726,140.0,-10.222895415948726,140.0,-10.222895415948726,140.0,-10.222895415948726,140.0,-10.222895415948726,140.0,-10.223590947324205,140.0,-10.223590947324205,140.0,-10.223590947324205,140.0,-10.223590947324205,140.0,-10.223590947324205,140.0,-10.223590947324205
150.0,-10.222879313788702,150.0,-10.222879313788702,150.0,-10.222879313788702,150.0,-10.222879313788702,150.0,-10.222879313788702,150.0,-10.222879313788702,150.0,-10.22357068220877,150.0,-10.22357068220877,150.0,-10.22357068220877,150.0,-10.22357068220877,150.0,-10.22357068220877,150.0,-10.22357068220877
160.0,-10.22286333337351,160.0,-10.22286333337351,160.0,-10.22286333337351,160.0,-10.22286333337351,160.0,-10.22286333337351,160.0,-10.22286333337351,160.0,-10.22355050793708,160.0,-10.22355050793708,160.0,-10.22355050793708,160.0,-10.22355050793708,160.0,-10.22355050793708,160.0,-10.22355050793708
170.0,-10.222847474960295,170.0,-10.222847474960295,170.0,-10.222847474960295,170.0,-10.222847474960295,170.0,-10.222847474960295,170.0,-10.222847474960295,170.0,-10.223530424974442,170.0,-10.223530424974442,170.0,-10.223530424974442,170.0,-10.223530424974442,170.0,-10.223530424974442,170.0,-10.223530424974442
180.0,-10.222831738880073,180.0,-10.222831738880073,180.0,-10.222831738880073,180.0,-10.222831738880073,180.0,-10.222831738880073,180.0,-10.222831738880073,180.0,-10.223510433783355,180.0,-10.223510433783355,180.0,-10.223510433783355,180.0,-10.223510433783355,180.0,-10.223510433783355,180.0,-10.223510433783355
190.0,-10.222816125535028,190.0,-10.222816125535028,190.0,-10.222816125535028,190.0,-10.222816125535028,190.0,-10.222816125535028,190.0,-10.222816125535028,190.0,-10.223490534823478,190.0,-10.223490534823478,190.0,-10.223490534823478,190.0,-10.223490534823478,190.0,-10.223490534823478,190.0,-10.223490534823478
200.0,-10.222800635387085,200.0,-10.222800635387085,200.0,-10.222800635387085,200.0,-10.222800635387085,200.0,-10.222800635387085,200.0,-10.222800635387085,200.0,-10.223470728551362,200.0,-10.223470728551362,200.0,-10.223470728551362,200.0,-10.223470728551362,200.0,-10.223470728551362,200.0,-10.223470728551362
210.0,-10.222785268941362,210.0,-10.222785268941362,210.0,-10.222785268941362,210.0,-10.222785268941362,210.0,-10.222785268941362,210.0,-10.222785268941362,210.0,-10.223451015420231,210.0,-10.223451015420231,210.0,-10.223451015420231,210.0,-10.223451015420231,210.0,-10.223451015420231,210.0,-10.223451015420231
220.0,-10.222770026730753,220.0,-10.222770026730753,220.0,-10.222770026730753,220.0,-10.222770026730753,220.0,-10.222770026730753,220.0,-10.222770026730753,220.0,-10.22343139587956,220.0,-10.22343139587956,220.0,-10.22343139587956,220.0,-10.22343139587956,220.0,-10.22343139587956,220.0,-10.22343139587956
230.0,-10.222754909304033,230.0,-10.222754909304033,230.0,-10.222754909304033,230.0,-10.222754909304033,230.0,-10.222754909304033,230.0,-10.222754909304033,230.0,-10.223411870374791,230.0,-10.223411870374791,230.0,-10.223411870374791,230.0,-10.223411870374791,230.0,-10.223411870374791,230.0,-10.223411870374791
240.0,-10.222739917215499,240.0,-10.222739917215499,240.0,-10.222739917215499,240.0,-10.222739917215499,240.0,-10.222739917215499,240.0,-10.222739917215499,240.0,-10.223392439347057,240.0,-10.223392439347057,240.0,-10.223392439347057,240.0,-10.223392439347057,240.0,-10.223392439347057,240.0,-10.223392439347057
250.0,-10.22272505101863,250.0,-10.22272505101863,250.0,-10.22272505101863,250.0,-10.22272505101863,250.0,-10.22272505101863,250.0,-10.22272505101863,250.0,-10.223373103232888,250.0,-10.223373103232888,250.0,-10.223373103232888,250.0,-10.223373103232888,250.0,-10.223373103232888,250.0,-10.223373103232888
260.0,-10.222710311274218,260.0,-10.222710311274218,260.0,-10.222710311274218,260.0,-10.222710311274218,260.0,-10.222710311274218,260.0,-10.222710311274218,260.0,-10.22335386246423,260.0,-10.22335386246423,260.0,-10.22335386246423,260.0,-10.22335386246423,260.0,-10.22335386246423,260.0,-10.22335386246423
270.0,-10.22269569857431,270.0,-10.22269569857431,270.0,-10.22269569857431,270.0,-10.22269569857431,270.0,-10.22269569857431,270.0,-10.22269569857431,270.0,-10.223334717468802,270.0,-10.223334717468802,270.0,-10.223334717468802,270.0,-10.223334717468802,270.0,-10.223334717468802,270.0,-10.223334717468802
280.0,-10.222681213554942,280.0,-10.222681213554942,280.0,-10.222681213554942,280.0,-10.222681213554942,280.0,-10.222681213554942,280.0,-10.222681213554942,280.0,-10.223315668670544,280.0,-10.223315668670544,280.0,-10.223315668670544,280.0,-10.223315668670544,280.0,-10.223315668670544,280.0,-10.223315668670544
290.0,-10.222666856897089,290.0,-10.222666856897089,290.0,-10.222666856897089,290.0,-10.222666856897089,290.0,-10.222666856897089,290.0,-10.222666856897089,290.0,-10.223296716489857,290.0,-10.223296716489857,290.0,-10.223296716489857,290.0,-10.223296716489857,290.0,-10.223296716489857,290.0,-10.223296716489857
300.0,-10.222652629322095,300.0,-10.222652629322095,300.0,-10.222652629322095,300.0,-10.222652629322095,300.0,-10.222652629322095,300.0,-10.222652629322095,300.0,-10.223277861343792,300.0,-10.223277861343792,300.0,-10.223277861343792,300.0,-10.223277861343792,300.0,-10.223277861343792,300.0,-10.223277861343792
310.0,-10.222638531584444,310.0,-10.222638531584444,310.0,-10.222638531584444,310.0,-10.222638531584444,310.0,-10.222638531584444,310.0,-10.222638531584444,310.0,-10.223259103646027,310.0,-10.223259103646027,310.0,-10.223259103646027,310.0,-10.223259103646027,310.0,-10.223259103646027,310.0,-10.223259103646027
320.0,-10.222624564463075,320.0,-10.222624564463075,320.0,-10.222624564463075,320.0,-10.222624564463075,320.0,-10.222624564463075,320.0,-10.222624564463075,320.0,-10.22324044380686,320.0,-10.22324044380686,320.0,-10.22324044380686,320.0,-10.22324044380686,320.0,-10.22324044380686,320.0,-10.22324044380686
330.0,-10.222610728753018,330.0,-10.222610728753018,330.0,-10.222610728753018,330.0,-10.222610728753018,330.0,-10.222610728753018,330.0,-10.222610728753018,330.0,-10.22322188223305,330.0,-10.22322188223305,330.0,-10.22322188223305,330.0,-10.22322188223305,330.0,-10.22322188223305,330.0,-10.22322188223305
340.0,-10.222597025261075,340.0,-10.222597025261075,340.0,-10.222597025261075,340.0,-10.222597025261075,340.0,-10.222597025261075,340.0,-10.222597025261075,340.0,-10.22320341932773,340.0,-10.22320341932773,340.0,-10.22320341932773,340.0,-10.22320341932773,340.0,-10.22320341932773,340.0,-10.22320341932773
350.0,-10.222583454809902,350.0,-10.222583454809902,350.0,-10.222583454808897,350.0,-10.222583454808897,350.0,-10.222583454808897,350.0,-10.222583454808897,350.0,-10.223185055490337,350.0,-10.223185055490337,350.0,-10.222636624459264,350.0,-10.222088193451762,350.0,-10.222088193451762,350.0,-10.222088193451762
360.0,-10.222570018246836,360.0,-10.222570018246836,360.0,-10.222570018290256,360.0,-10.222570018297578,360.0,-10.222570018297578,360.0,-10.222570018297578,360.0,-10.22316679111664,360.0,-10.22316679111664,360.0,-9.838164858357295,360.0,-9.453160230565635,360.0,-9.453160230565635,360.0,-9.453160230565635
370.0,-10.22255671645019,370.0,-10.22255671645019,370.0,-10.222556716577419,370.0,-10.222556716530775,370.0,-10.222556716530775,370.0,-10.222556716530775,370.0,-10.223148626599077,370.0,-10.223148626599077,370.0,-9.492859907712878,370.0,-8.762569105270098,370.0,-8.762569105270098,370.0,-8.762569105270098
380.0,-10.222543550331855,380.0,-10.222543550331855,380.0,-10.222543549419088,380.0,-10.222543548126536,380.0,-10.222543548126536,380.0,-10.222543548126536,380.0,-10.223130562326993,380.0,-10.223130562326993,380.0,-9.184264451240082,380.0,-8.145397263139497,380.0,-8.145397263139497,380.0,-8.145397263139497
390.0,-10.222530520836807,390.0,-10.222530520836807,390.0,-10.222530512083077,390.0,-10.222530502700536,390.0,-10.222530502700536,390.0,-10.222530502700536,390.0,-10.223112598686976,390.0,-10.223112598686976,390.0,-8.906827238301616,390.0,-7.590542298764899,390.0,-7.590542298764899,390.0,-7.590542298764899
400.0,-10.222517628940547,400.0,-10.222517628940547,400.0,-10.222517588258428,400.0,-10.22251754667063,400.0,-10.22251754667063,400.0,-10.22251754667063,400.0,-10.223094736063176,400.0,-10.223094736063176,400.0,-8.655907118929806,400.0,-7.08872195373378,400.0,-7.08872195373378,400.0,-7.08872195373378
410.0,-10.22250487564353,410.0,-10.22250487564353,410.0,-10.222504739321783,410.0,-10.222504601799056,410.0,-10.222504601799056,410.0,-10.222504601799056,410.0,-10.223076974837678,410.0,-10.223076974837678,410.0,-8.427619152657238,410.0,-6.632166354065222,410.0,-6.632166354065222,410.0,-6.632166354065222
420.0,-10.222492261950705,420.0,-10.222492261950705,420.0,-10.222491890587083,420.0,-10.222491517714595,420.0,-10.222491517714595,420.0,-10.222491517714595,420.0,-10.223059315390461,420.0,-10.223059315390461,420.0,-8.218707123251004,420.0,-6.214363053134957,420.0,-6.214363053134957,420.0,-6.214363053134957
430.0,-10.222479788844037,430.0,-10.222479788844037,430.0,-10.222478915458753,430.0,-10.222478040247365,430.0,-10.222478040247365,430.0,-10.222478040247365,430.0,-10.223041758099251,430.0,-10.223041758099251,430.0,-8.026437890144651,430.0,-5.829845743583597,430.0,-5.829845743583597,430.0,-5.829845743583597
440.0,-10.222467457267262,440.0,-10.222467457267262,440.0,-10.222465618491954,440.0,-10.22246377756596,440.0,-10.22246377756596,440.0,-10.22246377756596,440.0,-10.223024303339251,440.0,-10.223024303339251,440.0,-7.848513804841511,440.0,-5.474019096102404,440.0,-5.474019096102404,440.0,-5.474019096102404
450.0,-10.222455268119523,450.0,-10.222455268119523,450.0,-10.222451718286342,450.0,-10.222448165971686,450.0,-10.222448165971686,450.0,-10.222448165971686,450.0,-10.223006951482963,450.0,-10.223006951482963,450.0,-7.683000075419691,450.0,-5.14301349230713,450.0,-5.14301349230713,450.0,-5.14301349230713
460.0,-10.222443222253398,460.0,-10.222443222253398,460.0,-10.222436831013331,460.0,-10.22243043695564,460.0,-10.22243043695564,460.0,-10.22243043695564,460.0,-10.222989702900081,460.0,-10.222989702900081,460.0,-7.528264502738867,460.0,-4.833564499568108,460.0,-4.833564499568108,460.0,-4.833564499568108
470.0,-10.222431320475582,470.0,-10.222431320475582,470.0,-10.222420455225647,470.0,-10.222409586817292,470.0,-10.222409586817292,470.0,-10.222409586817292,470.0,-10.222972557957405,470.0,-10.222972557957405,470.0,-7.382927458391648,470.0,-4.542912828349268,470.0,-4.542912828349268,470.0,-4.542912828349268
480.0,-10.22241956354919,480.0,-10.22241956354919,480.0,-10.222401958437436,480.0,-10.22238434982295,480.0,-10.22238434982295,480.0,-10.22238434982295,480.0,-10.222955517018866,480.0,-10.222955517018866,480.0,-7.245820343285894,480.0,-4.268721250154517,480.0,-4.268721250154517,480.0,-4.268721250154517
490.0,-10.22240795219433,490.0,-10.22240795219433,490.0,-10.222380565809882,490.0,-10.22235317557661,490.0,-10.22235317557661,490.0,-10.22235317557661,490.0,-10.222938580445577,490.0,-10.222938580445577,490.0,-7.115951070505905,490.0,-4.009005563603531,490.0,-4.009005563603531,490.0,-4.009005563603531
500.0,-10.222396487076896,500.0,-10.222396487076896,500.0,-10.222355351134807,500.0,-10.222314210998743,500.0,-10.222314210998743,500.0,-10.222314210998743,500.0,-10.222921748595827,500.0,-10.222921748595827,500.0,-6.9924753679348655,500.0,-3.762077199756676,500.0,-3.762077199756676,500.0,-3.762077199756676
510.0,-10.222385168793142,510.0,-10.222385168793142,510.0,-10.222325230211842,510.0,-10.22226528709629,510.0,-10.22226528709629,510.0,-10.22226528709629,510.0,-10.222905021825206,510.0,-10.222905021825206,510.0,-6.87467290423795,510.0,-3.526495473994182,510.0,-3.526495473994182,510.0,-3.526495473994182
520.0,-10.222373997863679,520.0,-10.222373997863679,520.0,-10.222288956626418,520.0,-10.22220391052522,520.0,-10.22220391052522,520.0,-10.22220391052522,520.0,-10.222888400486688,520.0,-10.222888400486688,520.0,-6.76192741381199,520.0,-3.3010278357326186,520.0,-3.3010278357326186,520.0,-3.3010278357326186
530.0,-10.222362974734558,530.0,-10.222362974734558,530.0,-10.222245119847319,530.0,-10.2221272597849,530.0,-10.2221272597849,530.0,-10.2221272597849,530.0,-10.222871884930633,530.0,-10.222871884930633,530.0,-6.653710138483549,530.0,-3.084616751589615,530.0,-3.084616751589615,530.0,-3.084616751589615
540.0,-10.222352099782167,540.0,-10.222352099782167,540.0,-10.222192145505412,540.0,-10.222032185770841,540.0,-10.222032185770841,540.0,-10.222032185770841,540.0,-10.222855475504941,540.0,-10.222855475504941,540.0,-6.549566021269912,540.0,-2.876352092656732,540.0,-2.876352092656732,540.0,-2.876352092656732
550.0,-10.22234137332043,550.0,-10.22234137332043,550.0,-10.22212829767784,550.0,-10.221915216336253,550.0,-10.221915216336253,550.0,-10.221915216336253,550.0,-10.222839172555041,550.0,-10.222839172555041,550.0,-6.449102184690912,550.0,-2.675448090875214,550.0,-2.675448090875214,550.0,-2.675448090875214
560.0,-10.222330795608826,560.0,-10.222330795608826,560.0,-10.222051682976472,560.0,-10.221772564461519,560.0,-10.221772564461519,560.0,-10.221772564461519,560.0,-10.222822976424052,560.0,-10.222822976424052,560.0,-6.351978306470697,560.0,-2.4812240902045217,560.0,-2.4812240902045217,560.0,-2.4812240902045217
570.0,-10.222320366857915,570.0,-10.222320366857915,570.0,-10.221960256223664,570.0,-10.221600139600332,570.0,-10.221600139600332,570.0,-10.221600139600332,570.0,-10.22280688745268,570.0,-10.22280688745268,570.0,-6.257898571920187,570.0,-2.293088451171227,570.0,-2.293088451171227,570.0,-2.293088451171227
580.0,-10.222310087224068,580.0,-10.222310087224068,580.0,-10.221851827487155,580.0,-10.221393561755285,580.0,-10.221393561755285,580.0,-10.221393561755285,580.0,-10.222790905978933,580.0,-10.222790905978933,580.0,-6.166604937255777,580.0,-2.110525077312943,580.0,-2.110525077312943,580.0,-2.110525077312943
590.0,-10.222299956799288,590.0,-10.222299956799288,590.0,-10.221724070262761,590.0,-10.221148177853625,590.0,-10.221148177853625,590.0,-10.221148177853625,590.0,-10.22277503233748,590.0,-10.22277503233748,590.0,-6.077871483582932,590.0,-1.9330821229743376,590.0,-1.9330821229743376,590.0,-1.9330821229743376
600.0,-10.22228997560504,600.0,-10.22228997560504,600.0,-10.221574530603464,600.0,-10.220859080011428,600.0,-10.220859080011428,600.0,-10.220859080011428,600.0,-10.222485051335266,600.0,-10.222485051335266,600.0,-5.991499678898931,600.0,-1.7603625171635942,600.0,-1.7603625171635942,600.0,-1.7603625171635942
610.0,-10.2222801436347,610.0,-10.2222801436347,610.0,-10.221400636996439,610.0,-10.220521125287918,610.0,-10.220521125287918,610.0,-10.220521125287918,610.0,-10.030243528723,610.0,-10.030243528723,610.0,-5.907314396609531,610.0,-1.5920160004567283,610.0,-1.5920160004567283,610.0,-1.5920160004567283
620.0,-10.222270460783458,620.0,-10.222270460783458,620.0,-10.221199710800839,620.0,-10.220128956557101,620.0,-10.220128956557101,620.0,-10.220128956557101,620.0,-9.857584452733045,620.0,-9.857584452733045,620.0,-5.825160564832048,620.0,-1.4277324234929145,620.0,-1.4277324234929145,620.0,-1.4277324234929145
630.0,-10.222260926288335,630.0,-10.222260926288335,630.0,-10.220968977074595,630.0,-10.219677024154345,630.0,-10.219677024154345,630.0,-10.219677024154345,630.0,-9.703280142606893,630.0,-9.703280142606893,630.0,-5.744900342101735,630.0,-1.2672360982928157,630.0,-1.2672360982928157,630.0,-1.2672360982928157
640.0,-10.222251537081243,640.0,-10.222251537081243,640.0,-10.220705575634685,640.0,-10.219159607988045,640.0,-10.219159607988045,640.0,-10.219159607988045,640.0,-9.56455495982172,640.0,-9.56455495982172,640.0,-5.6664107327766375,640.0,-1.1102810289881455,640.0,-1.1102810289881455,640.0,-1.1102810289881455
650.0,-10.22224228425048,650.0,-10.22224228425048,650.0,-10.22040657220998,650.0,-10.218570839838161,650.0,-10.218570839838161,650.0,-10.218570839838161,650.0,-9.4390883232101,650.0,-9.4390883232101,650.0,-5.589581570081831,650.0,-0.9566468778423018,650.0,-0.9566468778423018,650.0,-0.9566468778423018
660.0,-10.222233147677498,660.0,-10.222233147677498,660.0,-10.220068969561424,660.0,-10.217904725595044,660.0,-10.217904725595044,660.0,-10.217904725595044,660.0,-9.324937760848165,660.0,-9.324937760848165,660.0,-5.514313806870949,660.0,-0.8061355467166496,660.0,-0.8061355467166496,660.0,-0.8061355467166496
670.0,-10.222224089174425,670.0,-10.222224089174425,670.0,-10.21968971847169,670.0,-10.217155167235656,670.0,-10.217155167235656,670.0,-10.217155167235656,670.0,-9.220475165703142,670.0,-9.220475165703142,670.0,-5.44051806424548,670.0,-0.6585682742609912,670.0,-0.6585682742609912,670.0,-0.6585682742609912
680.0,-10.222215044581286,680.0,-10.222215044581286,680.0,-10.219265728516758,680.0,-10.21631598435932,680.0,-10.21631598435932,680.0,-10.21631598435932,680.0,-9.124333970192756,680.0,-9.124333970192756,680.0,-5.368113396515751,680.0,-0.5137831657957057,680.0,-0.5137831657957057,680.0,-0.5137831657957057
690.0,-10.22220591531191,690.0,-10.22220591531191,690.0,-10.218793878540234,690.0,-10.215380935128154,690.0,-10.215380935128154,690.0,-10.215380935128154,690.0,-9.035365353620413,690.0,-9.035365353620413,690.0,-5.297026237911311,690.0,-0.3716330866986591,690.0,-0.3716330866986591,690.0,-0.3716330866986591
700.0,-10.222196559811922,700.0,-10.222196559811922,700.0,-10.218271026766509,700.0,-10.214343736485352,700.0,-10.214343736485352,700.0,-10.214343736485352,700.0,-8.95260192393002,700.0,-8.95260192393002,700.0,-5.227189502193172,700.0,-0.23198386160167955,700.0,-0.23198386160167955,700.0,-0.23198386160167955
710.0,-10.222186785265288,710.0,-10.222186785265288,710.0,-10.217694015231281,710.0,-10.213198073016947,710.0,-10.213198073016947,710.0,-10.213198073016947,710.0,-8.875223998900745,710.0,-8.875223998900745,710.0,-5.158538535700175,710.0,-0.0947061815763526,710.0,-0.0947061815763526,710.0,-0.0947061815763526
720.0,-10.222176339546651,720.0,-10.222176339546651,720.0,-10.217059615079103,720.0,-10.211937487183688,720.0,-10.211937487183688,720.0,-10.211937487183688,720.0,-8.8025302637394,720.0,-8.8025302637394,720.0,-5.091006033697551,720.0,0.04033456180306853,720.0,0.04033456180306853,720.0,0.04033456180306853
730.0,-10.222164904983984,730.0,-10.222164904983984,730.0,-10.216364676653512,730.0,-10.210555680465918,730.0,-10.210555680465918,730.0,-10.210555680465918,730.0,-8.733954590660211,730.0,-8.733954590660211,730.0,-5.024556552035618,730.0,0.17320926496638114,730.0,0.17320926496638114,730.0,0.17320926496638114
740.0,-10.222152089388658,740.0,-10.222152089388658,740.0,-10.215606078171746,740.0,-10.209046413604641,740.0,-10.209046413604641,740.0,-10.209046413604641,740.0,-8.669000390354938,740.0,-8.669000390354938,740.0,-4.959141883773253,740.0,0.30401434397781185,740.0,0.30401434397781185,740.0,0.30401434397781185
750.0,-10.222137423141104,750.0,-10.222137423141104,750.0,-10.214780715606572,750.0,-10.20740348457266,750.0,-10.20740348457266,750.0,-10.20740348457266,750.0,-8.607245081014456,750.0,-8.607245081014456,750.0,-4.8947174293850955,750.0,0.4328389999069082,750.0,0.4328389999069082,750.0,0.4328389999069082
760.0,-10.222120357078216,760.0,-10.222120357078216,760.0,-10.213885512055993,760.0,-10.205620746130563,760.0,-10.205620746130563,760.0,-10.205620746130563,760.0,-8.548328132928129,760.0,-8.548328132928129,760.0,-4.83124181699601,760.0,0.5597659783689275,760.0,0.5597659783689275,760.0,0.5597659783689275
770.0,-10.22210026099475,770.0,-10.22210026099475,770.0,-10.212917425714176,770.0,-10.203692121165252,770.0,-10.203692121165252,770.0,-10.203692121165252,770.0,-8.491941115821477,770.0,-8.491941115821477,770.0,-4.768676571708339,770.0,0.6848722308866971,770.0,0.6848722308866971,770.0,0.6848722308866971
780.0,-10.222076423148893,780.0,-10.222076423148893,780.0,-10.211873456988966,780.0,-10.201611616473837,780.0,-10.201611616473837,780.0,-10.201611616473837,780.0,-8.437819407369101,780.0,-8.437819407369101,780.0,-4.706985827007088,780.0,0.8082294920988587,780.0,0.8082294920988587,780.0,0.8082294920988587
790.0,-10.222048050734486,790.0,-10.222048050734486,790.0,-10.210750654856264,790.0,-10.199373335141699,790.0,-10.199373335141699,790.0,-10.199373335141699,790.0,-8.385735280036908,790.0,-8.385735280036908,790.0,-4.646136072158784,790.0,0.9299047849811871,790.0,0.9299047849811871,790.0,0.9299047849811871
800.0,-10.222014271237956,800.0,-10.222014271237956,800.0,-10.209546122499093,800.0,-10.196971487607422,800.0,-10.196971487607422,800.0,-10.196971487607422,800.0,-8.335492132070552,800.0,-8.335492132070552,800.0,-4.5860959304511315,800.0,1.0499608643857388,800.0,1.0499608643857388,800.0,1.0499608643857388
810.0,-10.221974134549724,810.0,-10.221974134549724,810.0,-10.208257022239005,810.0,-10.194400401459484,810.0,-10.194400401459484,810.0,-10.194400401459484,810.0,-8.28691966869916,810.0,-8.28691966869916,810.0,-4.5268359639176925,810.0,1.1684566076072371,810.0,1.1684566076072371,810.0,1.1684566076072371
820.0,-10.221926615749283,820.0,-10.221926615749283,820.0,-10.206880579820655,820.0,-10.19165453005948,820.0,-10.19165453005948,820.0,-10.19165453005948,820.0,-8.239869872911994,820.0,-8.239869872911994,820.0,-4.468328500861124,820.0,1.2854473593458384,820.0,1.2854473593458384,820.0,1.2854473593458384
830.0,-10.221870618556244,830.0,-10.221870618556244,830.0,-10.205414088181424,830.0,-10.188728460154891,830.0,-10.188728460154891,830.0,-10.188728460154891,830.0,-8.194213632707255,830.0,-8.194213632707255,830.0,-4.410547483056488,830.0,1.4009852373054643,830.0,1.4009852373054643,830.0,1.4009852373054643
840.0,-10.221804979327148,840.0,-10.221804979327148,840.0,-10.203854910724509,840.0,-10.185616918528888,840.0,-10.185616918528888,840.0,-10.185616918528888,840.0,-8.149837914491343,840.0,-8.149837914491343,840.0,-4.353468329987536,840.0,1.5151194037237712,840.0,1.5151194037237712,840.0,1.5151194037237712
850.0,-10.22172847149314,850.0,-10.22172847149314,850.0,-10.202200484124027,850.0,-10.182314777743803,850.0,-10.182314777743803,850.0,-10.182314777743803,850.0,-8.106643391153652,850.0,-8.106643391153652,850.0,-4.297067817863722,850.0,1.6278963073393486,850.0,1.6278963073393486,850.0,1.6278963073393486
860.0,-10.22163981035558,860.0,-10.22163981035558,860.0,-10.200448320704478,860.0,-10.178817061046608,860.0,-10.178817061046608,860.0,-10.178817061046608,860.0,-8.064542448940065,860.0,-8.064542448940065,860.0,-4.241323971497863,860.0,1.7393598996365471,860.0,1.7393598996365471,860.0,1.7393598996365471
870.0,-10.221537658158011,870.0,-10.221537658158011,870.0,-10.198596010432583,870.0,-10.175118946500431,870.0,-10.175118946500431,870.0,-10.175118946500431,870.0,-8.023457510160595,870.0,-8.023457510160595,870.0,-4.18621596740442,870.0,1.8495518286480515,870.0,1.8495518286480515,870.0,1.8495518286480515
880.0,-10.221420629344427,880.0,-10.221420629344427,880.0,-10.196641222540373,880.0,-10.171215770385318,880.0,-10.171215770385318,880.0,-10.171215770385318,880.0,-7.9833196194574505,880.0,-7.9833196194574505,880.0,-4.131724046714923,880.0,1.9585116131226914,880.0,1.9585116131226914,880.0,1.9585116131226914
890.0,-10.221287295815985,890.0,-10.221287295815985,890.0,-10.194581706693171,890.0,-10.167103029805832,890.0,-10.167103029805832,890.0,-10.167103029805832,890.0,-7.944067250213932,890.0,-7.944067250213932,890.0,-4.077829436705547,890.0,2.0662767994680284,890.0,2.0662767994680284,890.0,2.0662767994680284
900.0,-10.221136192172382,900.0,-10.221136192172382,900.0,-10.192415293780298,900.0,-10.16277638460599,900.0,-10.16277638460599,900.0,-10.16277638460599,900.0,-7.905645295020091,900.0,-7.905645295020091,900.0,-4.0245142799009965,900.0,2.1728831035389953,900.0,2.1728831035389953,900.0,2.1728831035389953
910.0,-10.220965821069795,910.0,-10.220965821069795,910.0,-10.190139896542702,910.0,-10.158231658828123,910.0,-10.158231658828123,910.0,-10.158231658828123,910.0,-7.868004210190941,910.0,-7.868004210190941,910.0,-3.971761569863276,910.0,2.2783645390572076,910.0,2.2783645390572076,910.0,2.2783645390572076
920.0,-10.220774658606816,920.0,-10.220774658606816,920.0,-10.187753510023452,920.0,-10.153464841722858,920.0,-10.153464841722858,920.0,-10.153464841722858,920.0,-7.831099289372104,920.0,-7.831099289372104,920.0,-3.9195550928942975,920.0,2.3827535342031645,920.0,2.3827535342031645,920.0,2.3827535342031645
930.0,-10.22056115966149,930.0,-10.22056115966149,930.0,-10.185254211829143,930.0,-10.148472088318664,930.0,-10.148472088318664,930.0,-10.148472088318664,930.0,-7.7948900454458245,930.0,-7.7948900454458245,930.0,-3.86787937498436,930.0,2.486081037717866,930.0,2.486081037717866,930.0,2.486081037717866
940.0,-10.220323763126387,940.0,-10.220323763126387,940.0,-10.182640162207012,940.0,-10.143249719575376,940.0,-10.143249719575376,940.0,-10.143249719575376,940.0,-7.759339683416939,940.0,-7.759339683416939,940.0,-3.8167196334257483,940.0,2.588376615674816,940.0,2.588376615674816,940.0,2.588376615674816
950.0,-10.220060896996122,950.0,-10.220060896996122,950.0,-10.179909603942182,950.0,-10.137794222144807,950.0,-10.137794222144807,950.0,-10.137794222144807,950.0,-7.724414649835702,950.0,-7.724414649835702,950.0,-3.7660617325859946,950.0,2.68966853993343,950.0,2.68966853993343,950.0,2.68966853993343
960.0,-10.219770983273987,960.0,-10.219770983273987,960.0,-10.177060862085245,960.0,-10.132102247766717,960.0,-10.132102247766717,960.0,-10.132102247766717,960.0,-7.690084246703802,960.0,-7.690084246703802,960.0,-3.7158921433996386,960.0,2.789983869156033,960.0,2.789983869156033,960.0,2.789983869156033
970.0,-10.219452442707265,970.0,-10.219452442707265,970.0,-10.17409234355609,970.0,-10.12617061236299,970.0,-10.12617061236299,970.0,-10.12617061236299,970.0,-7.656320299795943,970.0,-7.656320299795943,970.0,-3.6661979061936956,970.0,2.8893485231595446,970.0,2.8893485231595446,970.0,2.8893485231595446
980.0,-10.219103699316406,980.0,-10.219103699316406,980.0,-10.171002536621002,980.0,-10.119996294842952,980.0,-10.119996294842952,980.0,-10.119996294842952,980.0,-7.623096872978744,980.0,-7.623096872978744,980.0,-3.616966596508858,980.0,2.9877873512785786,980.0,2.9877873512785786,980.0,2.9877873512785786
990.0,-10.218723184639638,990.0,-10.218723184639638,990.0,-10.167790010190407,990.0,-10.113576435582894,990.0,-10.113576435582894,990.0,-10.113576435582894,990.0,-7.590390021478429,990.0,-7.590390021478429,990.0,-3.5681862936167374,990.0,3.085324195337679,990.0,3.085324195337679,990.0,3.085324195337679
1000.0,-10.218309341696107,1000.0,-10.218309341696107,1000.0,-10.16445341294822,1000.0,-10.106908334588196,1000.0,-10.106908334588196,1000.0,-10.106908334588196,1000.0,-7.558177577961018,1000.0,-7.558177577961018,1000.0,-3.5198455511223483,1000.0,3.1819819484535152,1000.0,3.1819819484535152,1000.0,3.1819819484535152
1010.0,-10.217860628683423,1010.0,-10.217860628683423,1010.0,-10.160991472367934,1010.0,-10.099989449433973,1010.0,-10.099989449433973,1010.0,-10.099989449433973,1010.0,-7.5264389676423304,1010.0,-7.5264389676423304,1010.0,-3.471933371183626,1010.0,3.277782606606354,1010.0,3.277782606606354,1010.0,3.277782606606354
1020.0,-10.217375522431515,1020.0,-10.217375522431515,1020.0,-10.157402993757266,1020.0,-10.092817393272645,1020.0,-10.092817393272645,1020.0,-10.092817393272645,1020.0,-7.49515504611928,1020.0,-7.49515504611928,1020.0,-3.4244391789144033,1020.0,3.372747319831434,1020.0,3.372747319831434,1020.0,3.372747319831434
1030.0,-10.216852521520666,1030.0,-10.216852521520666,1030.0,-10.153686858869252,1030.0,-10.0853899319819,1030.0,-10.0853899319819,1030.0,-10.0853899319819,1030.0,-7.464307957630457,1030.0,-7.464307957630457,1030.0,-3.3773527985917324,1030.0,3.4668964398229374,1030.0,3.4668964398229374,1030.0,3.4668964398229374
1040.0,-10.216290149174643,1040.0,-10.216290149174643,1040.0,-10.149842024683624,1040.0,-10.077704981675767,1040.0,-10.077704981675767,1040.0,-10.077704981675767,1040.0,-7.433881012053968,1040.0,-7.433881012053968,1040.0,-3.3306644334189337,1040.0,3.560249560410321,1040.0,3.560249560410321,1040.0,3.560249560410321
1050.0,-10.215686955808163,1050.0,-10.215686955808163,1050.0,-10.145867521957374,1050.0,-10.069760605831377,1050.0,-10.069760605831377,1050.0,-10.069760605831377,1050.0,-7.40385857585406,1050.0,-7.40385857585406,1050.0,-3.284364645221017,1050.0,3.652825558172192,1050.0,3.652825558172192,1050.0,3.652825558172192
1060.0,-10.215041521319195,1060.0,-10.215041521319195,1060.0,-10.141762453703274,1060.0,-10.061555012281518,1060.0,-10.061555012281518,1060.0,-10.061555012281518,1060.0,-7.374225976178323,1060.0,-7.374225976178323,1060.0,-3.2384443359116397,1060.0,3.7446426295044355,1060.0,3.7446426295044355,1060.0,3.7446426295044355
1070.0,-10.214352457175893,1070.0,-10.214352457175893,1070.0,-10.137525993646854,1070.0,-10.053086550132601,1070.0,-10.053086550132601,1070.0,-10.053086550132601,1070.0,-7.344969416060102,1070.0,-7.344969416060102,1070.0,-3.1928947302131054,1070.0,3.835718325180772,1070.0,3.835718325180772,1070.0,3.835718325180772
1080.0,-10.213618408273986,1080.0,-10.213618408273986,1080.0,-10.133157384637219,1080.0,-10.044353706591606,1080.0,-10.044353706591606,1080.0,-10.044353706591606,1080.0,-7.316075899217285,1080.0,-7.316075899217285,1080.0,-3.147707359525329,1080.0,3.9260695826149625,1080.0,3.9260695826149625,1080.0,3.9260695826149625
1090.0,-10.2128380545697,1090.0,-10.2128380545697,1090.0,-10.128655937015019,1090.0,-10.035355103713256,1090.0,-10.035355103713256,1090.0,-10.035355103713256,1090.0,-7.287533163165525,1090.0,-7.287533163165525,1090.0,-3.1028740468494447,1090.0,4.015712756013513,1090.0,4.015712756013513,1090.0,4.015712756013513
1100.0,-10.212010112501678,1100.0,-10.212010112501678,1100.0,-10.124021026947771,1100.0,-10.026089495084724,1100.0,-10.026089495084724,1100.0,-10.026089495084724,1100.0,-7.259329619554051,1100.0,-7.259329619554051,1100.0,-3.0583868926808555,1100.0,4.104663644589375,1100.0,4.104663644589375,1100.0,4.104663644589375
1110.0,-10.211133337178486,1110.0,-10.211133337178486,1110.0,-10.119252098444067,1110.0,-10.016555769867376,1110.0,-10.016555769867376,1110.0,-10.016555769867376,1110.0,-7.231454372064158,1110.0,-7.231454372064158,1110.0,-3.014238374639392,1110.0,4.192937293354786,1110.0,4.192937293354786,1110.0,4.192937293354786
1120.0,-10.210206520327885,1120.0,-10.210206520327885,1120.0,-10.11434864969267,1120.0,-10.0067529254613,1120.0,-10.0067529254613,1120.0,-10.0067529254613,1120.0,-7.203896875832333,1120.0,-7.203896875832333,1120.0,-2.9704208716495137,1120.0,4.280548944537394,1120.0,4.280548944537394,1120.0,4.280548944537394
1130.0,-10.209228494694033,1130.0,-10.209228494694033,1130.0,-10.109310244534896,1130.0,-9.996680090315772,1130.0,-9.996680090315772,1130.0,-9.996680090315772,1130.0,-7.176647346010907,1130.0,-7.176647346010907,1130.0,-2.9269273673497556,1130.0,4.3675126311120716,1130.0,4.3675126311120716,1130.0,4.3675126311120716
1140.0,-10.20819813360514,1140.0,-10.20819813360514,1140.0,-10.104136506092871,1140.0,-9.98633651109305,1140.0,-9.98633651109305,1140.0,-9.98633651109305,1140.0,-7.14969640850861,1140.0,-7.14969640850861,1140.0,-2.8837509476891796,1140.0,4.45384218136442,1140.0,4.45384218136442,1140.0,4.45384218136442
1150.0,-10.207114351536287,1150.0,-10.207114351536287,1150.0,-10.098827115033629,1150.0,-9.975721549174956,1150.0,-9.975721549174956,1150.0,-9.975721549174956,1150.0,-7.123035145135938,1150.0,-7.123035145135938,1150.0,-2.84088491771372,1150.0,4.539550985383844,1150.0,4.539550985383844,1150.0,4.539550985383844
1160.0,-10.205976104514345,1160.0,-10.205976104514345,1160.0,-10.093381807867518,1160.0,-9.96483467726751,1160.0,-9.96483467726751,1160.0,-9.96483467726751,1160.0,-7.096655061773944,1160.0,-7.096655061773944,1160.0,-2.79832279188,1160.0,4.624652014436302,1160.0,4.624652014436302,1160.0,4.624652014436302
1170.0,-10.2047823903654,1170.0,-10.2047823903654,1170.0,-10.087800375226266,1170.0,-9.953675475986827,1170.0,-9.953675475986827,1170.0,-9.953675475986827,1170.0,-7.070548059453753,1170.0,-7.070548059453753,1170.0,-2.7560582849269113,1170.0,4.70915783922073,1170.0,4.70915783922073,1170.0,4.70915783922073
1180.0,-10.203532248820803,1180.0,-10.203532248820803,1180.0,-10.08208266013236,1180.0,-9.94224363044404,1180.0,-9.94224363044404,1180.0,-9.94224363044404,1180.0,-7.044706408020816,1180.0,-7.044706408020816,1180.0,-2.7140853032662227,1180.0,4.793080647087304,1180.0,4.793080647087304,1180.0,4.793080647087304
1190.0,-10.202224761498279,1190.0,-10.202224761498279,1190.0,-10.07622855627076,1190.0,-9.930538926843896,1190.0,-9.930538926843896,1190.0,-9.930538926843896,1190.0,-7.019122722100215,1190.0,-7.019122722100215,1190.0,-2.6723979368555044,1190.0,4.87643225829044,1190.0,4.87643225829044,1190.0,4.87643225829044
1200.0,-10.200859051765528,1200.0,-10.200859051765528,1200.0,-10.070238006263883,1200.0,-9.918561249101757,1200.0,-9.918561249101757,1200.0,-9.918561249101757,1200.0,-6.993789939115397,1200.0,-6.993789939115397,1200.0,-2.6309904515198608,1200.0,4.959224141343812,1200.0,4.959224141343812,1200.0,4.959224141343812
1210.0,-10.199434284499507,1210.0,-10.199434284499507,1210.0,-10.06411099995747,1210.0,-9.906310575488886,1210.0,-9.906310575488886,1210.0,-9.906310575488886,1210.0,-6.968701299143102,1210.0,-6.968701299143102,1210.0,-2.5898572816906906,1210.0,5.04146742754,1210.0,5.04146742754,1210.0,5.04146742754
1220.0,-10.19794966578293,1220.0,-10.19794966578293,1220.0,-10.057847572752523,1220.0,-9.893786975344167,1220.0,-9.893786975344167,1220.0,-9.893786975344167,1220.0,-6.943850326415038,1220.0,-6.943850326415038,1220.0,-2.5489930235332183,1220.0,5.123172924691361,1220.0,5.123172924691361,1220.0,5.123172924691361
1230.0,-10.196404442522068,1230.0,-10.196404442522068,1230.0,-10.051447803961715,1230.0,-9.880990605832421,1230.0,-9.880990605832421,1230.0,-9.880990605832421,1230.0,-6.919230812300472,1230.0,-6.919230812300472,1230.0,-2.5083924284373578,1230.0,5.204351130143477,1230.0,5.204351130143477,1230.0,5.204351130143477
1240.0,-10.194797901980929,1240.0,-10.194797901980929,1240.0,-10.044911815179596,1240.0,-9.867921708740678,1240.0,-9.867921708740678,1240.0,-9.867921708740678,1240.0,-6.894836799623527,1240.0,-6.894836799623527,1240.0,-2.4680503968483887,1240.0,5.285012243108842,1240.0,5.285012243108842,1240.0,5.285012243108842
1250.0,-10.193129371244586,1250.0,-10.193129371244586,1250.0,-10.038239768673575,1250.0,-9.854580607321191,1250.0,-9.854580607321191,1250.0,-9.854580607321191,1250.0,-6.870662568186002,1250.0,-6.870662568186002,1250.0,-2.427961972415386,1250.0,5.365166176364883,1250.0,5.365166176364883,1250.0,5.365166176364883
1260.0,-10.19139821662387,1260.0,-10.19139821662387,1260.0,-10.031431865802865,1260.0,-9.840967703189163,1260.0,-9.840967703189163,1260.0,-9.840967703189163,1260.0,-6.8467026213810165,1260.0,-6.8467026213810165,1260.0,-2.388122336437226,1260.0,5.444822567356817,1260.0,5.444822567356817,1260.0,5.444822567356817
1270.0,-10.189603843010147,1270.0,-10.189603843010147,1270.0,-10.024488345468422,1270.0,-9.82708347328022,1270.0,-9.82708347328022,1270.0,-9.82708347328022,1270.0,-6.822951673796292,1270.0,-6.822951673796292,1270.0,-2.348526802587313,1270.0,5.52399078874315,1270.0,5.52399078874315,1270.0,5.52399078874315
1280.0,-10.187745693158943,1280.0,-10.187745693158943,1280.0,-10.017409482568205,1280.0,-9.812928466842177,1280.0,-9.812928466842177,1280.0,-9.812928466842177,1280.0,-6.799404639716593,1280.0,-6.799404639716593,1280.0,-2.3091708118999024,1280.0,5.602679958418299,1280.0,5.602679958418299,1280.0,5.602679958418299
1290.0,-10.185823246864661,1290.0,-10.185823246864661,1290.0,-10.010195586414547,1290.0,-9.79850330241929,1290.0,-9.79850330241929,1290.0,-9.79850330241929,1290.0,-6.776056622445602,1290.0,-6.776056622445602,1290.0,-2.2700499280025297,1290.0,5.680898949043883,1290.0,5.680898949043883,1290.0,5.680898949043883
1300.0,-10.183836020122229,1300.0,-10.183836020122229,1300.0,-10.002846999205703,1300.0,-9.783808664921258,1300.0,-9.783808664921258,1300.0,-9.783808664921258,1300.0,-6.752902904375664,1300.0,-6.752902904375664,1300.0,-2.231159832580073,1300.0,5.758656397118309,1300.0,5.758656397118309,1300.0,5.758656397118309
1310.0,-10.181783564328093,1310.0,-10.181783564328093,1310.0,-9.995364094598777,1310.0,-9.76884530282518,1310.0,-9.76884530282518,1310.0,-9.76884530282518,1310.0,-6.729938937740672,1310.0,-6.729938937740672,1310.0,-2.192496321056412,1310.0,5.835960711612195,1310.0,5.835960711612195,1310.0,5.835960711612195
1320.0,-10.179665465509625,1320.0,-10.179665465509625,1320.0,-9.98774727636966,1320.0,-9.753614025496002,1320.0,-9.753614025496002,1320.0,-9.753614025496002,1320.0,-6.707160335994374,1320.0,-6.707160335994374,1320.0,-2.1540552984808383,1320.0,5.912820082195726,1320.0,5.912820082195726,1320.0,5.912820082195726
1330.0,-10.177481343572149,1330.0,-10.177481343572149,1330.0,-9.979996977144816,1330.0,-9.738115700610917,1330.0,-9.738115700610917,1330.0,-9.738115700610917,1330.0,-6.684562865761576,1330.0,-6.684562865761576,1330.0,-2.115832775606862,1330.0,5.98924248708185,1330.0,5.98924248708185,1330.0,5.98924248708185
1340.0,-10.175230851553696,1340.0,-10.175230851553696,1340.0,-9.972113657191462,1340.0,-9.722351251674397,1340.0,-9.722351251674397,1340.0,-9.722351251674397,1340.0,-6.662142439315353,1340.0,-6.662142439315353,1340.0,-2.0778248651522078,1340.0,6.06523570050796,1340.0,6.06523570050796,1340.0,6.06523570050796
1350.0,-10.1729136748793,1350.0,-10.1729136748793,1350.0,-9.964097803254566,1350.0,-9.706321655612161,1350.0,-9.706321655612161,1350.0,-9.706321655612161,1350.0,-6.639895107537655,1350.0,-6.639895107537655,1350.0,-2.0400277782294434,1350.0,6.140807299876654,1350.0,6.140807299876654,1350.0,6.140807299876654
1360.0,-10.170529530611805,1360.0,-10.170529530611805,1360.0,-9.95594992743381,1360.0,-9.690027940437497,1360.0,-9.690027940437497,1360.0,-9.690027940437497,1360.0,-6.6178170533248055,1360.0,-6.6178170533248055,1360.0,-2.0024378209373443,1360.0,6.215964672575341,1360.0,6.215964672575341,1360.0,6.215964672575341
1370.0,-10.168078166697919,1370.0,-10.168078166697919,1370.0,-9.947670566096853,1370.0,-9.67347118298596,1370.0,-9.67347118298596,1370.0,-9.67347118298596,1370.0,-6.595904585403121,1370.0,-6.595904585403121,1370.0,-1.9650513911039063,1370.0,6.290715022492624,1370.0,6.290715022492624,1370.0,6.290715022492624
1380.0,-10.16555936120256,1380.0,-10.16555936120256,1380.0,-9.939260278818326,1380.0,-9.656652506707806,1380.0,-9.656652506707806,1380.0,-9.656652506707806,1380.0,-6.574154132523096,1380.0,-6.574154132523096,1380.0,-1.927864975172642,1380.0,6.3650653762481655,1380.0,6.3650653762481655,1380.0,6.3650653762481655
1390.0,-10.16297292152895,1390.0,-10.16297292152895,1390.0,-9.930719647339558,1390.0,-9.63957307951313,1390.0,-9.63957307951313,1390.0,-9.63957307951313,1390.0,-6.552562238003709,1390.0,-6.552562238003709,1390.0,-1.8908751452243324,1390.0,6.439022589151755,1390.0,6.439022589151755,1390.0,6.439022589151755
1400.0,-10.160318683627768,1400.0,-10.160318683627768,1400.0,-9.92204927454971,1400.0,-9.62223411166974,1400.0,-9.62223411166974,1400.0,-9.62223411166974,1400.0,-6.531125554600675,1400.0,-6.531125554600675,1400.0,-1.8540785561270412,1400.0,6.512593350905988,1400.0,6.512593350905988,1400.0,6.512593350905988
1410.0,-10.15759651119791,1410.0,-10.15759651119791,1410.0,-9.913249783488514,1410.0,-9.604636853753874,1410.0,-9.604636853753874,1410.0,-9.604636853753874,1410.0,-6.509840839674847,1410.0,-6.509840839674847,1410.0,-1.817471942807368,1410.0,6.585784191066551,1410.0,6.585784191066551,1410.0,6.585784191066551
1420.0,-10.154806294881963,1420.0,-10.154806294881963,1420.0,-9.904321816370969,1420.0,-9.586782594653968,1420.0,-9.586782594653968,1420.0,-9.586782594653968,1420.0,-6.488704950639043,1420.0,-6.488704950639043,1420.0,-1.781052117636544,1420.0,6.658601484272663,1420.0,6.658601484272663,1420.0,6.658601484272663
1430.0,-10.151947951458904,1430.0,-10.151947951458904,1430.0,-9.895266033634957,1430.0,-9.56867265962749,1430.0,-9.56867265962749,1430.0,-9.56867265962749,1430.0,-6.46771484066338,1430.0,-6.46771484066338,1430.0,-1.7448159679253257,1430.0,6.73105145525989,1430.0,6.73105145525989,1430.0,6.73105145525989
1440.0,-10.149021423040704,1440.0,-10.149021423040704,1440.0,-9.886083113016179,1440.0,-9.55030840841522,1440.0,-9.55030840841522,1440.0,-9.55030840841522,1440.0,-6.446867554620825,1440.0,-6.446867554620825,1440.0,-1.708760453522076,1440.0,6.80314018366652,1440.0,6.80314018366652,1440.0,6.80314018366652
1450.0,-10.146026676236104,1450.0,-10.146026676236104,1450.0,-9.87677374855078,1450.0,-9.531691233215101,1450.0,-9.531691233215101,1450.0,-9.531691233215101,1450.0,-6.426160224952397,1450.0,-6.426160224952397,1450.0,-1.6728826039796452,1450.0,6.874873609704184,1450.0,6.874873609704184,1450.0,6.874873609704184
1460.0,-10.14296370144933,1460.0,-10.14296370144933,1460.0,-9.867338649961082,1460.0,-9.512822557435117,1460.0,-9.512822557435117,1460.0,-9.512822557435117,1460.0,-6.405590069298366,1460.0,-6.405590069298366,1460.0,-1.6371795185217817,1460.0,6.946257534222837,1460.0,6.946257534222837,1460.0,6.946257534222837
1470.0,-10.139832512013843,1470.0,-10.139832512013843,1470.0,-9.857778541608676,1470.0,-9.493703833582451,1470.0,-9.493703833582451,1470.0,-9.493703833582451,1470.0,-6.385154385131325,1470.0,-6.385154385131325,1470.0,-1.601648360555909,1470.0,7.017297629690118,1470.0,7.017297629690118,1470.0,7.017297629690118
1480.0,-10.136633143388075,1480.0,-10.136633143388075,1480.0,-9.848094161617517,1480.0,-9.47433654149769,1480.0,-9.47433654149769,1480.0,-9.47433654149769,1480.0,-6.364850547848745,1480.0,-6.364850547848745,1480.0,-1.5662863579537507,1480.0,7.087999439636425,1480.0,7.087999439636425,1480.0,7.087999439636425
1490.0,-10.133365652406264,1490.0,-10.133365652406264,1490.0,-9.838286261134359,1490.0,-9.454722186861737,1490.0,-9.454722186861737,1490.0,-9.454722186861737,1490.0,-6.344676007349278,1490.0,-6.344676007349278,1490.0,-1.5310908004926713,1490.0,7.158368383772788,1490.0,7.158368383772788,1490.0,7.158368383772788
1500.0,-10.130030116518192,1500.0,-10.130030116518192,1500.0,-9.828355603551444,1500.0,-9.434862299626808,1500.0,-9.434862299626808,1500.0,-9.434862299626808,1500.0,-6.324628285115371,1500.0,-6.324628285115371,1500.0,-1.4960590379743028,1500.0,7.228409761756802,1500.0,7.228409761756802,1500.0,7.228409761756802
1510.0,-10.126626633043196,1510.0,-10.126626633043196,1510.0,-9.81830296375656,1510.0,-9.414758432501205,1510.0,-9.414758432501205,1510.0,-9.414758432501205,1510.0,-6.304704971444153,1510.0,-6.304704971444153,1510.0,-1.4611884784156182,1510.0,7.298128756813384,1510.0,7.298128756813384,1510.0,7.298128756813384
1520.0,-10.1231553184575,1520.0,-10.1231553184575,1520.0,-9.808129127427618,1520.0,-9.394412159504746,1520.0,-9.394412159504746,1520.0,-9.394412159504746,1520.0,-6.284903722817234,1520.0,-6.284903722817234,1520.0,-1.4264765863088604,1520.0,7.367530439217723,1520.0,7.367530439217723,1520.0,7.367530439217723
1530.0,-10.119616307715932,1530.0,-10.119616307715932,1530.0,-9.797834890372348,1530.0,-9.373825074594345,1530.0,-9.373825074594345,1530.0,-9.373825074594345,1530.0,-6.265222259399652,1530.0,-6.265222259399652,1530.0,-1.3919208809462458,1530.0,7.436619769647419,1530.0,7.436619769647419,1530.0,7.436619769647419
1540.0,-10.116009753577389,1540.0,-10.116009753577389,1540.0,-9.787421057881133,1540.0,-9.352998790327465,1540.0,-9.352998790327465,1540.0,-9.352998790327465,1540.0,-6.245658362659457,1540.0,-6.245658362659457,1540.0,-1.3575189348056909,1540.0,7.505401602410767,1540.0,7.505401602410767,1540.0,7.505401602410767
1550.0,-10.112335825911677,1550.0,-10.112335825911677,1550.0,-9.776888444070014,1550.0,-9.331934936539797,1550.0,-9.331934936539797,1550.0,-9.331934936539797,1550.0,-6.2262098731002995,1550.0,-6.2262098731002995,1550.0,-1.3232683719946698,1550.0,7.573880688556988,1550.0,7.573880688556988,1550.0,7.573880688556988
1560.0,-10.108594710979034,1560.0,-10.108594710979034,1560.0,-9.766237871203813,1560.0,-9.31063515902645,1560.0,-9.31063515902645,1560.0,-9.31063515902645,1560.0,-6.206874688100439,1560.0,-6.206874688100439,1560.0,-1.289166866749684,1560.0,7.642061678873541,1560.0,7.642061678873541,1560.0,7.642061678873541
1570.0,-10.104786610690109,1570.0,-10.104786610690109,1570.0,-9.755470169006815,1570.0,-9.289101118233551,1570.0,-9.289101118233551,1570.0,-9.289101118233551,1570.0,-6.187650759852007,1570.0,-6.187650759852007,1570.0,-1.2552121419890883,1570.0,7.709949126775273,1570.0,7.709949126775273,1570.0,7.709949126775273
1580.0,-10.100911741860653,1580.0,-10.100911741860653,1580.0,-9.744586173974511,1580.0,-9.267334487973107,1580.0,-9.267334487973107,1580.0,-9.267334487973107,1580.0,-6.168536093395247,1580.0,-6.168536093395247,1580.0,-1.2214019679175407,1580.0,7.7775474910898845,1580.0,7.7775474910898845,1580.0,7.7775474910898845
1590.0,-10.096970335469301,1590.0,-10.096970335469301,1590.0,-9.733586728693814,1590.0,-9.245336954168174,1590.0,-9.245336954168174,1590.0,-9.245336954168174,1590.0,-6.1495287447422795,1590.0,-6.1495287447422795,1590.0,-1.1877341606797667,1590.0,7.844861138743816,1590.0,7.844861138743816,1590.0,7.844861138743816
1600.0,-10.092962635898354,1600.0,-10.092962635898354,1600.0,-9.722472681151233,1600.0,-9.223110213606892,1600.0,-9.223110213606892,1600.0,-9.223110213606892,1600.0,-6.130626819085742,1600.0,-6.130626819085742,1600.0,-1.154206581062109,1600.0,7.911894347352749,1600.0,7.911894347352749,1600.0,7.911894347352749
1610.0,-10.088888900175629,1610.0,-10.088888900175629,1610.0,-9.711244884046577,1610.0,-9.200655972722686,1610.0,-9.200655972722686,1610.0,-9.200655972722686,1610.0,-6.111828469088169,1610.0,-6.111828469088169,1610.0,-1.1208171332403165,1610.0,7.978651307719983,1610.0,7.978651307719983,1610.0,7.978651307719983
1620.0,-10.084749397263673,1620.0,-10.084749397263673,1620.0,-9.699904194157913,1620.0,-9.17797594644559,1620.0,-9.17797594644559,1620.0,-9.17797594644559,1620.0,-6.0931318932483025,1620.0,-6.0931318932483025,1620.0,-1.0875637635724396,1620.0,8.045136126245989,1620.0,8.045136126245989,1620.0,8.045136126245989
1630.0,-10.080544407409816,1630.0,-10.080544407409816,1630.0,-9.688451471770588,1630.0,-9.155071857137097,1630.0,-9.155071857137097,1630.0,-9.155071857137097,1630.0,-6.074535334340513,1630.0,-6.074535334340513,1630.0,-1.0544444594351758,1630.0,8.111352827252526,1630.0,8.111352827252526,1630.0,8.111352827252526
1640.0,-10.076274221559595,1640.0,-10.076274221559595,1640.0,-9.676887580172574,1640.0,-9.131945433610126,1640.0,-9.131945433610126,1640.0,-9.131945433610126,1640.0,-6.056037077923288,1640.0,-6.056037077923288,1640.0,-1.0214572481019017,1640.0,8.177305355224831,1640.0,8.177305355224831,1640.0,8.177305355224831
1650.0,-10.071939140824558,1650.0,-10.071939140824558,1650.0,-9.665213385206986,1650.0,-9.108598410224548,1650.0,-9.108598410224548,1650.0,-9.108598410224548,1650.0,-6.037635450912912,1650.0,-6.037635450912912,1650.0,-0.9886001956603808,1650.0,8.24299757697572,1650.0,8.24299757697572,1650.0,8.24299757697572
1660.0,-10.067539475992195,1660.0,-10.067539475992195,1660.0,-9.653429754868482,1660.0,-9.085032526044165,1660.0,-9.085032526044165,1660.0,-9.085032526044165,1660.0,-6.019328820218566,1660.0,-6.019328820218566,1660.0,-0.9558714059682687,1660.0,8.30843328373482,1660.0,8.30843328373482,1660.0,8.30843328373482
1670.0,-10.063075547037377,1670.0,-10.063075547037377,1670.0,-9.641537558903211,1670.0,-9.061249524014718,1670.0,-9.061249524014718,1670.0,-9.061249524014718,1670.0,-6.001115591435145,1670.0,-6.001115591435145,1670.0,-0.9232690196443727,1670.0,8.373616193166805,1670.0,8.373616193166805,1670.0,8.373616193166805
1680.0,-10.058547682511163,1680.0,-10.058547682511163,1680.0,-9.629537668287744,1680.0,-9.037251150037433,1680.0,-9.037251150037433,1680.0,-9.037251150037433,1680.0,-5.982994207588565,1680.0,-5.982994207588565,1680.0,-0.8907912130919585,1680.0,8.43854995132339,1680.0,8.43854995132339,1680.0,8.43854995132339
1690.0,-10.05395621894242,1690.0,-10.05395621894242,1690.0,-9.617430954721724,1690.0,-9.013039152072615,1690.0,-9.013039152072615,1690.0,-9.013039152072615,1690.0,-5.964963147930535,1690.0,-5.964963147930535,1690.0,-0.8584361975525419,1690.0,8.50323813453236,1690.0,8.50323813453236,1690.0,8.50323813453236
1700.0,-10.049301500357627,1700.0,-10.049301500357627,1700.0,-9.605218290239844,1700.0,-8.988615279378248,1700.0,-8.988615279378248,1700.0,-8.988615279378248,1700.0,-5.9470209267832255,1700.0,-5.9470209267832255,1700.0,-0.8262022181918925,1700.0,8.567684251223055,1700.0,8.567684251223055,1700.0,8.567684251223055
1710.0,-10.044583877860596,1710.0,-10.044583877860596,1710.0,-9.592900546884554,1710.0,-8.963981281824598,1710.0,-8.963981281824598,1710.0,-8.963981281824598,1710.0,-5.92916609243255,1710.0,-5.92916609243255,1710.0,-0.7940875532182682,1710.0,8.631891743689401,1710.0,8.631891743689401,1710.0,8.631891743689401
1720.0,-10.039803709265096,1720.0,-10.039803709265096,1720.0,-9.58047859643185,1720.0,-8.93913890927665,1720.0,-8.93913890927665,1720.0,-8.93913890927665,1720.0,-5.911397226067789,1720.0,-5.911397226067789,1720.0,-0.7620905130316532,1720.0,8.695863989793233,1720.0,8.695863989793233,1720.0,8.695863989793233
1730.0,-10.034961358771707,1730.0,-10.034961358771707,1730.0,-9.567953310162007,1730.0,-8.914089911035814,1730.0,-8.914089911035814,1730.0,-8.914089911035814,1730.0,-5.8937129407648845,1730.0,-5.8937129407648845,1730.0,-0.7302094394023357,1730.0,8.759604304610413,1730.0,8.759604304610413,1730.0,8.759604304610413
1740.0,-10.030057196676854,1740.0,-10.030057196676854,1740.0,-9.55532555866231,1740.0,-8.888836035327477,1740.0,-8.888836035327477,1740.0,-8.888836035327477,1740.0,-5.87611188051071,1740.0,-5.87611188051071,1740.0,-0.6984427046772985,1740.0,8.823115942022305,1740.0,8.823115942022305,1740.0,8.823115942022305
1750.0,-10.025091599190912,1750.0,-10.025091599190912,1750.0,-9.542596211738836,1750.0,-8.863379028911035,1750.0,-8.863379028911035,1750.0,-8.863379028911035,1750.0,-5.858592719267192,1750.0,-5.858592719267192,1750.0,-0.666788711014006,1750.0,8.886402096254448,1750.0,8.886402096254448,1750.0,8.886402096254448
1760.0,-10.020064948625217,1760.0,-10.020064948625217,1760.0,-9.529766138697266,1760.0,-8.837720637071957,1760.0,-8.837720637071957,1760.0,-8.837720637071957,1760.0,-5.841154160078042,1760.0,-5.841154160078042,1760.0,-0.6352458896452512,1760.0,8.949465903359187,1760.0,8.949465903359187,1760.0,8.949465903359187
1770.0,-10.01497763354792,1770.0,-10.01497763354792,1770.0,-9.516836208591716,1770.0,-8.81186260359437,1770.0,-8.81186260359437,1770.0,-8.81186260359437,1770.0,-5.823794934216405,1770.0,-5.823794934216405,1770.0,-0.6038127001741179,1770.0,9.012310442644642,1770.0,9.012310442644642,1770.0,9.012310442644642
1780.0,-10.009830048698024,1780.0,-10.009830048698024,1780.0,-9.503807290231913,1780.0,-8.785806670504257,1780.0,-8.785806670504257,1780.0,-8.785806670504257,1780.0,-5.80651380036528,1780.0,-5.80651380036528,1780.0,-0.5724876298916961,1780.0,9.074938738057892,1780.0,9.074938738057892,1780.0,9.074938738057892
1790.0,-10.00462259479317,1790.0,-10.00462259479317,1790.0,-9.49068025208303,1790.0,-8.759554577716939,1790.0,-8.759554577716939,1790.0,-8.759554577716939,1790.0,-5.789309543826443,1790.0,-5.789309543826443,1790.0,-0.5412691931138763,1790.0,9.137353759527143,1790.0,9.137353759527143,1790.0,9.137353759527143
1800.0,-9.99935567825243,1800.0,-9.99935567825243,1800.0,-9.477455962080228,1800.0,-8.733108062610663,1800.0,-8.733108062610663,1800.0,-8.733108062610663,1800.0,-5.7721809757562195,1800.0,-5.7724551912587625,1800.0,-0.5101559305361925,1800.0,9.1995584242647,1800.0,9.1995584242647,1800.0,9.1995584242647
1810.0,-9.994029710850295,1810.0,-9.99402971085031,1810.0,-9.464135287373319,1810.0,-8.706468859541467,1810.0,-8.706468859541467,1810.0,-8.706468859541467,1810.0,-5.945845500677477,1810.0,-5.94767579759641,1810.0,-0.4791464086063729,1810.0,9.261555598031645,1810.0,9.261555598031645,1810.0,9.261555598031645
1820.0,-9.98864510936562,1820.0,-9.988645109367097,1820.0,-9.450719094024624,1820.0,-8.679638699321647,1820.0,-8.679638699321647,1820.0,-8.679638699321647,1820.0,-6.1017460818762475,1820.0,-6.1033769436014875,1820.0,-0.44823921891434815,1820.0,9.323348096365534,1820.0,9.323348096365534,1820.0,9.323348096365534
1830.0,-9.983202295570177,1830.0,-9.983202295585626,1830.0,-9.437208246618486,1830.0,-8.652619308620123,1830.0,-8.652619308620123,1830.0,-8.652619308620123,1830.0,-6.239324612100105,1830.0,-6.240786414891109,1830.0,-0.41743297759905684,1830.0,9.384938685772331,1830.0,9.384938685772331,1830.0,9.384938685772331
1840.0,-9.977701697285223,1840.0,-9.977701697364264,1840.0,-9.423603607675469,1840.0,-8.625412409177615,1840.0,-8.625412409177615,1840.0,-8.625412409177615,1840.0,-6.361362626392318,1840.0,-6.362680751241068,1840.0,-0.3867263247687718,1840.0,9.446330084886451,1840.0,9.446330084886451,1840.0,9.446330084886451
1850.0,-9.972143751311771,1850.0,-9.972143751585957,1850.0,-9.409906037135165,1850.0,-8.598019717099918,1850.0,-8.598019717099918,1850.0,-8.598019717099918,1850.0,-6.470185364631728,1850.0,-6.4713810433042545,1850.0,-0.3561179239333847,1850.0,9.507524965601304,1850.0,9.507524965601304,1850.0,9.507524965601304
1860.0,-9.966528908305246,1860.0,-9.966528909049888,1860.0,-9.396116391965004,1860.0,-8.570442942286215,1860.0,-8.570442942286215,1860.0,-8.570442942286215,1860.0,-6.567738949090211,1860.0,-6.568829964820936,1860.0,-0.325606461450536,1860.0,9.568525954169106,1860.0,9.568525954169106,1860.0,9.568525954169106
1870.0,-9.960857639193533,1870.0,-9.96085764090241,1870.0,-9.3822355258058,1870.0,-8.542683787903327,1870.0,-8.542683787903327,1870.0,-8.542683787903327,1870.0,-6.655654315833096,1870.0,-6.6566555838720385,1870.0,-0.29519064598622446,1870.0,9.629335632269617,1870.0,9.629335632269617,1870.0,9.629335632269617
1880.0,-9.955130442671182,1880.0,-9.95513044613922,1880.0,-9.368264288641338,1880.0,-8.514743949892628,1880.0,-8.514743949892628,1880.0,-8.514743949892628,1880.0,-6.73530019272464,1880.0,-6.7362242415084355,1880.0,-0.2648692079902396,1880.0,9.689956538048452,1880.0,9.689956538048452,1880.0,9.689956538048452
1890.0,-9.949347853277889,1890.0,-9.949347859687036,1890.0,-9.35420352649506,1890.0,-8.486625116512,1890.0,-8.486625116512,1890.0,-8.486625116512,1890.0,-6.807827016480059,1890.0,-6.8086843865859885,1890.0,-0.23464089918643372,1890.0,9.75039116712513,1890.0,9.75039116712513,1890.0,9.75039116712513
1900.0,-9.943510449599536,1900.0,-9.943510460603378,1900.0,-9.34005408115618,1900.0,-8.458328967915667,1900.0,-8.458328967915667,1900.0,-8.458328967915667,1900.0,-6.874203352519624,1900.0,-6.875002927584046,1900.0,-0.20450449207758312,1900.0,9.81064197357204,1900.0,9.81064197357204,1900.0,9.81064197357204
1910.0,-9.937618862199956,1910.0,-9.93761888000335,1910.0,-9.325816789948455,1910.0,-8.429857175784045,1910.0,-8.429857175784045,1910.0,-8.429857175784045,1910.0,-6.9352461101348295,1910.0,-6.935995391458547,1910.0,-0.1744587794637416,1910.0,9.870711370865472,1910.0,9.870711370865472,1910.0,9.870711370865472
1920.0,-9.9316737809412,1920.0,-9.931673808372286,1920.0,-9.311492485523726,1920.0,-8.401211402986293,1920.0,-8.401211402986293,1920.0,-8.401211402986293,1920.0,-6.9916456214405915,1920.0,-6.992350955972509,1920.0,-0.1445025739720156,1920.0,9.930601732811773,1920.0,9.930601732811773,1920.0,9.930601732811773
1930.0,-9.925675961379223,1930.0,-9.925676001951492,1930.0,-9.297081995615015,1930.0,-8.372393303209066,1930.0,-8.372393303209066,1930.0,-8.372393303209066,1930.0,-7.043986467512962,1930.0,-7.044653237225182,1930.0,-0.11463470759961834,1930.0,9.990315394446739,1930.0,9.990315394446739,1930.0,9.990315394446739
1940.0,-9.91962623012583,1940.0,-9.919626288089113,1940.0,-9.282586142807373,1940.0,-8.343404520610331,1940.0,-8.343404520610331,1940.0,-8.343404520610331,1940.0,-7.092764782199848,1940.0,-7.093397561481015,1940.0,-0.08485403127266948,1940.0,10.049854652906639,1940.0,10.049854652906639,1940.0,10.049854652906639
1950.0,-9.913525489117914,1950.0,-9.913525569497459,1950.0,-9.268005744370754,1950.0,-8.31424668954163,1950.0,-8.31424668954163,1950.0,-8.31424668954163,1950.0,-7.138402637742352,1950.0,-7.139005324290166,1950.0,-0.05515941442050579,1950.0,10.109221768271373,1950.0,10.109221768271373,1950.0,10.109221768271373
1960.0,-9.907374718748265,1960.0,-9.907374827371802,1960.0,-9.253341612153415,1960.0,-8.284921434337658,1960.0,-8.284921434337658,1960.0,-8.284921434337658,1960.0,-7.181260011935777,1960.0,-7.181835935682914,1960.0,-0.025549744564498142,1960.0,10.168418964381106,1960.0,10.168418964381106,1960.0,10.168418964381106
1970.0,-9.901174979846726,1970.0,-9.901175123359666,1970.0,-9.238594552520762,1970.0,-8.255430369157038,1970.0,-8.255430369157038,1970.0,-8.255430369157038,1970.0,-7.221644750272608,1970.0,-7.222196764097756,1970.0,0.003976073079578154,1970.0,10.227448429627891,1970.0,10.227448429627891,1970.0,10.227448429627891
1980.0,-9.894927414533397,1980.0,-9.894927600402792,1980.0,-9.22376536632301,1980.0,-8.2257750978583,1980.0,-8.2257750978583,1980.0,-8.2257750978583,1980.0,-7.259820865191682,1980.0,-7.2603514205205295,1980.0,0.03341911598662353,1980.0,10.286312317723562,1980.0,10.286312317723562,1980.0,10.286312317723562
1990.0,-9.888633245992944,1990.0,-9.888633482500925,1990.0,-9.208854848872384,1990.0,-8.195957213890646,1990.0,-8.195957213890646,1990.0,-8.195957213890646,1990.0,-7.296015455604261,1990.0,-7.29652666547055,1990.0,0.0627804446951913,1990.0,10.345012748444805,1990.0,10.345012748444805,1990.0,10.345012748444805
2000.0,-9.882293777248496,2000.0,-9.882294073476254,2000.0,-9.193863789922116,2000.0,-8.16597830019274,2000.0,-8.16597830019274,2000.0,-8.16597830019274,2000.0,-7.33042448112882,2000.0,-7.33091817282367,2000.0,0.09206110316878768,2000.0,10.403551808356113,2000.0,10.403551808356113,2000.0,10.403551808356113
2010.0,-9.875910389058186,2010.0,-9.87591075486133,2010.0,-9.178792973669195,2010.0,-8.13583992911996,2010.0,-8.13583992911996,2010.0,-8.13583992911996,2010.0,-7.363217585165988,2010.0,-7.363695344237843,2010.0,0.12126211914625107,2010.0,10.461931551511755,2010.0,10.461931551511755,2010.0,10.461931551511755
2020.0,-9.869484537023608,2020.0,-9.869484983000214,2020.0,-9.163643178764358,2020.0,-8.105543662384166,2020.0,-8.105543662384166,2020.0,-8.105543662384166,2020.0,-7.394542127618211,2020.0,-7.395005334683622,2020.0,0.1503845044818443,2020.0,10.520154000137753,2020.0,10.520154000137753,2020.0,10.520154000137753
2030.0,-9.86301774800858,2030.0,-9.8630182854609,2030.0,-9.148415178316839,2030.0,-8.075091050993507,2030.0,-8.075091050993507,2030.0,-8.075091050993507,2030.0,-7.424526560493614,2030.0,-7.424976422068949,2030.0,0.17942925547555796,2030.0,10.578221145294643,2030.0,10.578221145294643,2030.0,10.578221145294643
2040.0,-9.856511615979036,2040.0,-9.856512256869987,2040.0,-9.133109739896602,2040.0,-8.044483635193956,2040.0,-8.044483635193956,2040.0,-8.044483635193956,2040.0,-7.453283256830408,2040.0,-7.453720831187492,2040.0,0.2083973531939841,2040.0,10.636134947521661,2040.0,10.636134947521661,2040.0,10.636134947521661
2050.0,-9.849967797371987,2050.0,-9.849968554277398,2050.0,-9.117727625536075,2050.0,-8.01372294441514,2050.0,-8.01372294441514,2050.0,-8.01372294441514,2050.0,-7.480910884509697,2050.0,-7.48133710338757,2050.0,0.23728976378221464,2050.0,10.693897337463241,2050.0,10.693897337463241,2050.0,10.693897337463241
2060.0,-9.843388006093464,2060.0,-9.843388892151179,2060.0,-9.10226959173148,2060.0,-7.982810497220314,2060.0,-7.982810497220314,2060.0,-7.982810497220314,2060.0,-7.5074964009104574,2060.0,-7.5079120877730805,2060.0,0.2661074387670836,2060.0,10.751510216478255,2060.0,10.751510216478255,2060.0,10.751510216478255
2070.0,-9.836774008237997,2070.0,-9.836775037094505,2070.0,-9.086736389443463,2070.0,-7.951747801259555,2070.0,-7.951747801259555,2070.0,-7.951747801259555,2070.0,-7.5331167314358884,2070.0,-7.533522616848934,2070.0,0.29485131535011166,2070.0,10.808975457230746,2070.0,10.808975457230746,2070.0,10.808975457230746
2080.0,-9.830127616648321,2080.0,-9.830128802403983,2080.0,-9.07112876413026,2080.0,-7.9205363532595765,2080.0,-7.9205363532595765,2080.0,-7.9205363532595765,2080.0,-7.557840184240569,2080.0,-7.558236918843065,2080.0,0.32352231668689413,2080.0,10.866294904259147,2080.0,10.866294904259147,2080.0,10.866294904259147
2090.0,-9.823450685413672,2090.0,-9.823452042567052,2090.0,-9.05544745583415,2090.0,-7.889177639071085,2090.0,-7.889177639071085,2090.0,-7.889177639071085,2090.0,-7.581727644617112,2090.0,-7.582115810082923,2090.0,0.35212135215657697,2090.0,10.923470374527774,2090.0,10.923470374527774,2090.0,10.923470374527774
2100.0,-9.816745104324461,2100.0,-9.81674664771656,2100.0,-9.039693199271394,2100.0,-7.857673133722811,2100.0,-7.857673133722811,2100.0,-7.857673133722811,2100.0,-7.60483358515734,2100.0,-7.605213703475319,2100.0,0.38064931762574333,2100.0,10.980503657965333,2100.0,10.980503657965333,2100.0,10.980503657965333
2110.0,-9.810012793310275,2110.0,-9.810014538069174,2110.0,-9.023866723890562,2110.0,-7.826024301447855,2110.0,-7.826024301447855,2110.0,-7.826024301447855,2110.0,-7.627206921721756,2110.0,-7.627579463067659,2110.0,0.4091070957076449,2110.0,11.037396517991537,2110.0,11.037396517991537,2110.0,11.037396517991537
2120.0,-9.803255696908481,2120.0,-9.80325765839484,2120.0,-9.007968753894472,2120.0,-7.794232595677216,2120.0,-7.794232595677216,2120.0,-7.794232595677216,2120.0,-7.648891740207574,2120.0,-7.649257129635362,2120.0,0.4374955560167818,2120.0,11.094150692032022,2120.0,11.094150692032022,2120.0,11.094150692032022
2130.0,-9.796475778817449,2130.0,-9.796477972571356,2130.0,-8.992000008234616,2130.0,-7.762299459008597,2130.0,-7.762299459008597,2130.0,-7.762299459008597,2130.0,-7.669927914922894,2130.0,-7.67028653806486,2130.0,0.46581555541837405,2130.0,11.150767892021333,2130.0,11.150767892021333,2130.0,11.150767892021333
2140.0,-9.789675016580881,2140.0,-9.789677458270365,2140.0,-8.975961200587015,2140.0,-7.730226323160367,2140.0,-7.730226323160367,2140.0,-7.730226323160367,2140.0,-7.6903516359041255,2140.0,-7.690703843837684,2140.0,0.4940679382726326,2140.0,11.207249804894248,2140.0,11.207249804894248,2140.0,11.207249804894248
2150.0,-9.782855396439908,2150.0,-9.782858101811398,2150.0,-8.959853039314163,2150.0,-7.698014608914381,2150.0,-7.698014608914381,2150.0,-7.698014608914381,2150.0,-7.710195859632547,2150.0,-7.710541973045582,2150.0,0.522253536674552,2150.0,11.263598093066163,2150.0,11.263598093066163,2150.0,11.263598093066163
2160.0,-9.776018908381028,2160.0,-9.776021893211931,2160.0,-8.943676227415482,2160.0,-7.665665726050086,2160.0,-7.665665726050086,2160.0,-7.665665726050086,2160.0,-7.729490695213914,2160.0,-7.729831007978585,2160.0,0.5503731706906172,2160.0,11.319814394904197,2160.0,11.319814394904197,2160.0,11.319814394904197
2170.0,-9.769167541401218,2170.0,-9.769170821454901,2170.0,-8.927431462468748,2170.0,-7.633181073272899,2170.0,-7.633181073272899,2170.0,-7.633181073272899,2170.0,-7.7482637361011255,2170.0,-7.748598518348139,2170.0,0.5784276485907269,2170.0,11.375900325187645,2170.0,11.375900325187645,2170.0,11.375900325187645
2180.0,-9.762303279014874,2180.0,-9.762306869998103,2180.0,-8.911119436571136,2180.0,-7.600562038144188,2180.0,-7.600562038144188,2180.0,-7.600562038144188,2180.0,-7.766540345788672,2180.0,-7.766869846558841,2180.0,0.6064177670736716,2180.0,11.431857475556088,2180.0,11.431857475556088,2180.0,11.431857475556088
2190.0,-9.755428095025517,2190.0,-9.755432012548427,2190.0,-8.894740836291987,2190.0,-7.567809997026219,2190.0,-7.567809997026219,2190.0,-7.567809997026219,2190.0,-7.784343904532501,2190.0,-7.784668354070121,2190.0,0.6343443114860106,2190.0,11.487687414945285,2190.0,11.487687414945285,2190.0,11.487687414945285
2200.0,-9.748543949573667,2200.0,-9.74854820911236,2200.0,-8.878296342642734,2200.0,-7.53492631504617,2200.0,-7.53492631504617,2200.0,-7.53492631504617,2200.0,-7.801696023005707,2200.0,-7.8020156347476695,2200.0,0.6622080560346054,2200.0,11.543391690011383,2200.0,11.543391690011383,2200.0,11.543391690011383
2210.0,-9.741652785462337,2210.0,-9.741657402324122,2210.0,-8.861786631060511,2210.0,-7.501912346076504,2210.0,-7.501912346076504,2210.0,-7.501912346076504,2210.0,-7.818616727848224,2210.0,-7.8189317001543115,2210.0,0.6900097639932022,2210.0,11.59897182554381,2210.0,11.59897182554381,2210.0,11.59897182554381
2220.0,-9.734756524756387,2220.0,-9.734761514047653,2220.0,-8.845212371402063,2220.0,-7.468769432727893,2220.0,-7.468769432727893,2220.0,-7.468769432727893,2220.0,-7.8351246232757035,2220.0,-7.835435140938005,2220.0,0.717750187903507,2220.0,11.65442932486756,2220.0,11.65442932486756,2220.0,11.65442932486756
2230.0,-9.727857065657666,2230.0,-9.727862442254324,2230.0,-8.828574227950938,2230.0,-7.435498906357212,2230.0,-7.435498906357212,2230.0,-7.435498906357212,2230.0,-7.851237032250302,2230.0,-7.85154326781403,2230.0,0.7454300697717617,2230.0,11.709765670235955,2230.0,11.709765670235955,2230.0,11.709765670235955
2240.0,-9.720956279642385,2240.0,-9.72096205816289,2240.0,-8.81187285942831,2240.0,-7.4021020870819,2240.0,-7.4021020870819,2240.0,-7.4021020870819,2240.0,-7.866970120164811,2240.0,-7.867272235087461,2240.0,0.7730501412611029,2240.0,11.76498232321452,2240.0,11.76498232321452,2240.0,11.76498232321452
2250.0,-9.714056008834524,2250.0,-9.714062203615354,2250.0,-8.795108918987248,2250.0,-7.3685802837788,2250.0,-7.3685802837788,2250.0,-7.3685802837788,2250.0,-7.882339003531018,2250.0,-7.882637149202688,2250.0,0.8006111238790624,2250.0,11.82008072505523,2250.0,11.82008072505523,2250.0,11.82008072505523
2260.0,-9.707158063623769,2260.0,-9.707164688697366,2260.0,-8.778283054204728,2260.0,-7.334934794083749,2260.0,-7.334934794083749,2260.0,-7.334934794083749,2260.0,-7.8973578457770675,2260.0,-7.897652164421353,2260.0,0.828113729159734,2260.0,11.875062297060934,2260.0,11.875062297060934,2260.0,11.875062297060934
2270.0,-9.70026422053568,2270.0,-9.700271289610663,2270.0,-8.761395907088948,2270.0,-7.30116690440705,2270.0,-7.30116690440705,2270.0,-7.30116690440705,2270.0,-7.912039941935188,2270.0,-7.912330567406934,2270.0,0.8555586588407952,2270.0,11.929928440940184,2270.0,11.929928440940184,2270.0,11.929928440940184
2280.0,-9.693376220344334,2280.0,-9.693383746787969,2280.0,-8.744448114098963,2280.0,-7.267277889964114,2280.0,-7.267277889964114,2280.0,-7.267277889964114,2280.0,-7.926397793730071,2280.0,-7.926684852223906,2280.0,0.8829466050355415,2280.0,11.984680539152905,2280.0,11.984680539152905,2280.0,11.984680539152905
2290.0,-9.686495766412028,2290.0,-9.686503763234883,2290.0,-8.727440306173502,2290.0,-7.233269014815932,2290.0,-7.233269014815932,2290.0,-7.233269014815932,2290.0,-7.940443176351051,2290.0,-7.94072678703254,2290.0,0.9102782504004487,2290.0,12.039319955247374,2290.0,12.039319955247374,2290.0,12.039319955247374
2300.0,-9.67962452324527,2300.0,-9.67963300308783,2300.0,-8.710373108765314,2300.0,-7.199141531917513,2300.0,-7.199141531917513,2300.0,-7.199141531917513,2300.0,-7.954187198000558,2300.0,-7.954467473569989,2300.0,0.937554268298333,2300.0,12.093848034188873,2300.0,12.093848034188873,2300.0,12.093848034188873
2310.0,-9.672764115274742,2310.0,-9.672773090395983,2310.0,-8.693247141902669,2310.0,-7.164896683194108,2310.0,-7.164896683194108,2310.0,-7.164896683194108,2310.0,-7.967640353151047,2310.0,-7.967917400348519,2310.0,0.9647753229571898,2310.0,12.14826610268003,2310.0,12.14826610268003,2310.0,12.14826610268003
2320.0,-9.665916125839445,2320.0,-9.665925608107145,2320.0,-8.676063020265484,2320.0,-7.130535699634326,2320.0,-7.130535699634326,2320.0,-7.130535699634326,2320.0,-7.980812570307558,2320.0,-7.981086490366665,2320.0,0.9919420696242446,2320.0,12.202575469472679,2320.0,12.202575469472679,2320.0,12.202575469472679
2330.0,-9.659082096325712,2330.0,-9.659092097208651,2330.0,-8.658821353240649,2330.0,-7.096059801362902,2330.0,-7.096059801362902,2330.0,-7.096059801362902,2330.0,-7.993713254958097,2330.0,-7.9939841440146004,2330.0,1.0190551547159887,2330.0,12.256777425671958,2330.0,12.256777425671958,2330.0,12.256777425671958
2340.0,-9.652263525458931,2340.0,-9.652274056020527,2340.0,-8.641522744962517,2340.0,-7.061470197700887,2340.0,-7.061470197700887,2340.0,-7.061470197700887,2340.0,-8.00635132829772,2340.0,-8.00661927775852,2340.0,1.0461152159646343,2340.0,12.310873245033298,2340.0,12.310873245033298,2340.0,12.310873245033298
2350.0,-9.645461868744663,2350.0,-9.6454729396382,2350.0,-8.624167794347825,2350.0,-7.026768087220371,2350.0,-7.026768087220371,2350.0,-7.026768087220371,2350.0,-8.018735262230704,2350.0,-8.019000359107963,2350.0,1.0731228825612056,2350.0,12.364864184252623,2350.0,12.364864184252623,2350.0,12.364864184252623
2360.0,-9.638678538049325,2360.0,-9.638690159514512,2360.0,-8.606757095124879,2360.0,-6.991954657796592,2360.0,-6.991954657795166,2360.0,-6.991954657795166,2360.0,-8.030873111086366,2360.0,-8.03113543830065,2360.0,0.7186429958652097,2360.0,11.655884697319866,2360.0,12.418751483249984,2360.0,12.418751483249984
2370.0,-9.63191490131213,2370.0,-9.631927083172988,2370.0,-8.589291235941067,2370.0,-6.957031086819596,2370.0,-6.957031086648249,2370.0,-6.957031086648249,2370.0,-8.042772540425057,2370.0,-8.043032177081047,2370.0,0.39978905788232966,2370.0,11.018165603272953,2370.0,12.472536365446892,2370.0,12.472536365446892
2380.0,-9.625172282368798,2380.0,-9.625185034032768,2380.0,-8.57177080131109,2380.0,-6.9219985431048885,2380.0,-6.9219985403867605,2380.0,-6.9219985403867605,2380.0,-8.05444085326098,2380.0,-8.054697874898938,2380.0,0.11767505102100473,2380.0,10.453932703609008,2380.0,12.526220038037449,2380.0,12.526220038037449
2390.0,-9.618451960819074,2390.0,-9.618465291277188,2390.0,-8.55419637501786,2390.0,-6.886858193778942,2390.0,-6.886858174966372,2390.0,-6.886858174966372,2390.0,-8.065885013985714,2390.0,-8.066139492811123,2390.0,-0.13326415123040905,2390.0,9.952054084356249,2390.0,12.579803692253634,2390.0,12.579803692253634
2400.0,-9.611755171974199,2400.0,-9.611769089802303,2400.0,-8.536568547095287,2400.0,-6.851611218358773,2400.0,-6.851611135629584,2400.0,-6.851611135629584,2400.0,-8.077111670238276,2400.0,-8.076952352077367,2400.0,-0.35768093959962904,2400.0,9.503223696234915,2400.0,12.6332885036266,2400.0,12.6332885036266
2410.0,-9.605083106958805,2410.0,-9.605097620319093,2410.0,-8.51888792450187,2410.0,-6.816258830154618,2410.0,-6.8162585569018646,2410.0,-6.8162585569018646,2410.0,-8.088127172937746,2410.0,-7.799553152758164,2410.0,-0.5594693499797558,2410.0,9.099652501208523,2410.0,12.686675632244361,2410.0,12.686675632244361
2420.0,-9.59843691291756,2420.0,-9.598452029497476,2420.0,-8.501155144821926,2420.0,-6.780802303714294,2420.0,-6.780801562604088,2420.0,-6.780801562604088,2420.0,-8.09893759466792,2420.0,-7.5513377038245935,2420.0,-0.7418929463701258,2420.0,8.734812636580394,2420.0,12.739966223005945,2420.0,12.739966223005945
2430.0,-9.591817693291484,2430.0,-9.591833419527838,2430.0,-8.483370892055166,2430.0,-6.745243006456379,2430.0,-6.745241265853729,2430.0,-6.745241265853729,2430.0,-8.109548746580893,2430.0,-7.330468668568242,2430.0,-0.9076907926575212,2430.0,8.403225417736664,2430.0,12.79316140587203,2430.0,12.79316140587203
2440.0,-9.585226508155701,2440.0,-9.585242845839675,2440.0,-8.465535913508806,2440.0,-6.709582432519964,2440.0,-6.709578769055022,2440.0,-6.709578769055022,2440.0,-8.119966193966595,2440.0,-7.132785303647076,2440.0,-1.0591652991245657,2440.0,8.100285603868953,2440.0,12.846262296111245,2440.0,12.846262296111245
2450.0,-9.578664374620418,2450.0,-9.578681312171756,2450.0,-8.447651036867374,2450.0,-6.673822236975532,2450.0,-6.673815163886192,2450.0,-6.673815163886192,2450.0,-8.130195270618307,2450.0,-6.954809795807976,2450.0,-1.1982550719609277,2450.0,7.822115667194514,2450.0,12.89926999454226,2450.0,12.89926999454226
2460.0,-9.57213226728858,2460.0,-9.572149762977284,2460.0,-8.429717186635694,2460.0,-6.637964268783944,2460.0,-6.637951531284207,2460.0,-6.637951531284207,2460.0,-8.14024109210869,2460.0,-6.793631739399004,2460.0,-1.3265953513830324,2460.0,7.565444892244301,2460.0,12.952185587771247,2460.0,12.952185587771247
2470.0,-9.56563111872338,2470.0,-9.56564907358504,2470.0,-8.411735399261365,2470.0,-6.602010601158715,2470.0,-6.601988941386944,2470.0,-6.601988941386944,2470.0,-8.150108568077798,2470.0,-6.646812440493118,2470.0,-1.4455681757624248,2470.0,7.3275090287328215,2470.0,13.005010148425168,2470.0,13.005010148425168
2480.0,-9.559161819938053,2480.0,-9.559180038814947,2480.0,-8.393706836463407,2480.0,-6.565963558366862,2480.0,-6.565928453450526,2480.0,-6.565928453450526,2480.0,-8.15980241362528,2480.0,-6.512305616315226,2480.0,-1.5563440389041232,2480.0,7.105966962442694,2480.0,13.057744735379293,2480.0,13.057744735379293
2490.0,-9.552725220980127,2490.0,-9.55274336085981,2490.0,-8.375632796506368,2490.0,-6.529825738368371,2490.0,-6.529771115820054,2490.0,-6.529771115820054,2490.0,-8.16932715988833,2490.0,-6.38839165759532,2490.0,-1.6599165017128006,2490.0,6.898831480664029,2490.0,13.110390393977923,2490.0,13.110390393977923
2500.0,-9.546322131611143,2500.0,-9.546339637132347,2500.0,-8.357514723222897,2500.0,-6.4936000308928605,2500.0,-6.493517965959849,2500.0,-6.493517965959849,2500.0,-8.17868716387742,2500.0,-6.273623113313895,2500.0,-1.7571309667283934,2500.0,6.704411714469194,2500.0,13.162948156248266,2500.0,13.162948156248266
2510.0,-9.53995332206908,2510.0,-9.539969348668697,2510.0,-8.33935421268696,2510.0,-6.457289630768552,2510.0,-6.457170030536417,2510.0,-6.457170030534987,2510.0,-8.187886617633593,2510.0,-6.166779463227622,2510.0,-1.848708615150569,2510.0,6.521265258000603,2510.0,12.452552610101108,2510.0,13.215419041108312
2520.0,-9.53361952389562,2520.0,-9.533632849558662,2520.0,-8.32115301753142,2520.0,-6.42089804650174,2520.0,-6.4207283257027346,2520.0,-6.420728325531371,2520.0,-8.19692955676495,2520.0,-6.066829578853552,2520.0,-1.9352663333628786,2520.0,6.3481583102999695,2520.0,11.813434651524657,2520.0,13.26780405456919
2530.0,-9.527321430810737,2530.0,-9.527330357752803,2530.0,-8.30291304897514,2530.0,-6.384429104251799,2530.0,-6.384193859118736,2530.0,-6.384193856400512,2530.0,-8.205819868413649,2530.0,-5.972900550591426,2530.0,-2.017333313303069,2530.0,6.184032470637672,2530.0,11.24781971794289,2530.0,13.320104189932367
2540.0,-9.521059699670483,2540.0,-9.52106194753452,2540.0,-8.284636376734284,2540.0,-6.34788694751101,2540.0,-6.347567637081756,2540.0,-6.3475676182688305,2540.0,-8.21456129870056,2540.0,-5.884251787531683,2540.0,-2.095364893097723,2540.0,6.027977054236716,2540.0,10.744575566422407,2540.0,13.37232042798181
2550.0,-9.514834951709403,2550.0,-9.51482754401193,2550.0,-8.266325227198104,2550.0,-6.311276033043316,2550.0,-6.310850679147063,2550.0,-6.310850596416934,2550.0,-8.22315745969159,2550.0,-5.800253485611858,2550.0,-2.1697541068862454,2550.0,5.879205990334351,2550.0,10.294395847761564,2550.0,13.424453737169406
2560.0,-9.508647773864848,2560.0,-9.50862691949112,2560.0,-8.247981979867328,2560.0,-6.274601123281089,2560.0,-6.274044040083535,2560.0,-6.27404376682874,2560.0,-8.23161183592294,2560.0,-5.7203687160605705,2560.0,-2.2408413321436567,2560.0,5.737038525799088,2560.0,9.889491247576792,2560.0,13.476505073794685
2570.0,-9.502498719905129,2570.0,-9.502459691448346,2570.0,-8.229609161996688,2570.0,-6.237867275334368,2570.0,-6.237148837650021,2570.0,-6.237148096536065,2570.0,-8.239927790517912,2570.0,-5.644138515225386,2570.0,-2.3089223561465633,2570.0,5.600883090887031,2570.0,9.523333646048698,2570.0,13.528475382180774
2580.0,-9.496388311434249,2580.0,-9.496325322114291,2580.0,-8.211209441736203,2580.0,-6.20107982712694,2580.0,-6.200166284442717,2580.0,-6.200164543833983,2580.0,-8.248108570926979,2580.0,-5.571169463638049,2580.0,-2.374255128090388,2580.0,5.4702237940233465,2580.0,9.190444117199474,2580.0,13.58036559484679
2590.0,-9.490317038825912,2590.0,-9.490223119621266,2590.0,-8.192785620042702,2590.0,-6.164244381150004,2590.0,-6.163097721895487,2590.0,-6.163094058421756,2590.0,-8.256157314319363,2590.0,-5.501123330418736,2590.0,-2.437065417752917,2590.0,5.344609103743329,2590.0,8.886217191852936,2590.0,13.632176632676712
2600.0,-9.484285362103853,2600.0,-9.48415224059972,2600.0,-8.174340621594805,2600.0,-6.127366786275234,2600.0,-6.125944654590407,2600.0,-6.1259375814897945,2600.0,-8.264077052652313,2600.0,-5.433708432080347,2600.0,-2.497551563858302,2600.0,5.22364235142545,2600.0,8.606775124651193,2600.0,13.68390940508496
2610.0,-9.478293711780598,2610.0,-9.478111694085614,2610.0,-8.155877484922259,2610.0,-6.090453118039966,2610.0,-6.088708783277579,2610.0,-6.088696045765417,2610.0,-8.271870717441411,2610.0,-5.368672415120349,2610.0,-2.5558884640620354,2610.0,5.106973750929871,2610.0,8.34884699158388,2610.0,13.73556481017888
2620.0,-9.472342489613844,2620.0,-9.472100346538248,2620.0,-8.137399351899347,2620.0,-6.05350965773907,2620.0,-6.051392035262147,2620.0,-6.05137037547996,2620.0,-8.279541144253384,2620.0,-5.305796221677296,2620.0,-2.6122309326231394,2620.0,4.994293682974471,2620.0,8.109668341452732,2620.0,13.787143734918528
2630.0,-9.466432069144021,2630.0,-9.466116927666354,2630.0,-8.118909456637168,2630.0,-6.016542870529271,2630.0,-6.013996591040493,2630.0,-6.013961486121552,2630.0,-8.28709107694018,2630.0,-5.244889038792754,2630.0,-2.666716530422159,2630.0,4.885327034902281,2630.0,7.886897865634763,2630.0,13.838647055274935
2640.0,-9.460562796206466,2640.0,-9.460160037092724,2640.0,-8.100411114124086,2640.0,-5.97955938304986,2640.0,-5.976524906702179,2640.0,-5.976470284168642,2640.0,-8.294523171632209,2640.0,-5.185784065956858,2640.0,-2.71946795425594,2640.0,4.779828421957897,2640.0,7.678548162628046,2640.0,13.890075636387092
2650.0,-9.45473498957648,2650.0,-9.454228151858365,2650.0,-8.08190770891283,2650.0,-5.942565960995637,2650.0,-5.938979731851235,2650.0,-5.938897666964917,2650.0,-8.301840000507571,2650.0,-5.128334963861548,2650.0,-2.7705950576533156,2650.0,4.67757814556805,2650.0,7.4829281796139115,2650.0,13.941430332717472
2660.0,-9.44894894167584,2660.0,-9.448319634543022,2660.0,-8.06340268390372,2660.0,-5.9055694868128805,2660.0,-5.9013641227976175,2660.0,-5.901244522663566,2660.0,-8.309044055352684,2660.0,-5.072412870660809,2660.0,-2.8201965632845516,2660.0,4.578378768468526,2660.0,7.298595331176757,2660.0,13.992711988206226
2670.0,-9.443204919299184,2670.0,-9.442432741824156,2670.0,-8.044899529290849,2670.0,-5.868576937690639,2670.0,-5.863681450991812,2670.0,-5.8635117302027036,2670.0,-8.316137750928235,2670.0,-5.017903891387576,2670.0,-2.868361516948271,2670.0,4.482052206700576,2670.0,7.124315640680048,2670.0,14.04392143642389
2680.0,-9.437503164353515,2680.0,-9.436565633336436,2680.0,-8.026401771753804,2680.0,-5.831595364019778,2680.0,-5.825935406853671,2680.0,-5.825700159304128,2680.0,-8.323123428154046,2680.0,-4.964706982198113,2680.0,-2.9151705247529605,2680.0,4.388437255235734,2680.0,6.959030535233093,2680.0,14.095059500722321
2690.0,-9.431843894607173,2690.0,-9.43071638071451,2690.0,-8.007912963969497,2690.0,-5.794631868470732,2690.0,-5.788129999263541,2690.0,-5.787810670494036,2690.0,-8.330003357125175,2690.0,-4.912732164384088,2690.0,-2.960696808169033,2690.0,4.297387477872188,2690.0,6.80182916112464,2690.0,14.146126994383332
2700.0,-9.426227304483604,2700.0,-9.42488297675032,2700.0,-7.989436674542377,2700.0,-5.757693585850593,2700.0,-5.750269551099481,2700.0,-5.749844115181002,2700.0,-8.336779739970384,2700.0,-4.861899014084479,2700.0,-3.00500710586675,2700.0,4.208769403568306,2700.0,6.651925281652591,2700.0,14.197124720764817
2710.0,-9.420653565966786,2710.0,-9.419063344641682,2710.0,-7.970976478471509,2710.0,-5.720787663909172,2710.0,-5.712358691287906,2710.0,-5.711801335859018,2710.0,-8.343454713565318,2710.0,-4.81213538274038,2710.0,-3.0481624464732207,2710.0,4.122460980945933,2710.0,6.508637980553816,2710.0,14.248053473442466
2720.0,-9.41512282948668,2720.0,-9.413255347120469,2720.0,-7.952535948063767,2720.0,-5.683921245043156,2720.0,-5.674402343665316,2720.0,-5.673683166304732,2720.0,-8.350030352110181,2720.0,-4.763376310885967,2720.0,-3.0902188124066745,2720.0,4.038350250644885,2720.0,6.371375527605575,2720.0,14.298914036346389
2730.0,-9.409635224730044,2730.0,-9.407456795339634,2730.0,-7.934118644268334,2730.0,-5.647101448903675,2730.0,-5.636405713035404,2730.0,-5.635490431713844,2730.0,-8.35650866958021,2730.0,-4.715563104129832,2730.0,-3.131227711642285,2730.0,3.956334201818658,2730.0,6.239621873277936,2730.0,14.34970718389339
2740.0,-9.404190861425155,2740.0,-9.401665457509429,2740.0,-7.915728108504415,2740.0,-5.610335356000667,2740.0,-5.598374268907558,2740.0,-5.597223948827072,2740.0,-8.362891622056521,2740.0,-4.668642545376098,2740.0,-3.171236671516653,2740.0,3.876317784555109,2740.0,6.1129253305658375,2740.0,14.40043368111496
2750.0,-9.398789830119242,2750.0,-9.395879067255356,2750.0,-7.897367855013376,2750.0,-5.5736299923493,2750.0,-5.560313727355818,2750.0,-5.558884526062935,2750.0,-8.369181109944494,2750.0,-4.622566221646285,2750.0,-3.2102896663921436,2750.0,3.798213054578803,2750.0,5.990889077629148,2750.0,14.451094283781659
2760.0,-9.393432202943654,2760.0,-9.390095331654864,2760.0,-7.8790413637399,2760.0,-5.5369923151701705,2760.0,-5.522230031395102,2760.0,-5.520472963654642,2760.0,-8.37537898008603,2760.0,-4.577289947443033,2760.0,-3.2484274890981,2760.0,3.7219384303996215,2760.0,5.873163177350768,2760.0,14.501689738524385
2770.0,-9.38811803436183,2770.0,-9.384311938916813,2770.0,-7.860752073736777,2770.0,-5.500429199639459,2770.0,-5.4841293302400995,2770.0,-5.481990053784241,2770.0,-8.3814870277716,2770.0,-4.532773269570765,2770.0,-3.285688074479814,2770.0,3.6474180462453956,2770.0,5.759437861641976,2770.0,14.552220782952842
2780.0,-9.382847361864705,2780.0,-9.378526565647874,2780.0,-7.842503377056946,2780.0,-5.463947426649166,2780.0,-5.446017957755219,2780.0,-5.443436580680949,2780.0,-8.387506998656766,2780.0,-4.488979040799878,2780.0,-3.322106782061666,2780.0,3.5745811867638704,2780.0,5.649437871147268,2780.0,14.602688145772818
2790.0,-9.377620206556971,2790.0,-9.372736883630676,2790.0,-7.824298613066528,2790.0,-5.427553671503642,2790.0,-5.407902410345574,2790.0,-5.404813320625039,2790.0,-8.39344059058517,2790.0,-4.4458730518145195,2790.0,-3.357716643724389,2790.0,3.503361791690707,2790.0,5.542917676467266,2790.0,14.65309254690565
2800.0,-9.372436573704968,2800.0,-9.366940566176362,2800.0,-7.806141063240821,2800.0,-5.391254493603365,2800.0,-5.369789324637525,2800.0,-5.366121041930196,2800.0,-8.399289455323556,2800.0,-4.403423712599321,2800.0,-3.3925485813774925,2800.0,3.4336980205217325,2800.0,5.439657436393887,2800.0,14.703434697609532
2810.0,-9.367296453291733,2810.0,-9.361135294089733,2810.0,-7.788033946472707,2810.0,-5.355056327131476,2810.0,-5.331685455234488,2810.0,-5.327360504947663,2810.0,-8.405055200215836,2810.0,-4.36160177584671,2810.0,-3.42663159883779,2810.0,3.3655318687697546,2810.0,5.339459572996037,2810.0,14.753715300600467
2820.0,-9.362199820554899,2820.0,-9.355318761223453,2820.0,-7.769980414855211,2820.0,-5.31896547268871,2820.0,-5.293597652736717,2820.0,-5.288532462070078,2820.0,-8.41073938976112,2820.0,-4.320380096152313,2820.0,-3.4599929514774272,2820.0,3.298808828679724,2820.0,5.242145863578139,2820.0,14.8039350501725
2830.0,-9.35714663650427,2830.0,-9.349488679618746,2830.0,-7.751983549914841,2830.0,-5.282988089835339,2830.0,-5.25553284219986,2830.0,-5.249637657729608,2830.0,-8.416343547120453,2830.0,-4.27973341975611,2830.0,-3.492658296663186,2830.0,3.2334775883593596,2830.0,5.14755496626964,2830.0,14.854094632316574
2840.0,-9.352136848422372,2840.0,-9.343642784243558,2840.0,-7.734046359281627,2840.0,-5.247130190506686,2840.0,-5.2174980021895845,2840.0,-5.210676828395525,2840.0,-8.421869155556275,2840.0,-4.239638200413584,2840.0,-3.5246518275542997,2840.0,3.1694897641908275,2840.0,5.055540309888207,2840.0,14.904194724838046
2850.0,-9.347170390348895,2850.0,-9.3377788373354,2850.0,-7.716171773774312,2850.0,-5.211397633260396,2850.0,-5.179500144556699,2850.0,-5.171650702570075,2850.0,-8.427317659808704,2850.0,-4.200072437671454,2850.0,-3.555996392444513,2850.0,3.106799662152705,2850.0,4.9659682902420785,2850.0,14.954235997472452
2860.0,-9.342247183413885,2860.0,-9.331894632226387,2860.0,-7.69836264474651,2860.0,-5.175796118180197,2860.0,-5.141546294901247,2860.0,-5.132560000649466,2860.0,-8.432690467411097,2860.0,-4.161015534399494,2860.0,-3.586713601511947,2860.0,3.045364064324284,2860.0,4.878716724606075,2860.0,15.004219112000138
2870.0,-9.337367135935725,2870.0,-9.325987996576043,2870.0,-7.680621741586015,2870.0,-5.140331182307022,2870.0,-5.103643473719092,2870.0,-5.093405434563405,2870.0,-8.437988949947984,2870.0,-4.122448170913469,2870.0,-3.616823922570314,2870.0,2.9851420373852706,2870.0,4.793673524054082,2870.0,15.054144722360375
2880.0,-9.33253014366183,2880.0,-9.320056795406018,2880.0,-7.6629517497259885,2880.0,-5.105008195934667,2880.0,-5.0657986786715385,2880.0,-5.054187707573502,2880.0,-8.443214444260459,2880.0,-4.08435219343186,2880.0,-3.6463467671889638,2880.0,2.926094760377503,2880.0,4.710735549934517,2880.0,15.104013474762642
2890.0,-9.327736090191003,2890.0,-9.314098933987564,2890.0,-7.6453552691827396,2890.0,-5.069832359763288,2890.0,-5.028018868057368,2890.0,-5.014907514266726,2890.0,-8.448368253602661,2890.0,-4.046710514948104,2890.0,-3.675300568355807,2890.0,2.8681853693824393,2890.0,4.6298076262715115,2890.0,15.153826007794189
2900.0,-9.32298484747792,2900.0,-9.308112360499791,2900.0,-7.627834813501541,2900.0,-5.0348087027708734,2900.0,-4.990310945417583,2900.0,-4.975565540646429,2900.0,-8.453451648751791,2900.0,-4.009507026884166,2900.0,-3.7037028506920535,2900.0,2.811378817095706,2900.0,4.550801684448201,2900.0,15.203582952524075
2910.0,-9.318276276384989,2910.0,-9.30209506843776,2910.0,-7.610392809052547,2910.0,-4.999942080724048,2910.0,-4.952681745250483,2910.0,-4.9361624642839415,2910.0,-8.458465869073725,2910.0,-3.972726520131403,2910.0,-3.7315702940896696,2910.0,2.7556417455570954,2910.0,4.473636020336401,2910.0,15.25328493260435
2920.0,-9.313610227257383,2920.0,-9.296045098763848,2920.0,-7.593031594633869,2920.0,-4.965237175264783,2920.0,-4.915138019817221,2920.0,-4.896698954508065,2920.0,-8.4634121235461,2920.0,-3.9363546142871804,2920.0,-3.758918791524557,2920.0,2.700942370529327,2920.0,4.398234647210495,2920.0,15.302932564368584
2930.0,-9.30898654050622,2930.0,-9.289960541802124,2930.0,-7.575753421345169,2930.0,-4.930698493516812,2930.0,-4.877686427014394,2930.0,-4.857175672615608,2930.0,-8.46829159174093,2930.0,-3.9003776940665245,2930.0,-3.7857635016987494,2930.0,2.647250376218998,2930.0,4.324526730429532,2930.0,15.3525264569279
2940.0,-9.30440504726006,2940.0,-9.283839538953078,2940.0,-7.558560452773819,2940.0,-4.896330368234508,2940.0,-4.840333519359439,2940.0,-4.817593272164013,2940.0,-8.473105424770267,2940.0,-3.8647828520141023,2940.0,-3.812118897081381,2940.0,2.594536819201956,2940.0,4.252446092079091,2940.0,15.402067212263253
2950.0,-9.299865570198193,2950.0,-9.277680284357498,2950.0,-7.5414547655879085,2950.0,-4.862136958570365,2950.0,-4.803085734179592,2950.0,-4.777952399458776,2950.0,-8.47785474619801,2950.0,-3.829557836763813,2950.0,-3.8379988078447025,2950.0,2.5427740405616244,2950.0,4.181930775610491,2950.0,15.451555425312485
2960.0,-9.295367924328565,2960.0,-9.271481026287725,2960.0,-7.524438350280787,2960.0,-4.8281222511879776,2960.0,-4.7659493847388,2960.0,-4.738253693997846,2960.0,-8.482540652916319,2960.0,-3.794691006191534,2960.0,-3.8634164621244254,2960.0,2.4919355853783784,2960.0,4.112922662063234,2960.0,15.50099168405586
2970.0,-9.290911917597622,2970.0,-9.265240068170009,2970.0,-7.507513111938494,2970.0,-4.7942900615752535,2970.0,-4.728930652158533,2970.0,-4.698497788761258,2970.0,-8.487164215986319,2970.0,-3.760171284896954,2970.0,-3.888384522981796,2970.0,2.4419961288133454,2970.0,4.045367130746765,2970.0,15.55037656960182
2980.0,-9.286497351391073,2980.0,-9.258955769309821,2980.0,-7.490680871071018,2980.0,-4.760644035582644,2980.0,-4.692035578153432,2980.0,-4.658685310402806,2980.0,-8.491726481445433,2980.0,-3.7259881255269196,2980.0,-3.9129151224008716,2980.0,2.392931408120369,2980.0,3.9792127583385812,2980.0,15.599710656272457
2990.0,-9.282124020955576,2990.0,-9.252626545366617,2990.0,-7.473943364523887,2990.0,-4.727187651187904,2990.0,-4.655270058574823,2990.0,-4.618816879375552,2990.0,-8.496228471082846,2990.0,-3.6921314735166084,2990.0,-3.9370198926145155,2990.0,2.3447181599992333,2990.0,3.9144110512644468,2990.0,15.648994511688725
3000.0,-9.277791715761662,3000.0,-9.24625086861025,3000.0,-7.457302246474177,3000.0,-4.693924220476927,3000.0,-4.618639837739873,3000.0,-4.578893110009466,3000.0,-8.500671183185007,3000.0,-3.658591734879264,3000.0,-3.9607099950182985,3000.0,2.297334062772083,3000.0,3.8509162069897798,3000.0,15.698228696854722
3010.0,-9.273500219828042,3010.0,-9.239827267993464,3010.0,-7.440759089518047,3010.0,-4.660856891834347,3010.0,-4.5821505035250585,3010.0,-4.538914610563429,3010.0,-8.505055593252438,3010.0,-3.625359746721833,3010.0,-3.983996146901581,3010.0,2.2507576829247258,3010.0,3.788684900493706,3010.0,14.984548476259219
3020.0,-9.269249312036303,3020.0,-9.233354329082088,3020.0,-7.424315385865947,3020.0,-4.627988652347279,3020.0,-4.545807483210107,3020.0,-4.498881983441769,3020.0,-8.50938265468891,3020.0,-3.5924267502034914,3020.0,-4.006888646198827,3020.0,2.2049684256063524,3020.0,3.727676092738522,3020.0,14.342185235615213
3030.0,-9.265038766362476,3030.0,-9.226830693780062,3030.0,-7.407972548558505,3030.0,-4.595322330323181,3030.0,-4.509616039954322,3030.0,-4.4587958270490144,3030.0,-8.513653299464181,3030.0,-3.559784365688615,3030.0,-4.0293973944418155,3030.0,2.159946488726296,3030.0,3.66785085840365,3030.0,13.773363479574616
3040.0,-9.260868352054434,3040.0,-9.220255059892013,3040.0,-7.391731912722596,3040.0,-4.562860597930196,3040.0,-4.473581269893177,3040.0,-4.4186567426475385,3040.0,-8.517868438751922,3040.0,-3.527424569876445,3040.0,-4.051531918074755,3040.0,2.115672820324592,3040.0,3.6091722305380403,3040.0,13.266950139950215
3050.0,-9.25673783383214,3050.0,-9.213626180608573,3050.0,-7.37559473693165,3050.0,-4.5306059740135405,3050.0,-4.437708099887239,3050.0,-4.378465348467171,3050.0,-8.522028963544058,3050.0,-3.4953396747143577,3050.0,-4.073301388276096,3050.0,2.0721290789286884,3050.0,3.551605060112111,3050.0,12.813638130561163
3060.0,-9.252646972094698,3060.0,-9.206942863910351,3060.0,-7.359562204645715,3060.0,-4.498560827053675,3060.0,-4.402001285867021,3060.0,-4.338222301097221,3060.0,-8.526135745242037,3060.0,-3.463522307923847,3060.0,-4.094714639415778,3060.0,2.0292975966383264,3060.0,3.4951158887275247,3060.0,12.405637471004269
3070.0,-9.24859552312592,3070.0,-9.200203971891392,3070.0,-7.343635425713143,3070.0,-4.466727378239032,3070.0,-4.366465411724123,3070.0,-4.297928322911887,3070.0,-8.530189636226286,3070.0,-3.431965394988001,3070.0,-4.1157801862638435,3070.0,1.98716134470733,3070.0,3.4396728329775685,3070.0,12.036419432646225
3080.0,-9.244583239299663,3080.0,-9.193408420011318,3080.0,-7.327815437925557,3080.0,-4.435107704636588,3080.0,-4.33110488870919,3080.0,-4.257584233704077,3080.0,-8.534191470404895,3080.0,-3.400662142466089,3080.0,-4.136506240054555,3080.0,1.945703901413752,3080.0,3.3852454791512345,3080.0,11.700504526974122
3090.0,-9.24060986934733,3090.0,-9.186555176348952,3090.0,-7.312103208682377,3090.0,-4.403703742508683,3090.0,-4.295923955362674,3090.0,-4.217190984618702,3090.0,-8.53814206374305,3090.0,-3.3696060225159097,3090.0,-4.156900723500431,3090.0,1.9049094220305298,3090.0,3.3318047871441823,3090.0,11.393286759874556
3100.0,-9.236675159124076,3100.0,-9.179643261299862,3100.0,-7.296499637191953,3100.0,-4.372517291195983,3100.0,-4.260926678375921,3100.0,-4.176749692957108,3100.0,-8.542042214778903,3100.0,-3.338790758521889,3100.0,-4.176971284845886,3100.0,1.864762610722081,3100.0,3.2793230025812816,3100.0,11.110887891748643
3110.0,-9.232778852598718,3110.0,-9.172671747451059,3110.0,-7.281005556928355,3110.0,-4.341550017278916,3110.0,-4.226116954073145,3110.0,-4.136261675963641,3110.0,-8.545892705131152,3110.0,-3.3082103117374078,3110.0,-4.196725311041295,3110.0,1.8252486942095958,3110.0,3.227773576280954,3110.0,10.850036529548662
3120.0,-9.228920692424047,3120.0,-9.16563975899675,3120.0,-7.265621737694569,3120.0,-4.310803458362283,3120.0,-4.191498509837495,3120.0,-4.095728481647653,3120.0,-8.549694299993453,3120.0,-3.2778588688497283,3120.0,-4.216169940101304,3120.0,1.7863533970718286,3120.0,3.177131090308671,3120.0,10.607967773873321
3130.0,-9.225100420294869,3130.0,-9.158546470907543,3130.0,-7.250348887492279,3130.0,-4.280279026677638,3130.0,-4.1570749056550795,3130.0,-4.055151915863651,3130.0,-8.55344774861272,3130.0,-3.2477308303867987,3130.0,-4.2353120727067814,3130.0,1.7480629185590635,3130.0,3.1273711899571817,3130.0,10.38233988525607
3140.0,-9.221317777209245,3140.0,-9.151391107975732,3140.0,-7.235187654309601,3140.0,-4.2499780126095565,3140.0,-4.12284953586312,3140.0,-4.014534065087934,3140.0,-8.557153784751213,3140.0,-3.2178207998953394,3140.0,-4.254158383106727,3140.0,1.7103639108065973,3140.0,3.0784705210678127,3140.0,10.171165045946546
3150.0,-9.217572503657074,3150.0,-9.144172943765586,3150.0,-7.2201386278455315,3150.0,-4.219901588160024,3150.0,-4.08882563109691,3150.0,-3.9738773145082513,3150.0,-8.560813127132597,3150.0,-3.188123573827181,3150.0,-4.27271532937192,3150.0,1.6732434583441027,3150.0,3.0304066721753466,3150.0,9.972751799273695
3160.0,-9.21386433975181,3160.0,-9.136891299488937,3160.0,-7.205202341181611,3160.0,-4.190050810357085,3160.0,-4.055006260423354,3160.0,-3.933184361263548,3160.0,-8.56442647987238,3160.0,-3.1586341320766707,3160.0,-4.290989163047464,3160.0,1.6366890588059002,3160.0,2.9831581210186386,3160.0,9.785657166614675
3170.0,-9.210193025242999,3170.0,-9.129545542749643,3170.0,-7.190379272336053,3170.0,-4.160426624539121,3170.0,-4.021394333574542,3170.0,-3.8924582227848714,3170.0,-8.567994532892316,3170.0,-3.129347629116952,3170.0,-4.308985938246839,3170.0,1.6006886047563553,3170.0,2.936704185010995,3170.0,9.608646787376765
3180.0,-9.206558299039244,3180.0,-9.122135085789681,3180.0,-7.175669845324861,3180.0,-4.1310298671359185,3180.0,-3.987992602885667,3180.0,-3.8517022400237506,3180.0,-8.571517962312354,3180.0,-3.1002593856813134,3180.0,-4.326711520219965,3180.0,1.5652303665581688,3180.0,2.8910249753159913,3180.0,9.440661712860347
3190.0,-9.20295989857242,3190.0,-9.11465938357123,3190.0,-7.161074431057316,3190.0,-4.10186126827058,3190.0,-3.9548036652452083,3190.0,-3.810920076168405,3190.0,-8.574997430815444,3190.0,-3.0713648809423484,3190.0,-4.34417159342657,3190.0,1.530302976215798,3190.0,2.8461013542113447,3190.0,9.28079072082568
3200.0,-9.199397559457697,3200.0,-9.107117932154425,3200.0,-7.146593348518787,3200.0,-4.072921454632583,3200.0,-3.9218299644923316,3200.0,-3.770115711651858,3200.0,-8.578433587994132,3200.0,-3.042659745158275,3200.0,-4.361371669156445,3200.0,1.4958954121193753,3200.0,2.8019148954446482,3200.0,9.128247212638726
3210.0,-9.195871015294582,3210.0,-9.099510267218108,3210.0,-7.132226866081829,3210.0,-4.044210952460274,3210.0,-3.8890737940854203,3210.0,-3.7292934356950758,3210.0,-8.581827070683524,3210.0,-3.3002172056145818,3210.0,-4.378317092731441,3210.0,1.4619969846233836,3210.0,2.758447847318554,3210.0,8.982349916159754
3220.0,-9.19237999754892,3220.0,-9.091835962727075,3220.0,-7.117975202883254,3220.0,-4.015730190568295,3220.0,-3.8565372999635126,3220.0,-3.6884578347535792,3220.0,-8.585178503282739,3220.0,-3.531199006520595,3220.0,-4.395013050318899,3220.0,1.4285973224025483,3220.0,2.7156830982727898,3220.0,8.842506750916666
3230.0,-9.1889242355061,3230.0,-9.08409463032072,3230.0,-7.103838530256475,3230.0,-3.987479503407303,3230.0,-3.824222483575042,3230.0,-3.6476137782980396,3230.0,-8.588488498065628,3230.0,-3.7347658823038614,3230.0,-4.411464575382695,3230.0,1.3956863595326374,3230.0,2.6736041447540755,3230.0,8.708201322417636
3240.0,-9.185503456287712,3240.0,-9.076285920666585,3240.0,-7.089816973207979,3240.0,-3.959459134143037,3240.0,-3.792131205049002,3240.0,-3.6067664023553463,3240.0,-8.591757655481793,3240.0,-3.915088080932181,3240.0,-4.427676554796474,3240.0,1.3632543232480288,3240.0,2.6321950611861586,3240.0,8.578981603712673
3250.0,-9.182117384916285,3250.0,-9.06840952758137,3250.0,-7.075910611921011,3250.0,-3.931669237736309,3250.0,-3.760265186478568,3250.0,-3.5659210912162456,3250.0,-8.594986564448552,3250.0,-4.075651462087111,3250.0,-4.443653734641061,3250.0,1.33129172233183,3250.0,2.5914404718703,3250.0,8.454450437817142
3260.0,-9.178765744398998,3260.0,-9.060465194910435,3260.0,-7.062119483257197,3260.0,-3.904109883993305,3260.0,-3.728626015275975,3260.0,-3.5250834576813,3260.0,-8.59817580263605,3260.0,-4.21937326674847,3260.0,-4.459400725708445,3260.0,1.2997893360961132,3260.0,2.551325524661236,3260.0,8.334257557093306
3270.0,-9.175448255859532,3270.0,-9.052452725730097,3270.0,-7.048443582282483,3270.0,-3.876781060611515,3270.0,-3.697215147614011,3270.0,-3.484259322244895,3270.0,-8.601325936747765,3270.0,-4.348698016061363,3270.0,-4.474922008732782,3270.0,1.2687382039128254,3270.0,2.5118358662780493,3270.0,8.218092867407607
3280.0,-9.17216463874757,3280.0,-9.044371993219535,3280.0,-7.034882863845809,3280.0,-3.84968267624869,3280.0,-3.666033911972169,3280.0,-3.443454691588067,3280.0,-8.604437522795404,3280.0,-4.4656769790246535,3280.0,-4.490221939364405,3280.0,1.2381296152622439,3280.0,2.472957619125465,3280.0,8.105680787709174
3290.0,-9.168914611093983,3290.0,-9.036222952433008,3290.0,-7.021437244179056,3290.0,-3.8228145635825963,3290.0,-3.6350835127466024,3290.0,-3.4026757366581757,3290.0,-8.607511106367566,3290.0,-4.572034047957825,3290.0,-4.505304752902011,3290.0,1.207955100267689,3290.0,2.4346773595119613,3290.0,7.996775471139403
3300.0,-9.16569788979088,3300.0,-9.028005652252899,3300.0,-7.008106602495122,3300.0,-3.7961764823378217,3300.0,-3.6043650338920026,3300.0,-3.3619287705884426,3300.0,-8.61054722289174,3300.0,-4.669220367599829,3300.0,-4.520174568797096,3300.0,1.1782064206873974,3300.0,2.3969820971612696,3300.0,7.891156763163956
3310.0,-9.162514190878904,3310.0,-9.019720246901718,3310.0,-6.994890782566146,3310.0,-3.7697681222610577,3310.0,-3.573879442569392,3310.0,-3.3212202266823136,3310.0,-8.613546397889568,3310.0,-4.758459656770674,3310.0,-4.534835394944099,3310.0,1.1488755613366162,3310.0,2.3598592559226796,3310.0,7.788626776564471
3320.0,-9.15936322982691,3320.0,-9.011367006510698,3320.0,-6.9817895942670765,3320.0,-3.7435891060297597,3320.0,-3.543627592777693,3320.0,-3.2805566366590053,3320.0,-8.61650914722505,3320.0,-4.840785825432936,3320.0,-4.549291131768507,3320.0,1.1199547219145944,3320.0,2.3232966555937926,3320.0,7.689006983310597
3330.0,-9.156244721803104,3330.0,-9.002946326375461,3330.0,-6.968802815082898,3330.0,-3.717638992092174,3330.0,-3.513610228960683,3330.0,-3.2399446093390827,3330.0,-8.619435977344398,3330.0,-4.917074212339457,3330.0,-4.56354557612297,3330.0,1.0914363092145207,3330.0,2.287282494778161,3330.0,7.59213574007069
3340.0,-9.153158381967582,3340.0,-8.994458734675476,3340.0,-6.9559301916088065,3340.0,-3.691917277467898,3340.0,-3.4838279896124864,3340.0,-3.1993908099515314,3340.0,-8.622327385501368,3340.0,-4.988067539057921,3340.0,-4.577602424996519,3340.0,1.0633129297004247,3340.0,2.251805334711307,3340.0,7.497866178008517
3350.0,-9.150103925706219,3350.0,-8.98590489842427,3350.0,-6.943171440963216,3350.0,-3.666423400428705,3350.0,-3.4542814107959043,3350.0,-3.1589019401079783,3350.0,-8.625183859969226,3350.0,-5.054397486630397,3350.0,-4.591465279047538,3350.0,1.035577382429919,3350.0,2.2168540839879434,3350.0,7.406064399030197
3360.0,-9.147081068742537,3360.0,-8.977285627521907,3360.0,-6.930526252050848,3360.0,-3.641156742996999,3360.0,-3.4249709295057817,3360.0,-3.118484718482975,3360.0,-8.628005880246864,3360.0,-5.116602644508391,3360.0,-4.605137645977932,3360.0,1.0082226522958055,3360.0,2.1824179841215408,3360.0,7.3166079302064375
3370.0,-9.144089527216758,3370.0,-8.968601877003177,3370.0,-6.917994286764055,3370.0,-3.616116633350053,3370.0,-3.3958968869610024,3370.0,-3.0781458623683275,3370.0,-8.630793917262732,3370.0,-5.17514345195941,3370.0,-4.618622943760365,3370.0,0.9812419035657913,3370.0,2.148486595876879,3370.0,7.229384396048516
3380.0,-9.141129017783957,3380.0,-8.959854747591717,3380.0,-6.9055751811743376,3380.0,-3.5913023481821975,3380.0,-3.3670595318729366,3380.0,-3.037892070213704,3380.0,-8.633548433576395,3380.0,-5.230414645152421,3380.0,-4.631924503726804,3380.0,0.9546284737035844,3380.0,2.115049786324138,3380.0,7.144290374926648
3390.0,-9.138199257732206,3390.0,-8.951045484664672,3390.0,-6.893268546716021,3390.0,-3.5667131150270945,3390.0,-3.33845902368856,3390.0,-2.9977300051983042,3390.0,-8.636269883577036,3390.0,-5.282755634692377,3390.0,-4.645045573525056,3390.0,0.9283758674569684,3390.0,2.0820977165678687,3390.0,7.061230411414891
3400.0,-9.135299965109398,3400.0,-8.942175475745563,3400.0,-6.881073971350079,3400.0,-3.5423481145284175,3400.0,-3.3100954357929995,3400.0,-2.9576662798492133,3400.0,-8.638958713677818,3400.0,-5.332459165260962,3400.0,-4.6579893199496105,3400.0,0.9024777511992854,3400.0,2.0496208301078362,3400.0,6.9801161609194
3410.0,-9.132430858812793,3410.0,-8.933246246629068,3410.0,-6.86899102066258,3410.0,-3.5182064826136688,3410.0,-3.2819687586229396,3410.0,-2.917707441675036,3410.0,-8.641615362508297,3410.0,-5.379778548570079,3410.0,-4.670758831655109,3410.0,0.876927947509133,3410.0,2.017609841789745,3410.0,6.900865646752175
3420.0,-9.129591658530268,3420.0,-8.924259456188137,3420.0,-6.857019238786455,3420.0,-3.494287312460272,3420.0,-3.2540789025770476,3420.0,-2.877859959706213,3420.0,-8.644240261112234,3420.0,-5.424933710847282,3420.0,-4.683357121766389,3420.0,0.8517204299680842,3420.0,1.9860557273007404,3420.0,6.823402612979965
3430.0,-9.126782084748394,3430.0,-8.915216890243466,3430.0,-6.84515814936347,3430.0,-3.470589656471148,3430.0,-3.226425700937941,3430.0,-2.8381302121516603,3430.0,-8.646833833148516,3430.0,-5.468116254712952,3430.0,-4.6957871303883865,3430.0,0.8268493181669523,3430.0,1.9549497131775624,3430.0,6.74765595903478
3440.0,-9.124001858944702,3440.0,-8.906120454774683,3440.0,-6.833407256662503,3440.0,-3.447112528376381,3440.0,-3.1990089129198,3440.0,-2.7985244752723015,3440.0,-8.649396495084904,3440.0,-5.509493701094362,3440.0,-4.708051727011013,3440.0,0.8023088729200427,3440.0,1.9242832673058452,3440.0,6.673559244289307
3450.0,-9.121250703787988,3450.0,-8.896972168455955,3450.0,-6.821766046679136,3450.0,-3.423854905286394,3450.0,-3.1718282266648723,3450.0,-2.7590489132739457,3450.0,-8.651928656380607,3450.0,-5.5492130485249325,3450.0,-4.7201537128102045,3450.0,0.7780934916810387,3450.0,1.8940480898848764,3450.0,6.601050252640305
3460.0,-9.118528343275173,3460.0,-8.887774154593606,3460.0,-6.810233988144998,3460.0,-3.4008157296256365,3460.0,-3.144883262115845,3460.0,-2.719709569119799,3460.0,-8.654430719657897,3460.0,-5.587403763758467,3460.0,-4.732095822849983,3460.0,0.7541977041505238,3460.0,1.8642361048301885,3460.0,6.530070608682066
3470.0,-9.115834502811165,3470.0,-8.878528632612355,3470.0,-6.798810533454664,3470.0,-3.3779939109550057,3470.0,-3.118173573770507,3470.0,-2.6805123562374753,3470.0,-8.656903080864302,3470.0,-5.624180298240137,3470.0,-4.743880728191595,3470.0,0.7306161680646476,3470.0,1.8348394515869857,3470.0,6.4605654383430915
3480.0,-9.113168909253954,3480.0,-8.869237909239196,3480.0,-6.787495119531678,3480.0,-3.355388327705226,3480.0,-3.091698653339357,3480.0,-2.6414630511057626,3480.0,-8.659346129426803,3480.0,-5.659644208922398,3480.0,-4.755511037915379,3480.0,0.7073436651548827,3480.0,1.8058504773292507,3480.0,6.3924830679419005
3490.0,-9.110531290944325,3490.0,-8.85990436952006,3490.0,-6.776287168654146,3490.0,-3.3329978288420414,3490.0,-3.0654579323254834,3490.0,-2.6025672867021816,3490.0,-8.661760248399831,3490.0,-5.693885948618815,3490.0,-4.766989301060943,3490.0,0.6843750972691206,3490.0,1.7772617295209163,3490.0,6.325774756526612
3500.0,-9.107921377790557,3500.0,-8.8505304678429,3500.0,-6.765186089310248,3500.0,-3.3108212355342457,3500.0,-3.0394507845966214,3500.0,-2.563830546840672,3500.0,-8.664145814608935,3500.0,-5.726986380074577,3500.0,-4.778318008491433,3500.0,0.6617054826445818,3500.0,1.74906594881648,3500.0,6.260394457125598
3510.0,-9.10533890139477,3510.0,-8.841118719044196,3510.0,-6.754191277071815,3510.0,-3.288857342813259,3510.0,-3.013676528936808,3510.0,-2.5252581613449196,3510.0,-8.666503198789908,3510.0,-5.759018058802698,3510.0,-4.789499594684981,3510.0,0.6393299523258793,3510.0,1.7212560622826198,3510.0,6.196298603181485
3520.0,-9.102783595141206,3520.0,-8.831671689597602,3520.0,-6.743302115405645,3520.0,-3.267104921144416,3520.0,-2.9881344314969334,3520.0,-2.4868553019336463,3520.0,-8.668832765722525,3520.0,-5.7900463221680125,3520.0,-4.800536439455859,3520.0,0.6172437467220696,3520.0,1.6938251769234285,3520.0,6.133445916981519
3530.0,-9.100255194256588,3530.0,-8.82219198896269,3530.0,-6.732517976433852,3530.0,-3.2455627179219126,3530.0,-2.962823708155226,3530.0,-2.4486269787855823,3530.0,-8.671134874359582,3530.0,-5.820130215927862,3530.0,-4.811430869609129,3530.0,0.5954422122959425,3530.0,1.6667665734923434,3530.0,6.071797237353189
3540.0,-9.097753435851201,3540.0,-8.812682261158015,3540.0,-6.721838221651675,3540.0,-3.2242294588964406,3540.0,-2.937743526795979,3540.0,-2.410578037749106,3540.0,-8.673409877951725,3540.0,-5.849323284232815,3540.0,-4.822185160532157,3540.0,0.5739207983790269,3540.0,1.6400737005746842,3540.0,6.0113153642789445
3550.0,-9.095278058941025,3550.0,-8.8031451766068,3550.0,-6.711262202604974,3550.0,-3.203103849538287,3550.0,-2.9128930095086316,3550.0,-2.372713158155713,3550.0,-8.675658124168447,3550.0,-5.877674244770535,3550.0,-4.832801537726054,3550.0,0.5526750541062834,3550.0,1.6137401689260265,3550.0,5.9519649184110754
3560.0,-9.092828804459808,3560.0,-8.79358342430135,3560.0,-6.700789261535417,3560.0,-3.182184576344503,3560.0,-2.8882712347153183,3560.0,-2.335036851203126,3560.0,-8.677879955215655,3560.0,-5.905227567148337,3560.0,-4.843282178280137,3560.0,0.5317006254649285,3560.0,1.5877597460524353,3560.0,5.893712213744372
3570.0,-9.090405415348597,3570.0,-8.78399970440244,3570.0,-6.690418732082118,3570.0,-3.1614703081794975,3570.0,-2.863877239315754,3570.0,-2.297553458955492,3570.0,-8.680075707950879,3570.0,-5.932023969631316,3570.0,-4.8536292122930105,3570.0,0.5109932524510281,3570.0,1.5621263510188335,3570.0,5.836525141938365
3580.0,-9.088007636768204,3580.0,-8.774396721342589,3580.0,-6.680149940085166,3580.0,-3.1409596976951026,3580.0,-2.8397100208951462,3580.0,-2.2602671539661503,3580.0,-8.682245713999292,3580.0,-5.958100846876827,3580.0,-4.863844724245341,3580.0,0.4905487663264214,3580.0,1.5368340494707429,3580.0,5.78037306697981
3590.0,-9.085635216216396,3590.0,-8.764777177230076,3590.0,-6.669982204274226,3590.0,-3.120651382613819,3590.0,-2.8157685397785825,3590.0,-2.2231819392672882,3590.0,-8.684390299868447,3590.0,-5.983492639242311,3590.0,-4.873930754325107,3590.0,0.47036308697289436,3590.0,1.51187704885988,3590.0,5.725226729050654
3600.0,-9.083287903574053,3600.0,-8.755143765588253,3600.0,-6.659914836866293,3600.0,-3.100543986899948,3600.0,-2.79205172095635,3600.0,-2.186301648713408,3600.0,-8.686509787060018,3600.0,-6.008231152527683,3600.0,-4.883889299704941,3600.0,0.4504322203419256,3600.0,1.4872496938656155,3600.0,5.671058156613775
3610.0,-9.080965451125678,3610.0,-8.745499165480345,3610.0,-6.649947144118575,3610.0,-3.08063612186514,3610.0,-2.768558455926575,3610.0,-2.149629947688756,3610.0,-8.688604492177403,3610.0,-6.03234583558804,3610.0,-4.8937223157729415,3610.0,0.4307522559962997,3610.0,1.46294646200307,3610.0,5.617840585851751
3620.0,-9.078667613556007,3620.0,-8.735846036022053,3620.0,-6.640078426838992,3620.0,-3.060926387211445,3620.0,-2.7452876044581376,3620.0,-2.1131703341471213,3620.0,-8.690674727029672,3620.0,-6.055864022063015,3620.0,-4.903431717319009,3620.0,0.41131936473998104,3620.0,1.438961959408623,3620.0,5.565548386700288
3630.0,-9.076394147926202,3630.0,-8.726187011282466,3630.0,-6.630307980857612,3630.0,-3.0414133720156857,3630.0,-2.722237996277679,3630.0,-2.076926139954708,3630.0,-8.692720798731903,3630.0,-6.078811141477285,3630.0,-4.913019379678586,3630.0,0.3921297963321154,3630.0,1.41529091679393,3630.0,5.514156994810243
3640.0,-9.074144813631026,3640.0,-8.716524695569461,3640.0,-6.620635097462283,3640.0,-3.0220956556590166,3640.0,-2.6994084326845242,3640.0,-2.0409005325085383,3640.0,-8.694743009802295,3640.0,-6.101210904138,3640.0,-4.922487139835798,3640.0,0.37317987728168867,3640.0,1.3919281855602201,3640.0,5.4636428488515
3650.0,-9.071919372301906,3650.0,-8.706861659054423,3650.0,-6.611059063762466,3650.0,-3.0029718086661767,3650.0,-2.676797688058073,3650.0,-2.0050965165650627,3650.0,-8.69674165825389,3650.0,-6.123085463561266,3650.0,-4.931836797485596,3650.0,0.35446600872147765,3650.0,1.3688687340671102,3650.0,5.413983332642921
3660.0,-9.069717587651896,3660.0,-8.697200433722404,3660.0,-6.601579162978407,3660.0,-2.9840403934521427,3660.0,-2.6544045112554557,3660.0,-1.9695169362485825,3660.0,-8.698717037677518,3660.0,-6.1444555595789785,3660.0,-4.941070116052772,3660.0,0.3359846643617799,3660.0,1.346107644052465,3660.0,5.36515672165379
3670.0,-9.067539225332578,3670.0,-8.687543509704872,3670.0,-6.592194674725997,3670.0,-2.965299965047064,3670.0,-2.6322276269704243,3670.0,-1.934164477283784,3670.0,-8.70066943731922,3670.0,-6.165340644800047,3670.0,-4.9501888236727165,3670.0,0.31773238851769076,3670.0,1.323640107193094,3670.0,5.31714213346681
3680.0,-9.065384052799157,3680.0,-8.677893331977348,3680.0,-6.582904875293996,3680.0,-2.946749071796587,3680.0,-2.610265737050752,3680.0,-1.8990416694245662,3680.0,-8.70259914215647,3680.0,-6.185758996694972,3680.0,-4.9591946141394505,3680.0,0.29970579420280175,3680.0,1.3014614217957874,3680.0,5.269919481836746
3690.0,-9.06325183919959,3690.0,-8.668252297423404,3690.0,-6.573709037930442,3690.0,-2.928386256055024,3690.0,-2.5885175217917205,3690.0,-1.8641508890731644,3690.0,-8.704506432974219,3690.0,-6.205727817228816,3690.0,-4.968089147823485,3690.0,0.2819015612855491,3690.0,1.2795669896113246,3690.0,5.223469434021419
3700.0,-9.061142355298934,3700.0,-8.658622752259815,3700.0,-6.564606433149069,3700.0,-2.9102100548825542,3700.0,-2.566981641217119,3700.0,-1.8294943620788575,3700.0,-8.706391586441026,3700.0,-6.2252633216802975,3700.0,-4.9768740525604445,3700.0,0.2643164347058421,3700.0,1.2579523127661925,3700.0,5.177773371097059
3710.0,-9.059055373434695,3710.0,-8.649006989803073,3710.0,-6.555596329052561,3710.0,-2.8922190007438675,3710.0,-2.5456567363453413,3710.0,-1.7950741666931431,3710.0,-8.708254875184169,3710.0,-6.244380818043606,3710.0,-4.985550924511536,3710.0,0.24694722274983866,3710.0,1.2366129908067667,3710.0,5.132813351000622
3720.0,-9.056990667493768,3720.0,-8.639407248551036,3720.0,-6.546677991663243,3720.0,-2.8744116221993408,3720.0,-2.524541430431923,3720.0,-1.7608922366533946,3720.0,-8.710096567864282,3720.0,-6.263094778206963,3720.0,-4.99412132899629,3720.0,0.22979079538093958,3720.0,1.2155447178513203,3720.0,5.088572074067953
3730.0,-9.054948012884049,3730.0,-8.62982571053638,3730.0,-6.537850685234862,3730.0,-2.856786444562698,3730.0,-2.5036343301626798,3730.0,-1.7269503643511384,3730.0,-8.711916929248476,3730.0,-6.281418901930494,3730.0,-5.002586801298582,3730.0,0.2128440826253372,3730.0,1.194743279845576,3730.0,5.0450328508602365
3740.0,-9.052927186496488,3740.0,-8.620264499931611,3740.0,-6.529113672542131,3740.0,-2.8393419905225015,3740.0,-2.4829340267951068,3740.0,-1.6932502040658193,3740.0,-8.713716220282036,3740.0,-6.299366174501849,3740.0,-5.010948847446441,3740.0,0.19610407301008886,3740.0,1.174204551917436,3740.0,5.002179572091307
3750.0,-9.050927966686588,3750.0,-8.61072568191771,3750.0,-6.52046621517665,3750.0,-2.8220767807563987,3750.0,-2.4624390972771817,3750.0,-1.659793275277642,3750.0,-8.715494698159016,3750.0,-6.316948918826095,3750.0,-5.01920894496721,3750.0,0.17956781205137026,3750.0,1.1539244958259909,3750.0,4.95999668048636
3760.0,-9.048950133270901,3760.0,-8.601211261796324,3760.0,-6.511907573845609,3760.0,-2.804989334534956,3760.0,-2.442148105340721,3760.0,-1.6265809660421946,3760.0,-8.717252616392033,3760.0,-6.334178842602638,3760.0,-5.027368543619251,3760.0,0.16323240079077245,3760.0,1.1338991575008703,3760.0,4.918469144418603
3770.0,-9.046993467539112,3770.0,-8.59172318433053,3770.0,-6.5034370086742515,3770.0,-2.788078170316575,3770.0,-2.422059602571026,3770.0,-1.5936145364152563,3770.0,-8.71899022488093,3770.0,-6.35106708115314,3770.0,-5.035429066100666,3770.0,0.14709499437803483,3770.0,1.1141246646679355,3770.0,4.87758243318541
3780.0,-9.045057752281659,3780.0,-8.582263333298334,3780.0,-6.495053779511796,3780.0,-2.7713418063335062,3780.0,-2.4021721294531884,3780.0,-1.5608951219157972,3780.0,-8.720707769980505,3780.0,-6.36762423638968,3780.0,-5.0433919087360435,3780.0,0.13115280069851554,3780.0,1.0945972245579487,3780.0,4.837322493798158
3790.0,-9.043142771827235,3790.0,-8.572833531239883,3790.0,-6.486757146236831,3790.0,-2.7547787611654106,3790.0,-2.3824842163917594,3790.0,-1.5284237370125373,3790.0,-8.722405494566866,3790.0,-6.383860412348232,3790.0,-5.051258442141774,3790.0,0.1154030790439107,3790.0,1.0753131216948295,3790.0,4.797675729171619
3800.0,-9.041248312092993,3800.0,-8.563435539386159,3800.0,-6.47854636906423,3800.0,-2.738387554302945,3800.0,-2.362994384706586,3800.0,-1.4962012786264283,3800.0,-8.724083638102819,3800.0,-6.3997852476583965,3800.0,-5.0590300118707745,3800.0,0.09984313882456708,3800.0,1.0562687157600592,3800.0,4.758628977608344
3810.0,-9.039374160729189,3810.0,-8.554071057837161,3810.0,-6.4704207089358965,3810.0,-2.722166706783973,3810.0,-2.3437011476877117,3810.0,-1.4642285297223414,3810.0,-8.725742436704,3810.0,-6.415407945275035,3810.0,-5.0667079390395395,3810.0,0.08447033831972986,3810.0,1.0374604395281513,3810.0,4.7201694934812
3820.0,-9.037520107391328,3820.0,-8.54474172601069,3820.0,-6.462379428029102,3820.0,-2.706114741936615,3820.0,-2.324603011743861,3820.0,-1.4325061630157452,3820.0,-8.72738212320743,3820.0,-6.430737299756962,3820.0,-5.074293520939426,3820.0,0.06928208346304808,3820.0,1.0188847968688,3820.0,4.6822849290259025
3830.0,-9.03568594395475,3830.0,-8.53544912316358,3830.0,-6.454421790197442,3830.0,-2.6902301860444764,3830.0,-2.305698477460188,3830.0,-1.4010347446019833,3830.0,-8.729002927238929,3830.0,-6.445781722338457,3830.0,-5.081788031629522,3830.0,0.054275826665227615,3830.0,1.0005383608162906,3830.0,4.644963317167576
3840.0,-9.033871464640619,3840.0,-8.52619476894261,3840.0,-6.446547061313221,3840.0,-2.6745115689033,3840.0,-2.2869860405347864,3840.0,-1.3698147374704084,3840.0,-8.730605075278104,3840.0,-6.460549264011532,3840.0,-5.089192722510486,3840.0,0.039449065673922486,3840.0,0.9824177717047634,3840.0,4.60819305530995
3850.0,-9.032076466083257,3850.0,-8.51698012398498,3850.0,-6.438754509542886,3850.0,-2.6589574243008154,3850.0,-2.268464192626104,3850.0,-1.3388465049288218,3850.0,-8.73218879072095,3850.0,-6.475047636812498,3850.0,-5.096508822879819,3850.0,0.02479934246951761,3850.0,0.9645197353669044,3850.0,4.571962890020774
3860.0,-9.030300747354346,3860.0,-8.507806590572335,3860.0,-6.431043405569853,3860.0,-2.643566290434705,3860.0,-2.2501314221264592,3860.0,-1.308130313947421,3860.0,-8.73375429394019,3860.0,-6.489284233484465,3860.0,-5.10373754046944,3860.0,0.010324242195481134,3860.0,0.9468410213933285,3860.0,4.536261902551908
3870.0,-9.02854410995398,3870.0,-8.49867551333885,3870.0,-6.4234130227758355,3870.0,-2.628336710279882,3870.0,-2.231986214873162,3870.0,-1.2776663384283242,3870.0,-8.735301802343487,3870.0,-6.503266145667749,3870.0,-5.110880061966265,3870.0,-0.003978607878061249,3870.0,0.9293784614502362,3870.0,4.501079495137942
3880.0,-9.026806357782434,3880.0,-8.489588180038183,3880.0,-6.415862637394451,3880.0,-2.6132672319194414,3880.0,-2.2140270548119068,3880.0,-1.2474546624104195,3880.0,-8.736831530429582,3880.0,-6.517000180753257,3880.0,-5.117937553516289,3880.0,-0.018111539358637734,3880.0,0.9121289476531346,3880.0,4.466405378021419
3890.0,-9.025087297094322,3890.0,-8.48054582236221,3890.0,-6.4083915286395685,3890.0,-2.5983564088416844,3890.0,-2.19625242461513,3890.0,-1.2174952832078758,3890.0,-8.738343689841013,3890.0,-6.530492877517982,3890.0,-5.124911161211335,3890.0,-0.03207684370329798,3890.0,0.895089430995939,3890.0,4.4322295571586645
3900.0,-9.023386736381823,3900.0,-8.471549616749481,3900.0,-6.40099897875423,3900.0,-2.583602800149731,3900.0,-2.1786608062021813,3900.0,-1.1877881144251825,3900.0,-8.739838489413101,3900.0,-6.543750520649795,3900.0,-5.13180201155883,3900.0,-0.04587677315895767,3900.0,0.8782569198334781,3900.0,4.398542322562161
3910.0,-9.02170448623958,3910.0,-8.462600685229974,3910.0,-6.3936842730348165,3910.0,-2.5690049707383755,3910.0,-2.16125068121621,3910.0,-1.158332988900166,3910.0,-8.741316135221641,3910.0,-6.556779154260269,3910.0,-5.138611211937203,3910.0,-0.059513541674385655,3910.0,0.8616284784134379,3910.0,4.365334237236936
3920.0,-9.020040359258982,3920.0,-8.45370009634511,3920.0,-6.386446699876722,3920.0,-2.55456149148491,3920.0,-2.1440205315047756,3920.0,-1.1291296616188948,3920.0,-8.742776830629712,3920.0,-6.569584594472287,3920.0,-5.145339851038212,3920.0,-0.07298932578544227,3920.0,0.8452012254550585,3920.0,4.332596126672741
3930.0,-9.018394169945509,3930.0,-8.444848866131162,3930.0,-6.379285550836286,3930.0,-2.54027093944888,3930.0,-2.1269688395995234,3930.0,-1.1001778125950428,3930.0,-8.744220776333922,3930.0,-6.582172441160283,3930.0,-5.151988999296444,3930.0,-0.08630626547451788,3930.0,0.8289723327729606,3930.0,4.300319068857237
3940.0,-9.016765734654966,3940.0,-8.436047959155422,3940.0,-6.372200120704932,3940.0,-2.5261318980768697,3940.0,-2.110094089191167,3940.0,-1.0714770497076418,3940.0,-8.745648170409655,3940.0,-6.594548088912818,3940.0,-5.158559709306499,3940.0,-0.09946646500496467,3940.0,0.8129390239444625,3940.0,4.2684943847783625
3950.0,-9.015154889451498,3950.0,-8.427298404195897,3950.0,-6.365189786216703,3950.0,-2.512143114181524,3950.0,-2.0933949542082173,3950.0,-1.0430272515627235,3950.0,-8.747058971093297,3950.0,-6.60671469299171,3950.0,-5.165051923417606,3950.0,-0.11246980459094247,3950.0,0.7971012391282866,3950.0,4.237118907457995
3960.0,-9.013561484229314,3960.0,-8.418601259577024,3960.0,-6.3582539811336245,3960.0,-2.4983034484707023,3960.0,-2.0768702395934984,3960.0,-1.0148284633853113,3960.0,-8.748453503070776,3960.0,-6.6186784116611195,3960.0,-5.171467264838114,3960.0,-0.12531953096325585,3960.0,0.781454825330653,3960.0,4.206181482414709
3970.0,-9.011985327416841,3970.0,-8.40995725989503,3970.0,-6.351391953661292,3970.0,-2.4846113918843167,3970.0,-2.0605182995569895,3970.0,-0.9868798492337069,3970.0,-8.749832103149084,3970.0,-6.630445344606011,3970.0,-5.177807409238107,3970.0,-0.1380189966366733,3970.0,0.765995508841344,3970.0,4.17567084967106
3980.0,-9.010426232424306,3980.0,-8.401367114306609,3980.0,-6.344602970523127,3980.0,-2.471065472505215,3980.0,-2.0443375273056437,3980.0,-0.9591805766666803,3980.0,-8.751194953245964,3980.0,-6.642020107772878,3980.0,-5.184073314178283,3980.0,-0.15057011573545315,3980.0,0.7507207750398647,3980.0,4.14557935114934
3990.0,-9.008884016499994,3990.0,-8.392831501037618,3990.0,-6.33788631231059,3990.0,-2.457664246353076,3990.0,-2.028326344185472,3990.0,-0.9317297992688227,3990.0,-8.752542233863906,3990.0,-6.6534071656605605,3990.0,-5.1902659257706,3990.0,-0.16297477943090116,3990.0,0.7356281440977493,3990.0,4.115899508767275
4000.0,-9.00735850006425,4000.0,-8.3843510645738,4000.0,-6.331241270786974,4000.0,-2.4444062920358656,4000.0,-2.012483193436653,4000.0,-0.9045266472509059,4000.0,-8.753874123957074,4000.0,-6.664610837305149,4000.0,-5.196386178278036,4000.0,-0.17523485515185178,4000.0,0.7207151716911574,4000.0,4.086624020953713
4010.0,-9.005849506245806,4010.0,-8.375926414033795,4010.0,-6.324667147023661,4010.0,-2.4312902070467066,4010.0,-1.9968065359165508,4010.0,-0.8775702215172424,4010.0,-8.755190800825803,4010.0,-6.6756353020543076,4010.0,-5.20243499382458,4010.0,-0.18735218601289957,4010.0,0.7059794494579312,4010.0,4.057745758906002
4020.0,-9.004356860544767,4020.0,-8.367558122289692,4020.0,-6.318163250054259,4020.0,-2.41831460508365,4020.0,-1.9812948470451532,4020.0,-0.8508595898866574,4020.0,-8.756492440035412,4020.0,-6.686484605137257,4020.0,-5.208413282202825,4020.0,-0.19932859043545642,4020.0,0.691418605228863,4020.0,4.029257762633828
4030.0,-9.002880369495003,4030.0,-8.35924658916996,4030.0,-6.311728803077327,4030.0,-2.4054779289819708,4030.0,-1.9659463918158606,4030.0,-0.8243933819937916,4030.0,-8.757779468474297,4030.0,-6.697164763465086,4030.0,-5.214323104459675,4030.0,-0.21116819369950451,4030.0,0.6770274689141218,4030.0,4.001147703502695
4040.0,-9.001419841159485,4040.0,-8.35099217132817,4040.0,-6.3053630315753,4040.0,-2.3927786258222974,4040.0,-1.9507594355440454,4040.0,-0.7981701709925423,4040.0,-8.759051860378054,4040.0,-6.70767792339232,4040.0,-5.220164438495717,4040.0,-0.22287094767126966,4040.0,0.6628059493854106,4040.0,3.9734132685736903
4050.0,-8.999975119739101,4050.0,-8.342795411183339,4050.0,-6.299065317702763,4050.0,-2.380215455395523,4050.0,-1.9357326154567867,4050.0,-0.7721891481815691,4050.0,-8.760309693766745,4050.0,-6.7180269945278095,4050.0,-5.2259377330772026,4050.0,-0.2344377469245568,4050.0,0.6487528146356513,4050.0,3.9460499940066476
4060.0,-8.998546046642574,4060.0,-8.33465679026842,4060.0,-6.292835031511004,4060.0,-2.3677871543199314,4060.0,-1.920864536724856,4060.0,-0.7464493948028389,4060.0,-8.761553142296238,4060.0,-6.728215583101405,4060.0,-5.231643872821202,4060.0,-0.24587035935336563,4060.0,0.6348657764185692,4060.0,3.919051434884815
4070.0,-8.997132462092054,4070.0,-8.32657674084775,4070.0,-6.286671538209876,4070.0,-2.3554924505536894,4070.0,-1.9061537900673005,4070.0,-0.7209499152905016,4070.0,-8.762782376781118,4070.0,-6.738247178450491,4070.0,-5.237283725939299,4070.0,-0.25717052008255054,4070.0,0.6211425914705109,4070.0,3.8924113133848017
4080.0,-8.995734205627432,4080.0,-8.318555650241128,4080.0,-6.2805742004163765,4080.0,-2.3433300678592213,4080.0,-1.8915989572570948,4080.0,-0.6956896486886911,4080.0,-8.763997565338078,4080.0,-6.748125158581615,4080.0,-5.242858145010181,4080.0,-0.2683399330112186,4080.0,0.6075810594489623,4080.0,3.8661235114329138
4090.0,-8.99435111646842,4090.0,-8.310593864209043,4090.0,-6.274542379757318,4090.0,-2.331298728973885,4090.0,-1.8771986150661393,4090.0,-0.6706674772332386,4090.0,-8.765198873509082,4090.0,-6.757852795337589,4090.0,-5.248367967663989,4090.0,-0.2793802721821423,4090.0,0.5941790210890869,4090.0,3.8401820639442223
4100.0,-8.992983033792925,4100.0,-8.302691689741387,4100.0,-6.26857543807195,4100.0,-2.31939715797446,4100.0,-1.8629513382343785,4100.0,-0.6458822331337272,4100.0,-8.766386464366782,4100.0,-6.767433259202155,4100.0,-5.253814017187497,4100.0,-0.29029318299424833,4100.0,0.5809343565572245,4100.0,3.814581152594889
4110.0,-8.991629821068102,4110.0,-8.294849554248106,4110.0,-6.262672844338073,4110.0,-2.307624293427955,4110.0,-1.8488559562096665,4110.0,-0.6213331651243518,4110.0,-8.767560234674525,4110.0,-6.776867501019664,4110.0,-5.259195891136712,4110.0,-0.3010778541854521,4110.0,0.5678479314549595,4110.0,3.7893207878130406
4120.0,-8.990291331722018,4120.0,-8.287067786559492,4120.0,-6.256834025551006,4120.0,-2.295978991565807,4120.0,-1.8349111960415578,4120.0,-0.5970192935982477,4120.0,-8.768720592923502,4120.0,-6.78616051691951,4120.0,-5.264515531972988,4120.0,-0.31173817384925995,4120.0,0.5549149130135375,4120.0,3.7643900412380416
4130.0,-8.9889673947378,4130.0,-8.279346519517556,4130.0,-6.251058300825448,4130.0,-2.2844598941344088,4130.0,-1.8211155231927854,4130.0,-0.5729391222961554,4130.0,-8.769867741992625,4130.0,-6.795315575225208,4130.0,-5.269773938010812,4130.0,-0.32227613867853483,4130.0,0.5421327681840319,4130.0,3.7397824927410697
4140.0,-8.987657843915716,4140.0,-8.271685878166082,4140.0,-6.245345008103651,4140.0,-2.2730656804337284,4140.0,-1.8074674449761845,4140.0,-0.5490911889644622,4140.0,-8.771001830974056,4140.0,-6.80433544334591,4140.0,-5.274971857987901,4140.0,-0.33269324523527605,4140.0,0.5294995748622826,4140.0,3.7154929615519836
4150.0,-8.986362516371763,4150.0,-8.264085970776941,4150.0,-6.2396934973962015,4150.0,-2.2617950537693723,4150.0,-1.7939654943479912,4150.0,-0.5254740373048912,4150.0,-8.772123007690876,4150.0,-6.813222813526103,4150.0,-5.280110032133546,4150.0,-0.3429909730673864,4150.0,0.5170134354828487,4150.0,3.6915163715722406
4160.0,-8.985081252121525,4160.0,-8.256546887046468,4160.0,-6.234103128914861,4160.0,-2.2506467376958663,4160.0,-1.780608225487107,4160.0,-0.5020862101997107,4160.0,-8.773231418613506,4160.0,-6.8219803050445265,4160.0,-5.285189191906627,4160.0,-0.35317078419046993,4160.0,0.5046724775092379,4160.0,3.6678477500490483
4170.0,-8.983813893788815,4170.0,-8.249068697083699,4170.0,-6.228573271761383,4170.0,-2.2396194733718304,4170.0,-1.7673942107088356,4170.0,-0.4789262453078976,4170.0,-8.774327208794874,4170.0,-6.830610466406512,4170.0,-5.290210059807622,4170.0,-0.3632341227153272,4170.0,0.49247485375263644,4170.0,3.644482226018268
4180.0,-8.982560286387207,4180.0,-8.241651450895233,4180.0,-6.2231033029638425,4180.0,-2.2287120176165347,4180.0,-1.754322038221134,4180.0,-0.4559926721583097,4180.0,-8.77541052182163,4180.0,-6.83911577752081,4180.0,-5.295173349254669,4180.0,-0.3731824146023083,4180.0,0.48041874254168077,4180.0,3.6214150285545186
4190.0,-8.981320250156044,4190.0,-8.234295002303533,4190.0,-6.2176924884275815,4190.0,-2.217922905668013,4190.0,-1.7413900265307392,4190.0,-0.4332834949782862,4190.0,-8.776481770376293,4190.0,-6.847500772869911,4190.0,-5.300081006491371,4190.0,-0.38301955767472784,4190.0,0.468499330488411,4190.0,3.598635719424074
4200.0,-8.980093628130744,4200.0,-8.226999317604607,4200.0,-6.212340190278666,4200.0,-2.207250863997705,4200.0,-1.7285967215502123,4200.0,-0.4107970953627779,4200.0,-8.777540803840566,4200.0,-6.855765517756996,4200.0,-5.30493239265819,4200.0,-0.392744267512251,4200.0,0.4567180870842021,4200.0,3.5761459191435305
4210.0,-8.97888028109698,4210.0,-8.219764446481193,4210.0,-6.207045846263716,4210.0,-2.196694769674937,4210.0,-1.7159408478847074,4210.0,-0.3885321458029167,4210.0,-8.778587752230514,4210.0,-6.8639122279202,4210.0,-5.309728151623417,4210.0,-0.4023578305934728,4210.0,0.4450733694970002,4210.0,3.5539413400870274
4220.0,-8.9776800689468,4220.0,-8.212590401931381,4220.0,-6.201808888431971,4220.0,-2.186253488427529,4220.0,-1.7034211139255155,4220.0,-0.3664872570071441,4220.0,-8.779622757438675,4220.0,-6.871943164425162,4220.0,-5.314468979909547,4220.0,-0.41186163907276063,4220.0,0.4335634098949031,4220.0,3.53201749953353
4230.0,-8.976492851648914,4230.0,-8.205477167088532,4230.0,-6.196628747225543,4230.0,-2.1759258827281895,4230.0,-1.6910362216543742,4230.0,-0.3446609965996751,4230.0,-8.780645959066144,4230.0,-6.879860524446152,4230.0,-5.319155561732936,4230.0,-0.42125706053511264,4230.0,0.4221864731671809,4230.0,3.510370019518914
4240.0,-8.975318489664877,4240.0,-8.198424698586578,4240.0,-6.1915048532226935,4240.0,-2.1657108152278908,4240.0,-1.6787848708505084,4240.0,-0.32305189769775244,4240.0,-8.781657494553295,4240.0,-6.88766644410507,4240.0,-5.323788569620633,4240.0,-0.43054543921684196,4240.0,0.41094085534353947,4240.0,3.4889946221998165
4250.0,-8.974156848125737,4250.0,-8.191432954276996,4250.0,-6.186436655228644,4250.0,-2.155607184722036,4250.0,-1.6666658024720316,4250.0,-0.30165853861540826,4250.0,-8.782657424272601,4250.0,-6.895362423821026,4250.0,-5.328368320971799,4250.0,-0.43972740730513427,4250.0,0.3998257171495082,4250.0,3.4678887102939693
4260.0,-8.973007819164787,4260.0,-8.18450203354091,4260.0,-6.181423714137444,4260.0,-2.1456141119680465,4260.0,-1.654678022309336,4260.0,-0.2804799493406265,4260.0,-8.783645778808717,4260.0,-6.902949693533747,4260.0,-5.332894992946937,4260.0,-0.44880331524023426,4260.0,0.3888405628814028,4260.0,3.44705037347186
4270.0,-8.971871266630876,4270.0,-8.177631803384013,4270.0,-6.176465452570816,4270.0,-2.1357304384740163,4270.0,-1.642820196876043,4270.0,-0.25951451275675075,4270.0,-8.784622898429067,4270.0,-6.910431826968875,4270.0,-5.337370182139035,4270.0,-0.4577763602255641,4270.0,0.3779814535838397,4270.0,3.426471204839365
4280.0,-8.970747055970676,4280.0,-8.170822095822428,4280.0,-6.171561286794272,4280.0,-2.1259549896067353,4280.0,-1.6310909704156464,4280.0,-0.23876054148386242,4280.0,-8.78558890849522,4280.0,-6.917810705473253,4280.0,-5.341794498706273,4280.0,-0.4666477616496852,4280.0,0.3672468470240906,4280.0,3.4061473833600333
4290.0,-8.969635057499234,4290.0,-8.164072739655499,4290.0,-6.166710646903468,4290.0,-2.1162866165123226,4290.0,-1.619489015822938,4290.0,-0.21821637277618103,4290.0,-8.786543933514244,4290.0,-6.925088166568597,4290.0,-5.346168546726222,4290.0,-0.47541872659572326,4290.0,0.35663521830038536,4290.0,3.3860751547256442
4300.0,-8.968535144984484,4300.0,-8.157383557246865,4300.0,-6.161912973868736,4300.0,-2.106724191165968,4300.0,-1.6080130289448507,4300.0,-0.19788035979918167,4300.0,-8.787488097046563,4300.0,-6.932266004847627,4300.0,-5.350492923922735,4300.0,-0.4840904493186519,4300.0,0.3461450603859166,4300.0,3.3662508311118526
4310.0,-8.967447194737357,4310.0,-8.150754362610995,4310.0,-6.157167717597041,4310.0,-2.097266603098132,4310.0,-1.5966617248241846,4310.0,-0.1777508661008519,4310.0,-8.7884215216306,4310.0,-6.939345972905052,4310.0,-5.35476822145023,4310.0,-0.492664110832939,4310.0,0.3357748845431105,4310.0,3.346670790740381
4320.0,-8.96637108494689,4320.0,-8.14418496018764,4320.0,-6.152474335523388,4320.0,-2.0879127570164844,4320.0,-1.5854338349867774,4320.0,-0.1578262618180208,4320.0,-8.789344328723198,4320.0,-6.946329782307462,4320.0,-5.358995023736055,4320.0,-0.5011408786128817,4320.0,0.32552322060493566,4320.0,3.3273314772389573
4330.0,-8.965306695199613,4330.0,-8.137675144095239,4330.0,-6.147832291577956,4330.0,-2.0786615710502763,4330.0,-1.5743281054501788,4330.0,-0.13810492106479622,4330.0,-8.790256638653348,4330.0,-6.953219104590057,4330.0,-5.363173908371486,4330.0,-0.5095219063878413,4330.0,0.31538861714460165,4330.0,3.308229398836934
4340.0,-8.964253906150565,4340.0,-8.131224697745221,4340.0,-6.1432410554433465,4340.0,-2.0695119754633273,4340.0,-1.563343295272143,4340.0,-0.11858522018829774,4340.0,-8.79115857058689,4340.0,-6.960015572268236,4340.0,-5.367305446042757,4340.0,-0.5178083340151906,4340.0,0.30536964155426005,4340.0,3.289361127433329
4350.0,-8.963212599313074,4350.0,-8.12483339372571,4350.0,-6.138700102032953,4350.0,-2.060462911720169,4350.0,-1.5524781755045243,4350.0,-0.09926553666667604,4350.0,-8.792050242500068,4350.0,-6.966720779854456,4350.0,-5.3713902004944964,4350.0,-0.5260012874165819,4350.0,0.29546488004994825,4350.0,3.270723297567926
4360.0,-8.962182656928517,4360.0,-8.118500993873504,4360.0,-6.134208911125675,4360.0,-2.051513331807052,4360.0,-1.5417315284405906,4360.0,-0.0801442484717492,4360.0,-8.792931771160351,4360.0,-6.973336284872548,4360.0,-5.375428728519554,4360.0,-0.5341018785654782,4360.0,0.2856729376171901,4360.0,3.2523126053205815
4370.0,-8.961163961880352,4370.0,-8.112227249467152,4370.0,-6.129766967101735,4370.0,-2.042662197727605,4370.0,-1.5311021470653619,4370.0,-0.06121973375729017,4370.0,-8.7938032721129,4370.0,-6.979863608863133,4370.0,-5.379421579969714,4370.0,-0.5421112055158395,4370.0,0.27599243790927647,4370.0,3.2341258071595136
4380.0,-8.960156397648435,4380.0,-8.106011901513863,4380.0,-6.125373758761292,4380.0,-2.03390848113629,4380.0,-1.5205888346645333,4380.0,-0.04249037079238495,4380.0,-8.794664859671734,4380.0,-6.986304238375754,4380.0,-5.383369297783472,4380.0,-0.5500303524641582,4380.0,0.266422023107608,4380.0,3.2161597187547035
4390.0,-8.959159848299565,4390.0,-8.099854681108843,4390.0,-6.1210287792109375,4390.0,-2.02525116308075,4390.0,-1.5101904045574315,4390.0,-0.023954538078398965,4390.0,-8.795516646915074,4390.0,-6.992659625944298,4390.0,-5.387272418027787,4390.0,-0.5578603898385094,4390.0,0.2569603537517491,4390.0,3.1984112137696843
4400.0,-8.958174198502832,4400.0,-8.093755309842363,4400.0,-6.1167315257984365,4400.0,-2.0166892338229827,4400.0,-1.4999056799197106,4400.0,-0.005610614595228197,4400.0,-8.796358745684117,4400.0,-6.998931191043251,4400.0,-5.39113146995114,4400.0,-0.5656023744092281,4400.0,0.247606108545587,4400.0,3.1808772226421302
4410.0,-8.957199333560107,4410.0,-8.087713500235706,4410.0,-6.112481500080162,4410.0,-2.0082216927160084,4410.0,-1.4897334936692859,4410.0,0.012543019864525573,4410.0,-8.797191266584857,4410.0,-7.005120321022644,4410.0,-5.394946976045476,4410.0,-0.5732573494167893,4410.0,0.2383579841448555,4410.0,3.1635547313620043
4420.0,-8.956235139445086,4420.0,-8.081728956191961,4420.0,-6.108278207809923,4420.0,-1.9998475481188402,4420.0,-1.479672688395971,4420.0,0.03050798430398417,4420.0,-8.798014318992191,4420.0,-7.01122837202033,4420.0,-5.3987194521152375,4420.0,-0.5808263447131417,4420.0,0.22921469493048682,4420.0,3.1464407802541765
4430.0,-8.955281502847434,4430.0,-8.075801373453112,4430.0,-6.104121158942396,4430.0,-1.991565817338577,4430.0,-1.469722116321901,4430.0,0.04828589609404021,4430.0,-8.798828011055855,4430.0,-7.017256669850633,4430.0,-5.402449407351891,4430.0,-0.588310376913434,4430.0,0.22017497277136253,4430.0,3.129532462770947
4440.0,-8.954338311240223,4440.0,-8.069930440077718,4440.0,-6.100009867666877,4440.0,-1.9833755266120734,4440.0,-1.4598806393038672,4440.0,0.06587837050383456,4440.0,-8.799632449708199,4440.0,-7.023206510868684,4440.0,-5.4061373444127,4440.0,-0.5957104495557887,4440.0,0.21123756677935393,4440.0,3.1128269242987354
4450.0,-8.953405452973588,4450.0,-8.064115836939372,4450.0,-6.095943852472262,4450.0,-1.9752757111256447,4450.0,-1.4501471288750964,4450.0,0.08328702019644031,4450.0,-8.800427740673179,4450.0,-7.0290791628103415,4450.0,-5.40978375950267,4450.0,-0.603027553266954,4450.0,0.2024012430590292,4450.0,3.0963213609822575
4460.0,-8.952482817334747,4460.0,-8.058357238184023,4460.0,-6.091922636182012,4460.0,-1.967265415009708,4460.0,-1.4405204662626512,4460.0,0.10051345475665195,4460.0,-8.801213988476135,4460.0,-7.034875865607177,4460.0,-5.413389142458546,4460.0,-0.6102626659319665,4460.0,0.193664784454287,4460.0,3.0800130185690997
4470.0,-8.951570294575781,4470.0,-8.052654311646249,4470.0,-6.087945745959518,4470.0,-1.9593436913074478,4470.0,-1.43099954237901,4470.0,0.11755928025452961,4470.0,-8.801991296454235,4470.0,-7.0405978321767355,4470.0,-5.416953976834146,4470.0,-0.6174167528663371,4470.0,0.18502699029353314,4470.0,3.063899191276641
4480.0,-8.95066777592872,4480.0,-8.047006719242965,4480.0,-6.084012713302566,4480.0,-1.9515096019351115,4480.0,-1.4215832578050978,4480.0,0.13442609882892204,4480.0,-8.802759766767327,4480.0,-7.0462462491883056,4480.0,-5.420478739986409,4480.0,-0.62449076698979,4480.0,0.1764866761346402,4480.0,3.047977220682625
4490.0,-8.949775153614516,4490.0,-8.041414117350504,4490.0,-6.080123074032858,4490.0,-1.943762217639227,4490.0,-1.4122705227697467,4490.0,0.15111550828700276,4490.0,-8.803519500409166,4490.0,-7.051822277804695,4490.0,-5.423963903161908,4490.0,-0.6314856490006643,4490.0,0.16804267351065758,4490.0,3.0322444946403344
4500.0,-8.94889232084798,4500.0,-8.035876157166957,4500.0,-6.0762763682823735,4500.0,-1.9361006179519034,4500.0,-1.4030602571265771,4500.0,0.16762910171944698,4500.0,-8.804270597219027,4500.0,-7.057327054400509,4500.0,-5.427409931583307,4500.0,-0.638402327550219,4500.0,0.15969382967707266,4500.0,3.016698446218951
4510.0,-8.948019171841468,4510.0,-8.030392485062054,4510.0,-6.072472140478878,4510.0,-1.9285238911461267,4510.0,-1.393951390330092,4510.0,0.18396846712982085,4510.0,-8.805013155893485,4510.0,-7.0627616912574505,4510.0,-5.43081728453562,4510.0,-0.6452417194164065,4510.0,0.1514390073612653,4510.0,3.0013365526695623
4520.0,-8.9471556018228,4520.0,-8.02496274293019,4520.0,-6.068709939345934,4520.0,-1.9210311342060957,4520.0,-1.3849428614259058,4520.0,0.20013518706338848,4520.0,-8.805747273998879,4520.0,-7.068127277237715,4520.0,-5.434186415452357,4520.0,-0.6520047296769356,4520.0,0.14327708451423227,4520.0,2.9861563344163593
4530.0,-8.946301507075393,4530.0,-8.019586568554661,4530.0,-6.064989317925208,4530.0,-1.913621452820178,4530.0,-1.3760336190626863,4530.0,0.21613083822777773,4530.0,-8.806473047984687,4530.0,-7.073424878436467,4530.0,-5.437517772001883,4530.0,-0.6586922518817261,4530.0,0.13520695406461983,4530.0,2.9711553540726845
4540.0,-8.94545678497578,4540.0,-8.014263595958152,4540.0,-6.061309833596119,4540.0,-1.9062939613713599,4540.0,-1.3672226215005892,4540.0,0.2319569911305878,4540.0,-8.80719057319733,4540.0,-7.0786555388135115,4540.0,-5.440811796173224,4540.0,-0.6653051682239522,4540.0,0.12722752367581922,4540.0,2.95633121548222
4550.0,-8.94462133401699,4550.0,-8.008993455728392,4550.0,-6.057671048081216,4550.0,-1.8990477829134746,4550.0,-1.3585088366045157,4550.0,0.24761520974542395,4550.0,-8.807899943893796,4550.0,-7.08382028080425,4550.0,-5.444068924360733,4550.0,-0.671844349708892,4550.0,0.11933771550692333,4550.0,2.9416815627856012
4560.0,-8.94379505381856,4560.0,-8.003775775319736,4560.0,-6.054072527438021,4560.0,-1.8918820491338484,4560.0,-1.3498912418227913,4560.0,0.26310705120550665,4560.0,-8.808601253255055,4560.0,-7.0889201059107005,4560.0,-5.447289587447455,4560.0,-0.6783106563203422,4560.0,0.11153646597783398,4560.0,2.9272040795120673
4570.0,-8.942977845125997,4570.0,-7.998610179333803,4570.0,-6.050513842040046,4570.0,-1.8847959003050416,4570.0,-1.3413688241539765,4570.0,0.27843406552185723,4570.0,-8.809294593399153,4570.0,-7.093955995272858,4570.0,-5.450474210887056,4570.0,-0.6847049371844295,4570.0,0.10382272553855856,4570.0,2.9128964876958268
4580.0,-8.942169609802502,4580.0,-7.993496289782243,4580.0,-6.046994566549926,4580.0,-1.8777884852285636,4580.0,-1.332940580104698,4580.0,0.2935977953228522,4580.0,-8.809980055394034,4580.0,-7.098928910221371,4580.0,-5.453623214784333,4580.0,-0.6910280307308007,4580.0,0.09619545844287403,4580.0,2.8987565470165704
4590.0,-8.941370250814415,4590.0,-7.988433726333269,4590.0,-6.04351427988591,4590.0,-1.8708589611718036,4590.0,-1.324605515639754,4590.0,0.30859977561354973,4590.0,-8.810657729269984,4590.0,-7.10383979281202,4590.0,-5.456737013974303,4590.0,-0.697280764850979,4590.0,0.08865364252627647,4590.0,2.884782053963556
4600.0,-8.940579672202341,4600.0,-7.983422106534251,4600.0,-6.040072565173829,4600.0,-1.8640064937902796,4600.0,-1.3163626461166156,4600.0,0.3234415335623288,4600.0,-8.811327704031692,4600.0,-7.108689566342467,4600.0,-5.459816018099597,4600.0,-0.7034639570539188,4600.0,0.08119626898848724,4600.0,2.8709708410229737
4610.0,-8.939797779044737,4610.0,-7.978461046017424,4610.0,-6.036669009691261,4610.0,-1.8572302570419024,4610.0,-1.3082109962111033,4610.0,0.33812458830773545,4610.0,-8.811990067669784,4610.0,-7.113479135851893,4610.0,-5.462860631686203,4610.0,-0.7095784146184684,4610.0,0.07382234218050536,4610.0,2.857320775887973
4620.0,-8.939024477433286,4620.0,-7.973550158708255,4620.0,-6.033303204823226,4620.0,-1.850529433112645,4620.0,-1.300149599853556,4620.0,0.35265045076581225,4620.0,-8.812644907172183,4620.0,-7.118209388604479,4620.0,-5.465871254217871,4620.0,-0.715624934743238,4620.0,0.06653087939578486,4620.0,2.843829760690341
4630.0,-8.93825967445617,4630.0,-7.968689057032796,4630.0,-6.029974746025503,4630.0,-1.8439032123496173,4630.0,-1.2921775001716078,4630.0,0.36702062344149816,4630.0,-8.813292308535537,4630.0,-7.122881194557341,4630.0,-5.468848280209367,4630.0,-0.7216043046939862,4630.0,0.05932091066539302,4630.0,2.830495731253267
4640.0,-8.937503278184652,4640.0,-7.963877352119949,4640.0,-6.026683232791114,4640.0,-1.8373507931971917,4640.0,-1.2842937494352242,4640.0,0.38123660024809364,4640.0,-8.813932356776508,4640.0,-7.127495406813636,4640.0,-5.471792099278555,4640.0,-0.7275173019485495,4640.0,0.052191478557139334,4640.0,2.817316656364478
4650.0,-8.936755197662114,4650.0,-7.959114653997664,4650.0,-6.023428268618888,4650.0,-1.8308713821350873,4650.0,-1.276497409002906,4650.0,0.3952998663355239,4650.0,-8.814565135943138,4650.0,-7.1320528620611805,4650.0,-5.474703096217248,4650.0,-0.7333646943392353,4650.0,0.045141637978551315,4650.0,2.8042905370691997
4660.0,-8.936015342894596,4660.0,-7.954400571782758,4660.0,-6.020209460983486,4660.0,-1.8244641936177404,4660.0,-1.268787549268449,4660.0,0.40921189792769935,4660.0,-8.815190729126119,4660.0,-7.136554380997177,4660.0,-5.477581651060933,4660.0,-0.7391472401927761,4660.0,0.038170455983760926,4660.0,2.791415405982442
4670.0,-8.935283624841212,4670.0,-7.9497347138626875,4670.0,-6.017026421304974,4670.0,-1.8181284500131445,4670.0,-1.2611632496064586,4670.0,0.42297416217044215,4670.0,-8.815809218469909,4670.0,-7.1410007687395645,4670.0,-5.480428139157231,4670.0,-0.7448656884677979,4670.0,0.03127701158414347,4670.0,2.778689326620003
4680.0,-8.934559955397459,4680.0,-7.945116688062746,4680.0,-6.013878764911187,4680.0,-1.8118633815343563,4680.0,-1.2536235983098452,4680.0,0.4365881169964405,4680.0,-8.81642068518402,4680.0,-7.1453928152253905,4680.0,-5.4832429312333595,4680.0,-0.7505207788900397,4680.0,0.024460395562608934,4680.0,2.7661103927475383
4690.0,-8.933844247376925,4690.0,-7.940546101804251,4690.0,-6.010766110998266,4690.0,-1.8056682261690886,4690.0,-1.2461676925247385,4690.0,0.4500552110014743,4690.0,-8.817025209554158,4690.0,-7.149731295596954,4690.0,-5.486026393462498,4690.0,-0.756113242085224,4690.0,0.017719710291441235,4690.0,2.7536767277471426
4700.0,-8.93313641450163,4700.0,-7.9360225622643865,4700.0,-6.007688082599701,4700.0,-1.7995422296177785,4700.0,-1.238794638193261,4700.0,0.4633768833211938,4700.0,-8.81762287095346,4700.0,-7.154016970575746,4700.0,-5.488778887529016,4700.0,-0.7616437997096211,4700.0,0.011054069553730377,4700.0,2.7413864840010898
4710.0,-8.932436371397454,4710.0,-7.931545676534259,4710.0,-6.004644306560344,4710.0,-1.793484645236481,4710.0,-1.2315035500005012,4710.0,0.47655456351179065,4710.0,-8.818213747853349,4710.0,-7.158250586824773,4710.0,-5.4915007706924985,4710.0,-0.7671131645781495,4710.0,0.004462598368442709,4710.0,2.729237842292168
4720.0,-8.93174403359071,4720.0,-7.927115051771409,4720.0,-6.001634413511402,4720.0,-1.787494733980742,4720.0,-1.224293551321892,4720.0,0.4895896714380912,4720.0,-8.818797917834285,4720.0,-7.162432877299423,4720.0,-5.494192395850488,4720.0,-0.7725220407901554,4720.0,-0.0020555671810053374,4720.0,2.7172290112203137
4730.0,-8.931059317504467,4730.0,-7.922730295345738,4730.0,-5.998658037845044,4730.0,-1.781571764349065,4730.0,-1.2171637741696302,4730.0,0.5024836171701695,4730.0,-8.819375457596324,4730.0,-7.166564561587538,4730.0,-5.4968541116001095,4730.0,-0.7778711238528043,4730.0,-0.00850128011463964,4730.0,2.7053582266348575
4740.0,-8.930382140454164,4740.0,-7.918391014978566,4740.0,-5.995714817688285,4740.0,-1.775715012325589,4740.0,-1.2101133591377566,4740.0,0.5152378008885599,4740.0,-8.819946442969457,4740.0,-7.170646346238844,4740.0,-5.499486262298481,4740.0,-0.7831611008022537,4740.0,-0.014875382720481979,4740.0,2.693623751081984
4750.0,-8.929712420643767,4750.0,-7.91409681887613,4750.0,-5.992804394877184,4750.0,-1.7699237613231076,4750.0,-1.2031414553470827,4750.0,0.5278536127966763,4750.0,-8.820510948923832,4750.0,-7.174678925084343,4750.0,-5.502089188122134,4750.0,-0.7883926503226694,4750.0,-0.021178706715907276,4750.0,2.6820238732668518
4760.0,-8.929050077166893,4760.0,-7.909847315862389,4760.0,-5.989926414936088,4760.0,-1.7641973021310795,4760.0,-1.1962472203945922,4760.0,0.5403324330354974,4760.0,-8.821069049580036,4760.0,-7.178662979546122,4760.0,-5.5046632251254835,4760.0,-0.7935664428632155,4760.0,-0.027412073405912254,4760.0,2.670556907529765
4770.0,-8.928395030010563,4770.0,-7.905642115508794,4770.0,-5.987080527059312,4770.0,-1.7585349328661422,4770.0,-1.189429820304905,4770.0,0.5526756316027527,4770.0,-8.821620818219483,4770.0,-7.182599178937902,4770.0,-5.507208705298471,4770.0,-0.7986831407533063,4770.0,-0.033576293838603645,4770.0,2.6592211933359176
4780.0,-8.927747200055762,4780.0,-7.901480828255475,4780.0,-5.984266384089597,4780.0,-1.7529359589194047,4780.0,-1.1826884294780438,4780.0,0.5648845682820827,4780.0,-8.822166327294545,4780.0,-7.186488180756511,4780.0,-5.509725956623255,4780.0,-0.8037433983156496,4780.0,-0.03967216895756536,4780.0,2.6480150947785184
4790.0,-8.927106509074395,4790.0,-7.8973630655236695,4790.0,-5.981483642492998,4790.0,-1.7473996929001643,4790.0,-1.1760222306332173,4790.0,0.5769605925822674,4790.0,-8.822705648438687,4790.0,-7.190330630964537,4790.0,-5.512215303129778,4790.0,-0.8087478619773557,4790.0,-0.045700489751237,4790.0,2.6369370000949317
4800.0,-8.926472879723347,4800.0,-7.893288439820157,4800.0,-5.97873196233073,4800.0,-1.7419254545766878,4800.0,-1.169430414749232,4800.0,0.588905043685667,4800.0,-8.823238852476152,4800.0,-7.194127164264352,4800.0,-5.514677064950203,4800.0,-0.8136971703789296,4800.0,-0.05166203739933814,4800.0,2.6259853211954765
4810.0,-8.925846235536241,4810.0,-7.889256564834529,4810.0,-5.97601100722873,4810.0,-1.736512570814731,4810.0,-1.1629121810022607,4810.0,0.6007192504049487,4810.0,-8.8237660094316,4810.0,-7.197878404363888,4810.0,-5.5171115583725285,4810.0,-0.8185919544813014,4810.0,-0.057557583416370024,4810.0,2.615158493204423
4820.0,-8.925226500913592,4820.0,-7.885267055530214,4820.0,-5.973320444345612,4820.0,-1.7311603755144667,4820.0,-1.1564667367016737,4820.0,0.6124045311471832,4820.0,-8.824287188539559,4820.0,-7.201584964234489,4820.0,-5.519519095892984,4820.0,-0.8234328376709593,4820.0,-0.06338788979237397,4820.0,2.6044549740129033
4830.0,-8.92461360111043,4830.0,-7.881319528228368,4830.0,-5.9706599443380695,4830.0,-1.725868209545018,4830.0,-1.1500932972230382,4830.0,0.6239621938860033,4830.0,-8.824802458253552,4830.0,-7.2052474463610094,4830.0,-5.521899986267633,4830.0,-0.8282204358631258,4830.0,-0.06915370913084516,4830.0,2.5938732438432957
4840.0,-8.924007462217375,4840.0,-7.877413600680921,4840.0,-5.968029181319712,4840.0,-1.7206354206724264,4840.0,-1.1437910859342895,4840.0,0.6353935361456335,4840.0,-8.825311886254902,4840.0,-7.208866442984214,4840.0,-5.524254534562549,4840.0,-0.8329553576028559,4840.0,-0.07485578478378542,4840.0,2.58341180482502
4850.0,-8.923408011139204,4850.0,-7.873548892136824,4850.0,-5.965427832817437,4850.0,-1.7154613634852787,4850.0,-1.1375593341191954,4850.0,0.6466998449924782,4850.0,-8.825815539461187,4850.0,-7.212442536335861,4850.0,-5.526583042203155,4850.0,-0.8376382041641823,4850.0,-0.08049485098399463,4850.0,2.573069180581292
4860.0,-8.922815175576336,4860.0,-7.86972502340722,4860.0,-5.962855579730727,4860.0,-1.7103453993233353,4860.0,-1.1313972809035158,4860.0,0.6578823970286946,4860.0,-8.826313484034554,4860.0,-7.215976298866908,4860.0,-5.52888580702254,4860.0,-0.8422695696475688,4860.0,-0.08607163297485532,4860.0,2.5628439158262823
4870.0,-8.922228884009652,4870.0,-7.86594161692995,4870.0,-5.960312106294273,4870.0,-1.7052868962095946,4870.0,-1.1253041731843052,4870.0,0.6689424583871135,4870.0,-8.82680578538998,4870.0,-7.219468293469116,4870.0,-5.531163123309124,4870.0,-0.8468500410757674,4870.0,-0.0915868471377959,4870.0,2.552734575972289
4880.0,-8.921649065688309,4880.0,-7.862198296833263,4880.0,-5.9577971000436305,4880.0,-1.7002852287854824,4880.0,-1.119279265562062,4880.0,0.6798812847276602,4880.0,-8.827292508203623,4880.0,-7.222919073690373,4880.0,-5.53341528185356,4880.0,-0.8513801984881718,4880.0,-0.09704120111748901,4880.0,2.542739746746595
4890.0,-8.921075650619898,4890.0,-7.858494688998335,4890.0,-5.955310251783329,4890.0,-1.6953397782486275,4890.0,-1.1133218202751727,4890.0,0.690700121235633,4890.0,-8.827773716421044,4890.0,-7.2263291839438795,4890.0,-5.5356425699949705,4890.0,-0.8558606150336376,4890.0,-0.10243539394483626,4890.0,2.532858033817764
4900.0,-8.920508569562646,4900.0,-7.854830421120142,4900.0,-5.952851255556965,4900.0,-1.690449932292721,4900.0,-1.1074311071362153,4900.0,0.70140020262215,4900.0,-8.828249473265467,4900.0,-7.229699159711346,4900.0,-5.53784527166647,4900.0,-0.8602918570618321,4900.0,-0.10777011615779855,4900.0,2.5230880624310714
4910.0,-8.91994775402469,4910.0,-7.851205122772118,4910.0,-5.950419808624463,4910.0,-1.6856150850546991,4910.0,-1.1016064034753126,4910.0,0.7119827531213837,4910.0,-8.828719841245833,4910.0,-7.233029527740498,4910.0,-5.540023667439943,4910.0,-0.864674484213073,4910.0,-0.1130460499199377,4910.0,2.5134284770527815
4920.0,-8.919393136279416,4920.0,-7.847618425483589,4920.0,-5.948015611455487,4920.0,-1.6808346370781622,4920.0,-1.0958469940995157,4920.0,0.7224489864755093,4920.0,-8.82918488216481,4920.0,-7.23632080623668,4920.0,-5.542178034569873,4920.0,-0.8690090495065446,4920.0,-0.1182638691368104,4920.0,2.503877941023385
4930.0,-8.918844649377021,4930.0,-7.844069962810234,4930.0,-5.945638367719068,4930.0,-1.6761079952731828,4930.0,-1.0901521712483402,4930.0,0.732800105927046,4930.0,-8.829644657126366,4930.0,-7.239573505049124,4930.0,-5.544308647036509,4930.0,-0.8732960994269455,4930.0,-0.12342423957010593,4930.0,2.494435136219187
4940.0,-8.91830222714224,4940.0,-7.840559370387748,4940.0,-5.943287784259575,4940.0,-1.6714345728625781,4940.0,-1.0845212345355646,4940.0,0.7430373042283847,4940.0,-8.830099226543556,4940.0,-7.24278812585189,4940.0,-5.5464157755882555,4940.0,-0.877536174009845,4940.0,-0.12852781894983203,4940.0,2.485098762722034
4950.0,-8.917765804164775,4950.0,-7.837086285975166,4950.0,-5.940963571065285,4950.0,-1.6668137893209476,4950.0,-1.0789534908835927,4950.0,0.7531617636620414,4950.0,-8.830548650146058,4950.0,-7.245965162319851,4950.0,-5.5484996877835195,4950.0,-0.8817298069256405,4950.0,-0.13357525708457751,4950.0,2.4758675384969013
4960.0,-8.917235315786424,4960.0,-7.83365034949216,4960.0,-5.938665441233927,4960.0,-1.6622450703107954,4960.0,-1.07344825445472,4960.0,0.7631746560671947,4960.0,-8.830992986987859,4960.0,-7.249105100299875,4960.0,-5.550560648031912,4960.0,-0.885877525562277,4960.0,-0.13856719596989747,4960.0,2.466740199077105
4970.0,-8.916710698087037,4970.0,-7.830251203052434,4970.0,-5.936393110937005,4970.0,-1.6577278476176531,4970.0,-1.06800484658122,4970.0,0.7730771428704374,4970.0,-8.831432295454803,4970.0,-7.252208417977236,4970.0,-5.552598917634844,4970.0,-0.8899798511066778,4970.0,-0.14350426989482398,4970.0,2.4577154972568396
4980.0,-8.916191887869658,4980.0,-7.826888490993629,4980.0,-5.934146299383403,4980.0,-1.65326155908458,4980.0,-1.0626225956946431,4980.0,0.7828703751202677,4980.0,-8.831866633272066,4980.0,-7.255275586037497,4980.0,-5.554614754825552,4980.0,-0.894037298624867,4980.0,-0.14838710554662407,4980.0,2.4487922027910463
4990.0,-8.91567882263197,4990.0,-7.823561859891097,4990.0,-5.931924728769486,4990.0,-1.6488456485333471,4990.0,-1.057300837241635,4990.0,0.7925554935378539,4990.0,-8.832296057511671,4990.0,-7.258307067824011,4990.0,-5.5566084148084744,4990.0,-0.898050377140953,4990.0,-0.15321632211374533,4990.0,2.439969102102087
5000.0,-8.915171440511216,5000.0,-7.820270958542602,5000.0,-5.929728124202606,5000.0,-1.644479565659191,5000.0,-1.0520389135731802,5000.0,0.8021336285970865,5000.0,-8.832720624599961,5000.0,-7.261303319491144,5000.0,-5.558580149798141,5000.0,-0.9020195897148405,5000.0,-0.15799253138704436,5000.0,2.431244997993339
5010.0,-8.914669680239614,5010.0,-7.817015437961303,5010.0,-5.927556213635337,5010.0,-1.6401627659364744,5010.0,-1.0468361738446168,5010.0,0.8116059005964712,5010.0,-8.833140390324939,5010.0,-7.264264790153409,5010.0,-5.560530209057438,5010.0,-0.9059454335188132,5010.0,-0.16271633785937592,5010.0,2.422618709369265
5020.0,-8.914173481123361,5020.0,-7.813794951390083,5020.0,-5.925408727823399,5020.0,-1.6358947105482038,5020.0,-1.0416919739393664,5020.0,0.8209734197097721,5020.0,-8.833555409843548,5020.0,-7.267191922030538,5020.0,-5.562458838935292,5020.0,-0.9098283999128991,5020.0,-0.1673883388234565,5020.0,2.4140890709619707
5030.0,-8.913682783035481,5030.0,-7.810609154327389,5030.0,-5.923285400297388,5030.0,-1.6316748663295098,5030.0,-1.0366056764065137,5030.0,0.8302372860252232,5030.0,-8.833965737689022,5030.0,-7.270085150588643,5030.0,-5.564366282903789,5030.0,-0.913668974519066,5030.0,-0.17200912446807265,5030.0,2.4056549330639667
5040.0,-8.913197526415745,5040.0,-7.807457704558243,5040.0,-5.921185967341842,5040.0,-1.6275027057186575,5040.0,-1.031576650405794,5040.0,0.8393985895796169,5040.0,-8.834371427777873,5040.0,-7.272944904677622,5040.0,-5.56625278159474,5040.0,-0.9174676372942767,5040.0,-0.1765792779727038,5040.0,2.397315161267025
5050.0,-8.912717652274488,5050.0,-7.804340262187116,5050.0,-5.919110167978259,5050.0,-1.6233777067122248,5050.0,-1.0266042716566381,5050.0,0.8484584103905393,5050.0,-8.834772533417041,5050.0,-7.275771606664882,5050.0,-5.568118572835633,5050.0,-0.9212248626024483,5050.0,-0.1810993756005377,5050.0,2.389068636206912
5060.0,-8.912243102197735,5060.0,-7.801256489670107,5060.0,-5.91705774394952,5060.0,-1.6192993528217914,5060.0,-1.0216879223886226,5060.0,0.8574178184893142,5060.0,-8.835169107310861,5060.0,-7.278565672565562,5060.0,-5.56996389168514,5060.0,-0.9249411192852691,5060.0,-0.1855699867900026,5060.0,2.3809142533138186
5070.0,-8.911773818342517,5070.0,-7.798206051835526,5070.0,-5.9150284396946455,5070.0,-1.6152671330212065,5070.0,-1.0168269912824137,5070.0,0.866277873965482,5070.0,-8.835561201567833,5070.0,-7.281327512169124,5070.0,-5.571788970467853,5070.0,-0.9286168707318679,5070.0,-0.1899916742446236,5070.0,2.3728509225685404
5080.0,-8.9113097434166,5080.0,-7.795188615887097,5080.0,-5.913022002308064,5080.0,-1.611280541678523,5080.0,-1.0120208733952991,5080.0,0.8750396270286315,5080.0,-8.835948867706946,5080.0,-7.284057529162342,5080.0,-5.573594038808184,5080.0,-0.9322525749469943,5080.0,-0.1943649940210371,5080.0,2.3648775682643497
5090.0,-8.910850820665575,5090.0,-7.792203851412809,5090.0,-5.911038181506355,5090.0,-1.6073390784956463,5090.0,-1.0072689700943098,5090.0,0.8837041180645058,5090.0,-8.836332156663852,5090.0,-7.2867561212488985,5090.0,-5.575379323663681,5090.0,-0.9358486846181387,5090.0,-0.19869049561548704,5090.0,2.356993128774291
5100.0,-8.91039699387061,5100.0,-7.78925143040281,5100.0,-5.909076729605857,5100.0,-1.6034422484589672,5100.0,-1.0025706890002974,5100.0,0.8922723776819261,5100.0,-8.836711118797025,5100.0,-7.289423680265993,5100.0,-5.57714504935791,5100.0,-0.939405647181712,5100.0,-0.20296872204900712,5100.0,2.3491965563234363
5110.0,-8.909948207351318,5110.0,-7.786331027270773,5110.0,-5.907137401505379,5110.0,-1.599589561795348,5110.0,-0.9979254439372729,5110.0,0.9007454267561844,5110.0,-8.837085803893956,5110.0,-7.292060592297999,5110.0,-5.578891437612946,5110.0,-0.9429239048883091,5110.0,-0.20720020995132288,5110.0,2.3414868167659955
5120.0,-8.909504405970873,5120.0,-7.783442318876076,5120.0,-5.905219954671416,5120.0,-1.5957805339307765,5120.0,-0.9933326548843497,5120.0,0.909124276471441,5120.0,-8.837456261177417,5120.0,-7.294667237787364,5120.0,-5.5806187075814915,5120.0,-0.9464038948671343,5120.0,-0.21138548964352766,5120.0,2.333862889367193
5130.0,-8.909065535142117,5130.0,-7.780584984545462,5130.0,-5.903324149124406,5130.0,-1.5920146854502746,5130.0,-0.9887917479288822,5130.0,0.9174099283635135,5130.0,-8.83782253931174,5130.0,-7.297243991642653,5130.0,-5.582327075878604,5130.0,-0.9498460491895944,5130.0,-0.21552508521948804,5130.0,2.32632376658968
5140.0,-8.90863154083389,5140.0,-7.777758706093567,5140.0,-5.901449747425394,5140.0,-1.5882915420583965,5140.0,-0.9843021552201403,5140.0,0.9256033743636154,5140.0,-8.838184686408963,5140.0,-7.299791223344017,5140.0,-5.584016756613031,5140.0,-0.9532507949319281,5140.0,-0.21961951462604892,5140.0,2.3188684538844955
5150.0,-8.908202369580184,5150.0,-7.774963167844847,5150.0,-5.899596514665605,5150.0,-1.5846106345428321,5150.0,-0.9798633149260454,5150.0,0.933705596840477,5150.0,-8.838542750035336,5150.0,-7.30230929704616,5150.0,-5.5856879614183645,5150.0,-0.956618554237285,5150.0,-0.2236692897422796,5150.0,2.3114959694861827
5160.0,-8.907777968496706,5160.0,-7.772198056661717,5160.0,-5.897764218463562,5160.0,-1.5809714987457817,5160.0,-0.975474671197626,5160.0,0.9417175686361028,5160.0,-8.838896777218164,5160.0,-7.304798571679192,5160.0,-5.587340899484198,5160.0,-0.9599497443772694,5160.0,-0.22767491645783497,5160.0,2.304205344211783
5170.0,-8.907358285302015,5170.0,-7.769463061976016,5170.0,-5.895952628966984,5170.0,-1.5773736755402612,5170.0,-0.9711356741383621,5170.0,0.9496402530979634,5170.0,-8.839246814452649,5170.0,-7.307259401047253,5170.0,-5.588975777587004,5170.0,-0.9632447778128853,5170.0,-0.2316368947504119,5170.0,2.2969956212637888
5180.0,-8.906943268334658,5180.0,-7.766757875815222,5180.0,-5.894161518850726,5180.0,-1.5738167108027072,5180.0,-0.9668457797698082,5180.0,0.9574746041161554,5180.0,-8.839592907708928,5180.0,-7.309692133924633,5180.0,-5.590592800120672,5180.0,-0.9665040622545878,5180.0,-0.2355557187619797,5180.0,2.289865856037167
5190.0,-8.906532866563023,5190.0,-7.764082192820314,5190.0,-5.89239066330766,5190.0,-1.5703001553786575,5190.0,-0.9626044499902421,5190.0,0.965221566168727,5190.0,-8.839935102438684,5190.0,-7.312097114149469,5190.0,-5.592192169126499,5190.0,-0.9697280007213935,5190.0,-0.23943187687375772,5190.0,2.2828151159305072
5200.0,-8.906127029588639,5200.0,-7.761435710255939,5200.0,-5.890639840033014,5200.0,-1.5668235650421753,5200.0,-0.9584111525270396,5200.0,0.9728820743744259,5200.0,-8.840273443581768,5200.0,-7.31447468071502,5200.0,-5.593774084322594,5200.0,-0.9729169915990517,5200.0,-0.24326585177995116,5200.0,2.2758424801610806
5210.0,-8.905725707644281,5210.0,-7.758818128014435,5210.0,-5.888908829203857,5210.0,-1.5633865004505265,5210.0,-0.9542653608842848,5210.0,0.9804570545512926,5210.0,-8.840607975572517,5210.0,-7.316825167858615,5210.0,-5.595338743132825,5210.0,-0.976071428697233,5210.0,-0.24705812056021786,5210.0,2.268947039583883
5220.0,-8.90532885159065,5220.0,-7.75622914861727,5220.0,-5.887197413457077,5220.0,-1.559988527097616,5220.0,-0.9501665542891031,5220.0,0.9879474232775725,5220.0,-8.840938742345957,5220.0,-7.319148905148325,5220.0,-5.5968863407152485,5220.0,-0.9791917013058786,5220.0,-0.25080915475098725,5220.0,2.2621278965143343
5230.0,-8.904936412927064,5230.0,-7.7536684772296836,5230.0,-5.885505377881641,5230.0,-1.5566292152819055,5230.0,-0.9461142176524777,5230.0,0.9953540879391337,5230.0,-8.841265787343646,5230.0,-7.321446217567324,5230.0,-5.598417069989852,5230.0,-0.9822781942504527,5230.0,-0.2545194204154314,5230.0,2.2553841645548798
5240.0,-8.904548343807493,5240.0,-7.751135821679705,5240.0,-5.883832510016386,5240.0,-1.5533081400800175,5240.0,-0.9421078415357227,5240.0,1.0026779467721725,5240.0,-8.841589153519314,5240.0,-7.323717425595948,5240.0,-5.599931121665757,5240.0,-0.9853312879462388,5240.0,-0.25818937821213,5240.0,2.248714968425227
5250.0,-8.904164597034352,5250.0,-7.748630892454007,5250.0,-5.882178599825544,5250.0,-1.550024881298332,5250.0,-0.9381469220949508,5250.0,1.0099198889288188,5250.0,-8.841908883344082,5250.0,-7.325962845291661,5250.0,-5.601428684267732,5250.0,-0.9883513584516282,5250.0,-0.2618194834625582,5250.0,2.2421194437962453
5260.0,-8.903785126039164,5260.0,-7.746153402679859,5260.0,-5.880543439661431,5260.0,-1.5467790234119192,5260.0,-0.9342309610128698,5260.0,1.0170807945562708,5260.0,-8.842225018811803,5260.0,-7.328182788367019,5260.0,-5.60290994416247,5260.0,-0.991338777520688,5260.0,-0.26541018621752654,5260.0,2.2355967371271297
5270.0,-8.903409884860558,5270.0,-7.743703068103504,5270.0,-5.878926824224512,5270.0,-1.5435701555010384,5270.0,-0.9303594654281323,5270.0,1.0241615348791857,5270.0,-8.842537601444135,5270.0,-7.330377562265817,5270.0,-5.604375085584385,5270.0,-0.9942939126549933,5270.0,-0.2689619313226522,5270.0,2.2291460055057204
5280.0,-8.903038828122664,5280.0,-7.7412796070683685,5280.0,-5.8773285505241155,5280.0,-1.540397871188523,5280.0,-0.9265319478655855,5280.0,1.0311629722819426,5280.0,-8.842846672295856,5280.0,-7.332547470237543,5280.0,-5.605824290661187,5280.0,-0.9972171271548214,5280.0,-0.2724751584829282,5280.0,2.222766416491933
5290.0,-8.902671911015181,5290.0,-7.738882740493975,5290.0,-5.875748417840854,5290.0,-1.5372617685790644,5290.0,-0.9227479261684048,5290.0,1.0380859603897579,5290.0,-8.843152271959974,5290.0,-7.3346928114100765,5290.0,-5.607257739439118,5290.0,-1.0001087801696527,5290.0,-0.27595030232636425,5290.0,2.2164571479642166
5300.0,-8.902309089276878,5300.0,-7.73651219185773,5300.0,-5.874186227692693,5300.0,-1.5341614502023098,5300.0,-0.9190069234340574,5300.0,1.044931344146661,5300.0,-8.843454440572847,5300.0,-7.336813880860772,5300.0,-5.608675609907928,5300.0,-1.0029692267480643,5300.0,-0.27938779246681356,5300.0,2.2102173879688163
5310.0,-8.90195031919129,5310.0,-7.73416768718818,5310.0,-5.872641783813314,5310.0,-1.5310965229684923,5310.0,-0.9153084679628041,5310.0,1.0516999598815995,5310.0,-8.84375321781982,5310.0,-7.338910969686288,5310.0,-5.610078078025858,5310.0,-1.0057988178873012,5310.0,-0.282788053566212,5310.0,2.2040463345716557
5320.0,-8.901595557585546,5320.0,-7.731848955060832,5320.0,-5.871114892133806,5320.0,-1.5280665981276014,5320.0,-0.9116520932097472,5320.0,1.0583926353716147,5320.0,-8.844048642940864,5320.0,-7.340984365071097,5320.0,-5.611465317744632,5320.0,-1.0085979005825212,5320.0,-0.28615150539621154,5320.0,2.197943195712678
5330.0,-8.901244761819424,5330.0,-7.729555726583452,5330.0,-5.869605360754651,5330.0,-1.5250712912189885,5330.0,-0.9080373377273283,5330.0,1.0650101899151712,5330.0,-8.844340754736113,5330.0,-7.343034350354315,5330.0,-5.612837501033933,5330.0,-1.0113668178751707,5330.0,-0.28947856289887475,5330.0,2.1919071890630732
5340.0,-8.900897889770526,5340.0,-7.727287735377058,5340.0,-5.86811299991406,5340.0,-1.522110222017589,5340.0,-0.9044637451044509,5340.0,1.0715534344094042,5340.0,-8.84462959157119,5340.0,-7.345061205094818,5340.0,-5.614194797905374,5340.0,-1.0141059089005773,5340.0,-0.2927696362462026,5340.0,2.185937541885429
5350.0,-8.90055489981905,5350.0,-7.725044717555904,5350.0,-5.866637621956038,5350.0,-1.5191830144800367,5350.0,-0.9009308639055192,5350.0,1.0780231714280026,5350.0,-8.844915191382183,5350.0,-7.347065205134646,5350.0,-5.615537376435996,5350.0,-1.0168155089346573,5350.0,-0.2960251308986865,5350.0,2.180033490896657
5360.0,-8.900215750832887,5360.0,-7.7228264117071035,5360.0,-5.865179041298762,5360.0,-1.516289296691282,5360.0,-0.8974382476099901,5360.0,1.0844201952990513,5360.0,-8.84519759168049,5360.0,-7.349046622660935,5360.0,-5.616865402791201,5360.0,-1.0194959494398932,5360.0,-0.29924544766285033,5360.0,2.174194282133599
5370.0,-8.899880402153027,5370.0,-7.720632558870358,5370.0,-5.863737074403684,5370.0,-1.5134287008121654,5370.0,-0.8939854545529086,5370.0,1.0907452921823875,5370.0,-8.845476829557512,5370.0,-7.351005726266302,5370.0,-5.618179041247406,5370.0,-1.0221475581105435,5370.0,-0.3024309827478977,5370.0,2.168419170821237
5380.0,-8.899548813580644,5380.0,-7.718462902518624,5380.0,-5.862311539746213,5380.0,-1.510600863028744,5380.0,-0.8905720478672077,5380.0,1.0969992401456141,5380.0,-8.845752941689161,5380.0,-7.352942781007783,5380.0,-5.619478454214238,5380.0,-1.0247706589172618,5380.0,-0.3055821278214962,5380.0,2.1627074212434088
5390.0,-8.899220945367084,5390.0,-7.716317188541391,5390.0,-5.860902257789622,5390.0,-1.507805423505035,5390.0,-0.8871975954294521,5390.0,1.1031828092370977,5390.0,-8.84602596434026,5390.0,-7.3548580484644575,5390.0,-5.620763802256366,5390.0,-1.0273655721509238,5390.0,-0.3086992700646121,5390.0,2.1570583066159905
5400.0,-8.898896758206694,5400.0,-7.714195165230255,5400.0,-5.859509050961792,5400.0,-1.505042026338802,5400.0,-0.8838616698086565,5400.0,1.1092967615562828,5400.0,-8.846295933368726,5400.0,-7.356751786793579,5400.0,-5.622035244114912,5400.0,-1.0299326144658103,5400.0,-0.3117827922255258,5400.0,2.1514711089624288
5410.0,-8.898576213230049,5410.0,-7.712096583264549,5410.0,-5.85813174363259,5410.0,-1.5023103195181724,5410.0,-0.8805638482159588,5410.0,1.1153418513235207,5410.0,-8.846562884229922,5410.0,-7.358624250785697,5410.0,-5.62329293672871,5410.0,-1.0324720989223284,5410.0,-0.3148330726731928,5410.0,2.1459451189915333
5420.0,-8.898259271996983,5420.0,-7.710021195696357,5420.0,-5.856770162091152,5420.0,-1.4996099548783515,5420.0,-0.8773037124543982,5420.0,1.1213188249501198,5420.0,-8.846826851980865,5420.0,-7.360475691918498,5420.0,-5.624537035255274,5420.0,-1.0349843350292083,5420.0,-0.31785048544989586,5420.0,2.1404796359772873
5430.0,-8.897945896489741,5430.0,-7.707968757935331,5430.0,-5.855424134523484,5430.0,-1.4969405880588351,5430.0,-0.8740808488692495,5430.0,1.1272284211081818,5430.0,-8.847087871284616,5430.0,-7.362306358409751,5430.0,-5.625767693091723,5430.0,-1.0374696287852332,5430.0,-0.3208354003232393,5430.0,2.1350739676407557
5440.0,-8.897636049106717,5440.0,-7.705939027733635,5440.0,-5.85409349099068,5440.0,-1.494301878461443,5440.0,-0.870894848299191,5440.0,1.1330713707998883,5440.0,-8.847345976414582,5440.0,-7.364116495268988,5440.0,-5.626985061895309,5440.0,-1.0399282827205119,5440.0,-0.3237881828375738,5440.0,2.129727430034077
5450.0,-8.89732969265661,5450.0,-7.703931765171127,5450.0,-5.8527780634078335,5450.0,-1.4916934892092648,5450.0,-0.8677453060284119,5450.0,1.1388483974261374,5450.0,-8.847601201258847,5450.0,-7.3659063443482715,5450.0,-5.62818929160391,5450.0,-1.0423605959372269,5450.0,-0.32670919436466916,5450.0,2.1244393474263363
5460.0,-8.897026790355179,5460.0,-7.7019467326426385,5460.0,-5.851477685525558,5460.0,-1.4891150871083059,5460.0,-0.8646318217414876,5460.0,1.144560216852671,5460.0,-8.847853579324555,5460.0,-7.367676144391892,5460.0,-5.629380530456188,5460.0,-1.0447668641499757,5460.0,-0.3295987921538315,5460.0,2.1192090521914397
5470.0,-8.89672730582897,5470.0,-7.699983694852157,5470.0,-5.8501921929187795,5470.0,-1.4865663426167264,5470.0,-0.8615539994858197,5470.0,1.1502075374688512,5470.0,-8.84810314374236,5470.0,-7.369426131085209,5470.0,-5.630558925011709,5470.0,-1.0471473797256647,5470.0,-0.3324573293814306,5470.0,2.1140358846977843
5480.0,-8.89643120312082,5480.0,-7.698042418808259,5480.0,-5.848921422977216,5480.0,-1.4840469298158652,5480.0,-0.8585114476359567,5480.0,1.1557910602448136,5480.0,-8.848349927270924,5480.0,-7.371156537102542,5480.0,-5.631724620170883,5480.0,-1.0495024317230435,5480.0,-0.33528515519992763,5480.0,2.1089191931997155
5490.0,-8.896138446690903,5490.0,-7.696122673815052,5490.0,-5.847665214891788,5490.0,-1.4815565263774082,5490.0,-0.8555037788540566,5490.0,1.1613114787926588,5490.0,-8.848593962301434,5490.0,-7.372867592154077,5490.0,-5.632877759194677,5490.0,-1.051832305931799,5490.0,-0.3380826147862064,5490.0,2.103858333730789
5500.0,-8.895849001414632,5500.0,-7.694224231459571,5500.0,-5.8464234096378656,5500.0,-1.479094813527576,5500.0,-0.8525306100474205,5500.0,1.1667694794307581,5500.0,-8.848835280862051,5500.0,-7.3745595230319205,5500.0,-5.634018483724134,5500.0,-1.054137284911052,5500.0,-0.3408500493893366,5500.0,2.098852669998871
5510.0,-8.895562832578511,5510.0,-7.692346865596906,5510.0,-5.845195849956584,5510.0,-1.4766614760095702,5510.0,-0.8495915623243225,5510.0,1.1721657412499433,5510.0,-8.84907391462226,5510.0,-7.376232553655104,5510.0,-5.635146933799553,5510.0,-1.0564176480274328,5510.0,-0.3435877963775973,5510.0,2.0939015732830493
5520.0,-8.895279905874553,5520.0,-7.6904903523337795,5520.0,-5.843982380335013,5520.0,-1.4742562020450556,5520.0,-0.8466862609489028,5520.0,1.1775009361807725,5520.0,-8.849309894897187,5520.0,-7.3778869051136375,5520.0,-5.636263247879443,5520.0,-1.058673671492608,5520.0,-0.34629618928490985,5520.0,2.089004422332268
5530.0,-8.895000187394096,5530.0,-7.688654470011254,5530.0,-5.84278284698574,5530.0,-1.4718786832952337,5530.0,-0.8438143352957098,5530.0,1.182775729061303,5530.0,-8.84954325265188,5530.0,-7.379522795711713,5530.0,-5.637367562859189,5530.0,-1.0609056284003107,5530.0,-0.3489755578565851,5530.0,2.084160603265719
5540.0,-8.894723643622646,5540.0,-7.686838999188154,5540.0,-5.841597097827565,5540.0,-1.4695286148232005,5540.0,-0.8409754188055433,5540.0,1.1879907777036687,5540.0,-8.849774018505455,5540.0,-7.381140441010054,5540.0,-5.638460014089562,5540.0,-1.0631137887629436,5540.0,-0.35162622809455985,5540.0,2.0793695094748195
5550.0,-8.894450241438511,5550.0,-7.685043722628331,5550.0,-5.840424982470287,5550.0,-1.4672056950606052,5550.0,-0.8381691489456603,5550.0,1.1931467329564205,5550.0,-8.850002222735457,5550.0,-7.382740053867519,5550.0,-5.6395407353951095,5550.0,-1.0652984195478845,5550.0,-0.35424852230212334,5550.0,2.074630541526693
5560.0,-8.89417994811431,5560.0,-7.683268425290527,5560.0,-5.839266352202432,5560.0,-1.464909625777388,5560.0,-0.8353951671730888,5560.0,1.1982442387638423,5560.0,-8.850227895282272,5560.0,-7.384321844482112,5560.0,-5.640609859092416,5560.0,-1.0674597847134155,5560.0,-0.3568427591282022,5560.0,2.069943107069126
5570.0,-8.893912731317716,5570.0,-7.681512894317202,5570.0,-5.838121059978197,5570.0,-1.4626401120509556,5570.0,-0.8326531188974242,5570.0,1.2032839322258806,5570.0,-8.850451065753449,5570.0,-7.3858860204310375,5570.0,-5.641667516008191,5570.0,-1.0695981452442191,5570.0,-0.35940925361106346,5570.0,2.065306620737032
5580.0,-8.893648559109492,5580.0,-7.679776919020698,5580.0,-5.836988960402049,5580.0,-1.460396862233151,5580.0,-0.8299426534414611,5580.0,1.2082664436602968,5580.0,-8.850671763427888,5580.0,-7.387432786710023,5580.0,-5.642713835496968,5580.0,-1.071713759186325,5580.0,-0.36194831722133214,5580.0,2.0607205040605856
5590.0,-8.89338739993926,5590.0,-7.678060290866952,5590.0,-5.835869909711086,5590.0,-1.4581795879151818,5590.0,-0.8272634239998226,5590.0,1.2131923966668958,5590.0,-8.850890017259935,5590.0,-7.388962345771718,5590.0,-5.64374894545862,5590.0,-1.073806881681613,5590.0,-0.3644602579044613,5590.0,2.0561841853748724
5600.0,-8.893129222639546,5600.0,-7.676362803457289,5600.0,-5.834763765755791,5600.0,-1.4559880038911044,5600.0,-0.8246150875962023,5600.0,1.2180624081931857,5600.0,-8.85110585588341,5600.0,-7.390474897563361,5600.0,-5.644772972355495,5600.0,-1.075877765001755,5600.0,-0.36694538012248207,5600.0,2.051697099731041
5610.0,-8.892873996418611,5610.0,-7.674684252508907,5610.0,-5.833670387979659,5610.0,-1.4538218281203559,5610.0,-0.8219973050396758,5610.0,1.2228770886009983,5610.0,-8.851319307615471,5610.0,-7.391970639563627,5610.0,-5.645786041229334,5610.0,-1.0779266585816847,5610.0,-0.369403984895235,5610.0,2.047258688808955
5620.0,-8.892621690848262,5620.0,-7.673024435830299,5620.0,-5.832589637394055,5620.0,-1.4516807816856878,5620.0,-0.8194097408764851,5620.0,1.227637041737684,5620.0,-8.851530400460344,5620.0,-7.393449766818677,5620.0,-5.646788275717886,5620.0,-1.079953809052632,5620.0,-0.37183636984094204,5620.0,2.0428684008313467
5630.0,-8.89237227584402,5630.0,-7.67138315328893,5630.0,-5.831521376545474,5630.0,-1.4495645887436877,5630.0,-0.8168520633344245,5630.0,1.2323428650147028,5630.0,-8.851739162112944,5630.0,-7.394912471977461,5630.0,-5.647779798071235,5630.0,-1.0819594602745615,5630.0,-0.37424282921618524,5630.0,2.0385256904793434
5640.0,-8.892125721649593,5640.0,-7.669760206783097,5640.0,-5.830465469487277,5640.0,-1.4474729764799146,5640.0,-0.8143239442719108,5640.0,1.236995149481544,5640.0,-8.851945619962375,5640.0,-7.3963589453262,5640.0,-5.648760729167764,5640.0,-1.0839438533681849,5640.0,-0.37662365395524394,5640.0,2.0342300188095304
5650.0,-8.891881998828056,5650.0,-7.6681554002204,5650.0,-5.8294217817581835,5650.0,-1.445405675070988,5650.0,-0.8118250591340381,5650.0,1.2415944798926752,5650.0,-8.852149801095392,5650.0,-7.397789374822332,5650.0,-5.649731188530034,5650.0,-1.0859072267465368,5650.0,-0.37897913170898817,5650.0,2.029980853172209
5660.0,-8.89164107825618,5660.0,-7.666568539499332,5660.0,-5.828390180364082,5660.0,-1.4433624176501463,5660.0,-0.8093550869121493,5660.0,1.2461414347709483,5660.0,-8.852351732299775,5660.0,-7.399203946127715,5660.0,-5.6506912943404055,5660.0,-1.0878498161462187,5660.0,-0.38130954688321744,5660.0,2.025777667130972
5670.0,-8.89140293112031,5670.0,-7.664999432492389,5670.0,-5.827370533761589,5670.0,-1.4413429402747062,5670.0,-0.8069137101053611,5670.0,1.2506365864690512,5670.0,-8.85255144006771,5670.0,-7.400602842641264,5670.0,-5.6516411634564685,5670.0,-1.0897718546581718,5670.0,-0.3836151806765638,5670.0,2.021619940383507
5680.0,-8.891167528913305,5680.0,-7.663447889030092,5680.0,-5.826362711842652,5680.0,-1.4393469818947504,5680.0,-0.8045006146833514,5680.0,1.2550805012296602,5680.0,-8.852748950599178,5680.0,-7.401986245531043,5680.0,-5.652580911426308,5680.0,-1.091673572758184,5680.0,-0.3858963111178716,5680.0,2.017507158683682
5690.0,-8.890934843431573,5690.0,-7.661913720885186,5690.0,-5.825366585919503,5690.0,-1.4373742843223332,5690.0,-0.8021154900497135,5690.0,1.2594737392449873,5690.0,-8.852944289805174,5690.0,-7.403354333765617,5690.0,-5.653510652503575,5690.0,-1.0935551983369445,5690.0,-0.3881532131031145,5690.0,2.013438813764699
5700.0,-8.890704846768465,5700.0,-7.660396741753059,5700.0,-5.8243820287060055,5700.0,-1.4354245921972113,5700.0,-0.7997580290018939,5700.0,1.2638168547197286,5700.0,-8.853137483310935,5700.0,-7.404707284144938,5700.0,-5.654430499662269,5700.0,-1.0954169567296514,5700.0,-0.3903861584318181,5700.0,2.0094144032636443
5710.0,-8.89047751130191,5710.0,-7.658896767226338,5710.0,-5.823408914293351,5710.0,-1.4334976529471106,5710.0,-0.7974279276856896,5710.0,1.2681103959393913,5710.0,-8.853328556458978,5710.0,-7.406045271330359,5710.0,-5.655340564611248,5710.0,-1.097259070745157,5710.0,-0.39259541584276786,5710.0,2.005433430647226
5720.0,-8.890252809683991,5720.0,-7.657413614771571,5720.0,-5.822447118127925,5720.0,-1.4315932167503085,5720.0,-0.7951248855521333,5720.0,1.272354905336175,5720.0,-8.853517534311926,5720.0,-7.407368467874204,5720.0,-5.6562409578084445,5720.0,-1.0990817606946919,5720.0,-0.39478125104933,5720.0,2.001495405138746
5730.0,-8.890030714834754,5730.0,-7.655947103709931,5730.0,-5.821496516993412,5730.0,-1.429711036502614,5730.0,-0.7928486053187983,5730.0,1.2765509195503792,5730.0,-8.853704441655514,5730.0,-7.408677044248691,5730.0,-5.657131788474997,5730.0,-1.1008852444202246,5730.0,-0.3969439267742744,5730.0,1.9975998416461205
5740.0,-8.889811199938864,5740.0,-7.654497055200843,5740.0,-5.820556988995912,5740.0,-1.427850867787502,5740.0,-0.7905987929343151,5740.0,1.2806989694885484,5740.0,-8.853889303001436,5740.0,-7.409971168874504,5740.0,-5.658013164609223,5740.0,-1.1026697373225842,5740.0,-0.399083702784259,5740.0,1.9937462606908807
5750.0,-8.889594238444175,5750.0,-7.653063292227549,5750.0,-5.819628413551094,5750.0,-1.4260124688484819,5750.0,-0.7883751575451745,5750.0,1.2847995803792382,5750.0,-8.854072142590375,5750.0,-7.411251008148894,5750.0,-5.658885193000514,5750.0,-1.1044354523892959,5750.0,-0.40120083592395195,5750.0,1.9899341883382826
5760.0,-8.889379804061605,5760.0,-7.651645639583904,5760.0,-5.818710671372774,5760.0,-1.4241956005629843,5760.0,-0.7861774114640845,5760.0,1.288853271827169,5760.0,-8.854252984394929,5760.0,-7.412516726473265,5760.0,-5.659747979243066,5760.0,-1.1061826002220954,5760.0,-0.40329558014971095,5760.0,1.9861631561283315
5770.0,-8.889167870765327,5770.0,-7.650243923861479,5770.0,-5.817803644461884,5770.0,-1.422400026416828,5770.0,-0.7840052701389566,5770.0,1.2928605578666568,5770.0,-8.854431852122538,5770.0,-7.413768486280394,5770.0,-5.660601627749478,5770.0,-1.107911389064132,5770.0,-0.4053681865629142,5770.0,1.9824327010077598
5780.0,-8.888958412789526,5780.0,-7.648857973433373,5780.0,-5.81690721609217,5780.0,-1.4206255124755744,5780.0,-0.7818584521188329,5780.0,1.2968219470180296,5780.0,-8.854608769218428,5780.0,-7.415006448060989,5780.0,-5.6614462417641604,5780.0,-1.1096220248267865,5780.0,-0.4074189034428251,5780.0,1.9787423652632095
5790.0,-8.888751404620672,5790.0,-7.647487618433319,5790.0,-5.816021270791476,5790.0,-1.4188718273515684,5790.0,-0.7797366790155335,5790.0,1.3007379423482257,5790.0,-8.854783758868164,5790.0,-7.416230770389773,5790.0,-5.662281923376384,5790.0,-1.1113147111160264,5790.0,-0.4094479762787949,5790.0,1.975091696455418
5800.0,-8.88854682099061,5800.0,-7.646132690735868,5800.0,-5.815145694324,5800.0,-1.4171387421721757,5800.0,-0.7776396754665522,5800.0,1.304609041530051,5800.0,-8.854956844000299,5800.0,-7.417441609950986,5800.0,-5.663108773533092,5800.0,-1.1129896492583728,5800.0,-0.4114556478021713,5800.0,1.9714802473544908
5810.0,-8.888344636872429,5810.0,-7.644793023939205,5810.0,-5.814280373675427,5810.0,-1.4154260305509423,5810.0,-0.7755671691009327,5810.0,1.3084357368983621,5810.0,-8.855128047288963,5810.0,-7.418639121563501,5810.0,-5.663926892051682,5810.0,-1.1146470383266147,5810.0,-0.4134421580177459,5810.0,1.9679075758759688
5820.0,-8.888144827478495,5820.0,-7.643468453350231,5820.0,-5.813425197040321,5820.0,-1.4137334685612577,5820.0,-0.773518890507676,5820.0,1.3122185155036081,5820.0,-8.855297391156524,5820.0,-7.4198234582056015,5820.0,-5.664736377632717,5820.0,-1.1162870751652874,5820.0,-0.41540774423491744,5820.0,1.964373245017892
5830.0,-8.887947368260178,5830.0,-7.642158815971298,5830.0,-5.8125800538113,5830.0,-1.4120608347119001,5830.0,-0.771494573206083,5830.0,1.315957859163335,5830.0,-8.855464897776244,5830.0,-7.420994771039395,5830.0,-5.665537327872378,5830.0,-1.117909954415879,5830.0,-0.41735264109851716,5830.0,1.960876822798575
5840.0,-8.88775223490859,5840.0,-7.640863950488069,5840.0,-5.811744834569398,5840.0,-1.410407909923889,5840.0,-0.769493953617454,5840.0,1.3196542445122281,5840.0,-8.85563058907494,5840.0,-7.4221532094348355,5840.0,-5.6663298392749875,5840.0,-1.119515868541784,5840.0,-0.4192770806193246,5840.0,1.957417882195325
5850.0,-8.887559403355855,5850.0,-7.639583697257898,5850.0,-5.810919431075034,5850.0,-1.4087744775081292,5850.0,-0.7675167710376197,5850.0,1.323308143051202,5850.0,-8.85579448673566,5850.0,-7.423298920993386,5850.0,-5.667114007265351,5850.0,-1.1211050078530274,5850.0,-0.42118129220419986,5850.0,1.953996001083954
5860.0,-8.88736884977653,5860.0,-7.6383178982983875,5860.0,-5.810103736259208,5860.0,-1.4071603231433882,5860.0,-0.7655627676098614,5860.0,1.3269200211959968,5860.0,-8.855956612200423,5860.0,-7.424432051571387,5860.0,-5.667889926200993,5860.0,-1.122677560530704,5860.0,-0.42306550268595156,5860.0,1.9506107621790756
5870.0,-8.887180550589067,5870.0,-7.637066397276077,5870.0,-5.809297644214883,5870.0,-1.4055652348546381,5870.0,-0.7636316882982207,5870.0,1.3304903403252508,5870.0,-8.856116986672928,5870.0,-7.425552745303041,5870.0,-5.66865768938434,5870.0,-1.1242337126512325,5870.0,-0.42492993635289367,5870.0,1.947261752975242
5880.0,-8.88699448245758,5880.0,-7.635829039495381,5880.0,-5.8085010501887355,5880.0,-1.4039890029918543,5880.0,-0.7617232808613418,5880.0,1.3340195568279303,5880.0,-8.856275631121342,5880.0,-7.4266611446231074,5880.0,-5.669417389074776,5880.0,-1.1257736482103093,5880.0,-0.4267748149780567,5880.0,1.943948565688756
5890.0,-8.886810622293382,5890.0,-7.634605671887484,5890.0,-5.807713850572865,5890.0,-1.4024314202089292,5890.0,-0.7598372958264428,5890.0,1.3375081221505154,5890.0,-8.856432566280997,5890.0,-7.4277573902891865,5890.0,-5.670169116500537,5890.0,-1.1272975491466255,5890.0,-0.42860035784804346,5890.0,1.9406707972004864
5900.0,-8.886628947256145,5900.0,-7.633396142998765,5900.0,-5.80693594289612,5900.0,-1.4008922814423515,5900.0,-0.757973486463123,5900.0,1.3409564828441969,5900.0,-8.856587812656969,5900.0,-7.4288416214036355,5900.0,-5.670912961870485,5900.0,-1.128805595365212,5900.0,-0.43040678179152736,5900.0,1.9374280489993079
5910.0,-8.886449434754416,5910.0,-7.632200302978782,5910.0,-5.806167225814976,5910.0,-1.3993713838895796,5910.0,-0.7561316087568825,5910.0,1.3443650806122518,5910.0,-8.856741390526807,5910.0,-7.429913975435135,5910.0,-5.6716490143856975,5910.0,-1.1302979647606208,5910.0,-0.43219430120741625,5910.0,1.9342199271264382
5920.0,-8.88627206244571,5920.0,-7.631018003567705,5920.0,-5.805407599103991,5920.0,-1.3978685269870796,5920.0,-0.7543114213823844,5920.0,1.3477343523575456,5920.0,-8.856893319943044,5920.0,-7.430974588239916,5920.0,-5.672377362250927,5920.0,-1.131774833239693,5920.0,-0.4339631280926133,5920.0,1.931046042120527
5930.0,-8.886096808235976,5930.0,-7.629849098083361,5930.0,-5.804656963645874,5930.0,-1.3963835123881325,5930.0,-0.7525126856765056,5930.0,1.3510647302301095,5930.0,-8.857043620735807,5930.0,-7.432023594082582,5930.0,-5.673098092685954,5930.0,-1.1332363747441245,5930.0,-0.43571347206950467,5930.0,1.9279060089635314
5940.0,-8.885923650278768,5940.0,-7.628693441407891,5940.0,-5.8039152214212155,5940.0,-1.39491614394045,5940.0,-0.7507351656112506,5940.0,1.354356641674717,5940.0,-8.857192312515245,5940.0,-7.4330611256566375,5940.0,-5.673811291936717,5940.0,-1.1346827612727433,5940.0,-0.43744554041305367,5940.0,1.9247994470272907
5950.0,-8.885752566973995,5950.0,-7.627550889974181,5950.0,-5.803182275497999,5950.0,-1.393466227663682,5950.0,-0.7489786277665904,5950.0,1.3576105094784037,5950.0,-8.857339414674108,5950.0,-7.43408731410474,5950.0,-5.674517045286395,5950.0,-1.1361141629035358,5950.0,-0.4391595380775854,5950.0,1.9217259800208395
5960.0,-8.885583536966417,5960.0,-7.6264213017519955,5960.0,-5.802458030020915,5960.0,-1.3920335717268437,5960.0,-0.747242841303283,5960.0,1.3608267518178643,5960.0,-8.85748494639009,5960.0,-7.435102289038508,5960.0,-5.675215437066278,5960.0,-1.1375307478153807,5960.0,-0.44085566772326545,5960.0,1.918685235938519
5970.0,-8.885416539143982,5970.0,-7.625304536234008,5970.0,-5.801742390200528,5970.0,-1.390617986425755,5970.0,-0.7455275779357374,5970.0,1.3640057823066747,5970.0,-8.85762892662831,5970.0,-7.43610617855811,5970.0,-5.675906550666578,5970.0,-1.1389326823095447,5970.0,-0.4425341297422243,5970.0,1.9156768470087042
5980.0,-8.885251552635808,5980.0,-7.624200454421659,5980.0,-5.801035262302372,5980.0,-1.3892192841604938,5980.0,-0.7438326119049367,5980.0,1.3671480100423044,5980.0,-8.857771374143676,5980.0,-7.437099109271528,5980.0,-5.676590468547036,5980.0,-1.1403201308309,5980.0,-0.4441951222843873,5980.0,1.9127004496432936
5990.0,-8.885088556810118,5990.0,-7.623108918810953,5990.0,-5.800336553635958,5990.0,-1.3878372794129181,5990.0,-0.7421577199514743,5990.0,1.3702538396528778,5990.0,-8.85791230748322,5990.0,-7.43808120631351,5990.0,-5.6772672722474695,5990.0,-1.1416932559889177,5990.0,-0.4458388412829968,5990.0,1.9097556843878005
6000.0,-8.884927531272055,6000.0,-7.622029793378201,6000.0,-5.799646172543782,6000.0,-1.3864717887242872,6000.0,-0.7405026812887318,6000.0,1.3733236713436572,6000.0,-8.858051744988465,6000.0,-7.439052593364217,6000.0,-5.67793704239819,6000.0,-1.1430522185784107,6000.0,-0.4474654804797897,6000.0,1.9068421958722117
6010.0,-8.884768455861341,6010.0,-7.620962943565719,6010.0,-5.798964028390295,6010.0,-1.3851226306729927,6010.0,-0.7388672775762106,6010.0,1.3763579009432145,6010.0,-8.858189704797667,6010.0,-7.440013392667618,6010.0,-5.678599858730206,6010.0,-1.1443971776000161,6010.0,-0.44907523144992556,6010.0,1.9039596327624366
6020.0,-8.88461131064993,6020.0,-7.619908236267546,6020.0,-5.7982900315509305,6020.0,-1.383789625852431,6020.0,-0.7372512928930468,6020.0,1.3793569199492952,6020.0,-8.858326204848124,6020.0,-7.440963725049592,6020.0,-5.679255800085426,6020.0,-1.1457282902804509,6020.0,-0.4506682836266035,6020.0,1.901107647712429
6030.0,-8.8844560759396,6030.0,-7.618865539815152,6030.0,-5.797624093401142,6030.0,-1.3824725968490321,6030.0,-0.7356545137117221,6030.0,1.3823211155743198,6030.0,-8.858461262878423,6030.0,-7.441903709935705,6030.0,-5.679904944426667,6030.0,-1.1470457120925304,6030.0,-0.4522448243253563,6030.0,1.8982858973169292
6040.0,-8.88430273225944,6040.0,-7.6178347239632185,6040.0,-5.796966126305479,6040.0,-1.3811713682204512,6040.0,-0.7340767288719839,6040.0,1.3852508707905435,6040.0,-8.85859489643066,6040.0,-7.4428334653688575,6040.0,-5.680547368847577,6040.0,-1.1483495967749278,6040.0,-0.4538050387681066,6040.0,1.8954940420648516
6050.0,-8.884151260363328,6050.0,-7.616815659875421,6050.0,-5.796316043606751,6050.0,-1.379885766473935,6050.0,-0.7325177295549842,6050.0,1.3881465643748474,6050.0,-8.858727122852565,6050.0,-7.443753108026487,6050.0,-5.6811831495824565,6050.0,-1.1496400963517577,6050.0,-0.4553491101068761,6050.0,1.8927317462932758
6060.0,-8.884001641227389,6060.0,-7.6158082201102975,6060.0,-5.795673759615252,6060.0,-1.378615620044885,6060.0,-0.7309773092576421,6060.0,1.3910085709531506,6060.0,-8.85885795929978,6060.0,-7.4446627532376635,6060.0,-5.681812362015905,6060.0,-1.1509173611518806,6060.0,-0.45687721944728726,6060.0,1.889998678142027
6070.0,-8.883853856047578,6070.0,-7.614812278607191,6070.0,-5.795039189598052,6070.0,-1.3773607592756005,6070.0,-0.7294552637672478,6070.0,1.3938372610444498,6070.0,-8.858987422737925,6070.0,-7.4455625149998195,6070.0,-5.682435080692419,6070.0,-1.152181539828031,6070.0,-0.4583895458717215,6070.0,1.8872945095088691
6080.0,-8.883707886237037,6080.0,-7.613827710672219,6080.0,-5.794412249768384,6080.0,-1.3761210163942306,6080.0,-0.7279513911362947,6080.0,1.396633001104463,6080.0,-8.859115529944727,6080.0,-7.4464525059953495,6080.0,-5.683051379325839,6080.0,-1.153432779375649,6080.0,-0.4598862664622638,6080.0,1.8846189160052988
6090.0,-8.883563713423607,6090.0,-7.612854392964411,6090.0,-5.793792857275124,6090.0,-1.3748962254939139,6090.0,-0.7264654916575694,6090.0,1.3993961535688797,6090.0,-8.859242297512173,6090.0,-7.44733283760784,6090.0,-5.683661330808748,6090.0,-1.1546712251515943,6090.0,-0.4613675563233212,6090.0,1.8819715769128698
6100.0,-8.88342131944721,6100.0,-7.611892203481837,6100.0,-5.79318093019234,6100.0,-1.3736862225121498,6100.0,-0.7249973678394724,6100.0,1.4021270768962297,6100.0,-8.859367741848523,6100.0,-7.448203619938219,6100.0,-5.6842650072216365,6100.0,-1.1558970208925725,6100.0,-0.46283358860401486,6100.0,1.8793521751401059
6110.0,-8.883280686357537,6110.0,-7.61094102154792,6110.0,-5.792576387509004,6110.0,-1.372490845210346,6110.0,-0.7235468243815982,6110.0,1.4048261256103394,6110.0,-8.859491879180428,6110.0,-7.449064961820479,6110.0,-5.684862479842143,6110.0,-1.1571103087333674,6110.0,-0.46428453452032287,6110.0,1.8767603971799929
6120.0,-8.883141796411387,6120.0,-7.610000727797782,6120.0,-5.79197914911872,6120.0,-1.3713099331536043,6120.0,-0.7221136681505608,6120.0,1.407493650342393,6120.0,-8.85961472555489,6120.0,-7.449916970837344,6120.0,-5.685453819154046,6120.0,-1.1583112292248654,6120.0,-0.4657205633769075,6120.0,1.874195933067932
6130.0,-8.883004632070232,6130.0,-7.6090712041647235,6130.0,-5.791389135809608,6130.0,-1.3701433276906951,6130.0,-0.7206977081560682,6130.0,1.4101299978726098,6130.0,-8.859736296841312,6130.0,-7.450759753335622,6130.0,-5.686039094856157,6130.0,-1.1594999213518962,6130.0,-0.4671418425887463,6130.0,1.8716584763403663
6140.0,-8.882869175997778,6140.0,-7.608152333866788,6140.0,-5.790806269254293,6140.0,-1.368990871934259,6140.0,-0.7192987555272453,6140.0,1.412735511171492,6140.0,-8.859856608733521,6140.0,-7.451593414441395,6140.0,-5.686618375871242,6140.0,-1.1606765225508298,6140.0,-0.46854853770249033,6140.0,1.8691477239938223
6150.0,-8.882735411057604,6150.0,-7.607244001393463,6150.0,-5.790230471999964,6150.0,-1.3678524107412,6150.0,-0.7179166234892091,6150.0,1.4153105294407191,6150.0,-8.859975676751652,6150.0,-7.452418058074899,6150.0,-5.687191730354674,6150.0,-1.161841168726997,6150.0,-0.4699408124175407,6150.0,1.8666633764445177
6160.0,-8.882603320310677,6160.0,-7.606346092492457,6160.0,-5.789661667458565,6160.0,-1.366727790693305,6160.0,-0.7165511273398886,6160.0,1.417855388153591,6160.0,-8.860093516244191,6160.0,-7.453233786965309,6160.0,-5.687759225703128,6160.0,-1.162993994271896,6160.0,-0.47131882860696755,6160.0,1.8642051374885003
6170.0,-8.882472887012911,6170.0,-7.605458494156585,6170.0,-5.78909977989709,6170.0,-1.3656168600780678,6170.0,-0.715202084427094,6170.0,1.4203704190951227,6170.0,-8.860210142389825,6170.0,-7.454040702665268,6170.0,-5.6883209285630665,6170.0,-1.1641351320802404,6170.0,-0.472682746338078,6170.0,1.8617727142622236
6180.0,-8.882344094613028,6180.0,-7.604581094610804,6180.0,-5.788544734427982,6180.0,-1.3645194688697169,6180.0,-0.7138693141258344,6180.0,1.4228559504017164,6180.0,-8.860325570199365,6180.0,-7.45483890556513,6180.0,-5.688876904839228,6180.0,-1.1652647135667449,6180.0,-0.4740327238928304,6180.0,1.8593658172037308
6190.0,-8.88221692675008,6190.0,-7.603713783299318,6190.0,-5.787996456999622,6190.0,-1.3634354687104542,6190.0,-0.7125526378158763,6190.0,1.425312306600447,6190.0,-8.860439814517722,6190.0,-7.4556284949071845,6190.0,-5.689427219702933,6190.0,-1.1663828686827755,6190.0,-0.4753689177879724,6190.0,1.8569841600142056
6200.0,-8.882091367251096,6200.0,-7.602856450872817,6200.0,-5.787454874386951,6200.0,-1.3623647128919023,6200.0,-0.711251878859552,6200.0,1.4277398086479574,6200.0,-8.86055289002562,6200.0,-7.45640956879951,6200.0,-5.689971937600342,6200.0,-1.1674897259327848,6200.0,-0.4766914827949587,6200.0,1.8546274596201098
6210.0,-8.881967400129037,6210.0,-7.602008989175812,6210.0,-5.786919914182184,6210.0,-1.3613070563367504,6210.0,-0.7099668625797977,6210.0,1.4301387739689617,6210.0,-8.860664811241561,6210.0,-7.457182224229738,6210.0,-5.690511122260616,6210.0,-1.16858541239059,6210.0,-0.47800057195961565,6210.0,1.8522954361357424
6220.0,-8.881845009580402,6220.0,-7.601171291234096,6220.0,-5.7863915047856125,6220.0,-1.3602623555806017,6220.0,-0.7086974162384431,6220.0,1.4325095164943722,6220.0,-8.860775592523607,6220.0,-7.4579465570785874,6220.0,-5.691044836703972,6220.0,-1.1696700537154094,6220.0,-0.479296336621622,6220.0,1.849987812826275
6230.0,-8.881724179982921,6230.0,-7.600343251242356,6230.0,-5.785869575396533,6230.0,-1.359230468754029,6230.0,-0.7074433690147338,6230.0,1.4348523466990248,6230.0,-8.86088524807116,6230.0,-7.458702662133217,6230.0,-5.6915731432496734,6230.0,-1.1707437741677666,6230.0,-0.4805789264337435,6230.0,1.847704316071228
6240.0,-8.881604895893696,6240.0,-7.599524764551783,6240.0,-5.785354056004281,6240.0,-1.3582112555648231,6240.0,-0.7062045519840705,6240.0,1.4371675716390393,6240.0,-8.860993791926832,6240.0,-7.4594506331004276,6240.0,-5.692096103523876,6240.0,-1.1718066966251854,6240.0,-0.48184848938082014,6240.0,1.8454446753284615
6250.0,-8.881487142046767,6250.0,-7.598715727657945,6250.0,-5.7848448773793315,6250.0,-1.3572045772804362,6250.0,-0.7049807980970243,6250.0,1.4394554949887894,6250.0,-8.861101237978147,6250.0,-7.460190562619611,6250.0,-5.692613778467444,6250.0,-1.1728589425977447,6250.0,-0.4831051717985787,6250.0,1.8432086230985583
6260.0,-8.881370903350998,6260.0,-7.597916038188641,6260.0,-5.784341971064548,6260.0,-1.3562102967106342,6260.0,-0.7037719421585421,6260.0,1.4417164170775034,6260.0,-8.861207599959288,6260.0,-7.460922542275597,6260.0,-5.693126228343664,6260.0,-1.1739006322433787,6260.0,-0.4843491183921802,6260.0,1.8409958948896916
6270.0,-8.88125616488825,6270.0,-7.597125594891947,6270.0,-5.783845269366491,6270.0,-1.3552282781903233,6270.0,-0.7025778208073972,6270.0,1.4439506349254836,6270.0,-8.861312891452878,6270.0,-7.4616466626113045,6270.0,-5.693633512745835,6270.0,-1.1749318843831096,6270.0,-0.48558047225461715,6270.0,1.8388062291828744
6280.0,-8.881142911910962,6280.0,-7.596344297624378,6280.0,-5.783354705346862,6280.0,-1.354258387562581,6280.0,-0.7013982724958671,6280.0,1.4461584422799607,6280.0,-8.861417125891688,6280.0,-7.462363013140196,6280.0,-5.694135690604818,6280.0,-1.1759528165160127,6280.0,-0.48679937488483727,6280.0,1.8366393673976702
6290.0,-8.88103112984036,6290.0,-7.5955720473390915,6290.0,-5.782870212814007,6290.0,-1.3533004921618774,6290.0,-0.7002331374696342,6290.0,1.4483401296505825,6290.0,-8.861520316560211,6290.0,-7.463071682358595,6290.0,-5.694632820196456,6290.0,-1.1769635448340467,6290.0,-0.48800596620569187,6290.0,1.83449505385834
6300.0,-8.880920804264406,6300.0,-7.594808746074293,6300.0,-5.7823917263145574,6300.0,-1.3523544607974716,6300.0,-0.6990822577479042,6300.0,1.450495984344524,6300.0,-8.861622476596517,6300.0,-7.4637727577578215,6300.0,-5.695124959148967,6300.0,-1.1779641842367237,6300.0,-0.4892003845816686,6300.0,1.8323730357603976
6310.0,-8.880811920935583,6310.0,-7.594054296941661,6310.0,-5.7819191811251365,6310.0,-1.3514201637370094,6310.0,-0.6979454771037493,6310.0,1.452626290501256,6310.0,-8.86172361899381,6310.0,-7.464466325836194,6310.0,-5.695612164450177,6310.0,-1.1789548483456365,6310.0,-0.49038276683644105,6310.0,1.830273063137538
6320.0,-8.880704465769393,6320.0,-7.593308604114963,6320.0,-5.781452513244155,6320.0,-1.350497472690289,6320.0,-0.6968226410446643,6320.0,1.4547313291269408,6320.0,-8.861823756602025,6320.0,-7.465152472110817,6320.0,-5.6960944924547565,6320.0,-1.1799356495187276,6320.0,-0.4915532482701712,6320.0,1.828194888829034
6330.0,-8.88059842484195,6330.0,-7.59257157281874,6330.0,-5.780991659383758,6330.0,-1.3495862607932179,6330.0,-0.6957135967933404,6330.0,1.4568113781284695,6330.0,-8.861922902129562,6330.0,-7.465831281129247,6330.0,-5.69657199889133,6330.0,-1.1809066988644945,6330.0,-0.49271196267665224,6330.0,1.8261382684474894
6340.0,-8.880493784388353,6340.0,-7.591843109317099,6340.0,-5.780536556961763,6340.0,-1.3486864025919503,6340.0,-0.6946181932686508,6340.0,1.4588667123471593,6340.0,-8.862021068144784,6340.0,-7.46650283648104,6340.0,-5.697044738869462,6340.0,-1.1818681062560321,6340.0,-0.49385904236024,6340.0,1.824102960346961
6350.0,-8.880390530800778,6350.0,-7.591123120902626,6350.0,-5.7800871440938115,6350.0,-1.3477977740271956,6350.0,-0.693536281066849,6350.0,1.4608976035920858,6350.0,-8.86211826707765,6350.0,-7.467167220809052,6350.0,-5.6975127668866365,6350.0,-1.182819980344804,6350.0,-0.49499461815260903,6350.0,1.8220887255915592
6360.0,-8.880288650626433,6360.0,-7.5904115158854175,6360.0,-5.7796433595855135,6360.0,-1.3469202524187054,6360.0,-0.692467712442972,6360.0,1.462904320673083,6360.0,-8.862214511221264,6360.0,-7.467824515820692,6360.0,-5.697976136835162,6360.0,-1.1837624285743786,6360.0,-0.49611881942927183,6360.0,1.8200953279243255
6370.0,-8.880188130566081,6370.0,-7.589708203582199,6370.0,-5.7792051429247175,6370.0,-1.346053716449941,6370.0,-0.6914123412924489,6370.0,1.4648871294333814,6370.0,-8.86230981273349,6370.0,-7.468474802298956,6370.0,-5.6984349020089065,6370.0,-1.184695557193973,6370.0,-0.4972317741259665,6370.0,1.8181225337365858
6380.0,-8.880088957471788,6380.0,-7.589013094305536,6380.0,-5.778772434273887,6380.0,-1.3451980461528978,6380.0,-0.6903700231329193,6380.0,1.4668462927819266,6380.0,-8.862404183638374,6380.0,-7.469118160113342,6380.0,-5.698889115110045,6380.0,-1.1856194712718071,6380.0,-0.49833360875480587,6380.0,1.8161701120375908
6390.0,-8.879991117660978,6390.0,-7.588326093751887,6390.0,-5.7783451711274045,6390.0,-1.3443531162221942,6390.0,-0.6893406068878951,6390.0,1.468782086474172,6390.0,-8.86249764926596,6390.0,-7.469754758874735,6390.0,-5.6993388923594015,6390.0,-1.186534404958307,6390.0,-0.4994246036992597,6390.0,1.8142375595162898
6400.0,-8.879894597449706,6400.0,-7.587647101021698,6400.0,-5.777923287500257,6400.0,-1.343518793513617,6400.0,-0.6883239316055118,6400.0,1.4706948062524037,6400.0,-8.862590218247714,6400.0,-7.470384653117969,6400.0,-5.699784268830688,6400.0,-1.1874404271359045,6400.0,-0.5005048421987862,6400.0,1.8123247224213737
6410.0,-8.879799385708838,6410.0,-7.586976035170575,6410.0,-5.777506729410569,6410.0,-1.3426949687934833,6410.0,-0.6873198656611779,6410.0,1.4725846917951833,6410.0,-8.86268188970783,6410.0,-7.471007835048783,6410.0,-5.700225235429975,6410.0,-1.1883375172676607,6410.0,-0.5015743009532581,6410.0,1.8104316353792635
6420.0,-8.879705470069272,6420.0,-7.586312814063863,6420.0,-5.777095441721785,6420.0,-1.3418815317942492,6420.0,-0.6863282764217215,6420.0,1.474451983699861,6420.0,-8.862772675528904,6420.0,-7.471624383686848,6420.0,-5.700661844451177,6420.0,-1.1892257796969976,6420.0,-0.5026331055576682,6420.0,1.8085580693627072
6430.0,-8.879612837381824,6430.0,-7.585657354704689,6430.0,-5.776689368533539,6430.0,-1.3410783715188326,6430.0,-0.6853490305088685,6430.0,1.4762969234215897,6430.0,-8.862862587394218,6430.0,-7.472234376741422,6430.0,-5.70109414731003,6430.0,-1.190105317011206,6430.0,-0.5036813794997789,6430.0,1.806703799161138
6440.0,-8.879521474074423,6440.0,-7.585009573819016,6440.0,-5.776288453661667,6440.0,-1.340285376875613,6440.0,-0.6843819945049534,6440.0,1.478119752217825,6440.0,-8.862951636794378,6440.0,-7.472837890688956,6440.0,-5.701522194596364,6440.0,-1.1909762301529216,6440.0,-0.5047192442943855,6440.0,1.804868603136851
6450.0,-8.87943136639064,6450.0,-7.584369388250115,6450.0,-5.775892640960377,6450.0,-1.3395024371057973,6450.0,-0.6834270354286007,6450.0,1.4799207104334597,6450.0,-8.863039835035325,6450.0,-7.473435000842069,6450.0,-5.701946036121091,6450.0,-1.1918386185182348,6450.0,-0.5057468196009655,6450.0,1.8030522630131605
6460.0,-8.879342500560954,6460.0,-7.583736715241909,6460.0,-5.775501874553432,6460.0,-1.338729442089868,6460.0,-0.6824840210758278,6460.0,1.4817000369878575,6460.0,-8.863127193246488,6460.0,-7.474025781409916,6460.0,-5.702365720957853,6460.0,-1.1926925800415762,6460.0,-0.5067642233252541,6460.0,1.8012545636923234
6470.0,-8.879254862924551,6470.0,-7.583111472642186,6470.0,-5.775116098999269,6470.0,-1.337966282567102,6470.0,-0.6815528202647021,6470.0,1.4834579690053524,6470.0,-8.863213722389213,6470.0,-7.4746103055510345,6470.0,-5.7027812974796355,6470.0,-1.193538211269273,6470.0,-0.507771571707066,6470.0,1.7994752930990519
6480.0,-8.879168440011705,6480.0,-7.58249357904402,6480.0,-5.774735259404496,6480.0,-1.337212850288146,6480.0,-0.6806333030061147,6480.0,1.4851947415540436,6480.0,-8.86329943326465,6480.0,-7.475188645419589,6480.0,-5.70319281339098,6480.0,-1.1943756074234,6480.0,-0.5087689793963414,6480.0,1.797714242045325
6490.0,-8.879083218583443,6490.0,-7.58188295386781,6490.0,-5.77435930148571,6490.0,-1.3364690381046016,6490.0,-0.6797253406063557,6490.0,1.4869105874784365,6490.0,-8.863384336520815,6490.0,-7.475760872205523,6490.0,-5.703600315755976,6490.0,-1.1952048624569194,6490.0,-0.509756559518821,6490.0,1.7959712041137539
6500.0,-8.87899918564,6500.0,-7.581279517399652,6500.0,-5.773988171593391,6500.0,-1.3357347400121644,6500.0,-0.6788288057193731,6500.0,1.488605737301494,6500.0,-8.863468442658442,6500.0,-7.47632705616927,6500.0,-5.704003851022239,6500.0,-1.1960260691012072,6500.0,-0.5107344237327561,6500.0,1.7942459755565208
6510.0,-8.87891632842297,6510.0,-7.580683190814044,6510.0,-5.773621816724389,6510.0,-1.3350098511760176,6510.0,-0.6779435723784132,6510.0,1.4902804191616736,6510.0,-8.86355176203641,6510.0,-7.476887266672232,6510.0,-5.704403465041991,6510.0,-1.1968393189075857,6510.0,-0.5117026822783578,6510.0,1.7925383552071497
6520.0,-8.878834634414025,6520.0,-7.5800938961861455,6520.0,-5.773260184527259,6520.0,-1.3342942679443572,6520.0,-0.6770695160135927,6520.0,1.4919348587747172,6520.0,-8.86363430487639,6520.0,-7.477441572203735,6520.0,-5.704799203090602,6520.0,-1.1976447022837968,6520.0,-0.5126614440214015,6520.0,1.7908481444027942
6530.0,-8.878754091330224,6530.0,-7.579511556495502,6530.0,-5.77290322330137,6530.0,-1.333587887852136,6530.0,-0.6762065134580896,6530.0,1.4935692794148427,6530.0,-8.863716081267219,6530.0,-7.477990040405079,6530.0,-5.705191109883158,6530.0,-1.1984423085264113,6530.0,-0.5136108164917345,6530.0,1.7891751469154342
6540.0,-8.878674687117359,6540.0,-7.578936095623926,6540.0,-5.772550881991826,6540.0,-1.332890609618004,6540.0,-0.6753544429463433,6540.0,1.4951839019099276,6540.0,-8.86379710116885,6540.0,-7.478532738091032,6540.0,-5.705579229589166,6540.0,-1.1992322258495807,6540.0,-0.5145509059176647,6540.0,1.7875191688904646
6550.0,-8.87859640994222,6550.0,-7.5783674383492095,6550.0,-5.772203110182163,6550.0,-1.3322023331368287,6550.0,-0.6745131841068543,6550.0,1.4967789446465547,6550.0,-8.86387737441581,6550.0,-7.479069731269207,6550.0,-5.70596360584583,6550.0,-1.2000145414109054,6550.0,-0.5154818172567479,6550.0,1.785880018791583
6560.0,-8.87851924818325,6560.0,-7.577805510335137,6560.0,-5.771859858083641,6560.0,-1.3315229594677442,6560.0,-0.6736826179499514,6560.0,1.4983546235834062,6560.0,-8.863956910720454,6560.0,-7.479601085157662,6560.0,-5.706344281769991,6560.0,-1.2007893413347106,6560.0,-0.516403654223615,6560.0,1.784257507350892
6570.0,-8.878443190413714,6570.0,-7.5772502381124704,6570.0,-5.771521076516637,6570.0,-1.3308523908129548,6570.0,-0.6728626268457151,6570.0,1.4999111522770003,6570.0,-8.864035719675558,6570.0,-7.480126864200608,6570.0,-5.706721299968705,6570.0,-1.2015567107329674,6570.0,-0.5173165193149675,6570.0,1.7826514475237243
6580.0,-8.878368225381651,6580.0,-7.576701549055426,6580.0,-5.77118671688803,6580.0,-1.3301905304917618,6580.0,-0.672053094496814,6580.0,1.5014487419143292,6580.0,-8.864113810756383,6580.0,-7.480647132082657,6580.0,-5.7070947025486465,6580.0,-1.2023167337241287,6580.0,-0.5182205138322326,6580.0,1.7810616544475142
6590.0,-8.878294341993294,6590.0,-7.576159371360885,6590.0,-5.770856731171711,6590.0,-1.3295372829171515,6590.0,-0.671253905913629,6590.0,1.5029676013445654,6590.0,-8.86419119332252,6590.0,-7.481161951741826,6590.0,-5.707464531124641,6590.0,-1.2030694934503767,6590.0,-0.519115737902273,6590.0,1.7794879454038413
6600.0,-8.87822152929893,6600.0,-7.57562363402915,6600.0,-5.770531071890946,6600.0,-1.3288925535738572,6600.0,-0.6704649473906019,6600.0,1.504467937110529,6600.0,-8.864267876619435,6600.0,-7.481671385381602,6600.0,-5.707830826827527,6600.0,-1.2038150720935525,6600.0,-0.5200022904966232,6600.0,1.777930139783215
6610.0,-8.87814977648012,6610.0,-7.575094266845779,6610.0,-5.770209692102126,6610.0,-1.328256248997374,6610.0,-0.6696861064834774,6610.0,1.5059499534799878,6610.0,-8.86434386977996,6610.0,-7.482175494482161,6610.0,-5.708193630311386,6610.0,-1.2045535508900374,6610.0,-0.5208802694493403,6610.0,1.7763880590521495
6620.0,-8.878079072838815,6620.0,-7.574571200364925,6620.0,-5.769892545380069,6620.0,-1.3276282767544783,6620.0,-0.6689172719878518,6620.0,1.507413852476163,6620.0,-8.864419181825516,6620.0,-7.482674339811024,6620.0,-5.708552981760454,6620.0,-1.2052850101446553,6620.0,-0.5217497714738831,6620.0,1.7748615267220977
6630.0,-8.878009408818224,6630.0,-7.574054375522764,6630.0,-5.769579591287046,6630.0,-1.3270085564620782,6630.0,-0.6681583476056538,6630.0,1.5088598070391759,6630.0,-8.864493803458751,6630.0,-7.483167863493206,6630.0,-5.708908835719038,6630.0,-1.2060093563180803,6630.0,-0.5226106867375807,6630.0,1.77335072848602
6640.0,-8.877940773436475,6640.0,-7.573543727500219,6640.0,-5.769270785764493,6640.0,-1.3263970013884412,6640.0,-0.6674092293627274,6640.0,1.510288004414363,6640.0,-8.864567761180933,6640.0,-7.4836562429905,6640.0,-5.7092613164894885,6640.0,-1.2067268411528345,6640.0,-0.523463315744098,6640.0,1.7718551301325498
6650.0,-8.877873154743686,6650.0,-7.573039184075213,6650.0,-5.768966080516382,6650.0,-1.3257935165010681,6650.0,-0.6666698030098835,6650.0,1.511698651976667,6650.0,-8.864641065690233,6650.0,-7.4841395497679635,6650.0,-5.709610472125875,6650.0,-1.2074375609630779,6650.0,-0.5243077741778179,6650.0,1.7703745221825318
6660.0,-8.877806541382341,6660.0,-7.572540675304306,6660.0,-5.768665428775882,6660.0,-1.325198009482422,6660.0,-0.6659399575413908,6660.0,1.513091951261463,6660.0,-8.864713725305075,6660.0,-7.484617839888723,6660.0,-5.709956339604052,6660.0,-1.2081415895954126,6660.0,-0.5251441510167149,6660.0,1.768908742057825
6670.0,-8.87774092243004,6670.0,-7.572048132890558,6670.0,-5.768368784899691,6670.0,-1.3246103900130501,6670.0,-0.6652195843312645,6670.0,1.5144680995573798,6670.0,-8.864785748261282,6670.0,-7.485091169045024,6670.0,-5.710298955664587,6670.0,-1.2088390004685434,6670.0,-0.5259725347230554,6670.0,1.767457628135643
6680.0,-8.87767628727777,6680.0,-7.571561489900036,6680.0,-5.768076104160777,6680.0,-1.3240305694579007,6680.0,-0.6645085767696739,6680.0,1.515827290517375,6680.0,-8.864857142712705,6680.0,-7.485559592520799,6680.0,-5.71063835678729,6680.0,-1.2095298665135363,6680.0,-0.5267930131711773,6680.0,1.7660210198800816
6690.0,-8.877612625550183,6690.0,-7.571080680565574,6690.0,-5.767787342607374,6690.0,-1.3234584606480257,6690.0,-0.6638068300084325,6690.0,1.5171697145927296,6690.0,-8.864927916731006,6690.0,-7.486023165160444,6690.0,-5.710974579169762,6690.0,-1.2102142601245047,6690.0,-0.5276056735879202,6690.0,1.764598757949808
6700.0,-8.87754992705602,6700.0,-7.570605640148941,6700.0,-5.76750245696661,6700.0,-1.3228939777257975,6700.0,-0.6631142407789166,6700.0,1.518495559350367,6700.0,-8.864998078304962,6700.0,-7.48648194134356,6700.0,-5.711307658709666,6700.0,-1.2108922531184154,6700.0,-0.5284106025043265,6700.0,1.7631906842847718
6710.0,-8.877488181756291,6710.0,-7.570136304841492,6710.0,-5.767221404576772,6710.0,-1.3223370360322613,6710.0,-0.6624307072584978,6710.0,1.5198050097099403,6710.0,-8.865067635339619,6710.0,-7.486935974964532,6710.0,-5.71163763099028,6710.0,-1.2115639167028085,6710.0,-0.529207885716898,6710.0,1.7617966421753612
6720.0,-8.877427379741924,6720.0,-7.569672611690153,6720.0,-5.766944143337525,6720.0,-1.3217875520224436,6720.0,-0.661756128969672,6720.0,1.5210982481247437,6720.0,-8.865136595655347,6720.0,-7.48738531941641,6720.0,-5.711964531268831,6720.0,-1.212229321450059,6720.0,-0.5299976082567799,6720.0,1.7604164763169021
6730.0,-8.877367511217178,6730.0,-7.569214498539567,6730.0,-5.766670631670896,6730.0,-1.3212454431988587,6730.0,-0.6610904067009001,6730.0,1.5223754547233757,6730.0,-8.865204966986878,6730.0,-7.487830027578271,6730.0,-5.712288394467281,6730.0,-1.212888537277155,6730.0,-0.5307798543656674,6730.0,1.759050032852062
6740.0,-8.87730856648611,6740.0,-7.568761903987001,6740.0,-5.766400828490866,6740.0,-1.3207106280592635,6740.0,-0.6604334424443589,6740.0,1.523636807421301,6740.0,-8.865272756982394,6740.0,-7.488270151805622,6740.0,-5.712609255165028,6740.0,-1.2135416334300075,6740.0,-0.5315547074771703,6740.0,1.7576971594031778
6750.0,-8.87725053594315,6750.0,-7.5683147673472,6750.0,-5.7661346931798265,6750.0,-1.3201830260554748,6750.0,-0.659785139346756,6750.0,1.5248824820094593,6750.0,-8.865339973202811,6750.0,-7.488705743923202,6750.0,-5.7129271475934065,6750.0,-1.2141886784717186,6750.0,-0.532322250202851,6750.0,1.756357705096188
6760.0,-8.877193410066367,6760.0,-7.567873028624632,6760.0,-5.765872185570145,6760.0,-1.3196625575605059,6760.0,-0.6591454016699488,6760.0,1.5261126522255872,6760.0,-8.865406623121126,6760.0,-7.489136855220041,6760.0,-5.713242105631673,6760.0,-1.2148297402739185,6760.0,-0.5330825643221129,6760.0,1.7550315205777154
6770.0,-8.877137179412006,6770.0,-7.5674366284913965,6770.0,-5.765613265929626,6770.0,-1.3191491438419483,6770.0,-0.658514134758965,6770.0,1.5273274898125233,6770.0,-8.865472714121907,6770.0,-7.489563536446193,6770.0,-5.713554162804174,6770.0,-1.2154648860109079,6770.0,-0.533835730775312,6770.0,1.7537184580263203
6780.0,-8.877081834611205,6780.0,-7.567005508269302,6780.0,-5.765357894949803,6780.0,-1.3186427070400606,6780.0,-0.6578912450155688,6780.0,1.5285271645667045,6780.0,-8.865538253500976,6780.0,-7.48998583781096,6780.0,-5.713863352278588,6780.0,-1.216094182155968,6780.0,-0.5345818296595366,6780.0,1.7524183711590462
6790.0,-8.877027366367292,6790.0,-7.566579609915029,6790.0,-5.76510603373634,6790.0,-1.3181431701493194,6790.0,-0.6572766398759547,6790.0,1.529711844379327,6790.0,-8.865603248465183,6790.0,-7.490403808982415,6790.0,-5.714169706865084,6790.0,-1.2167176944795475,6790.0,-0.5353209402266091,6790.0,1.751131115234005
6800.0,-8.876973765452977,6800.0,-7.566158876006938,6800.0,-5.764857643800352,6800.0,-1.3176504570019318,6800.0,-0.6566702277908749,6800.0,1.5308816952726223,6800.0,-8.865667706132324,6800.0,-7.4908174990879015,6800.0,-5.71447325901614,6800.0,-1.217335488048982,6800.0,-0.5360531408829095,6800.0,1.7498565470497534
6810.0,-8.87692102270733,6810.0,-7.565743249732248,6810.0,-5.764612687049463,6810.0,-1.317164492251887,6810.0,-0.6560719182067084,6810.0,1.5320368814333374,6810.0,-8.865731633531095,6810.0,-7.4912269567152645,6810.0,-5.714774040826957,6810.0,-1.217947627229406,6810.0,-0.5367785091906236,6810.0,1.7485945249420598
6820.0,-8.876869129032155,6820.0,-7.565332674875191,6820.0,-5.764371125779468,6820.0,-1.3166852013602426,6820.0,-0.6554816215480265,6820.0,1.5331775652432837,6820.0,-8.865795037601016,6820.0,-7.491632229914813,6820.0,-5.715072084036284,6820.0,-1.218554175685637,6820.0,-0.5374971218702047,6820.0,1.747344908778548
6830.0,-8.876818075388933,6830.0,-7.564927095806404,6830.0,-5.764132922666841,6830.0,-1.316212510581721,6830.0,-0.6548992492017109,6830.0,1.5343039073072555,6830.0,-8.865857925192499,6830.0,-7.492033366201807,6830.0,-5.715367420027651,6830.0,-1.2191551963849747,6830.0,-0.5382090548038805,6830.0,1.746107559951518
6840.0,-8.876767852797125,6840.0,-7.56452645747338,6840.0,-5.7638980407621005,6840.0,-1.315746346952562,6840.0,-0.6543247135024767,6840.0,1.5354160664786878,6840.0,-8.865920303067009,6840.0,-7.492430412559453,6840.0,-5.7156600798310455,6840.0,-1.2197507516006523,6840.0,-0.5389143830399522,6840.0,1.7448823413693157
6850.0,-8.876718452331923,6850.0,-7.564130705392016,6850.0,-5.763666443484035,6850.0,-1.3152866382794555,6850.0,-0.6537579277196361,6850.0,1.5365141998834042,6850.0,-8.865982177897294,6850.0,-7.492823415442264,6850.0,-5.715950094124811,6850.0,-1.2203409029159653,6850.0,-0.5396131807978863,6850.0,1.7436691174464458
6860.0,-8.876669865123093,6860.0,-7.563739785638973,6860.0,-5.763438094614611,6860.0,-1.3148333131294636,6860.0,-0.6531988060449389,6860.0,1.537598462941793,6860.0,-8.86604355626769,6860.0,-7.493212420779864,6860.0,-5.716237493237828,6860.0,-1.2209257112288476,6860.0,-0.5403055214739051,6860.0,1.7424677540927382
6870.0,-8.876622082354753,6870.0,-7.563353644844784,6870.0,-5.763212958294495,6870.0,-1.3143863008207137,6870.0,-0.6526472635812733,6870.0,1.5386690093896815,6870.0,-8.866104444674429,6870.0,-7.4935974739809135,6870.0,-5.716522307151913,6870.0,-1.2215052367568333,6870.0,-0.540991477647128,6870.0,1.7412781187016741
6880.0,-8.87657509526441,6880.0,-7.562972230187422,6880.0,-5.762990999018954,6880.0,-1.3139455314136053,6880.0,-0.6521032163319513,6880.0,1.5397259912982972,6880.0,-8.866164849526095,6880.0,-7.493978619937391,6880.0,-5.7168045655043755,6880.0,-1.2220795390423929,6880.0,-0.5416711210860027,6880.0,1.7401000801381068
6890.0,-8.876528895141881,6890.0,-7.562595489385487,6890.0,-5.7627721816332675,6890.0,-1.3135109357016925,6890.0,-0.6515665811897225,6890.0,1.5407695590942327,6890.0,-8.86622477714402,6890.0,-7.494355903028874,6890.0,-5.7170842975906435,6890.0,-1.2226486769584166,6890.0,-0.5423445227550283,6890.0,1.7389335087255469
6900.0,-8.87648347332835,6900.0,-7.562223370691053,6900.0,-5.76255647132776,6900.0,-1.3130824452022625,6900.0,-0.6510372759255392,6900.0,1.5417998615794206,6900.0,-8.866284233762649,6900.0,-7.494729367126997,6900.0,-5.717361532366977,6900.0,-1.2232127087138938,6900.0,-0.5430117528217242,6900.0,1.7377782762330374
6910.0,-8.876438821214803,6910.0,-7.561855822883182,6910.0,-5.762343833633448,6910.0,-1.3126599921476274,6910.0,-0.650515219178067,6910.0,1.542817045950175,6910.0,-8.866343225530029,6910.0,-7.495099055600028,6910.0,-5.7176362984533045,6910.0,-1.2237716918597874,6910.0,-0.543672880663705,6910.0,1.7366342558617316
6920.0,-8.876394930241789,6920.0,-7.561492795262182,6920.0,-5.762134234418363,6920.0,-1.3122435094771956,6920.0,-0.6500003304440125,6920.0,1.5438212578152406,6920.0,-8.866401758508262,6920.0,-7.49546501131749,6920.0,-5.71790862413611,6920.0,-1.2243256832950142,6920.0,-0.5443279748760156,6920.0,1.7355013222312408
6930.0,-8.87635179189982,6930.0,-7.561134237644384,6930.0,-5.761927639884404,6930.0,-1.3118329308301073,6930.0,-0.6494925300690451,6930.0,1.5448126412130978,6930.0,-8.866459838674052,6930.0,-7.495827276654979,6930.0,-5.718178537371405,6930.0,-1.224874739272572,6930.0,-0.5449771032785122,6930.0,1.7343793513657402
6940.0,-8.876309397555268,6940.0,-7.560780098622417,6940.0,-5.761724015643413,6940.0,-1.3114281887020445,6940.0,-0.6489917369291819,6940.0,1.5457913433237542,6940.0,-8.866517477982581,6940.0,-7.496185930325239,6940.0,-5.718446093317583,6940.0,-1.2254189712319128,6940.0,-0.545620398875366,6940.0,1.7332681069026532
6950.0,-8.876267738081875,6950.0,-7.560430321061745,6950.0,-5.761523324379158,6950.0,-1.3110292096966083,6950.0,-0.648497862428143,6950.0,1.5467575267891447,6950.0,-8.86657468561999,6950.0,-7.4965410311822085,6950.0,-5.718711332528352,6950.0,-1.2259584604237042,6950.0,-0.5462579588676296,6950.0,1.7321674148403636
6960.0,-8.87622680562527,6960.0,-7.560084858495113,6960.0,-5.761325534607558,6960.0,-1.310635931856204,6960.0,-0.6480108322683866,6960.0,1.5477113255853128,6960.0,-8.866631456827012,6960.0,-7.496892555955477,6960.0,-5.718974234041281,6960.0,-1.2264931638773295,6960.0,-0.5468897337949797,6960.0,1.7310773538296806
6970.0,-8.876186592344991,6970.0,-7.55974366512955,6970.0,-5.761130615226546,6970.0,-1.3102482940714277,6970.0,-0.6475305732075346,6970.0,1.5486528716167416,6970.0,-8.86668779735064,6970.0,-7.497240546514593,6970.0,-5.719234825537812,6970.0,-1.2270231375402025,6970.0,-0.5475157911001661,6970.0,1.7299978006798489
6980.0,-8.876147090271727,6980.0,-7.559406694998086,6980.0,-5.76093853503814,6980.0,-1.3098662351932233,6980.0,-0.6470570119567529,6980.0,1.5495822968955553,6980.0,-8.866743712863672,6980.0,-7.49758504405389,6980.0,-5.719493134244478,6980.0,-1.2275484364104094,6980.0,-0.5481361970837694,6980.0,1.7289286342712147
6990.0,-8.876108291352962,6990.0,-7.5590739021325595,6990.0,-5.760749262855418,6990.0,-1.3094896942151761,6990.0,-0.646590075401612,6990.0,1.5504997331262966,6990.0,-8.866799208955959,6990.0,-7.497926089123122,6990.0,-5.719749186951063,6990.0,-1.2280691145901135,6990.0,-0.5487510169704645,6990.0,1.7278697354278927
7000.0,-8.876070187489084,7000.0,-7.558745240685366,7000.0,-5.760562767579474,7000.0,-1.3091186104004509,7000.0,-0.6461296907550426,7000.0,1.5514053114222188,7000.0,-8.866854291129396,7000.0,-7.49826372165642,7000.0,-5.720003010028703,7000.0,-1.228585225334132,7000.0,-0.5493603149687507,7000.0,1.7268209868053013
7010.0,-8.876032770556632,7010.0,-7.55842066501385,7010.0,-5.760379018251621,7010.0,-1.308752923369419,7010.0,-0.6456757856634703,7010.0,1.5522991621057385,7010.0,-8.86690896479534,7010.0,-7.498597980998701,7010.0,-5.720254629447034,7010.0,-1.2290968210928914,7010.0,-0.5499641543233021,7010.0,1.7257822727928498
7020.0,-8.875996032423348,7020.0,-7.558100129739681,7020.0,-5.760197984089254,7020.0,-1.3083925731609407,7020.0,-0.6452282882814405,7020.0,1.5531814145661378,7020.0,-8.866963235273673,7020.0,-7.498928905929384,7020.0,-5.72050407078988,7020.0,-1.2296039535500551,7020.0,-0.5505625973606837,7020.0,1.7247534794298753
7030.0,-8.875959964958023,7030.0,-7.557783589790808,7030.0,-5.760019634510626,7030.0,-1.308037500275198,7030.0,-0.6447871273241927,7030.0,1.5540521971580639,7030.0,-8.867017107792671,7030.0,-7.499256534683534,7030.0,-5.720751359269489,7030.0,-1.230106673655537,7030.0,-0.5511557055292671,7030.0,1.7237344943329302
7040.0,-8.875924560035832,7040.0,-7.557471000429721,7040.0,-5.759843939150593,7040.0,-1.307687645702226,7040.0,-0.6443522321030551,7040.0,1.5549116371311418,7040.0,-8.867070587489701,7040.0,-7.499580904970706,7040.0,-5.720996519739384,7040.0,-1.2306050316543315,7040.0,-0.5517435394339715,7040.0,1.722725206632668
7050.0,-8.875889809542345,7050.0,-7.557162317273625,7050.0,-5.7596708678718445,7050.0,-1.3073429509418837,7050.0,-0.643923532550232,7050.0,1.555759860580569,7050.0,-8.867123679412083,7050.0,-7.499902053991709,7050.0,-5.721239576705836,7050.0,-1.2310990771118135,7050.0,-0.5523261588667424,7050.0,1.7217255069189397
7060.0,-8.87585570537805,7060.0,-7.556857496310068,7060.0,-5.75950039077438,7060.0,-1.307003358018793,7060.0,-0.6435009592370664,7060.0,1.5565969924120322,7060.0,-8.867176388518196,7060.0,-7.500220018453462,7060.0,-5.721480554338106,7060.0,-1.231588858935959,7060.0,-0.5529036228332245,7060.0,1.7207352871927097
7070.0,-8.875822239461987,7070.0,-7.556556493907789,7070.0,-5.759332478201879,7070.0,-1.3066688094923387,7070.0,-0.6430844433861446,7070.0,1.5574231563186056,7070.0,-8.867228719678591,7070.0,-7.5005348345822505,7070.0,-5.72171947647754,7070.0,-1.23207442539694,7070.0,-0.5534759895762639,7070.0,1.7197544408237488
7080.0,-8.875789403734498,7080.0,-7.556259266823934,7080.0,-5.759167100746059,7080.0,-1.3063392484627778,7080.0,-0.6426739168786546,7080.0,1.5582384747667335,7080.0,-8.867280677677233,7080.0,-7.5008465381356615,7080.0,-5.721956366645822,7080.0,-1.2325558241445118,7080.0,-0.5540433165967624,7080.0,1.7187828625132833
7090.0,-8.875757190159492,7090.0,-7.555965772208554,7090.0,-5.759004229249467,7090.0,-1.3060146185744763,7090.0,-0.6422693122582889,7090.0,1.559043068988899,7090.0,-8.867332267212598,7090.0,-7.501155164413233,7090.0,-5.7221912480523125,7090.0,-1.2330331022234595,7090.0,-0.5546056606722317,7090.0,1.717820448260652
7100.0,-8.87572559072627,7100.0,-7.555675967607181,7100.0,-5.758843834807125,7100.0,-1.3056948640171557,7100.0,-0.6418705627326016,7100.0,1.5598370589813009,7100.0,-8.867383492898835,7100.0,-7.501460748266146,7100.0,-5.72242414360073,7100.0,-1.2335063060875249,7100.0,-0.5551630778734169,7100.0,1.7168670953334237
7110.0,-8.875694597451343,7110.0,-7.555389810962106,7110.0,-5.758685888767537,7110.0,-1.3053799295258066,7110.0,-0.6414776021726842,7110.0,1.5606205635049903,7110.0,-8.867434359266833,7110.0,-7.501763324106057,7110.0,-5.722655075895197,7110.0,-1.2339754816119366,7110.0,-0.5557156235793703,7110.0,1.715922702240421
7120.0,-8.875664202381502,7120.0,-7.55510726061421,7120.0,-5.758530362734596,7120.0,-1.3050697603809336,7120.0,-0.6410903651129627,7120.0,1.5613937000882092,7120.0,-8.867484870765253,7120.0,-7.502062925913199,7120.0,-5.7228840672457935,7120.0,-1.2344406741048044,7120.0,-0.556263352491067,7120.0,1.7149871687071538
7130.0,-8.875634397597908,7130.0,-7.554828275305017,7130.0,-5.758377228570122,7130.0,-1.3047643024091005,7130.0,-0.6407087867510605,7130.0,1.5621565850296737,7130.0,-8.867535031761618,7130.0,-7.502359587243843,7130.0,-5.72311113967371,7130.0,-1.2349019283176375,7130.0,-0.5568063186440324,7130.0,1.7140603956532414
7140.0,-8.87560517521891,7140.0,-7.554552814177007,7140.0,-5.758226458395028,7140.0,-1.3044635019818513,7140.0,-0.6403328029458526,7140.0,1.5629093334044033,7140.0,-8.867584846543242,7140.0,-7.5026533412373535,7140.0,-5.723336314916019,7140.0,-1.2353592884550277,7140.0,-0.5573445754198779,7140.0,1.7131422851716327
7150.0,-8.875576527401885,7150.0,-7.554280836772614,7150.0,-5.758078024589182,7150.0,-1.3041673060130814,7150.0,-0.6399623502139552,7150.0,1.5636520590716172,7150.0,-8.867634319318235,7150.0,-7.502944220622653,7150.0,-5.723559614430162,7150.0,-1.235812798183605,7150.0,-0.5578781755571228,7150.0,1.7122327405091877
7160.0,-8.875548446344323,7160.0,-7.55401230303229,7160.0,-5.757931899790544,7160.0,-1.3038756619555427,7160.0,-0.6395973657252204,7160.0,1.564384874684009,7160.0,-8.867683454216426,7160.0,-7.5032322577243775,7160.0,-5.7237810593980445,7160.0,-1.2362625006404535,7160.0,-0.5584071711611928,7160.0,1.7113316660486573
7170.0,-8.875520924284515,7170.0,-7.553747173291912,7170.0,-5.757788056893764,7170.0,-1.3035885177967874,7170.0,-0.6392377872975828,7170.0,1.5651078916979944,7170.0,-8.86773225529017,7170.0,-7.503517484468629,7170.0,-5.724000670730016,7170.0,-1.2367084384409848,7170.0,-0.5589316137138709,7170.0,1.7104389672916338
7180.0,-8.875493953501973,7180.0,-7.553485408279794,7180.0,-5.757646469048417,7180.0,-1.3033058220545812,7180.0,-0.6388835533914201,7180.0,1.5658212203845718,7180.0,-8.867780726515246,7180.0,-7.503799932388539,7180.0,-5.724218469068578,7180.0,-1.2371506536863646,7180.0,-0.5594515540822461,7180.0,1.7095545508424261
7190.0,-8.875467526317829,7190.0,-7.553226969113695,7190.0,-5.757507109657289,7190.0,-1.3030275237723916,7190.0,-0.6385346031039113,7190.0,1.5665249698403436,7190.0,-8.867828871791655,7190.0,-7.5040796326293915,7190.0,-5.724434474791861,7190.0,-1.237589187970606,7190.0,-0.5599670425271733,7190.0,1.708678324392786
7200.0,-8.87544163509691,7200.0,-7.552971817299284,7200.0,-5.757369952376194,7200.0,-1.3027535725163641,7200.0,-0.6381908761648646,7200.0,1.5672192479971636,7200.0,-8.867876694944371,7200.0,-7.504356615953776,7200.0,-5.7246487080171455,7200.0,-1.2380240823873532,7200.0,-0.5604781287114255,7200.0,1.7078101967071837
7210.0,-8.875416272250225,7210.0,-7.55271991472914,7210.0,-5.7572349711143,7210.0,-1.3024839183728083,7210.0,-0.6378523129330573,7210.0,1.567904161631281,7210.0,-8.867924199724248,7210.0,-7.504630912746459,7210.0,-5.724861188604115,7210.0,-1.2384553775364233,7210.0,-0.5609848617075313,7210.0,1.7069500776086899
7220.0,-8.875391430236347,7220.0,-7.5524712236805325,7220.0,-5.757102140033262,7220.0,-1.3022185119444736,7220.0,-0.6375188543913763,7220.0,1.5685798163737417,7220.0,-8.867971389808819,7220.0,-7.504902553019146,7220.0,-5.725071936158109,7220.0,-1.2388831135301448,7220.0,-0.5614872900053511,7220.0,1.7060978779653633
7230.0,-8.875367101561922,7230.0,-7.552225706812408,7230.0,-5.756971433545617,7230.0,-1.3019573043460688,7230.0,-0.6371904421412001,7230.0,1.5692463167215425,7230.0,-8.868018268803057,7230.0,-7.505171566415108,7230.0,-5.725280970033207,7230.0,-1.2393073299994704,7230.0,-0.561985461519398,7230.0,1.705253509677036
7240.0,-8.875343278781896,7240.0,-7.55198332716199,7240.0,-5.75684282631269,7240.0,-1.3017002471994183,7240.0,-0.6368670183963704,7240.0,1.569903766049155,7240.0,-8.868064840240216,7240.0,-7.505437982213602,7240.0,-5.725488309335293,7240.0,-1.2397280660998773,7240.0,-0.5624794235959081,7240.0,1.7044168856625503
7250.0,-8.875319954499274,7250.0,-7.5517440481410345,7250.0,-5.7567162932422695,7250.0,-1.3014472926282568,7250.0,-0.6365485259768721,7250.0,1.5705522666203675,7250.0,-8.868111107582527,7250.0,-7.505701829334276,7250.0,-5.7256939729249545,7250.0,-1.2401453605171482,7250.0,-0.5629692230197623,7250.0,1.7035879198473198
7260.0,-8.875297121364763,7260.0,-7.55150783353194,7260.0,-5.756591809486026,7260.0,-1.3011983932528874,7260.0,-0.6362349083023697,7260.0,1.571191919600175,7260.0,-8.868157074221966,7260.0,-7.5059631363414105,7260.0,-5.72589797942039,7260.0,-1.2405592514729358,7260.0,-0.5634549060211789,7260.0,1.7027665271512198
7270.0,-8.875274772076676,7270.0,-7.551274647484132,7270.0,-5.756469350437311,7270.0,-1.300953502185188,7270.0,-0.6359261093860925,7270.0,1.5718228250663477,7270.0,-8.868202743481044,7270.0,-7.5062219314480645,7270.0,-5.726100347200206,7270.0,-1.2409697767302852,7270.0,-0.5639365182822839,7270.0,1.7019526234767488
7280.0,-8.875252899382707,7280.0,-7.551044454512405,7280.0,-5.75634889173079,7280.0,-1.300712573025536,7280.0,-0.6356220738305899,7280.0,1.5724450820190394,7280.0,-8.86824811861351,7280.0,-7.506478242520218,7280.0,-5.726301094406216,7280.0,-1.241376973599032,7280.0,-0.5644141049435841,7280.0,1.701146125697393
7290.0,-8.875231496081994,7290.0,-7.550817219495496,7290.0,-5.75623040924239,7290.0,-1.3004755598600146,7290.0,-0.6353227468238941,7290.0,1.5730587883899567,7290.0,-8.868293202805193,7290.0,-7.506732097080866,7290.0,-5.726500238946223,7290.0,-1.2417808789411648,7290.0,-0.5648877106103555,7290.0,1.7003469516461767
7300.0,-8.875210555026015,7300.0,-7.550592907673536,7300.0,-5.756113879088098,7300.0,-1.3002424172565026,7300.0,-0.6350280741344968,7300.0,1.573664041052695,7300.0,-8.868337999174816,7300.0,-7.506983522314051,7300.0,-5.726697798496756,7300.0,-1.2421815291760354,7300.0,-0.565357379358929,7300.0,1.6995550201044414
7310.0,-8.875190069118714,7310.0,-7.550371484644897,7310.0,-5.755999277622029,7310.0,-1.3000131002600872,7310.0,-0.6347380021056757,7310.0,1.574260935833589,7310.0,-8.86838251077476,7310.0,-7.5072325450687885,7310.0,-5.726893790505819,7310.0,-1.2425789602855515,7310.0,-0.5658231547428066,7310.0,1.6987702507908011
7320.0,-8.875170031316243,7320.0,-7.550152916362558,7320.0,-5.755886581434091,7320.0,-1.299787564388146,7320.0,-0.6344524776494763,7320.0,1.5748495675230056,7320.0,-8.868426740591886,7320.0,-7.507479191862985,7320.0,-5.727088232195477,7320.0,-1.2429732078192237,7320.0,-0.5662850797987593,7320.0,1.6979925643503309
7330.0,-8.875150434626354,7330.0,-7.549937169130105,7330.0,-5.75577576734734,7330.0,-1.299565765625061,7330.0,-0.634171448240395,7330.0,1.5754300298867037,7330.0,-8.86847069154822,7330.0,-7.507723488887232,7330.0,-5.727281140564526,7330.0,-1.243364306899147,7330.0,-0.5667431970527277,7330.0,1.69722188234386
7340.0,-8.875131272107598,7340.0,-7.5497242095977,7340.0,-5.755666812415342,7340.0,-1.2993476604168372,7340.0,-0.6338948619089412,7340.0,1.5760024156774284,7340.0,-8.868514366501785,7340.0,-7.507965462008581,7340.0,-5.727472532390975,7340.0,-1.2437522922249,7340.0,-0.5671975485256845,7340.0,1.696458127237547
7350.0,-8.87511253686902,7350.0,-7.549514004758504,7350.0,-5.755559693919661,7350.0,-1.2991332056662288,7350.0,-0.6336226672357361,7350.0,1.5765668166457916,7350.0,-8.868557768247241,7350.0,-7.50820513677424,7350.0,-5.727662424234628,7350.0,-1.2441371980783578,7350.0,-0.5676481757394055,7350.0,1.6957012223924706
7360.0,-8.875094222071889,7360.0,-7.549306521947214,7360.0,-5.75545438936973,7360.0,-1.2989223587300578,7360.0,-0.6333548133477335,7360.0,1.5771233235490636,7360.0,-8.868600899516814,7360.0,-7.508442538415326,7360.0,-5.727850832439624,7360.0,-1.244519058328552,7360.0,-0.5680951197222428,7360.0,1.694951092054426
7370.0,-8.875076320931532,7370.0,-7.549101728838688,7370.0,-5.755350876502703,7370.0,-1.2987150774165066,7370.0,-0.6330912499145706,7370.0,1.5776720261597268,7370.0,-8.868643762980966,7370.0,-7.508677691850532,7370.0,-5.728037773137003,7370.0,-1.2448979064364256,7370.0,-0.5685384210148035,7370.0,1.6942076613437218
7380.0,-8.875058826717861,7380.0,-7.54889959344535,7380.0,-5.755249133282096,7380.0,-1.2985113199812928,7380.0,-0.6328319271436865,7380.0,1.5782130132752377,7380.0,-8.868686361249358,7380.0,-7.508910621689842,7380.0,-5.728223262247245,7380.0,-1.2452737754596164,7380.0,-0.5689781196756183,7380.0,1.6934708562452159
7390.0,-8.875041732755246,7390.0,-7.548700084113917,7390.0,-5.755149137895724,7390.0,-1.298311045123149,7390.0,-0.6325767957748563,7390.0,1.5787463727283237,7390.0,-8.868728696871575,7390.0,-7.509141352238096,7390.0,-5.728407315482747,7390.0,-1.245646698057082,7390.0,-0.569414255286646,7390.0,1.6927406035983885
7400.0,-8.875025032421906,7400.0,-7.548503169521713,7400.0,-5.755050868753224,7400.0,-1.298114211978979,7400.0,-0.6323258070742807,7400.0,1.5792721913976517,7400.0,-8.86877077233795,7400.0,-7.50936990749858,7400.0,-5.728589948350307,7400.0,-1.246016706493729,7400.0,-0.569846866958815,7400.0,1.6920168310876313
7410.0,-8.875008719148981,7410.0,-7.5483088186727345,7410.0,-5.754954304483304,7410.0,-1.2979207801186468,7410.0,-0.6320789128284593,7410.0,1.5797905552186775,7410.0,-8.868812590080312,7410.0,-7.509596311176494,7410.0,-5.728771176153484,7410.0,-1.2463838326449383,7410.0,-0.5702759933373742,7410.0,1.6912994672325787
7420.0,-8.874992786419439,7420.0,-7.54811700089346,7420.0,-5.754859423930731,7420.0,-1.297730709539623,7420.0,-0.6318360653378471,7420.0,1.5803015491946653,7420.0,-8.868854152472684,7420.0,-7.509820586682451,7420.0,-5.728951013995033,7420.0,-1.2467481080010234,7420.0,-0.5707016726072349,7420.0,1.6905884413787104
7430.0,-8.87497722776763,7430.0,-7.547927685829491,7430.0,-5.754766206154138,7430.0,-1.2975439606624333,7430.0,-0.6315972174113691,7430.0,1.5808052574067812,7430.0,-8.868895461832174,7430.0,-7.510042757135873,7430.0,-5.7291294767792165,7430.0,-1.2471095636716616,7430.0,-0.5711239424982447,7430.0,1.689883683687891
7440.0,-8.874962036781127,7440.0,-7.547740843444401,7440.0,-5.754674630426026,7440.0,-1.2973604943283379,7440.0,-0.6313623223631406,7440.0,1.5813017630219584,7440.0,-8.868936520419684,7440.0,-7.510262845368458,7440.0,-5.729306579214241,7440.0,-1.2474682303903533,7440.0,-0.571542840290449,7440.0,1.6891851251290955
7450.0,-8.87494720710226,7450.0,-7.5475564440183724,7450.0,-5.7545846762325485,7450.0,-1.2971802717968604,7450.0,-0.6311313340090299,7450.0,1.5817911483008225,7450.0,-8.868977330440751,7450.0,-7.5104808739275475,7450.0,-5.729482335814631,7450.0,-1.2478241385188011,7450.0,-0.5719584028193414,7450.0,1.6884926974691108
7460.0,-8.874932732428395,7460.0,-7.547374458145548,7460.0,-5.754496323271977,7460.0,-1.2970032547419517,7460.0,-0.6309042066619456,7460.0,1.5822734946069252,7460.0,-8.869017894046445,7460.0,-7.510696865079625,7460.0,-5.729656760903629,7460.0,-1.2481773180513156,7460.0,-0.5723706664810388,7460.0,1.6878063332634405
7470.0,-8.874918606511477,7470.0,-7.547194856730757,7470.0,-5.754409551452567,7470.0,-1.2968294052476108,7470.0,-0.6306808951265237,7470.0,1.5827488824164107,7470.0,-8.869058213334078,7470.0,-7.5109108408136045,7470.0,-5.729829868615505,7470.0,-1.2485277986190797,7470.0,-0.572779667237395,7470.0,1.6871259658472377
7480.0,-8.874904823157216,7480.0,-7.547017610985835,7480.0,-5.754324340889957,7480.0,-1.2966586858030742,7480.0,-0.6304613546934171,7480.0,1.5832173913281775,7480.0,-8.869098290348054,7480.0,-7.51112282284414,7480.0,-5.7300016728978775,7480.0,-1.2488756094944313,7480.0,-0.5731854406210223,7480.0,1.686451529326433
7490.0,-8.87489137622386,7490.0,-7.54684269242565,7490.0,-5.754240671904298,7490.0,-1.296491059297752,7490.0,-0.6302455411333421,7490.0,1.5836791000740829,7490.0,-8.869138127080632,7490.0,-7.511332832614869,7490.0,-5.730172187513942,7490.0,-1.2492207795950088,7490.0,-0.5735880217402873,7490.0,1.6857829585689588
7500.0,-8.874878259620917,7500.0,-7.546670072863984,7500.0,-5.754158525017242,7500.0,-1.2963264890160526,7500.0,-0.6300334106909745,7500.0,1.584134086529383,7500.0,-8.869177725472674,7500.0,-7.5115408913016095,7500.0,-5.730341426044722,7500.0,-1.2495633374879067,7500.0,-0.5739874452841783,7500.0,1.6851201891959982
7510.0,-8.874865467308794,7510.0,-7.546499724410536,7510.0,-5.754077880949952,7510.0,-1.296164938633249,7510.0,-0.629824920080001,7510.0,1.5845824277218836,7510.0,-8.869217087414365,7510.0,-7.51174701981556,7510.0,-5.730509401891291,7510.0,-1.2499033113937466,7510.0,-0.574383745527226,7510.0,1.6844631575734588
7520.0,-8.87485299330085,7520.0,-7.546331619470155,7520.0,-5.753998720623474,7520.0,-1.2960063722137016,7520.0,-0.6296200264804394,7520.0,1.5850241998388068,7520.0,-8.86925621474612,7520.0,-7.511951238806506,7520.0,-5.730676128277026,7520.0,-1.2502407291908235,7520.0,-0.5747769563342966,7520.0,1.6838118008033593
7530.0,-8.874840831664729,7530.0,-7.5461657307416,7530.0,-5.753921025158485,7530.0,-1.2958507542085234,7530.0,-0.6294186875354769,7530.0,1.5854594782341225,7530.0,-8.86929510925933,7530.0,-7.512153568666033,7530.0,-5.730841618249868,7530.0,-1.2505756184191825,7530.0,-0.5751671111655172,7530.0,1.6831660567153846
7540.0,-8.874828976522506,7540.0,-7.5460020312149485,7540.0,-5.75384477587376,7540.0,-1.295698049451971,7540.0,-0.6292208613469886,7540.0,1.5858883374370614,7540.0,-8.869333772697226,7540.0,-7.512354029530655,7540.0,-5.731005884684543,7540.0,-1.2509080062846654,7540.0,-0.5755542430810301,7540.0,1.682525863858429
7550.0,-8.87481742205007,7550.0,-7.5458404941683686,7550.0,-5.753769954284025,7550.0,-1.2955482231572721,7550.0,-0.6290265064705245,7550.0,1.586310851161273,7550.0,-8.869372206755713,7550.0,-7.512552641284985,7550.0,-5.731168940284799,7550.0,-1.251237919662916,7550.0,-0.5759383847457114,7550.0,1.6818911614923553
7560.0,-8.874806162476139,7560.0,-7.545681093164671,7560.0,-5.753696542097374,7560.0,-1.2954012409119735,7560.0,-0.6288355819098389,7560.0,1.5867270923141912,7560.0,-8.869410413084104,7560.0,-7.5127494235647365,7560.0,-5.731330797585513,7560.0,-1.25156538510329,7560.0,-0.5763195684338233,7560.0,1.6812618895798148
7570.0,-8.87479519208097,7570.0,-7.5455238020473425,7570.0,-5.753624521212409,7570.0,-1.2952570686730795,7570.0,-0.628648047111225,7570.0,1.5871371330067563,7570.0,-8.86944839328587,7570.0,-7.512944395759807,7570.0,-5.731491468954845,7570.0,-1.251890428832717,7570.0,-0.5766978260336098,7570.0,1.6806379887781404
7580.0,-8.874784505194903,7580.0,-7.545368594936575,7580.0,-5.75355387371525,7580.0,-1.2951156727621,7580.0,-0.6284638619577343,7580.0,1.587541044563059,7580.0,-8.869486148919421,7580.0,-7.513137577017177,7580.0,-5.731650966596276,7580.0,-1.252213076759565,7580.0,-0.577073189051829,7580.0,1.680019400431416
7590.0,-8.874774096198351,7590.0,-7.545215446226711,7590.0,-5.753484581878006,7590.0,-1.2949770198615074,7590.0,-0.6282829867648484,7590.0,1.5879388975285493,7590.0,-8.869523681498823,7590.0,-7.51332898624396,7590.0,-5.73180930255075,7590.0,-1.252533354477377,7590.0,-0.5774456886182313,7590.0,1.6794060665625743
7600.0,-8.874763959523952,7600.0,-7.54506433058599,7600.0,-5.753416628159413,7600.0,-1.2948410770135077,7600.0,-0.6281053822784367,7600.0,1.5883307616759652,7600.0,-8.869560992494634,7600.0,-7.513518642110304,7600.0,-5.731966488698762,7600.0,-1.2528512872687392,7600.0,-0.5778153554900948,7600.0,1.678797929865474
7610.0,-8.87475408968896,7610.0,-7.5449152233395465,7610.0,-5.7533499953464915,7610.0,-1.2947078118782176,7610.0,-0.6279310100325012,7610.0,1.5887167051187787,7610.0,-8.869598080850293,7610.0,-7.513706550869872,7610.0,-5.732122526619985,7610.0,-1.2531668796925013,7610.0,-0.5781821963436165,7610.0,1.6781949725943246
7620.0,-8.874744482450183,7620.0,-7.544768104190866,7620.0,-5.753284668504294,7620.0,-1.2945771955291536,7620.0,-0.6277598358728886,7620.0,1.5890967869187105,7620.0,-8.869634942525034,7620.0,-7.513892706171323,7620.0,-5.732277407305044,7620.0,-1.2534801155145254,7620.0,-0.5785461937910114,7620.0,1.677597216130736
7630.0,-8.87473513484559,7630.0,-7.5446229506531886,7630.0,-5.75322063294529,7630.0,-1.2944491982061914,7630.0,-0.6275918238317728,7630.0,1.589471073178829,7630.0,-8.869671587381315,7630.0,-7.514077167857686,7630.0,-5.73243117699576,7630.0,-1.253791089234041,7630.0,-0.5789074589588288,7630.0,1.6770044714646397
7640.0,-8.874726043377915,7640.0,-7.544479739461593,7640.0,-5.75315787343941,7640.0,-1.2943237896298863,7640.0,-0.6274269373610832,7640.0,1.5898396309403273,7640.0,-8.86970801687325,7640.0,-7.5142599531581915,7640.0,-5.732583846577716,7640.0,-1.2540998238517338,7640.0,-0.5792660198554943,7640.0,1.6764166862515069
7650.0,-8.874717203944138,7650.0,-7.544338447176866,7650.0,-5.753096374350937,7650.0,-1.2942009393584382,7650.0,-0.6272651398806706,7650.0,1.5902025266177262,7650.0,-8.869744232383301,7650.0,-7.514441079156662,7650.0,-5.732735426839387,7650.0,-1.2544063422429292,7650.0,-0.5796219043428708,7650.0,1.6758338084048923
7660.0,-8.874708612070934,7660.0,-7.544199050357331,7660.0,-5.753036119851908,7660.0,-1.294080616976667,7660.0,-0.6271063949489664,7660.0,1.5905598259243563,7660.0,-8.869780235235702,7660.0,-7.51462056278912,7660.0,-5.732885928472891,7660.0,-1.2547106671411434,7660.0,-0.5799751401144174,7660.0,1.6752557861430084
7670.0,-8.874700263079392,7670.0,-7.544061525680159,7670.0,-5.752977094072006,7670.0,-1.2939627922293224,7670.0,-0.626950666383777,7670.0,1.590911593817334,7670.0,-8.86981602670529,7670.0,-7.514798420839402,7670.0,-5.733035362072042,7670.0,-1.2550128211217981,7670.0,-0.5803257546743622,7670.0,1.6746825680302926
7680.0,-8.874692152183783,7680.0,-7.543925850007993,7680.0,-5.7529192811861956,7680.0,-1.293847435096321,7680.0,-0.6267979183282594,7680.0,1.5912578944802014,7680.0,-8.869851608023442,7680.0,-7.51497466993442,7680.0,-5.733183738129678,7680.0,-1.255312826587682,7680.0,-0.5806737753195274,7680.0,1.6741141030124405
7690.0,-8.874684274549743,7690.0,-7.5437920004224965,7690.0,-5.752862665464114,7690.0,-1.2937345158325548,7690.0,-0.6266481152836723,7690.0,1.5915987913271397,7690.0,-8.86988698038232,7690.0,-7.5151493265397,7690.0,-5.733331067034652,7690.0,-1.2556107057565182,7690.0,-0.5810192291238885,7690.0,1.6735503404452647
7700.0,-8.874676625328549,7700.0,-7.5436599542399225,7700.0,-5.752807231297706,7700.0,-1.2936240049879113,7700.0,-0.6265012221239427,7700.0,1.5919343470169074,7700.0,-8.869922144937517,7700.0,-7.515322406955432,7700.0,-5.733477359069034,7700.0,-1.2559064806504596,7700.0,-0.5813621429257927,7700.0,1.6729912301181937
7710.0,-8.874669199677783,7710.0,-7.543529689017155,7710.0,-5.752752963216589,7710.0,-1.2935158734165197,7710.0,-0.6263572041006602,7710.0,1.5922646234700564,7710.0,-8.869957102810229,7710.0,-7.51549392731313,7710.0,-5.733622624405614,7710.0,-1.256200173087529,7710.0,-0.581702543317473,7710.0,1.672436722273115
7720.0,-8.87466199277401,7720.0,-7.543401182552863,7720.0,-5.752699845896316,7720.0,-1.2934100922799932,7720.0,-0.6262160268429444,7720.0,1.5925896818865617,7720.0,-8.869991855088587,7720.0,-7.5156639035729516,7720.0,-5.733766873105804,7720.0,-1.2564918046746336,7720.0,-0.582040456636674,7720.0,1.67188676761931
7730.0,-8.874654999820372,7730.0,-7.543274412885827,7730.0,-5.752647864162363,7730.0,-1.2933066330472722,7730.0,-0.6260776563545871,7730.0,1.5929095827626292,7730.0,-8.870026402828826,7730.0,-7.5158323515216265,7730.0,-5.733910115117865,7730.0,-1.2567813968021087,7730.0,-0.5823759089600689,7730.0,1.6713413173449365
7740.0,-8.874648216051312,7740.0,-7.5431493582922995,7740.0,-5.7525970029918145,7740.0,-1.2932054674927658,7740.0,-0.6259420590100072,7740.0,1.5932243859060222,7740.0,-8.870060747056018,7740.0,-7.5159992867709535,7740.0,-5.7340523602756885,7740.0,-1.2570689706394735,7740.0,-0.5827089260982201,7740.0,1.6708003231257689
7750.0,-8.874641636737268,7750.0,-7.5430259972845635,7750.0,-5.752547247515525,7750.0,-1.293106567695433,7750.0,-0.6258092015515279,7750.0,1.593534150448053,7750.0,-8.87009488876483,7750.0,-7.516164724756913,7750.0,-5.734193618297843,7750.0,-1.2573545471324117,7750.0,-0.5830395335919152,7750.0,1.6702637371314508
7760.0,-8.874635257189917,7760.0,-7.542904308611109,7760.0,-5.752498583021089,7760.0,-1.293009906039108,7760.0,-0.6256790510881649,7760.0,1.5938389348525412,7760.0,-8.870128828920253,7760.0,-7.516328680739259,7760.0,-5.734333898787176,7760.0,-1.2576381470006504,7760.0,-0.5833677567097032,7760.0,1.6697315120296634
7770.0,-8.874629072765314,7770.0,-7.542784271255485,7770.0,-5.752450994954011,7770.0,-1.2929154552112376,7770.0,-0.6255515750930735,7770.0,1.5941387969249667,7770.0,-8.870162568458179,7770.0,-7.516491169801531,7770.0,-5.734473211230607,7770.0,-1.2579197907367312,7770.0,-0.5836936204464072,7770.0,1.6692036009886833
7780.0,-8.874623078865385,7780.0,-7.542665864433983,7780.0,-5.752404468917383,7780.0,-1.292823188200365,7780.0,-0.6254267413998905,7780.0,1.5944337938218498,7780.0,-8.870196108286013,7780.0,-7.5166522068514325,7780.0,-5.734611564999286,7780.0,-1.2581994986054192,7780.0,-0.5840171495223446,7780.0,1.6686799576784745
7790.0,-8.874617270938474,7790.0,-7.542549067592917,7790.0,-5.752358990670812,7790.0,-1.2927330782930213,7790.0,-0.6253045181986172,7790.0,1.5947239820599215,7790.0,-8.870229449283256,7790.0,-7.516811806621483,7790.0,-5.734748969348867,7790.0,-1.2584772906436168,7790.0,-0.5843383683833311,7790.0,1.6681605362706877
7800.0,-8.87461164447929,7800.0,-7.54243386040561,7800.0,-5.752314546128856,7800.0,-1.2926450990702645,7800.0,-0.6251848740312373,7800.0,1.5950094175250646,7800.0,-8.870262592302032,7800.0,-7.516969983669838,7800.0,-5.734885433420044,7800.0,-1.2587531866607626,7800.0,-0.5846573012010956,7800.0,1.6676452914376871
7810.0,-8.874606194797135,7810.0,-7.542320221470825,7810.0,-5.7522711208872135,7810.0,-1.292559223717133,7810.0,-0.6250677768080817,7810.0,1.5952901580578958,7810.0,-8.870295543878859,7810.0,-7.517126778311518,7810.0,-5.735020988716222,7810.0,-1.2590272513522098,7810.0,-0.5849740239529598,7810.0,1.6671340945200246
7820.0,-8.874600915175096,7820.0,-7.54220812666179,7820.0,-5.752228698437343,7820.0,-1.2924754232947748,7820.0,-0.6249531921334727,7820.0,1.5955662648420497,7820.0,-8.87032830251045,7820.0,-7.517282192331048,7820.0,-5.735155633505157,7820.0,-1.2592994821753154,7820.0,-0.5852885348832437,7820.0,1.666626942464525
7830.0,-8.874595798339715,7830.0,-7.542097554213845,7830.0,-5.752187262440249,7830.0,-1.2923936697252059,7830.0,-0.6248410872799284,7830.0,1.5958377930146421,7830.0,-8.870360864909093,7830.0,-7.517436222113957,7830.0,-5.73528936125903,7830.0,-1.2595698677242895,7830.0,-0.5856008221262338,7830.0,1.6661238480055263
7840.0,-8.87459083801105,7840.0,-7.54198848332113,7840.0,-5.752146797601152,7840.0,-1.292313936056749,7840.0,-0.6247314306436637,7840.0,1.5961047966338637,7840.0,-8.870393231635072,7840.0,-7.517588881864175,7840.0,-5.735422180901972,7840.0,-1.25983842771514,7840.0,-0.5859109097536954,7840.0,1.6656247659980237
7850.0,-8.874586028686076,7850.0,-7.541880893971981,7850.0,-5.752107289466971,7850.0,-1.2922361962754814,7850.0,-0.6246241915705388,7850.0,1.5963673287748108,7850.0,-8.870425403260036,7850.0,-7.5177401855699575,7850.0,-5.7355541012147855,7850.0,-1.2601051815173148,7850.0,-0.586218821416501,7850.0,1.6651296520704315
7860.0,-8.87458136534984,7860.0,-7.54177476669841,7860.0,-5.752068724146426,7860.0,-1.2921604250336043,7860.0,-0.6245193400949853,7860.0,1.5966254417331558,7860.0,-8.870457380353734,7860.0,-7.51789014700572,7860.0,-5.735685130833707,7860.0,-1.2603701481687077,7860.0,-0.5865245803648482,7860.0,1.664638462580726
7870.0,-8.874576843300254,7870.0,-7.541670082427114,7870.0,-5.752031088140632,7870.0,-1.2920865974851057,7870.0,-0.6244168467828065,7870.0,1.596879187143184,7870.0,-8.87048916347589,7870.0,-7.518038779736876,7870.0,-5.735815278252591,7870.0,-1.2606333463916566,7870.0,-0.5868282094686719,7870.0,1.6641511545757912
7880.0,-8.874572458048645,7880.0,-7.541566822398758,7880.0,-5.75199436824753,7880.0,-1.2920146891934263,7880.0,-0.6243166826439406,7880.0,1.5971286160369271,7880.0,-8.870520753171173,7880.0,-7.518186097125806,7880.0,-5.73594455182665,7880.0,-1.2608947946083846,7880.0,-0.5871297312367556,7880.0,1.663667685754911
7890.0,-8.874568205261658,7890.0,-7.54146496812337,7890.0,-5.751958551506376,7890.0,-1.2919446760780247,7890.0,-0.6242188190826784,7890.0,1.5973737788738296,7890.0,-8.870552149966331,7890.0,-7.518332112338383,7890.0,-5.736072959776832,7890.0,-1.2611545109552482,7890.0,-0.5874291678342706,7890.0,1.6631880144377036
7900.0,-8.874564080726023,7900.0,-7.541364501354833,7900.0,-5.751923625164222,7900.0,-1.2918765343820677,7900.0,-0.6241232278679627,7900.0,1.5976147255559896,7900.0,-8.870583354368387,7900.0,-7.518476838350231,7900.0,-5.736200510194432,7900.0,-1.2614125132957288,7900.0,-0.5877265410984115,7900.0,1.6627120995358138
7910.0,-8.87456008032806,7910.0,-7.541265404077266,7910.0,-5.751889576656479,7910.0,-1.2918102406535563,7910.0,-0.6240298811163211,7910.0,1.5978515054350055,7910.0,-8.870614366863755,7910.0,-7.518620287952733,7910.0,-5.736327211045432,7910.0,-1.2616688192319436,7910.0,-0.5880218725522647,7910.0,1.6622399005282624
7920.0,-8.87455620004046,7920.0,-7.541167658496376,7920.0,-5.751856393594107,7920.0,-1.2917457717326408,7920.0,-0.6239387512804007,7920.0,1.598084167316434,7920.0,-8.87064518791777,7920.0,-7.518762473758521,7920.0,-5.736453070174658,7920.0,-1.2619234461148459,7920.0,-0.5883151834170401,7920.0,1.66177137743989
7930.0,-8.87455243591051,7930.0,-7.541071247031119,7930.0,-5.751824063752061,7930.0,-1.2916831047397985,7930.0,-0.6238498111379338,7930.0,1.5983127594662079,7930.0,-8.870675817974577,7930.0,-7.518903408206595,7930.0,-5.736578095309555,7930.0,-1.2621764110533433,7930.0,-0.5886064946228984,7930.0,1.6613064908223072
7940.0,-8.87454878404993,7940.0,-7.540976152305268,7940.0,-5.751792575058971,7940.0,-1.2916222170650242,7940.0,-0.6237630337814335,7940.0,1.5985373296181264,7940.0,-8.87070625745719,7940.0,-7.519043103566974,7940.0,-5.736702294063734,7940.0,-1.2624277309223442,7940.0,-0.5888958268185889,7940.0,1.6608452017372228
7950.0,-8.874545240626603,7950.0,-7.540882357140238,7950.0,-5.751761915588474,7950.0,-1.2915630863584782,7950.0,-0.6236783926090237,7950.0,1.5987579249814217,7950.0,-8.870736506767775,7950.0,-7.519181571944978,7950.0,-5.736825673940211,7950.0,-1.2626774223699742,7950.0,-0.5891832003799744,7950.0,1.660387471741574
7960.0,-8.874541801857857,7960.0,-7.540789844548815,7960.0,-5.751732073552019,7960.0,-1.291505690522489,7960.0,-0.6235958613164649,7960.0,1.5989745922482441,7960.0,-8.870766566288005,7960.0,-7.519318825285243,7960.0,-5.73694824233438,7960.0,-1.2629255018240113,7960.0,-0.5894686354176772,7960.0,1.6599332628742602
7970.0,-8.874538464005136,7970.0,-7.540698597729724,7970.0,-5.751703037292911,7970.0,-1.2914500077046087,7970.0,-0.6235154138901593,7970.0,1.5991873776008716,7970.0,-8.87079643637949,7970.0,-7.519454875375232,7970.0,-5.73707000653672,7970.0,-1.2631719854977161,7970.0,-0.5897521517839346,7970.0,1.6594825376443139
7980.0,-8.874535223369923,7980.0,-7.540608600063087,7980.0,-5.751674795281527,7980.0,-1.2913960162918667,7980.0,-0.623437024601204,7980.0,1.5993963267184108,7980.0,-8.870826117383965,7980.0,-7.51958973384849,7980.0,-5.737190973735093,7980.0,-1.2634168893948186,7980.0,-0.5900337690786205,7980.0,1.6590352590203563
7990.0,-8.874532076289569,7990.0,-7.540519835105558,7990.0,-5.751647336110402,7990.0,-1.291343694904774,7990.0,-0.6233606679991087,7990.0,1.5996014847841844,7990.0,-8.870855609622742,7990.0,-7.519723412186647,7990.0,-5.737311151016089,7990.0,-1.2636602293133037,7990.0,-0.5903135066538269,7990.0,1.6585913904218985
8000.0,-8.874529019125685,8000.0,-7.540432286577776,8000.0,-5.7516206484817936,8000.0,-1.29129302238383,8000.0,-0.6232863188979787,8000.0,1.5998028965010327,8000.0,-8.87088491339537,8000.0,-7.519855921720537,8000.0,-5.737430545365291,8000.0,-1.2639020208479117,8000.0,-0.5905913836172205,8000.0,1.6581508957122009
8010.0,-8.874526048246754,8010.0,-7.5403459383459355,8010.0,-5.7515947211894884,8010.0,-1.2912439777701794,8010.0,-0.623213952356835,8010.0,1.6000006061126781,8010.0,-8.870914028978518,8010.0,-7.519987273631253,8010.0,-5.73754916366768,8010.0,-1.264142279392527,8010.0,-0.5908674188351342,8010.0,1.657713739191736
8020.0,-8.874523160013629,8020.0,-7.540260774406091,8020.0,-5.751569543103445,8020.0,-1.2911965402891457,8020.0,-0.6231435436627397,8020.0,1.600194657422425,8020.0,-8.870942956625141,8020.0,-7.520117478951518,8020.0,-5.7376670127083065,8020.0,-1.26438102014272,8020.0,-0.5911416309357831,8020.0,1.6572798855917046
8030.0,-8.874520350771306,8030.0,-7.540176778874695,8030.0,-5.751545103160684,8030.0,-1.2911506893400058,8030.0,-0.6230750683201601,8030.0,1.6003850938056876,8030.0,-8.870971696564315,8030.0,-7.52024654856735,8030.0,-5.737784099173337,8030.0,-1.2646182580984633,8030.0,-0.5914140383126254,8030.0,1.65684930006768
8040.0,-8.8745176168463,8040.0,-7.540093935984661,8040.0,-5.751521390361818,8040.0,-1.2911064044913287,8040.0,-0.623008502045893,8040.0,1.6005719582171136,8040.0,-8.871000249001234,8040.0,-7.5203744932199585,8040.0,-5.737900429651279,8040.0,-1.2648540080669726,8040.0,-0.5916846591278206,8040.0,1.656421948193307
8050.0,-8.874514955238425,8050.0,-7.540012232244169,8050.0,-5.751498394570887,8050.0,-1.291063666237668,8050.0,-0.6229438219014124,8050.0,1.600755289888947,8050.0,-8.871028606759737,8050.0,-7.5205012922076495,8050.0,-5.738015982058761,8050.0,-1.265088227211744,8050.0,-0.5919534454532887,8050.0,1.6559978995799063
8060.0,-8.874512365352135,8060.0,-7.539931655752801,8060.0,-5.751476108048497,8060.0,-1.291022457573033,8060.0,-0.622881007245494,8060.0,1.6009351269522674,8060.0,-8.871056777159682,8060.0,-7.520626987767575,8060.0,-5.738130791709831,8060.0,-1.265320988479299,8060.0,-0.5922204821536952,8060.0,1.6555770146419402
8070.0,-8.874509846441057,8070.0,-7.539852193504734,8070.0,-5.751454522906417,8070.0,-1.290982761480535,8070.0,-0.622820037190055,8070.0,1.6011115091876758,8070.0,-8.871084761271897,8070.0,-7.520751593127245,8070.0,-5.738244867597087,8070.0,-1.2655523111910205,8070.0,-0.5924857924864926,8070.0,1.6551592512893258
8080.0,-8.874507396767756,8080.0,-7.53977383180338,8080.0,-5.7514336303618805,8080.0,-1.2909445601531648,8080.0,-0.6227608901425283,8080.0,1.601284476627104,8080.0,-8.87111255938954,8080.0,-7.520875118258439,8080.0,-5.738358215773222,8080.0,-1.2657822087908617,8080.0,-0.5927493929653488,8080.0,1.6547445780803947
8090.0,-8.874505013900317,8090.0,-7.539696556484159,8090.0,-5.751413421025607,8090.0,-1.290907835279173,8090.0,-0.6227035440719848,8090.0,1.6014540693971049,8090.0,-8.871140171762063,8090.0,-7.5209975730396055,8090.0,-5.738470842233821,8090.0,-1.2660106946522736,8090.0,-0.5930113000195787,8090.0,1.6543329637323474
8100.0,-8.874502694979844,8100.0,-7.539620353154988,8100.0,-5.751393885165649,8100.0,-1.2908725683040967,8100.0,-0.6226479767640338,8100.0,1.6016203275041903,8100.0,-8.871167598603378,8100.0,-7.521118967254887,8100.0,-5.738582752917202,8100.0,-1.2662377820666264,8100.0,-0.5932715299793452,8100.0,1.6539243771506165
8110.0,-8.874500436883665,8110.0,-7.539545207339782,8110.0,-5.751375012867772,8110.0,-1.2908387405897854,8110.0,-0.6225941659746532,8110.0,1.6017832907102578,8110.0,-8.871194840097324,8110.0,-7.521239310592161,8110.0,-5.738693953702959,8110.0,-1.2664634842324016,8110.0,-0.5935300990621926,8110.0,1.6535187874540538
8120.0,-8.874498236323019,8120.0,-7.5394711045612395,8120.0,-5.751356794130995,8120.0,-1.290806333508615,8120.0,-0.622542089520467,8120.0,1.6019429984644613,8120.0,-8.871221896401428,8120.0,-7.5213586126408,8120.0,-5.738804450410176,8120.0,-1.2666878142457543,8120.0,-0.5937870233614395,8120.0,1.6531161639960212
8130.0,-8.874496089903662,8130.0,-7.53939803039003,8130.0,-5.751339218926266,8130.0,-1.290775328501072,8130.0,-0.6224917253332614,8130.0,1.6020994898657699,8130.0,-8.871248767649593,8130.0,-7.521476882889554,8130.0,-5.738914248795637,8130.0,-1.2669107850925136,8130.0,-0.5940423188365428,8130.0,1.652716476381639
8140.0,-8.874493994165876,8140.0,-7.5393259704758755,8140.0,-5.751322277235019,8140.0,-1.290745707113043,8140.0,-0.6224430514948982,8140.0,1.602252803641356,8140.0,-8.871275453954105,8140.0,-7.521594130724825,8140.0,-5.739023354552153,8140.0,-1.2671324096416088,8140.0,-0.5942960013050975,8140.0,1.6523196944817498
8150.0,-8.874491945614363,8150.0,-7.539254910570397,8150.0,-5.751305959077556,8150.0,-1.2907174510231991,8150.0,-0.6223960462627811,8150.0,1.6024029781316254,8150.0,-8.871301955407148,8150.0,-7.521710365429207,8150.0,-5.7391317733072835,8150.0,-1.2673527006397574,8150.0,-0.5945480864364878,8150.0,1.6519257884439376
8160.0,-8.874489940739856,8160.0,-7.539184836543122,8160.0,-5.7512902545334725,8160.0,-1.2906905420622476,8160.0,-0.622350688087599,8160.0,1.602550051280855,8160.0,-8.871328272082105,8160.0,-7.521825596180563,8160.0,-5.739239510622235,8160.0,-1.2675716707072697,8160.0,-0.594798589746866,8160.0,1.651534728701158
8170.0,-8.87448797603346,8170.0,-7.539115734391322,8170.0,-5.751275153754893,8170.0,-1.2906649622251396,8170.0,-0.622306955624258,8170.0,1.6026940606330575,8170.0,-8.87135440403454,8170.0,-7.521939832051272,8170.0,-5.739346571991175,8170.0,-1.2677893323348577,8170.0,-0.5950475265953217,8170.0,1.6511464859782674
8180.0,-8.87448604799648,8180.0,-7.539047590246122,8180.0,-5.751260646975204,8180.0,-1.290640693678762,8180.0,-0.622264827738547,8180.0,1.6028350433308973,8180.0,-8.871380351303129,8180.0,-7.522053082007966,8180.0,-5.739452962840746,8180.0,-1.2680056978812373,8180.0,-0.595294912181028,8180.0,1.65076103129685
8190.0,-8.87448415314735,8190.0,-7.538980390376299,8190.0,-5.751246724515115,8190.0,-1.290617718766905,8190.0,-0.6222242835112209,8190.0,1.6029730361163017,8190.0,-8.87140611391049,8190.0,-7.522165354911478,8190.0,-5.739558688529847,8190.0,-1.2682207795714693,8190.0,-0.5955407615412522,8190.0,1.6503783359785908
8200.0,-8.874482288026707,8200.0,-7.538914121190741,8200.0,-5.751233376786689,8200.0,-1.2905960200134456,8200.0,-0.6221853022404137,8200.0,1.6031080753320408,8200.0,-8.871431691863892,8200.0,-7.522276659517084,8200.0,-5.739663754349604,8200.0,-1.268434589495881,8200.0,-0.5957850895500544,8200.0,1.6499983716474274
8210.0,-8.874480449201263,8210.0,-7.538848769239996,8210.0,-5.751220594296532,8210.0,-1.2905755801242766,8210.0,-0.6221478634429078,8210.0,1.6032401969239365,8210.0,-8.871457085155972,8210.0,-7.522387004474841,8210.0,-5.73976816552357,8210.0,-1.2686471396094818,8210.0,-0.5960279109175715,8210.0,1.6496211102307385
8220.0,-8.874478633267783,8220.0,-7.538784321218266,8220.0,-5.751208367648688,8220.0,-1.2905563819895267,8220.0,-0.6221119468557502,8220.0,1.603369436442328,8220.0,-8.871482293765352,8220.0,-7.5224963983302775,8220.0,-5.739871927208024,8220.0,-1.2688584417317799,8220.0,-0.5962692401897979,8220.0,1.6492465239596756
8230.0,-8.87447683685946,8230.0,-7.538720763967912,8230.0,-5.751196687550474,8230.0,-1.2905384086881306,8230.0,-0.6220775324402801,8230.0,1.603495829040824,8230.0,-8.8715073176574,8230.0,-7.522604849525158,8230.0,-5.7399750444925415,8230.0,-1.2690685075470811,8230.0,-0.5965090917488698,8230.0,1.6488745853687394
8240.0,-8.874475056651404,8240.0,-7.538658084483279,8240.0,-5.751185544816986,8240.0,-1.2905216434915951,8240.0,-0.6220446003853873,8240.0,1.6036194094755882,8240.0,-8.87153215678498,8240.0,-7.522712366398605,8240.0,-5.7400775224006875,8240.0,-1.2692773486050846,8240.0,-0.5967474798137435,8240.0,1.6485052672946792
8250.0,-8.874473289364216,8250.0,-7.5385962699128095,8250.0,-5.751174930373963,8250.0,-1.2905060698658408,8250.0,-0.6220131311088828,8250.0,1.6037402121063302,8250.0,-8.871556811089159,8250.0,-7.52281895718815,8250.0,-5.7401793658908495,8250.0,-1.2694849763217144,8250.0,-0.5969844184411361,8250.0,1.6481385428750432
8260.0,-8.874471531766137,8260.0,-7.53853530755962,8260.0,-5.75116483525928,8260.0,-1.290491671471671,8260.0,-0.6219831052575217,8260.0,1.6038582708985003,8260.0,-8.871581280499965,8260.0,-7.522924630030874,8260.0,-5.740280579857036,8260.0,-1.2696914019801369,8260.0,-0.5972199215266191,8260.0,1.6477743855462808
8270.0,-8.874469780674048,8270.0,-7.538475184881187,8270.0,-5.751155250623018,8270.0,-1.2904784321641487,8270.0,-0.6219545037059514,8270.0,1.6039736194264642,8270.0,-8.871605564936889,8270.0,-7.5230293929646415,8270.0,-5.740381169129693,8270.0,-1.2698966367317828,8270.0,-0.5974540028058828,8270.0,1.647412769041685
8280.0,-8.874468032953608,8280.0,-7.538415889488248,8280.0,-5.751146167727128,8280.0,-1.2904663359910804,8280.0,-0.6219273075547904,8280.0,1.604086290877437,8280.0,-8.87162966430952,8280.0,-7.5231332539292195,8280.0,-5.740481138476583,8280.0,-1.2701006915975843,8280.0,-0.5976866758561169,8280.0,1.6470536673890581
8290.0,-8.874466285518874,8290.0,-7.538357409142999,8290.0,-5.751137577944151,8290.0,-1.2904553671909915,8290.0,-0.6219014981282001,8290.0,1.6041963180558634,8290.0,-8.871653578518044,8290.0,-7.523236220767548,8290.0,-5.74058049260361,8290.0,-1.2703035774691986,8290.0,-0.5979179540974393,8290.0,1.6466970549082194
8300.0,-8.874464535333022,8300.0,-7.538299731758644,8300.0,-5.7511294727571975,8300.0,-1.290445510192278,8300.0,-0.6218770569726517,8300.0,1.6043037333865426,8300.0,-8.871677307453808,8300.0,-7.523338301226966,8300.0,-5.740679236155753,8300.0,-1.2705053051103825,8300.0,-0.5981478507945049,8300.0,1.6463429062083255
8310.0,-8.874462779411381,8310.0,-7.538242845401356,8310.0,-5.751121843762594,8310.0,-1.290436749614718,8310.0,-0.6218539658580671,8310.0,1.6044085689153318,8310.0,-8.871700851000062,8310.0,-7.5234395029606596,8310.0,-5.740777373718146,8310.0,-1.270705885158582,8310.0,-0.5983763790583215,8310.0,1.6459911961849178
8320.0,-8.874461014824302,8320.0,-7.538186738291766,8320.0,-5.751114682671731,8320.0,-1.2904290702707253,8320.0,-0.6218322067786936,8320.0,1.6045108563100667,8320.0,-8.871724209032546,8320.0,-7.523539833529152,8320.0,-5.740874909817219,8320.0,-1.2709053281265912,8320.0,-0.5986035518481414,8320.0,1.6456419000168252
8330.0,-8.874459238698472,8330.0,-7.538131398805324,8330.0,-5.751107981311822,8330.0,-1.290422457165145,8330.0,-0.6218117619525517,8330.0,1.6046106268628844,8330.0,-8.871747381420283,8330.0,-7.523639300401748,8330.0,-5.740971848921762,8330.0,-1.2711036444041635,8330.0,-0.5988293819733439,8330.0,1.6452949931630436
8340.0,-8.87445744821712,8340.0,-7.5380768154712605,8340.0,-5.7511017316256074,8340.0,-1.2904168954939788,8340.0,-0.621792613819785,8340.0,1.604707911493596,8340.0,-8.871770368026056,8340.0,-7.523737910957928,8340.0,-5.74106819544401,8340.0,-1.2713008442596772,8340.0,-0.5990538820953157,8340.0,1.644950451359638
8350.0,-8.874455640619402,8350.0,-7.538022976970906,8350.0,-5.751095925669826,8350.0,-1.2904123706422317,8350.0,-0.6217747450401739,8350.0,1.6048027407538845,8350.0,-8.871793168706969,8350.0,-7.52383567248865,8350.0,-5.741163953740544,8350.0,-1.271496937841686,8350.0,-0.599277064729274,8350.0,1.6446082506166495
8360.0,-8.87445381319905,8360.0,-7.537969872135299,8360.0,-5.751090555613316,8360.0,-1.2904088681811001,8360.0,-0.6217581384899731,8360.0,1.604895144832135,8360.0,-8.871815783314876,8360.0,-7.523932592197694,8360.0,-5.741259128113301,8360.0,-1.2716919351804334,8360.0,-0.599498942246075,8360.0,1.6442683672150133
8370.0,-8.874451963302654,8370.0,-7.537917489942273,8370.0,-5.7510856137347925,8370.0,-1.290406373864798,8370.0,-0.6217427772583914,8370.0,1.6049851535586168,8370.0,-8.871838211696868,8370.0,-7.524028677202879,8370.0,-5.741353722810444,8370.0,-1.2718858461894262,8370.0,-0.5997195268740151,8370.0,1.6439307777034895
8380.0,-8.874450088329338,8380.0,-7.537865819515291,8380.0,-5.751081092421701,8380.0,-1.2904048736287819,8380.0,-0.6217286446454929,8380.0,1.6050727964092042,8380.0,-8.87186045369565,8380.0,-7.524123934537348,8380.0,-5.741447742027306,8380.0,-1.2720786806669513,8380.0,-0.599938830700607,8380.0,1.6435954588955672
8390.0,-8.874448185732813,8390.0,-7.53781485012418,8390.0,-5.751076984171647,8390.0,-1.2904043535903578,8390.0,-0.6217157241624609,8390.0,1.6051581025067225,8390.0,-8.871882509150124,8390.0,-7.52421837115094,8390.0,-5.741541189907414,8390.0,-1.2722704482977587,8390.0,-0.6001568656745325,8390.0,1.6432623878662305
8400.0,-8.874446253022676,8400.0,-7.537764571185658,8400.0,-5.7510732815932855,8400.0,-1.2904048000485782,8400.0,-0.6217039995311792,8400.0,1.6052411006229583,8400.0,-8.871904377895945,8400.0,-7.524311993911644,8400.0,-5.741634070543589,8400.0,-1.2724611586547427,8400.0,-0.6003736436076157,8400.0,1.6429315419487338
8410.0,-8.874444287764447,8410.0,-7.5377149722621715,8410.0,-5.751069977405559,8410.0,-1.2904061994829064,8410.0,-0.6216934546825613,8410.0,1.6053218191818943,8410.0,-8.87192605976608,8410.0,-7.524404809606914,8410.0,-5.741726387978923,8410.0,-1.2726508212006173,8410.0,-0.600589176176724,8410.0,1.642602898731377
8420.0,-8.87444228757885,8420.0,-7.537666043060319,8420.0,-5.751067064436356,8420.0,-1.2904085385510922,8420.0,-0.6216840737541164,8420.0,1.605400286263691,8420.0,-8.871947554591237,8420.0,-7.524496824945026,8420.0,-5.741818146207797,8420.0,-1.2728394452895073,8420.0,-0.6008034749256395,8420.0,1.6422764360543678
8430.0,-8.874440250140504,8430.0,-7.537617773428401,8430.0,-5.751064535620748,8430.0,-1.2904118040864776,8430.0,-0.621675841086937,8430.0,1.6054765296092313,8430.0,-8.871968862200399,8430.0,-7.524588046556283,8430.0,-5.741909349176757,8430.0,-1.2730270401685024,8430.0,-0.6010165512668786,8430.0,1.6419521320067452
8440.0,-8.874438173176134,8440.0,-7.537570153353791,8440.0,-5.751062383998526,8440.0,-1.2904159830948814,8440.0,-0.6216687412222671,8440.0,1.6055505766250666,8440.0,-8.871989982421075,8440.0,-7.524678480994255,8440.0,-5.74200000078544,8440.0,-1.2732136149791524,8440.0,-0.6012284164834291,8440.0,1.641629964923355
8450.0,-8.874436054462606,8450.0,-7.537523172959876,8450.0,-5.751060602711622,8450.0,-1.2904210627512889,8450.0,-0.6216627588978927,8450.0,1.6056224543885167,8450.0,-8.872010915079775,8450.0,-7.524768134736953,8450.0,-5.742090104887377,8450.0,-1.2733991787589531,8450.0,-0.6014390817305166,8450.0,1.6413099133818283
8460.0,-8.874433891826516,8460.0,-7.5374768225048445,8460.0,-5.751059185003129,8460.0,-1.2904270303981553,8460.0,-0.62165787904613,8460.0,1.6056921896511627,8460.0,-8.872031660002422,8460.0,-7.524857014188113,8460.0,-5.742179665290962,8460.0,-1.2735837404429013,8460.0,-0.6016485580374228,8460.0,1.6409919561995436
8470.0,-8.874431683146756,8470.0,-7.537431092383119,8470.0,-5.751058124219443,8470.0,-1.2904338735466054,8470.0,-0.6216540867947311,8470.0,1.6057598088393952,8470.0,-8.872052217014929,8470.0,-7.524945125678528,8470.0,-5.742268685760549,8470.0,-1.2737673088652002,8470.0,-0.6018568563094001,8470.0,1.640676072430443
8480.0,-8.874429426356835,8480.0,-7.5373859731269395,8480.0,-5.751057413811826,8480.0,-1.2904415798774995,8480.0,-0.6216513674676555,8480.0,1.605825338055097,8480.0,-8.872072585943876,8480.0,-7.525032475467548,8480.0,-5.7423571700174785,8480.0,-1.2739498927609452,8480.0,-0.6020639873296401,8480.0,1.640362241361821
8490.0,-8.874427119446107,8490.0,-7.537341455406434,8490.0,-5.751057047337101,8490.0,-1.2904501372413557,8490.0,-0.6216497065846858,8490.0,1.605888803077442,8490.0,-8.872092766616966,8490.0,-7.525119069744346,8490.0,-5.74244512174113,8490.0,-1.2741315007677392,8490.0,-0.6022699617611753,8490.0,1.640050442511281
8500.0,-8.874424760459748,8500.0,-7.537297530028985,8500.0,-5.751057018457148,8500.0,-1.2904595336571207,8500.0,-0.621649089859917,8500.0,1.6059502293658316,8500.0,-8.872112758863548,8500.0,-7.525204914629195,8500.0,-5.742532544569874,8500.0,-1.2743121414272671,8500.0,-0.6024747901486198,8500.0,1.6397406556236893
8510.0,-8.874422347497875,8510.0,-7.5372541879370685,8510.0,-5.751057320937527,8510.0,-1.2904697573099608,8510.0,-0.6216495031992597,8510.0,1.6060096420637675,8510.0,-8.872132562515034,8510.0,-7.525290016174607,8510.0,-5.742619442101911,8510.0,-1.2744918231867264,8510.0,-0.602678482919938,8510.0,1.639432860668284
8520.0,-8.874419878713766,8520.0,-7.53721142020601,8520.0,-5.7510579486450375,8520.0,-1.290480796548326,8520.0,-0.6216509326972139,8520.0,1.606067066003479,8520.0,-8.872152177405253,8520.0,-7.525374380366594,8520.0,-5.742705817896162,8520.0,-1.2746705544003307,8520.0,-0.6028810503880995,8520.0,1.639127037835816
8530.0,-8.874417352312202,8530.0,-7.537169218040937,8530.0,-5.751058895545472,8530.0,-1.2904926398808996,8530.0,-0.6216533646335481,8530.0,1.6061225257105916,8530.0,-8.872171603370788,8530.0,-7.525458013125616,8530.0,-5.742791675473005,8530.0,-1.274848343330607,8530.0,-0.6030825027526979,8530.0,1.6388231675357376
8540.0,-8.874414766548975,8540.0,-7.537127572775944,8540.0,-5.75106015570273,8540.0,-1.2905052759751834,8540.0,-0.6216567854715903,8540.0,1.6061760454071885,8540.0,-8.872190840251285,8540.0,-7.525540920307745,8540.0,-5.742877018315075,8540.0,-1.2750251981497824,8540.0,-0.6032828501015253,8540.0,1.6385212303935024
8550.0,-8.874412119731765,8550.0,-7.537086475873853,8550.0,-5.751061723279356,8550.0,-1.2905186936570467,8550.0,-0.6216611818575177,8550.0,1.6062276490138572,8550.0,-8.872209887889863,8550.0,-7.5256231077057505,8550.0,-5.742961849868077,8550.0,-1.2752011269411927,8550.0,-0.6034821024122456,8550.0,1.6382212072476994
8560.0,-8.874409410220233,8560.0,-7.537045918925352,8560.0,-5.751063592535736,8560.0,-1.290532881909553,8560.0,-0.6216665406188976,8560.0,1.6062773601524656,8560.0,-8.872228746133569,8560.0,-7.525704581050321,8560.0,-5.743046173541714,8560.0,-1.2753761377007689,8560.0,-0.6036802695541035,8560.0,1.637923079147262
8570.0,-8.874406636425443,8570.0,-7.537005893647794,8570.0,-5.751065757829181,8570.0,-1.2905478298712825,8570.0,-0.6216728487627543,8570.0,1.6063252021493952,8570.0,-8.872247414833799,8570.0,-7.525785346011248,8570.0,-5.743129992710568,8570.0,-1.2755502383384578,8570.0,-0.6038773612895695,8570.0,1.6376268273486376
8580.0,-8.874403796809087,8580.0,-7.536966391883296,8580.0,-5.751068213612579,8580.0,-1.290563526834378,8580.0,-0.6216800934733414,8580.0,1.6063711980390663,8580.0,-8.872265893846706,8580.0,-7.525865408198485,8580.0,-5.743213310714892,8580.0,-1.2757234366796395,8580.0,-0.6040733872760077,8580.0,1.6373324333130763
8590.0,-8.874400889882267,8590.0,-7.5369274055970665,8590.0,-5.7510709544328,8590.0,-1.2905799622422287,8590.0,-0.621688262109563,8590.0,1.6064153705677824,8590.0,-8.872284183033553,8590.0,-7.525944773163269,8590.0,-5.743296130861445,8590.0,-1.2758957404664502,8590.0,-0.6042683570672012,8590.0,1.6370398787039286
8600.0,-8.874397914204057,8600.0,-7.536888926874829,8600.0,-5.751073974928711,8600.0,-1.2905971256868416,8600.0,-0.6216973422020872,8600.0,1.6064577421978816,8600.0,-8.872302282261053,8600.0,-7.5260234463991535,8600.0,-5.743378456424209,8600.0,-1.2760671573590832,8600.0,-0.6044622801148969,8600.0,1.6367491453840584
8610.0,-8.874394868379925,8610.0,-7.536850947920582,8610.0,-5.7510772698290955,8610.0,-1.290615006906216,8610.0,-0.621707321450461,8610.0,1.6064983351118716,8610.0,-8.872320191401656,8610.0,-7.526101433342968,8610.0,-5.743460290645146,8610.0,-1.2762376949370697,8610.0,-0.6046551657703048,8610.0,1.6364602154132626
8620.0,-8.874391751062387,8620.0,-7.536813461056508,8620.0,-5.751080833952788,8620.0,-1.2906335957838226,8620.0,-0.6217181877223378,8620.0,1.6065371712144245,8620.0,-8.872337910333961,8620.0,-7.526178739375978,8620.0,-5.743541636735002,8620.0,-1.2764073607006376,8620.0,-0.6048470232856612,8620.0,1.6361730710456148
8630.0,-8.874388560953316,8630.0,-7.536776458724311,8630.0,-5.751084662210519,8630.0,-1.2906528823498695,8630.0,-0.6217299290544904,8630.0,1.6065742721325895,8630.0,-8.872355438943261,8630.0,-7.526255369825036,8630.0,-5.74362249787423,8630.0,-1.2765761620721612,8630.0,-0.6050378618159171,8630.0,1.635887694726745
8640.0,-8.874385296805631,8640.0,-7.5367399334863245,8640.0,-5.751088749606183,8640.0,-1.2906728567818815,8640.0,-0.6217425336531421,8640.0,1.606609659216671,8640.0,-8.872372777122031,8640.0,-7.526331329963805,8640.0,-5.7437028772139636,8640.0,-1.2767441063976188,8640.0,-0.6052276904204226,8640.0,1.6356040690911196
8650.0,-8.874381957424136,8650.0,-7.53670387802552,8650.0,-5.75109309123727,8650.0,-1.290693509404518,8650.0,-0.6217559898935383,8650.0,1.606643353541839,8650.0,-8.872389924770438,8650.0,-7.526406625013922,8650.0,-5.7437827778768655,8650.0,-1.2769112009480414,8650.0,-0.6054165180645337,8650.0,1.6353221769593373
8660.0,-8.87437854166573,8660.0,-7.536668285144761,8660.0,-5.7510976822944215,8660.0,-1.290714830688632,8660.0,-0.6217702863187641,8660.0,1.606675375910496,8660.0,-8.872406881796726,8660.0,-7.5264812601460696,8660.0,-5.743862202957977,8660.0,-1.2770774529208129,8660.0,-0.6056043536211739,8660.0,1.6350420013356544
8670.0,-8.874375048438683,8670.0,-7.536633147765699,8670.0,-5.751102518060398,8670.0,-1.2907368112496094,8670.0,-0.6217854116378426,8670.0,1.6067057468553472,8670.0,-8.872423648117675,8670.0,-7.526555240481011,8670.0,-5.743941155525472,8670.0,-1.2772428694409672,8670.0,-0.6057912058723148,8670.0,1.6347635254053847
8680.0,-8.87437147670149,8680.0,-7.536598458926558,8680.0,-5.7511075939084275,8680.0,-1.290759441845105,8680.0,-0.6218013547232318,8680.0,1.606734486643044,8680.0,-8.872440223658835,8680.0,-7.526628571090561,8680.0,-5.744019638621393,8680.0,-1.277407457562396,8680.0,-0.605977083510409,8680.0,1.6344867325325425
8690.0,-8.874367825461393,8690.0,-7.536564211779962,8690.0,-5.751112905300197,8690.0,-1.2907827133725822,8690.0,-0.6218181046081266,8690.0,1.6067616152780337,8690.0,-8.872456608354904,8690.0,-7.5267012569985665,8690.0,-5.744097655262339,8690.0,-1.2775712242690667,8690.0,-0.6061619951398042,8690.0,1.6342116062574181
8700.0,-8.874364093774815,8700.0,-7.536530399592876,8700.0,-5.751118447786109,8700.0,-1.2908066168687387,8700.0,-0.6218356504856609,8700.0,1.60678715250448,8700.0,-8.872472802150124,8700.0,-7.526773303181933,8700.0,-5.744175208440286,8700.0,-1.2777341764763221,8700.0,-0.6063459492782347,8700.0,1.6339381302940854
8710.0,-8.874360280749864,8710.0,-7.536497015748146,8710.0,-5.751124217007107,8710.0,-1.290831143511,8710.0,-0.621853981710165,8710.0,1.606811117806118,8710.0,-8.872488804998888,8710.0,-7.5268447145718635,8710.0,-5.744252301123554,8710.0,-1.2778963210323067,8710.0,-0.6065289543584628,8710.0,1.63366628852782
8720.0,-8.87435638554839,8720.0,-7.536464053745808,8720.0,-5.751130208696354,8720.0,-1.2908562846185831,8720.0,-0.6218730877979994,8720.0,1.6068335304065273,8720.0,-8.872504616866248,8720.0,-7.526915496054971,8720.0,-5.744328936257681,8720.0,-1.2780576647193966,8720.0,-0.6067110187298731,8720.0,1.6333960650125317
8730.0,-8.8743524073871,8730.0,-7.536431507203786,8730.0,-5.751136418679929,8730.0,-1.290882031652631,8730.0,-0.6218929584274695,8730.0,1.6068544092703019,8730.0,-8.872520237728391,8730.0,-7.526985652474413,8730.0,-5.744405116766297,8730.0,-1.2782182142554648,8730.0,-0.606892150660001,8730.0,1.6331274439683077
8740.0,-8.874348345537584,8740.0,-7.536399369856986,8740.0,-5.751142842876486,8740.0,-1.2909083762153108,8740.0,-0.6219135834377011,8740.0,1.6068737731052534,8740.0,-8.872535667573066,8740.0,-7.527055188630873,8740.0,-5.744480845551901,8740.0,-1.2783779762952034,8740.0,-0.607072358335953,8740.0,1.6328604097790493
8750.0,-8.87434419932546,8750.0,-7.536367635555685,8750.0,-5.751149477295804,8750.0,-1.2909353100479393,8750.0,-0.6219349528265395,8750.0,1.6068916403655775,8750.0,-8.872550906399919,8750.0,-7.527124109283496,8750.0,-5.74455612549653,8750.0,-1.2785369574311976,8750.0,-0.607251649865756,8750.0,1.6325949469901833
8760.0,-8.874339968128659,8760.0,-7.536336298263436,8760.0,-5.7511563180369585,8760.0,-1.290962825028387,8760.0,-0.6219570567477495,8760.0,1.6069080292557114,8760.0,-8.87256595422074,8760.0,-7.527192419150771,8760.0,-5.744630959462429,8760.0,-1.2786951641950937,8760.0,-0.6074300332796662,8760.0,1.6323310403064517
8770.0,-8.874335651376041,8770.0,-7.536305352054657,8770.0,-5.7511633612862,8770.0,-1.2909909131686106,8770.0,-0.6219798855083201,8770.0,1.6069229577340653,8770.0,-8.872580811059764,8770.0,-7.5272601229114,8770.0,-5.744705350292697,8770.0,-1.27885260305868,8770.0,-0.6076075165314588,8770.0,1.6320686745897433
8780.0,-8.874331248547344,8780.0,-7.536274791114109,8780.0,-5.751170603316746,8780.0,-1.2910195666138902,8780.0,-0.6220034295674971,8780.0,1.6069364435150257,8780.0,-8.872595476954091,8780.0,-7.527327225205273,8780.0,-5.744779300811938,8780.0,-1.279009280435053,8780.0,-0.6077841074997641,8780.0,1.6318078348568121
8790.0,-8.874326759174021,8790.0,-7.536244609737228,8790.0,-5.751178040489216,8790.0,-1.291048777642754,8790.0,-0.6220276795364906,8790.0,1.6069485040702627,8790.0,-8.872609951954104,8790.0,-7.52739373063447,8790.0,-5.744852813827223,8790.0,-1.27916520267989,8790.0,-0.6079598139895281,8790.0,1.63154850627693
8800.0,-8.87432218284003,8800.0,-7.536214802329996,8800.0,-5.7511856692518535,8800.0,-1.2910785386666812,8800.0,-0.6220526261779726,8800.0,1.6069591566302455,8800.0,-8.872624236123958,8800.0,-7.527459643764367,8800.0,-5.744925892128751,8800.0,-1.2793203760927032,8800.0,-0.6081346437334532,8800.0,1.631290674169635
8810.0,-8.874317519182046,8810.0,-7.536185363408533,8810.0,-5.751193486140415,8810.0,-1.2911088422294787,8810.0,-0.6220782604052535,8810.0,1.606968418186052,8810.0,-8.872638329541976,8810.0,-7.527524969124511,8810.0,-5.744998538490664,8810.0,-1.2794748069180055,8810.0,-0.6083086043933337,8810.0,1.6310343240024874
8820.0,-8.874312767889055,8820.0,-7.536156287598104,8820.0,-5.751201487777354,8820.0,-1.2911396810060511,8820.0,-0.6221045732808476,8820.0,1.6069763054918043,8820.0,-8.872652232300952,8820.0,-7.527589711209532,8820.0,-5.745070755671699,8820.0,-1.2796285013463946,8820.0,-0.6084817035613289,8820.0,1.6307794413889192
8830.0,-8.874307928701379,8830.0,-7.536127569631618,8830.0,-5.7512096708706135,8830.0,-1.2911710478004985,8830.0,-0.622131556014358,8830.0,1.6069828350677409,8830.0,-8.872665944508451,8830.0,-7.52765387447999,8830.0,-5.7451425464157815,8830.0,-1.27978146551561,8830.0,-0.6086539487611731,8830.0,1.63052601208622
8840.0,-8.874303001409066,8840.0,-7.536099204347229,8840.0,-5.751218032211479,8840.0,-1.2912029355436494,8840.0,-0.622159199959825,8840.0,1.6069880232038465,8840.0,-8.872679466287057,8840.0,-7.527717463363108,8840.0,-5.745213913452594,8840.0,-1.279933705511502,8840.0,-0.6088253474493228,8840.0,1.6302740219935334
8850.0,-8.87429798585011,8850.0,-7.536071186685992,8850.0,-5.751226568672483,8850.0,-1.291235337290452,8850.0,-0.6221874966129193,8850.0,1.6069918859636025,8850.0,-8.872692797774535,8850.0,-7.5277804822535686,8850.0,-5.745284859498111,8850.0,-1.2800852273689818,8850.0,-0.6089959070161203,8850.0,1.6300234571498735
8860.0,-8.874292881910751,8860.0,-7.536043511691592,8860.0,-5.751235277207322,8860.0,-1.291268246219421,8860.0,-0.6222164376101803,8860.0,1.606994439185695,8860.0,-8.872705939124272,8860.0,-7.527842935514404,8860.0,-5.7453553872553265,8860.0,-1.2802360370731707,8860.0,-0.6091656347870342,8860.0,1.6297743037320422
8870.0,-8.874287689527693,8870.0,-7.536016174511987,8870.0,-5.75124415485272,8870.0,-1.2913016556339967,8870.0,-0.6222460147302024,8870.0,1.6069956984837628,8870.0,-8.872718890505777,8870.0,-7.527904827478045,8870.0,-5.745425499415057,8870.0,-1.2803861405606103,8870.0,-0.6093345380241036,8870.0,1.6295265480524044
8880.0,-8.874282408690037,8880.0,-7.535989170400628,8880.0,-5.751253198729974,8880.0,-1.2913355589636712,8880.0,-0.6222762198945543,8880.0,1.6069956792463898,8880.0,-8.872731652105136,8880.0,-7.527966162447278,8880.0,-5.745495198656729,8880.0,-1.2805355437204589,8880.0,-0.6095026239272648,8880.0,1.6292801765567506
8890.0,-8.874277039440335,8890.0,-7.535962494716964,8890.0,-5.751262406045686,8890.0,-1.2913699497642175,8890.0,-0.6223070451678362,8890.0,1.606994396637972,8890.0,-8.87274422412536,8890.0,-7.528026944696188,8890.0,-5.745564487649079,8890.0,-1.280684252395571,8890.0,-0.6096698996356097,8890.0,1.6290351758222263
8900.0,-8.87427158187455,8900.0,-7.535936142925908,8900.0,-5.7512717740912755,8900.0,-1.2914048217168412,8900.0,-0.6223384827566334,8900.0,1.6069918656006545,8900.0,-8.872756606786762,8900.0,-7.52808717847092,8900.0,-5.7456333690507755,8900.0,-1.280832272383529,8900.0,-0.6098363722285621,8900.0,1.628791532555418
8910.0,-8.87426603614104,8910.0,-7.5359101105961654,8910.0,-5.751281300241828,8910.0,-1.2914401686263497,8910.0,-0.6223705250075031,8910.0,1.6069881008572449,8910.0,-8.872768800327194,8910.0,-7.5281468679904675,8910.0,-5.745701845510938,8910.0,-1.2809796094375658,8910.0,-0.610002048726988,8910.0,1.6285492335904328
8920.0,-8.874260402438772,8920.0,-7.5358843933978905,8920.0,-5.751290981953799,8920.0,-1.2914759844186354,8920.0,-0.6224031644042834,8920.0,1.6069831169147788,8920.0,-8.872780805002154,8920.0,-7.528206017447355,8920.0,-5.745769919669659,8920.0,-1.281126269267454,8920.0,-0.6101669360942088,8920.0,1.6283082658871184
8930.0,-8.87425468101579,8930.0,-7.535858987100517,8930.0,-5.751300816763144,8930.0,-1.2915122631382911,8930.0,-0.6224363935655169,8930.0,1.6069769280679684,8930.0,-8.87279262108503,8930.0,-7.52826463100823,8930.0,-5.74583759415844,8930.0,-1.2812722575403226,8930.0,-0.6103310412369941,8930.0,1.6280686165293246
8940.0,-8.874248872168286,8940.0,-7.535833887571433,8940.0,-5.75131080228406,8940.0,-1.2915489989469215,8940.0,-0.622470205242598,8940.0,1.6069695484019202,8940.0,-8.872804248867281,8940.0,-7.528322712814655,8940.0,-5.745904871600683,8940.0,-1.281417579881546,8940.0,-0.6104943710066064,8940.0,1.6278302727231286
8950.0,-8.874242976240087,8950.0,-7.535809090774817,8950.0,-5.751320936208186,8950.0,-1.2915861861219016,8950.0,-0.6225045923183424,8950.0,1.6069609917944148,8950.0,-8.872815688658783,8950.0,-7.528380266983855,8950.0,-5.745971754612372,8950.0,-1.2815622418757662,8950.0,-0.61065693219998,8950.0,1.6275932217948608
8960.0,-8.874236993623015,8960.0,-7.535784592771443,8960.0,-5.751331216304571,8960.0,-1.2916238190559424,8960.0,-0.622539547806388,8960.0,1.6069512719173482,8960.0,-8.872826940788272,8960.0,-7.5284372976096625,8960.0,-5.746038245802758,8960.0,-1.2817062490679907,8960.0,-0.6108187315609457,8960.0,1.6273574511892146
8970.0,-8.874230924757425,8970.0,-7.535760389718649,8970.0,-5.7513416404199385,8970.0,-1.2916618922569036,8970.0,-0.6225750648508359,8970.0,1.6069404022379337,8970.0,-8.87283800560366,8970.0,-7.528493808763296,8970.0,-5.746104347774993,8970.0,-1.2818496069645555,8970.0,-0.6109797757813542,8970.0,1.627122948467364
8980.0,-8.87422477013228,8980.0,-7.535736477869975,8980.0,-5.75135220647839,8980.0,-1.291700400347128,8980.0,-0.6226111367254041,8980.0,1.6069283960203542,8980.0,-8.872848883472294,8980.0,-7.528549804494094,8980.0,-5.746170063126607,8980.0,-1.2819923210339892,8980.0,-0.6111400715021241,8980.0,1.6268897013051793
8990.0,-8.874218530284507,8990.0,-7.535712853573974,8990.0,-5.751362912480433,8990.0,-1.291739338062028,8990.0,-0.622647756831863,8990.0,1.6069152663281578,8990.0,-8.872859574781112,8990.0,-7.528605288830122,8990.0,-5.746235394450056,8990.0,-1.282134396707878,8990.0,-0.6112996253141875,8990.0,1.6266576974915976
9000.0,-8.874212205797674,9000.0,-7.535689513272308,9000.0,-5.751373756501498,9000.0,-1.291778700248108,9000.0,-0.6226849186978758,9000.0,1.6069010260272205,9000.0,-8.872870079936838,9000.0,-7.528660265778804,9000.0,-5.746300344333048,9000.0,-1.282275839381615,9000.0,-0.6114584437594333,9000.0,1.6264269249270018
9010.0,-8.874205797300789,9010.0,-7.535666453498012,9010.0,-5.751384736690214,9010.0,-1.291818481860983,9010.0,-0.6227226159748571,9010.0,1.606885687788673,9010.0,-8.872880399366,9010.0,-7.528714739327416,9010.0,-5.746364915358953,9010.0,-1.2824166544150846,9010.0,-0.6116165333315182,9010.0,1.6261973716216713
9020.0,-8.8741993054676,9020.0,-7.5356436708742285,9020.0,-5.751395851267417,9020.0,-1.2918586779639103,9020.0,-0.6227608424363547,9020.0,1.6068692640913262,9020.0,-8.872890533515129,9020.0,-7.528768713443759,9020.0,-5.746429110107235,9020.0,-1.282556847133492,9020.0,-0.6117739004768351,9020.0,1.6259690256941755
9030.0,-8.874192731016334,9030.0,-7.535621162113821,9030.0,-5.751407098525807,9030.0,-1.291899283727091,9030.0,-0.6227995919771646,9030.0,1.6068517672233167,9030.0,-8.872900482851154,9030.0,-7.528822192076907,9030.0,-5.746492931154068,9030.0,-1.2826964228283102,9030.0,-0.6119305515956006,9030.0,1.6257418753695576
9040.0,-8.874186074710723,9040.0,-7.5355989240195385,9040.0,-5.751418476830495,9040.0,-1.2919402944278042,9040.0,-0.6228388586133309,9040.0,1.6068332092828908,9040.0,-8.872910247861732,9040.0,-7.528875179158029,9040.0,-5.7465563810729865,9040.0,-1.2828353867582292,9040.0,-0.6120864930429518,9040.0,1.6255159089775986
9050.0,-8.874179337360841,9050.0,-7.535576953484374,9050.0,-5.751429984619523,9050.0,-1.2919817054505307,9050.0,-0.622878636482104,9050.0,1.6068136021791992,9050.0,-8.872919829055544,9050.0,-7.528927678601079,9050.0,-5.746619462435371,9050.0,-1.2829737441500464,9050.0,-0.6122417311299638,9050.0,1.6252911149511369
9060.0,-8.874172519823128,9060.0,-7.535555247491141,9060.0,-5.751441620403637,9060.0,-1.2920235122863768,9060.0,-0.6229189198411985,9060.0,1.6067929576338038,9060.0,-8.872929226962432,9060.0,-7.528979694303418,9060.0,-5.74668217781094,9060.0,-1.2831115001994287,9060.0,-0.6123962721245498,9060.0,1.6250674818245037
9070.0,-8.874165622999696,9070.0,-7.53553380311139,9070.0,-5.751453382765291,9070.0,-1.2920657105316784,9070.0,-0.6229597030672597,9070.0,1.6067712871829452,9070.0,-8.872938442133613,9070.0,-7.5290312301463915,9070.0,-5.746744529768157,9070.0,-1.2832486600716706,9070.0,-0.6125501222523361,9070.0,1.6248449982320226
9080.0,-8.874158647836815,9080.0,-7.535512617503385,9080.0,-5.751465270356797,9080.0,-1.2921082958858552,9080.0,-0.6230009806535597,9080.0,1.6067486021805928,9080.0,-8.872947475141673,9080.0,-7.529082289995777,9080.0,-5.746806520874473,9080.0,-1.2833852289022725,9080.0,-0.6127032876974133,9080.0,1.6246236529065854
9090.0,-8.874151595321939,9090.0,-7.5354916879085465,9090.0,-5.751477281897213,9090.0,-1.2921512641477308,9090.0,-0.6230427472061615,9090.0,1.6067249138030006,9090.0,-8.87295632658045,9090.0,-7.529132877702016,9090.0,-5.746868153696469,9090.0,-1.2835212117973736,9090.0,-0.6128557746028663,9090.0,1.624403434678509
9100.0,-8.874144466480784,9100.0,-7.535471011648184,9100.0,-5.751489416169036,9100.0,-1.2921946112120366,9100.0,-0.6230849974402755,9100.0,1.6067002330530793,9100.0,-8.872964997065058,9100.0,-7.5291829971007465,9100.0,-5.746929430800144,9100.0,-1.2836566138343741,9100.0,-0.6130075890715337,9100.0,1.624184332474159
9110.0,-8.874137262377221,9110.0,-7.535450586122797,9110.0,-5.751501672017794,9110.0,-1.292238333068607,9110.0,-0.6231277261793184,9110.0,1.6066745707620473,9110.0,-8.872973487232303,9110.0,-7.529232652013495,9110.0,-5.746990354751532,9110.0,-1.2837914400628716,9110.0,-0.6131587371670462,9110.0,1.6239663353142362
9120.0,-8.874129984114669,9120.0,-7.535430408813224,9120.0,-5.75151404835316,9120.0,-1.292282425803156,9120.0,-0.6231709283555322,9120.0,1.6066479375895175,9120.0,-8.87298179774099,9120.0,-7.529281846248441,9120.0,-5.747050928117253,9120.0,-1.2839256955055023,9120.0,-0.6133092249148677,9120.0,1.6237494323122101
9130.0,-8.874122632837558,9130.0,-7.535410477281503,9130.0,-5.751526544150229,9130.0,-1.292326885598136,9130.0,-0.6232145990107104,9130.0,1.6066203440234648,9130.0,-8.872989929272102,9130.0,-7.529330583601062,9130.0,-5.747111153465015,9130.0,-1.2840593851587516,9130.0,-0.6134590583031675,9130.0,1.6235336126727897
9140.0,-8.874115209732198,9140.0,-7.535390789171287,9140.0,-5.751539158450032,9140.0,-1.2923717087329651,9140.0,-0.6232587332962684,9140.0,1.6065918003808495,9140.0,-8.872997882529075,9140.0,-7.529378867854653,9140.0,-5.7471710333639905,9140.0,-1.2841925139936612,9140.0,-0.6136082432836419,9140.0,1.623318865690462
9150.0,-8.874107716026758,9150.0,-7.535371342207435,9150.0,-5.751551890359283,9150.0,-1.292416891583406,9150.0,-0.6233033264724879,9150.0,1.6065623168090504,9150.0,-8.873005658237748,9150.0,-7.5294267027808255,9150.0,-5.747230570385158,9150.0,-1.284325086956429,9150.0,-0.6137567857722974,9150.0,1.6231051807482262
9160.0,-8.874100152990499,9160.0,-7.535352134194705,9160.0,-5.751564739049346,9160.0,-1.2924624306201868,9160.0,-0.6233483739070105,9160.0,1.6065319032880474,9160.0,-8.873013257146273,9160.0,-7.52947409213959,9160.0,-5.747289767101247,9160.0,-1.2844571089686783,9160.0,-0.6139046916497745,9160.0,1.6228925473165807
9170.0,-8.874092521931168,9170.0,-7.535333163014922,9170.0,-5.751577703753335,9170.0,-1.2925083224057758,9170.0,-0.6233938710714597,9170.0,1.6065005696344663,9170.0,-8.87302068002365,9170.0,-7.529521039678442,9170.0,-5.747348626085659,9170.0,-1.2845885849266696,9170.0,-0.6140519667607206,9170.0,1.6226809549536352
9180.0,-8.874084824189469,9180.0,-7.535314426620863,9180.0,-5.751590783760294,9180.0,-1.2925545635883031,9180.0,-0.6234398135352328,9180.0,1.6064683255084444,9180.0,-8.873027927659884,9180.0,-7.529567549132832,9180.0,-5.747407149912797,9180.0,-1.284719519701875,9180.0,-0.6141986169144802,9180.0,1.6224703933037987
9190.0,-8.874077061135752,9190.0,-7.535295923032547,9190.0,-5.751603978411843,9190.0,-1.2926011508976492,9190.0,-0.6234861969614542,9190.0,1.6064351804183332,9190.0,-8.873035000866716,9190.0,-7.52961362422722,9190.0,-5.747465341158951,9190.0,-1.2848499181422353,9190.0,-0.61434464788646,9190.0,1.6222608520959017
9200.0,-8.874069234170467,9200.0,-7.535277650337297,9200.0,-5.7516172871021745,9200.0,-1.2926480811453165,9200.0,-0.6235330171067139,9200.0,1.6064011437216028,9200.0,-8.873041900478036,9200.0,-7.529659268675933,9200.0,-5.747523202403077,9200.0,-1.2849797850731381,9200.0,-0.6144900654192009,9200.0,1.6220523211415092
9210.0,-8.874061344726242,9210.0,-7.535259606691295,9210.0,-5.751630709279886,9210.0,-1.2926953512259183,9210.0,-0.6235802698224265,9210.0,1.6063662246241184,9210.0,-8.873048627350244,9210.0,-7.529704486183815,9210.0,-5.747580736227236,9210.0,-1.2851091252981794,9210.0,-0.6146348752232951,9210.0,1.6218447903334945
9220.0,-8.874053394269799,9220.0,-7.535241790321341,9220.0,-5.75164424444973,9220.0,-1.2927429581185657,9220.0,-0.6236279510560843,9220.0,1.6063304321795184,9220.0,-8.873055182362387,9220.0,-7.529749280446788,9220.0,-5.747637945217062,9220.0,-1.2852379435999053,9220.0,-0.6147790829782029,9220.0,1.6216382496446535
9230.0,-8.874045384303134,9230.0,-7.535224199525426,9230.0,-5.751657892173508,9230.0,-1.2927908988874652,9230.0,-0.6236760568517273,9230.0,1.6062937752893651,9230.0,-8.873061566416371,9230.0,-7.529793655152322,9230.0,-5.74769483196207,9230.0,-1.285366244740366,9230.0,-0.6149226943329646,9230.0,1.621432689126432
9240.0,-8.874037316363326,9240.0,-7.535206832672167,9240.0,-5.7516716520696365,9240.0,-1.2928391706811662,9240.0,-0.6237245833490698,9240.0,1.6062562627046422,9240.0,-8.873067780437326,9240.0,-7.529837613980236,9240.0,-5.747751399056315,9240.0,-1.2854940334620855,9240.0,-0.6150657149072386,9240.0,1.6212280989074022
9250.0,-8.874029192016653,9250.0,-7.535189688194569,9250.0,-5.751685523807037,9250.0,-1.2928877707261526,9250.0,-0.6237735267769582,9250.0,1.606217903032896,9250.0,-8.873073825373543,9250.0,-7.529881160602932,9250.0,-5.747807649098504,9250.0,-1.2856213144884363,9250.0,-0.615208150291784,9250.0,1.6210244691922107
9260.0,-8.87402101284854,9260.0,-7.5351727645794995,9260.0,-5.751699507094841,9260.0,-1.2929366963162305,9260.0,-0.6238228834426381,9260.0,1.6061787047495844,9260.0,-8.873079702195009,9260.0,-7.529924298684262,9260.0,-5.747863584690743,9260.0,-1.2857480925226104,9260.0,-0.6153500060475854,9260.0,1.620821790261939
9270.0,-8.874012780460944,9270.0,-7.535156060364832,9270.0,-5.751713601679537,9270.0,-1.2929859448093866,9270.0,-0.623872649728488,9270.0,1.606138676201928,9270.0,-8.873085411893278,9270.0,-7.529967031879767,9270.0,-5.747919208438619,9270.0,-1.2858743722479973,9270.0,-0.6154912877062815,9270.0,1.6206200524731516
9280.0,-8.874004496476333,9280.0,-7.5351395741430025,9280.0,-5.7517278073486615,9280.0,-1.293035513631256,9280.0,-0.623922822095367,9280.0,1.6060978256061544,9280.0,-8.873090955481706,9280.0,-7.5300093638372205,9280.0,-5.747974522951591,9280.0,-1.2860001583288507,9280.0,-0.6156320007709762,9280.0,1.6204192462566083
9290.0,-8.873996162542879,9290.0,-7.535123304565723,9290.0,-5.751742123935987,9290.0,-1.2930854002797612,9290.0,-0.6239733970871338,9290.0,1.6060561610435649,9290.0,-8.87309633399565,9290.0,-7.530051298197177,9290.0,-5.748029530843461,9290.0,-1.286125455410951,9290.0,-0.6157721507169823,9290.0,1.6202193621159415
9300.0,-8.8739877803384,9300.0,-7.535107250347609,9300.0,-5.751756551324958,9300.0,-1.2931356023285332,9300.0,-0.6240243713339481,9300.0,1.606013690457814,9300.0,-8.873101548492588,9300.0,-7.530092838593376,9300.0,-5.748084234732645,9300.0,-1.2862502681221877,9300.0,-0.6159117429925349,9300.0,1.6200203906265171
9310.0,-8.873979351572615,9310.0,-7.535091410268071,9310.0,-5.751771089450891,9310.0,-1.293186117428701,9310.0,-0.624075741553938,9310.0,1.6059704216537953,9310.0,-8.873106600052203,9310.0,-7.530133988653232,9310.0,-5.748138637242487,9310.0,-1.2863746010730919,9310.0,-0.6160507830193828,9310.0,1.619822322434306
9320.0,-8.873970877983078,9320.0,-7.535075783166875,9320.0,-5.7517857382966024,9320.0,-1.2932369433042694,9320.0,-0.6241275045484749,9320.0,1.605926362302952,9320.0,-8.873111489776809,9320.0,-7.530174751998424,9320.0,-5.748192741001801,9320.0,-1.2864984588576318,9320.0,-0.6161892761937435,9320.0,1.6196251482544528
9330.0,-8.873962361309566,9330.0,-7.535060367918265,9330.0,-5.7518004978666335,9330.0,-1.2932880777260392,9330.0,-0.624179657175962,9330.0,1.6058815199700345,9330.0,-8.873116218793713,9330.0,-7.530215132247753,9330.0,-5.748246548647478,9330.0,-1.2866218460561212,9330.0,-0.6163272278892582,9330.0,1.6194288588678247
9340.0,-8.873953803272661,9340.0,-7.535045163409042,9340.0,-5.751815368165588,9340.0,-1.2933395184896799,9340.0,-0.6242321963298068,9340.0,1.6058359021356747,9340.0,-8.873120788256017,9340.0,-7.53025513301813,9340.0,-5.748300062825503,9340.0,-1.286744767236384,9340.0,-0.6164646434582748,9340.0,1.6192334451192678
9350.0,-8.873945205570042,9350.0,-7.535030168534558,9350.0,-5.7518303491942175,9350.0,-1.2933912634115279,9350.0,-0.6242851189340977,9350.0,1.6057895162012679,9350.0,-8.87312519934083,9350.0,-7.530294757923136,9350.0,-5.748353286189301,9350.0,-1.2868672269523762,9350.0,-0.616601528230588,9350.0,1.6190388979183574
9360.0,-8.873936569874031,9360.0,-7.5350153821959,9360.0,-5.751845440946731,9360.0,-1.2934433103256462,9360.0,-0.624338421940554,9360.0,1.6057423694925472,9360.0,-8.873129453247389,9360.0,-7.530334010571452,9360.0,-5.7484062213980565,9360.0,-1.2869892297427783,9360.0,-0.616737887512081,9360.0,1.6188452082403504
9370.0,-8.873927897824794,9370.0,-7.53500080329273,9370.0,-5.751860643403838,9370.0,-1.2934956570765923,9370.0,-0.6243921023211897,9370.0,1.6056944692674675,9370.0,-8.873133551195307,9370.0,-7.530372894565411,9370.0,-5.748458871115185,9370.0,-1.2871107801296582,9370.0,-0.6168737265835278,9370.0,1.6186523671268433
9380.0,-8.873919191021377,9380.0,-7.534986430714119,9380.0,-5.751875956523492,9380.0,-1.2935483015098868,9380.0,-0.624446157058668,9380.0,1.605645822726365,9380.0,-8.873137494423128,9380.0,-7.53041141349978,9380.0,-5.748511238006938,9380.0,-1.2872318826173093,9380.0,-0.6170090506995294,9380.0,1.6184603656864565
9390.0,-8.873910451012845,9390.0,-7.534972263329208,9390.0,-5.751891380232023,9390.0,-1.293601241462799,9390.0,-0.6245005831369805,9390.0,1.605596437021811,9390.0,-8.87314128418669,9390.0,-7.530449570960542,9390.0,-5.748563324741124,9390.0,-1.287352541691226,9390.0,-0.6171438650875284,9390.0,1.6182691950953008
9400.0,-8.873901679292068,9400.0,-7.53495829998065,9400.0,-5.751906914417469,9400.0,-1.2936544747575636,9400.0,-0.6245553775345557,9400.0,1.6055463192660075,9400.0,-8.873144921758,9400.0,-7.53048737052392,9400.0,-5.748615133986013,9400.0,-1.2874727618171717,9400.0,-0.617278174947016,9400.0,1.6180788465973588
9410.0,-8.873892877297394,9410.0,-7.53494453948601,9410.0,-5.751922558931202,9410.0,-1.293707999202675,9410.0,-0.6246105372254523,9410.0,1.6054954765301184,9410.0,-8.873148408424667,9410.0,-7.530524815756254,9410.0,-5.74866666841002,9410.0,-1.2875925474411833,9410.0,-0.6174119854496263,9410.0,1.6178893115039543
9420.0,-8.873884046422535,9420.0,-7.534930980647305,9420.0,-5.751938313597567,9420.0,-1.2937618126022916,9420.0,-0.6246660591886587,9420.0,1.6054439158354585,9420.0,-8.873151745489269,9420.0,-7.530561910213519,9420.0,-5.748717930681216,9420.0,-1.287711902989214,9420.0,-0.6175453017388483,9420.0,1.6177005811935627
9430.0,-8.87387518801367,9430.0,-7.534917622247769,9430.0,-5.751954178210791,9430.0,-1.2938159127528777,9430.0,-0.6247219404046276,9430.0,1.605391644157468,9430.0,-8.873154934267925,9430.0,-7.530598657440232,9430.0,-5.748768923466085,9430.0,-1.2878308328661439,9430.0,-0.6176781289291303,9430.0,1.6175126471123222
9440.0,-8.873866303352823,9440.0,-7.534904463035011,9440.0,-5.751970152518179,9440.0,-1.2938702974261584,9440.0,-0.6247781778381327,9440.0,1.605338668443344,9440.0,-8.873157976088736,9440.0,-7.530635060968147,9440.0,-5.748819649428102,9440.0,-1.2879493414545669,9440.0,-0.6178104721047801,9440.0,1.6173255007746603
9450.0,-8.873857393639636,9450.0,-7.534891501702358,9450.0,-5.751986236201703,9450.0,-1.293924964350451,9450.0,-0.6248347684195008,9450.0,1.605284995631298,9450.0,-8.873160872290148,9450.0,-7.530671124314923,9450.0,-5.748870111226273,9450.0,-1.2880674331135618,9450.0,-0.6179423363187971,9450.0,1.617139133764082
9460.0,-8.873848459977408,9460.0,-7.5348787368745915,9460.0,-5.7520024288638085,9460.0,-1.2939799111962524,9460.0,-0.6248917090300967,9460.0,1.605230632665555,9460.0,-8.873163624219357,9460.0,-7.530706850982779,9460.0,-5.748920311513712,9460.0,-1.288185112177466,9460.0,-0.6180737265917328,9460.0,1.6169535377338626
9470.0,-8.873839503364366,9470.0,-7.534866167098956,9470.0,-5.752018730018545,9470.0,-1.2940351355671216,9470.0,-0.6249489964931082,9470.0,1.6051755865060424,9470.0,-8.87316623323073,9470.0,-7.5307422444572065,9470.0,-5.748970252936262,9470.0,-1.2883023829546776,9470.0,-0.6182046479105762,9470.0,1.6167687044077432
9480.0,-8.873830524693636,9480.0,-7.534853790844768,9480.0,-5.752035139091332,9480.0,-1.2940906349992074,9480.0,-0.6250066275729773,9480.0,1.6051198641294275,9480.0,-8.873168700684722,9480.0,-7.530777308206106,9480.0,-5.749019938131482,9480.0,-1.2884192497268983,9480.0,-0.6183351052281097,9480.0,1.6165846255801992
9490.0,-8.873821524761272,9490.0,-7.534841606511171,9490.0,-5.752051655426841,9490.0,-1.2941464069688124,9490.0,-0.6250645989828673,9490.0,1.6050634725221264,9490.0,-8.873171027945864,9490.0,-7.530812045678086,9490.0,-5.749069369726868,9490.0,-1.288535716747509,9490.0,-0.6184651034613377,9490.0,1.6164012931175737
9500.0,-8.873812504257,9500.0,-7.534829612417686,9500.0,-5.752068278279538,9500.0,-1.294202448882815,9500.0,-0.6251229073749891,9500.0,1.6050064186904296,9500.0,-8.87317321638048,9500.0,-7.5308464603004115,9500.0,-5.749118550337686,9500.0,-1.2886517882396493,9500.0,-0.6185946474896565,9500.0,1.616218698959519
9510.0,-8.873803463751514,9510.0,-7.5348178067910325,9510.0,-5.752085006800744,9510.0,-1.2942587580654714,9510.0,-0.6251815493273121,9510.0,1.604948709674249,9510.0,-8.873175267355279,9510.0,-7.530880555477865,9510.0,-5.749167482565743,9510.0,-1.2887674683951533,9510.0,-0.61872374215387,9510.0,1.6160368351195915
9520.0,-8.87379440369458,9520.0,-7.5348061877630625,9520.0,-5.75210184003664,9520.0,-1.2943153317561868,9520.0,-0.6252405213412402,9520.0,1.6048903525498999,9520.0,-8.873177182236155,9520.0,-7.530914334591805,9520.0,-5.7492161689983385,9520.0,-1.288882761373692,9520.0,-0.6188523922554422,9520.0,1.6158556936856068
9530.0,-8.87378532442109,9530.0,-7.534794753376467,9530.0,-5.75211877693411,9530.0,-1.2943721671151174,9530.0,-0.6252998198471216,9530.0,1.6048313544250248,9530.0,-8.873178962387094,9530.0,-7.530947800999289,9530.0,-5.749264612207301,9530.0,-1.2889976713020452,9530.0,-0.61898060255579,9530.0,1.6156752668199512
9540.0,-8.873776226160338,9540.0,-7.534783501593769,9540.0,-5.7521358163498375,9540.0,-1.2944292612320623,9540.0,-0.6253594412130503,9540.0,1.6047717224302447,9540.0,-8.873180609169195,9540.0,-7.530980958032376,9540.0,-5.749312814748146,9540.0,-1.2891122022734292,9540.0,-0.6191083777757309,9540.0,1.6154955467597492
9550.0,-8.873767109047154,9550.0,-7.53477243030813,9550.0,-5.7521529570612815,9550.0,-1.294486611137221,9550.0,-0.6254193817555302,9550.0,1.6047114637089233,9550.0,-8.873182123939632,9550.0,-7.53101380899733,9550.0,-5.749360779159264,9550.0,-1.2892263583468497,9550.0,-0.6192357225949199,9550.0,1.61531652581705
9560.0,-8.873757973154394,9560.0,-7.534761537375771,9560.0,-5.752170197799011,9560.0,-1.2945442138332863,9560.0,-0.6254796377714853,9560.0,1.6046505853855932,9560.0,-8.873183508050412,9560.0,-7.531046357173627,9560.0,-5.749408507960752,9560.0,-1.2893401435461889,9560.0,-0.6193626416509929,9560.0,1.6151381963793567
9570.0,-8.873748818520927,9570.0,-7.534750820643452,9570.0,-5.752187537274483,9570.0,-1.2946020663230362,9570.0,-0.625540205565759,9570.0,1.6045890945388754,9570.0,-8.87318476284729,9570.0,-7.531078605813048,9570.0,-5.749456003653469,9570.0,-1.28945356185937,9570.0,-0.6194891395388153,9570.0,1.6149605509099085
9580.0,-8.873739645121809,9580.0,-7.534740277918481,9580.0,-5.7522049741501124,9580.0,-1.2946601655791727,9580.0,-0.6256010814208731,9580.0,1.6045269982321484,9580.0,-8.873185889669298,9580.0,-7.531110558139562,9580.0,-5.749503268718777,9580.0,-1.289566617238321,9580.0,-0.6196152208105149,9580.0,1.6147835819473697
9590.0,-8.873730452849646,9590.0,-7.534729906949744,9590.0,-5.752222507020369,9590.0,-1.2947185085252497,9590.0,-0.6256622615778586,9590.0,1.6044643035331387,9590.0,-8.873186889848379,9590.0,-7.5311422173491165,9590.0,-5.749550305618254,9590.0,-1.2896793135989,9590.0,-0.6197408899754897,9590.0,1.6146072821054003
9600.0,-8.873721241515613,9600.0,-7.534719705428516,9600.0,-5.752240134412733,9600.0,-1.294777092036371,9600.0,-0.6257237422368717,9600.0,1.6044010175137051,9600.0,-8.873187764708941,9600.0,-7.53117358660937,9600.0,-5.749597116793411,9600.0,-1.2897916548207018,9600.0,-0.6198661515003014,9600.0,1.6144316440724795
9610.0,-8.873712010857552,9610.0,-7.534709670996258,9610.0,-5.752257854795687,9610.0,-1.2948359129469036,9610.0,-0.6257855195648283,9610.0,1.6043371472426216,9610.0,-8.873188515567255,9610.0,-7.531204669059468,9610.0,-5.749643704665225,9610.0,-1.2899036447468883,9610.0,-0.6199910098085525,9610.0,1.6142566606115833
9620.0,-8.873702760549191,9620.0,-7.534699801253553,9620.0,-5.752275666587627,9620.0,-1.294894968059337,9620.0,-0.6258475897041832,9620.0,1.6042726997771974,9620.0,-8.873189143730952,9620.0,-7.531235467809645,9620.0,-5.749690071633774,9620.0,-1.2900152871839128,9620.0,-0.620115469280693,9620.0,1.61408232456009
9630.0,-8.873693490206977,9630.0,-7.534690093766778,9630.0,-5.752293568163601,9630.0,-1.2949542541507486,9630.0,-0.625909948779301,9630.0,1.6042076821573101,9630.0,-8.873189650498375,9630.0,-7.531265985940826,9630.0,-5.749736220077715,9630.0,-1.2901265859012154,9630.0,-0.6202395342537852,9630.0,1.613908628829617
9640.0,-8.873684199371608,9640.0,-7.534680546049344,9640.0,-5.752311557836705,9640.0,-1.2950137679540146,9640.0,-0.625972592877587,9640.0,1.6041421014246557,9640.0,-8.873190037157608,9640.0,-7.531296226503929,9640.0,-5.74978215235348,9640.0,-1.2902375446305638,9640.0,-0.6203632090209183,9640.0,1.613735566406339
9650.0,-8.873674887493173,9650.0,-7.534671155546443,9650.0,-5.752329633842958,9650.0,-1.2950735061424787,9650.0,-0.6260355180340879,9650.0,1.6040759646385576,9650.0,-8.873190304985807,9650.0,-7.531326192519366,9650.0,-5.749827870794724,9650.0,-1.2903481670657073,9650.0,-0.6204864978309355,9650.0,1.6135631303508584
9660.0,-8.87366555396672,9660.0,-7.534661919670504,9660.0,-5.752347794376864,9660.0,-1.2951334653653017,9660.0,-0.6260987202667612,9660.0,1.6040092788410703,9660.0,-8.873190455249246,9660.0,-7.531355886977315,9660.0,-5.749873377712488,9660.0,-1.29045845686266,9660.0,-0.620609404888788,9660.0,1.613391313797519
9670.0,-8.873656198160512,9670.0,-7.534652835829366,9670.0,-5.75236603761964,9670.0,-1.295193642275529,9670.0,-0.6261621956044374,9670.0,1.6039420510293996,9670.0,-8.873190489203242,9670.0,-7.531385312837863,9670.0,-5.749918675395253,9670.0,-1.2905684176399759,9670.0,-0.6207319343558724,9670.0,1.6132201099537846
9680.0,-8.873646819428501,9680.0,-7.534643901438184,9680.0,-5.752384361751232,9680.0,-1.29525403354191,9680.0,-0.6262259400985918,9680.0,1.6038742881445038,9680.0,-8.873190408091927,9680.0,-7.531414473030971,9680.0,-5.749963766108841,9680.0,-1.2906780529787731,9680.0,-0.6208540903501371,9680.0,1.6130495120997614
9690.0,-8.873637417114656,9690.0,-7.534635113923643,9690.0,-5.752402764954642,9690.0,-1.295314635853012,9690.0,-0.6262899498273852,9690.0,1.6038059970674416,9690.0,-8.873190213147808,9690.0,-7.531443370456305,9690.0,-5.7500086520961435,9690.0,-1.2907873664226597,9690.0,-0.6209758769460493,9690.0,1.6128795135879173
9700.0,-8.873627990554104,9700.0,-7.534626470724891,9700.0,-5.752421245416931,9700.0,-1.2953754459180762,9700.0,-0.6263542208964012,9700.0,1.6037371846189885,9700.0,-8.873189905591412,9700.0,-7.531472007983005,9700.0,-5.750053335576848,9700.0,-1.2908963614775708,9700.0,-0.6210972981744923,9700.0,1.6127101078428512
9710.0,-8.873618539072917,9710.0,-7.534617969292968,9710.0,-5.752439801328832,9710.0,-1.29543646046641,9710.0,-0.6264187494380123,9710.0,1.6036678575606362,9710.0,-8.873189486630686,9710.0,-7.531500388449369,9710.0,-5.750097818746946,9710.0,-1.2910050416115464,9710.0,-0.62121835802265,9710.0,1.6125412883611352
9720.0,-8.873609061987123,9720.0,-7.534609607089883,9720.0,-5.752458430883665,9720.0,-1.295497676246134,9720.0,-0.6264835316100298,9720.0,1.6035980225963147,9720.0,-8.873188957460556,9720.0,-7.531528514662564,9720.0,-5.750142103778505,9720.0,-1.2911134102545105,9720.0,-0.6213390604338145,9720.0,1.612373048711126
9730.0,-8.873599558602471,9730.0,-7.534601381587838,9730.0,-5.752477132276914,9730.0,-1.2955590900235994,9730.0,-0.6265485635950352,9730.0,1.6035276863734074,9730.0,-8.873188319262551,9730.0,-7.531556389398454,9730.0,-5.750186192819302,9730.0,-1.2912214707981642,9730.0,-0.6214594093073866,9730.0,1.6122053825327456
9740.0,-8.873590028215519,9740.0,-7.534593290270195,9740.0,-5.752495903707213,9740.0,-1.2956206985841339,9740.0,-0.6266138416010932,9740.0,1.603456855482392,9740.0,-8.873187573204488,9740.0,-7.531584015401522,9740.0,-5.750230087992701,9740.0,-1.2913292265960006,9740.0,-0.6215794084988949,9740.0,1.612038283537046
9750.0,-8.873580470114783,9750.0,-7.534585330632428,9750.0,-5.7525147433773425,9750.0,-1.295682498732954,9750.0,-0.6266793618625373,9750.0,1.603385536456414,9750.0,-8.873186720440211,9750.0,-7.531611395384751,9750.0,-5.7502737913974915,9750.0,-1.2914366809632827,9750.0,-0.6216990618200761,9750.0,1.6118717455059317
9760.0,-8.873570883581694,9760.0,-7.534577500182784,9760.0,-5.752533649495031,9760.0,-1.2957444872957062,9760.0,-0.6267451206404938,9760.0,1.6033137357710878,9760.0,-8.873185762109262,9760.0,-7.531638532029525,9760.0,-5.750317305107657,9760.0,-1.2915438371769705,9760.0,-0.6218183730388483,9760.0,1.611705762291801
9770.0,-8.87356126789118,9770.0,-7.534569796442745,9770.0,-5.752552620273408,9770.0,-1.2958066611188426,9770.0,-0.6268111142231488,9770.0,1.6032414598445937,9770.0,-8.87318469933651,9770.0,-7.531665427985467,9770.0,-5.750360631172158,9770.0,-1.2916506984756528,9770.0,-0.6219373458793046,9770.0,1.6115403278173244
9780.0,-8.873551622312181,9780.0,-7.534562216947232,9780.0,-5.752571653931423,9780.0,-1.2958690170697738,9780.0,-0.6268773389258487,9780.0,1.603168715037896,9780.0,-8.873183533231794,9780.0,-7.5316920858702145,9780.0,-5.75040377161466,9780.0,-1.2917572680594083,9780.0,-0.6220559840216576,9780.0,1.6113754360751393
9790.0,-8.8735419461077,9790.0,-7.534554759244499,9790.0,-5.752590748693813,9790.0,-1.2959315520366428,9790.0,-0.626943791090809,9790.0,1.6030955076553783,9790.0,-8.873182264889552,9790.0,-7.531718508269298,9790.0,-5.750446728433304,9790.0,-1.2918635490897414,9790.0,-0.6221742911022085,9790.0,1.6112110811276539
9800.0,-8.873532238531375,9800.0,-7.534547420892471,9800.0,-5.752609902787431,9800.0,-1.2959942629246137,9800.0,-0.6270104670833044,9800.0,1.6030218439489752,9800.0,-8.87318089538881,9800.0,-7.531744697736266,9800.0,-5.750489503600794,9800.0,-1.2919695446898163,9800.0,-0.6222922707136398,9800.0,1.6110472571064227
9810.0,-8.87352249882286,9810.0,-7.534540199453871,9810.0,-5.752629114436523,9810.0,-1.2960571466508954,9810.0,-0.6270773632866845,9810.0,1.6029477301234984,9810.0,-8.873179425793058,9810.0,-7.5317706567927605,9810.0,-5.750532099064346,9810.0,-1.2920752579445423,9810.0,-0.6224099264051733,9810.0,1.6108839582117438
9820.0,-8.873512726205242,9820.0,-7.534533092493495,9820.0,-5.752648381860084,9820.0,-1.2961202001419896,9820.0,-0.6271444760994829,9820.0,1.602873172339831,9820.0,-8.873177857149468,9820.0,-7.531796387927922,9820.0,-5.750574516745053,9820.0,-1.292180691900076,9820.0,-0.6225272616821396,9820.0,1.6107211787127558
9830.0,-8.873502919879416,9830.0,-7.534526097572435,9830.0,-5.752667703266035,9830.0,-1.2961834203276452,9830.0,-0.6272118019293721,9830.0,1.602798176721301,9830.0,-8.873176190488014,9830.0,-7.5318218935977095,9830.0,-5.750616758537153,9830.0,-1.2922858495632463,9830.0,-0.6226442800054023,9830.0,1.6105589129478093
9840.0,-8.873493079017507,9840.0,-7.534519212241128,9840.0,-5.752687076844543,9840.0,-1.2962468041340716,9840.0,-0.6272793371862566,9840.0,1.6027227493609122,9840.0,-8.873174426820615,9840.0,-7.531847176224182,9840.0,-5.750658826307234,9840.0,-1.2923907339008576,9840.0,-0.6227609847907951,9840.0,1.6103971553246803
9850.0,-8.873483202757566,9850.0,-7.534512434033961,9850.0,-5.752706500762614,9850.0,-1.2963103484783327,9850.0,-0.6273470782766501,9850.0,1.6026468963272553,9850.0,-8.873172567140305,9850.0,-7.531872238194877,9850.0,-5.7507007218934785,9850.0,-1.2924953478391168,9850.0,-0.6228773794085714,9850.0,1.6102359003208924
9860.0,-8.87347329020006,9860.0,-7.5345057604655725,9860.0,-5.752725973160473,9860.0,-1.2963740502646108,9860.0,-0.6274150215998348,9860.0,1.6025706236686814,9860.0,-8.873170612420461,9860.0,-7.531897081862185,9860.0,-5.750742447105055,9860.0,-1.2925996942631242,9860.0,-0.6229934671829458,9860.0,1.6100751424839024
9870.0,-8.87346334040594,9870.0,-7.534499189028639,9870.0,-5.752745492149448,9870.0,-1.2964379063819056,9870.0,-0.6274831635455256,9870.0,1.602493937415936,9870.0,-8.873168563614092,9870.0,-7.531921709542824,9870.0,-5.750784003721473,9870.0,-1.2927037760164088,9870.0,-0.6231092513916741,9870.0,1.609914876431264
9880.0,-8.873453352394323,9880.0,-7.534492717191416,9880.0,-5.752765055809592,9880.0,-1.2965019137015137,9880.0,-0.6275515004912792,9880.0,1.6024168435850414,9880.0,-8.873166421653238,9880.0,-7.531946123517395,9880.0,-5.750825393492102,9880.0,-1.292807595900524,9880.0,-0.6232247352657102,9880.0,1.609755096850682
9890.0,-8.873443325140384,9890.0,-7.534486342395476,9890.0,-5.752784662187469,9890.0,-1.2965660690746648,9890.0,-0.6276200288000567,9890.0,1.6023393481800434,9890.0,-8.873164187448426,9890.0,-7.5319703260300495,9890.0,-5.750866618135759,9890.0,-1.2929111566747664,9890.0,-0.6233399219890287,9890.0,1.6095957984999543
9900.0,-8.873433257577375,9900.0,-7.534480062057463,9900.0,-5.752804309298012,9900.0,-1.2966303693342118,9900.0,-0.6276887448218886,9900.0,1.60226145719164,9900.0,-8.873161861888295,9900.0,-7.531994319288235,9900.0,-5.750907679340375,9900.0,-1.2930144610560388,9900.0,-0.6234548146984429,9900.0,1.6094369762068896
9910.0,-8.873423148601079,9910.0,-7.5344738735733925,9910.0,-5.7528239951288676,9910.0,-1.296694811298893,9910.0,-0.6277576448980137,9910.0,1.602183176593327,9910.0,-8.873159445839256,9910.0,-7.532018105462489,9910.0,-5.75094857876274,9910.0,-1.2931175117186742,9910.0,-0.6235694164835613,9910.0,1.6092786248690838
9920.0,-8.873412996956311,9920.0,-7.53446777431736,9920.0,-5.752843718009115,9920.0,-1.2967593928592716,9920.0,-0.6278267265310882,9920.0,1.6021045109477288,9920.0,-8.873156939427112,9920.0,-7.532041690303798,9920.0,-5.750989324504068,9920.0,-1.2932203280943757,9920.0,-0.6236837491011178,9920.0,1.6091207134973102
9930.0,-8.873402801784177,9930.0,-7.534461761990102,9930.0,-5.7528634762991855,9930.0,-1.296824111392397,9930.0,-0.6278959866503211,9930.0,1.6020254655376285,9930.0,-8.87315434426568,9930.0,-7.532065068787064,9930.0,-5.751029905820268,9930.0,-1.2933228815890545,9930.0,-0.6237977808686014,9930.0,1.6089632850259565
9940.0,-8.873392563074006,9940.0,-7.534455834923753,9940.0,-5.752883268228,9940.0,-1.296888962684447,9940.0,-0.6279654204256814,9940.0,1.601946047842592,9940.0,-8.873151661609402,9940.0,-7.532088245715908,9940.0,-5.751070328523159,9940.0,-1.2934251844419455,9940.0,-0.6239115254367466,9940.0,1.6088063200361709
9950.0,-8.873382282563355,9950.0,-7.534449993444085,9950.0,-5.752903094762206,9950.0,-1.2969539467293325,9950.0,-0.6280350274114477,9950.0,1.6018662604770697,9950.0,-8.873148892459188,9950.0,-7.5321112247100155,9950.0,-5.751110596648042,9950.0,-1.2935272449316684,9950.0,-0.6240249920872477,9950.0,1.6086498050299363
9960.0,-8.873371964779697,9960.0,-7.534444240671517,9960.0,-5.752922959619192,9960.0,-1.2970190662114636,9960.0,-0.6281048098489785,9960.0,1.6017861033661636,9960.0,-8.873146038237882,9960.0,-7.5321340084125445,9960.0,-5.751150712343701,9960.0,-1.2936290661384315,9960.0,-0.6241381842873039,9960.0,1.6084937346582913
9970.0,-8.873361616655076,9970.0,-7.534438582144041,9970.0,-5.752942868917848,9970.0,-1.2970843262102807,9970.0,-0.6281747723774985,9970.0,1.6017055740185744,9970.0,-8.873143100574337,9970.0,-7.532156599661288,9970.0,-5.751190677960492,9970.0,-1.2937306513388123,9970.0,-0.6242511056971409,9970.0,1.6083381033965725
9980.0,-8.873351246732879,9980.0,-7.534433025024339,9980.0,-5.752962830388769,9980.0,-1.2971497334156337,9980.0,-0.6282449212500141,9980.0,1.601624668309389,9980.0,-8.87314008125141,9980.0,-7.532179001436375,9980.0,-5.751230495997816,9980.0,-1.2938320039524551,9980.0,-0.6243637601165656,9980.0,1.60818290559827
9990.0,-8.873340864384167,9990.0,-7.534427577316638,9990.0,-5.75298285259284,9990.0,-1.2972152953497218,9990.0,-0.6283152635556138,9990.0,1.6015433812569722,9990.0,-8.873136982162809,9990.0,-7.532201216816989,9990.0,-5.751270169060404,9990.0,-1.2939331274977288,9990.0,-0.6244761514405487,9990.0,1.6080281355397301
10000.0,-8.87333047919972,10000.0,-7.534422247258923,10000.0,-5.7530029443148925,10000.0,-1.2972810197630655,10000.0,-0.6283858066156749,10000.0,1.6014617076262283,10000.0,-8.873133805279608,10000.0,-7.5322232489477035,10000.0,-5.75130969982452,10000.0,-1.2940340255573322,10000.0,-0.6245882836247464,10000.0,1.6078737874548836
10010.0,-8.873320100577544,10010.0,-7.53441704291051,10010.0,-5.753023114152393,10010.0,-1.2973469142248968,10010.0,-0.6284565575744193,10010.0,1.60137964233774,10010.0,-8.873130552625023,10010.0,-7.532245101013233,10010.0,-5.7513490910124325,10010.0,-1.2941347017523364,10010.0,-0.624700160659501,10010.0,1.6077198555613694
10020.0,-8.87330973747095,10020.0,-7.534411971900331,10020.0,-5.753043370264239,10020.0,-1.297412985873331,10020.0,-0.6285275231491984,10020.0,1.6012971807172942,10020.0,-8.873127226255795,10020.0,-7.532266776219759,10020.0,-5.751388345373586,10020.0,-1.2942351597230028,10020.0,-0.6248117865506203,10020.0,1.6075663340798765
10030.0,-8.873299398252387,10030.0,-7.534407041290676,10030.0,-5.753063720235251,10030.0,-1.297479241280709,10030.0,-0.6285987094959073,10030.0,1.6012143186303947,10030.0,-8.873123828248493,10030.0,-7.532288277781245,10030.0,-5.7514274656707345,10030.0,-1.2943354031146928,10030.0,-0.6249231653052553,10030.0,1.6074132172482996
10040.0,-8.873289090654563,10040.0,-7.534402257518283,10040.0,-5.7530841710177505,10040.0,-1.2975456863958479,10040.0,-0.6286701221512716,10040.0,1.6011310525399876,10040.0,-8.873120360689652,10040.0,-7.53230960890952,10040.0,-5.751466454669907,10040.0,-1.294435435567627,10040.0,-0.625034300921658,10040.0,1.607260499331929
10050.0,-8.873278821760508,10050.0,-7.53439762638428,10050.0,-5.753104728921806,10050.0,-1.29761232653478,10050.0,-0.6287417660236011,10050.0,1.6010473795157694,10050.0,-8.873116825668623,10050.0,-7.532330772807221,10050.0,-5.751505315133202,10050.0,-1.2945352607095226,10050.0,-0.6251451973817979,10050.0,1.6071081746308205
10060.0,-8.873268598022591,10060.0,-7.534393153073121,10060.0,-5.753125399634602,10060.0,-1.297679166400367,10060.0,-0.6288136454124176,10060.0,1.600963297214663,10060.0,-8.873113225272453,10060.0,-7.53235177266276,10060.0,-5.751544049813637,10060.0,-1.2946348821503366,10060.0,-0.6252558586461459,10060.0,1.6069562374849626
10070.0,-8.87325842529766,10070.0,-7.534388842187912,10070.0,-5.753146188255845,10070.0,-1.2977462101178914,10070.0,-0.6288857640440233,10070.0,1.600878803845402,10070.0,-8.873109561582348,10070.0,-7.532372611646774,10070.0,-5.751582661451496,10070.0,-1.2947343034785885,10070.0,-0.6253662886499822,10070.0,1.6068046822778659
10080.0,-8.873248308890512,10080.0,-7.534384697793267,10080.0,-5.753167099340826,10080.0,-1.2978134612783496,10080.0,-0.6289581251147821,10080.0,1.600793898125394,10080.0,-8.873105836671142,10080.0,-7.532393292909711,10080.0,-5.751621152771871,10080.0,-1.294833528258806,10080.0,-0.6254764913008604,10080.0,1.606653503438942
10090.0,-8.873238253599471,10090.0,-7.5343807234610205,10090.0,-5.7531881369463385,10090.0,-1.2978809229844084,10090.0,-0.6290307313370395,10090.0,1.6007085792349947,10090.0,-8.873102052601698,10090.0,-7.53241381958028,10090.0,-5.751659526482966,10090.0,-1.2949325600298536,10090.0,-0.6255864704769664,10090.0,1.6065026954450823
10100.0,-8.873228263761918,10100.0,-7.534376922315653,10100.0,-5.753209304676233,10100.0,-1.297948597895955,10100.0,-0.6291035849846485,10100.0,1.6006228467721695,10100.0,-8.873098211425683,10100.0,-7.532434194764423,10100.0,-5.7516977852749775,10100.0,-1.2950314023038416,10100.0,-0.6256962300260435,10100.0,1.6063522528215464
10110.0,-8.87321834329783,10110.0,-7.534373297077617,10110.0,-5.7532306057248865,10110.0,-1.2980164882735887,10110.0,-0.6291766879364212,10110.0,1.6005367007092348,10110.0,-8.873094315183,10110.0,-7.532454421544709,10110.0,-5.7517359318194945,10110.0,-1.295130058565499,10110.0,-0.625805773764805,10110.0,1.6062021701424498
10120.0,-8.873208495750427,10120.0,-7.534369850103955,10120.0,-5.753252042917767,10120.0,-1.2980845960191436,10120.0,-0.629250041716618,10120.0,1.6004501413525924,10120.0,-8.873090365901332,10120.0,-7.532474502980106,10120.0,-5.7517739687691085,10120.0,-1.295228532271845,10120.0,-0.6259151054786273,10120.0,1.6060524420308666
10130.0,-8.873198724323446,10130.0,-7.534366583425367,10130.0,-5.753273618748825,10130.0,-1.2981529227129074,10130.0,-0.6293236475321203,10130.0,1.6003631693057434,10130.0,-8.87308636559601,10130.0,-7.532494442105845,10130.0,-5.751811898757286,10130.0,-1.2953268268521143,10130.0,-0.6260242289214778,10130.0,1.6059030631587643
10140.0,-8.873189031915109,10140.0,-7.534363498780029,10140.0,-5.753295335414218,10140.0,-1.2982214696474412,10140.0,-0.6293975063062167,10140.0,1.6002757854357366,10140.0,-8.87308231626998,10140.0,-7.532514241933525,10140.0,-5.751849724398385,10140.0,-1.2954249457077727,10140.0,-0.6261331478160365,10140.0,1.6057540282467335
10150.0,-8.873179421148839,10150.0,-7.534360597644152,10150.0,-5.75331719484301,10150.0,-1.2982902378581453,10150.0,-0.6294716187091182,10150.0,1.6001879908428394,10150.0,-8.873078219913745,10150.0,-7.532533905451254,10150.0,-5.751887448287684,10150.0,-1.2955228922127149,10150.0,-0.6262418658538617,10150.0,1.605605332063651
10160.0,-8.873169894400887,10160.0,-7.534357881259485,10160.0,-5.753339198724772,10160.0,-1.2983592281507494,10160.0,-0.6295459851854139,10160.0,1.6000997868333235,10160.0,-8.873074078505567,10160.0,-7.532553435623838,10160.0,-5.751925073001618,10160.0,-1.2956206697134491,10160.0,-0.6263503866956128,10160.0,1.605456969426251
10170.0,-8.873160453825172,10170.0,-7.534355350658032,10170.0,-5.753361348534311,10170.0,-1.2984284411259863,10170.0,-0.6296206059786945,10170.0,1.600011174895027,10170.0,-8.873069894011534,10170.0,-7.53257283539302,10170.0,-5.751962601097875,10170.0,-1.295718281529345,10170.0,-0.6264587139713573,10170.0,1.6053089351986798
10180.0,-8.873151101375568,10180.0,-7.534353006684275,10180.0,-5.753383645553818,10180.0,-1.2984978772016997,10180.0,-0.6296954811536222,10180.0,1.5999221566755186,10180.0,-8.873065668385685,10180.0,-7.532592107677709,10180.0,-5.752000035115617,10180.0,-1.2958157309528795,10180.0,-0.6265668512808412,10180.0,1.6051612242920446
10190.0,-8.873141838825859,10190.0,-7.534350850014877,10190.0,-5.753406090892967,10190.0,-1.2985675366326452,10190.0,-0.6297706106156894,10190.0,1.5998327339625293,10190.0,-8.873061403570077,10190.0,-7.532611255374192,10190.0,-5.752037377575613,10190.0,-1.2959130212498624,10190.0,-0.6266748021937565,10190.0,1.6050138316639708
10200.0,-8.87313266778768,10200.0,-7.534348881176503,10200.0,-5.753428685506588,10200.0,-1.298637419528227,10200.0,-0.6298459941289103,10200.0,1.5997429086664812,10200.0,-8.873057101494936,10200.0,-7.532630281356328,10200.0,-5.752074630980375,10200.0,-1.2960101556596886,10200.0,-0.6267825702500199,10200.0,1.6048667523181626
10210.0,-8.873123589726537,10210.0,-7.534347100561749,10210.0,-5.753451430210654,10210.0,-1.298707525868388,10210.0,-0.6299216313316702,10210.0,1.5996526828048407,10210.0,-8.873052764078672,10210.0,-7.532649188475721,10210.0,-5.752111797814334,10210.0,-1.2961071373955344,10210.0,-0.6268901589599819,10210.0,1.6047199813040063
10220.0,-8.873114605976303,10220.0,-7.534345508443388,10220.0,-5.753474325696673,10220.0,-1.2987778555178544,10220.0,-0.6299975217509334,10220.0,1.5995620584881156,10220.0,-8.873048393227899,10220.0,-7.532667979561863,10220.0,-5.752148880543877,10220.0,-1.2962039696444887,10220.0,-0.6269975718046394,10220.0,1.6045735137161818
10230.0,-8.87310571775209,10230.0,-7.534344104987371,10230.0,-5.753497372544551,10230.0,-1.298848408238931,10230.0,-0.6300736648149801,10230.0,1.5994710379073287,10230.0,-8.873043990837473,10230.0,-7.532686657422228,10230.0,-5.752185881617441,10230.0,-1.29630065556774,10230.0,-0.6271048122358419,10230.0,1.6044273446943247
10240.0,-8.873096926161967,10240.0,-7.5343428902641865,10240.0,-5.753520571234166,10240.0,-1.298919183702965,10240.0,-0.6301500598648471,10240.0,1.5993796233227584,10240.0,-8.873039558790346,10240.0,-7.532705224842361,10240.0,-5.752222803465511,10240.0,-1.2963971983006604,10240.0,-0.6272118836763921,10240.0,1.604281469422676
10250.0,-8.873088232217428,10250.0,-7.534341864259277,10250.0,-5.753543922155746,10250.0,-1.2989901815006815,10250.0,-0.6302267061646134,10250.0,1.5992878170538738,10250.0,-8.873035098957699,10250.0,-7.532723684585906,10250.0,-5.752259648500621,10250.0,-1.2964936009529004,10250.0,-0.6273187895201795,10250.0,1.604135883129857
10260.0,-8.873079636842801,10260.0,-7.53434102688236,10260.0,-5.753567425619465,10260.0,-1.2990614011514683,10260.0,-0.6303036029106475,10260.0,1.599195621470272,10260.0,-8.873030613198676,10260.0,-7.532742039394653,10260.0,-5.752296419117362,10260.0,-1.2965898666084303,10260.0,-0.6274255331322868,10260.0,1.6039905810885708
10270.0,-8.873071140883948,10270.0,-7.53434037797586,10270.0,-5.753591081863678,10270.0,-1.29913284211175,10270.0,-0.6303807492399436,10270.0,1.5991030389835346,10270.0,-8.873026103360274,10270.0,-7.532760291988476,10270.0,-5.752333117692281,10270.0,-1.2966859983255619,10270.0,-0.6275321178490035,10270.0,1.603845558615407
10280.0,-8.873062745115996,10280.0,-7.5343399173224785,10280.0,-5.753614891062654,10280.0,-1.2992045037825466,10280.0,-0.6304581442376344,10280.0,1.599010072039921,10280.0,-8.873021571277313,10280.0,-7.532778445065349,10280.0,-5.752369746583818,10280.0,-1.2967819991369782,10280.0,-0.6276385469779168,10280.0,1.6037008110705966
10290.0,-8.873054450250116,10290.0,-7.534339644652207,10290.0,-5.753638853333485,10290.0,-1.2992763855162905,10290.0,-0.6305357869437692,10290.0,1.5989167231137658,10290.0,-8.87301701877217,10290.0,-7.532796501301255,10290.0,-5.752406308132218,10290.0,-1.2968778720496712,10290.0,-0.6277448237978706,10290.0,1.6035563338578853
10300.0,-8.873046256939991,10300.0,-7.534339559648358,10300.0,-5.753662968742358,10300.0,-1.29934848662299,10300.0,-0.6306136763594408,10300.0,1.5988229947015486,10300.0,-8.873012447654643,10300.0,-7.532814463350128,10300.0,-5.752442804659397,10300.0,-1.2969736200449336,10300.0,-0.627850951558996,10300.0,1.6034121224243454
10310.0,-8.873038165787545,10310.0,-7.534339661953248,10310.0,-5.753687237310194,10310.0,-1.299420806375798,10310.0,-0.6306918114523191,10310.0,1.5987288893165434,10310.0,-8.873007859721737,10310.0,-7.5328323338437375,10310.0,-5.752479238468812,10310.0,-1.2970692460783029,10310.0,-0.6279569334826871,10310.0,1.6032681722602422
10320.0,-8.873030177348136,10320.0,-7.534339951173304,10320.0,-5.753711659017781,10320.0,-1.2994933440160632,10320.0,-0.6307701911616675,10320.0,1.5986344094839933,10320.0,-8.873003256757473,10320.0,-7.532850115391613,10320.0,-5.752515611845306,10320.0,-1.297164753079469,10320.0,-0.6280627727615617,10320.0,1.6031244788988923
10330.0,-8.873022292135314,10330.0,-7.534340426883615,10330.0,-5.753736233810588,10330.0,-1.2995660987579118,10330.0,-0.6308488144028729,10330.0,1.5985395577367518,10330.0,-8.872998640532646,10330.0,-7.532867810580914,10330.0,-5.752551927054975,10330.0,-1.2972601439522498,10330.0,-0.6281684725594153,10330.0,1.6029810379165967
10340.0,-8.873014510625122,10340.0,-7.534341088632216,10340.0,-5.75376096160282,10340.0,-1.299639069792384,10340.0,-0.6309276800715534,10340.0,1.5984443366113648,10340.0,-8.872994012804627,10340.0,-7.5328854219762995,10340.0,-5.752588186344999,10340.0,-1.2973554215744565,10340.0,-0.6282740360111745,10340.0,1.6028378449324705
10350.0,-8.873006833259979,10350.0,-7.53434193594391,10350.0,-5.753785842281305,10350.0,-1.2997122562911936,10350.0,-0.6310067870472795,10350.0,1.5983487486445234,10350.0,-8.872989375317157,10350.0,-7.532902952119848,10350.0,-5.7526243919434625,10350.0,-1.297450588797835,10350.0,-0.6283794662228408,10350.0,1.6026948956084042
10360.0,-8.87299926045233,10360.0,-7.534342968323614,10360.0,-5.7538108757090285,10360.0,-1.2997856574101383,10360.0,-0.6310861341969565,10360.0,1.5982527963698598,10360.0,-8.872984729800047,10360.0,-7.532920403530885,10360.0,-5.752660546059208,10360.0,-1.297545648447964,10360.0,-0.6284847662714415,10360.0,1.6025521856488933
10370.0,-8.872991792587818,10370.0,-7.53434418525955,10370.0,-5.753836061728311,10370.0,-1.2998592722921962,10370.0,-0.6311657203778765,10370.0,1.598156482315068,10370.0,-8.872980077969054,10370.0,-7.532937778705867,10370.0,-5.752696650881684,10370.0,-1.2976406033242036,10370.0,-0.6285899392049696,10370.0,1.6024097108010424
10380.0,-8.872984430028282,10380.0,-7.534345586226087,10380.0,-5.753861400163668,10380.0,-1.2999331000703445,10380.0,-0.6312455444404922,10380.0,1.5980598089993032,10380.0,-8.872975421525581,10380.0,-7.5329550801182705,10380.0,-5.752732708580741,10380.0,-1.297735456199535,10380.0,-0.6286949880423184,10380.0,1.6022674668544004
10390.0,-8.872977173114444,10390.0,-7.534347170686318,10390.0,-5.7538868908244485,10390.0,-1.3000071398700939,10390.0,-0.6313256052309364,10390.0,1.5979627789308373,10390.0,-8.872970762156495,10390.0,-7.532972310218468,10390.0,-5.752768721306505,10390.0,-1.2978302098205536,10390.0,-0.6287999157732324,10390.0,1.6021254496408819
10400.0,-8.872970022168408,10400.0,-7.534348938094456,10400.0,-5.753912533507383,10400.0,-1.3000813908118114,10400.0,-0.6314059015932972,10400.0,1.5978653946049441,10400.0,-8.872966101533885,10400.0,-7.532989471433612,10400.0,-5.752804691189197,10400.0,-1.2979248669073409,10400.0,-0.6289047253582652,10400.0,1.6019836550346682
10410.0,-8.872962977495892,10410.0,-7.534350887898011,10410.0,-5.7539383279985765,10410.0,-1.3001558520128063,10410.0,-0.6314864323716793,10410.0,1.5977676585020102,10410.0,-8.872961441315017,10410.0,-7.533006566167524,10410.0,-5.752840620339027,10410.0,-1.298019430153408,10410.0,-0.6290094197287291,10410.0,1.601842078952109
10420.0,-8.872956039388239,10420.0,-7.534353019539632,10420.0,-5.753964274075553,10420.0,-1.3002305225892576,10420.0,-0.6315671964120781,10420.0,1.5976695730858237,10420.0,-8.87295678314186,10420.0,-7.533023596800604,10420.0,-5.752876510846043,10420.0,-1.2981139022256456,10420.0,-0.6291140017866506,10420.0,1.6017007173516227
10430.0,-8.872949208124313,10430.0,-7.534355332458925,10430.0,-5.753990371509066,10430.0,-1.300305401657916,10430.0,-0.6316481925640671,10430.0,1.5975711408020548,10430.0,-8.872952128641119,10430.0,-7.5330405656897215,10430.0,-5.752912364779984,10430.0,-1.2982082857642319,10430.0,-0.6292184744047814,10430.0,1.6015595662335842
10440.0,-8.872942483972261,10440.0,-7.5343578260940385,10440.0,-5.754016620064755,10440.0,-1.300380488337663,10440.0,-0.6317294196823178,10440.0,1.5974723640768922,10440.0,-8.872947479424008,10440.0,-7.533057475168137,10440.0,-5.752948184190206,10440.0,-1.2983025833826314,10440.0,-0.6293228404265593,10440.0,1.6014186216401514
10450.0,-8.872935867190966,10450.0,-7.534360499883084,10450.0,-5.754043019504613,10450.0,-1.3004557817509284,10450.0,-0.6318108766279914,10450.0,1.5973732453158145,10450.0,-8.872942837086052,10450.0,-7.533074327545459,10450.0,-5.752983971105509,10450.0,-1.2983967976675355,10450.0,-0.629427102666078,10450.0,1.6012778796551992
10460.0,-8.872929358031376,10460.0,-7.534363353265504,10460.0,-5.754069569588275,10460.0,-1.3005312810249745,10460.0,-0.6318925622699685,10460.0,1.5972737869025129,10460.0,-8.872938203207,10460.0,-7.533091125107581,10460.0,-5.753019727534112,10460.0,-1.2984909311788215,10460.0,-0.6295312639081106,10460.0,1.601137336404145
10470.0,-8.872922956738227,10470.0,-7.534366385683309,10470.0,-5.7540962700744815,10470.0,-1.3006069852930293,10470.0,-0.6319744754859674,10470.0,1.5971739911979328,10470.0,-8.872933579350649,10470.0,-7.533107870116596,10470.0,-5.75305545546353,10470.0,-1.2985849864495724,10470.0,-0.6296353269081547,10470.0,1.6009969880537906
10480.0,-8.872916663550797,10480.0,-7.5343695965820245,10480.0,-5.75412312072196,10480.0,-1.3006828936953172,10480.0,-0.632056615163551,10480.0,1.5970738605394237,10480.0,-8.872928967064738,10480.0,-7.5331245648107865,10480.0,-5.753091156860529,10480.0,-1.298678965986066,10480.0,-0.6297392943924146,10480.0,1.6008568308121902
10490.0,-8.872910478704044,10490.0,-7.53437298541173,10490.0,-5.754150121290489,10490.0,-1.3007590053800016,10490.0,-0.6321389802010157,10490.0,1.5969733972399978,10490.0,-8.872924367880833,10490.0,-7.533141211404616,10490.0,-5.753126833671045,10490.0,-1.2987728722677725,10490.0,-0.6298431690578528,10490.0,1.6007168609284597
10500.0,-8.872904402429649,10500.0,-7.534376551627886,10500.0,-5.754177271541807,10500.0,-1.3008353195040072,10500.0,-0.632221569508197,10500.0,1.596872603587683,10500.0,-8.872919783314234,10500.0,-7.533157812088689,10500.0,-5.753162487820149,10500.0,-1.2988667077473848,10500.0,-0.6299469535722364,10500.0,1.600577074692619
10510.0,-8.872898434956815,10510.0,-7.534380294692143,10510.0,-5.754204571240457,10510.0,-1.3009118352337623,10510.0,-0.6323043820071766,10510.0,1.5967714818449574,10510.0,-8.872915214863886,10510.0,-7.53317436902977,10510.0,-5.7531981212120336,10510.0,-1.2989604748508519,10510.0,-0.6300506505742108,10510.0,1.600437468435349
10520.0,-8.87289257651315,10520.0,-7.53438421407297,10520.0,-5.754232020154488,10520.0,-1.3009885517458484,10520.0,-0.6323874166329115,10520.0,1.5966700342482643,10520.0,-8.87291066401232,10520.0,-7.533190884370799,10520.0,-5.753233735729973,10520.0,-1.2990541759774175,10520.0,-0.630154262673345,10520.0,1.6002980385278647
10530.0,-8.872886827325313,10530.0,-7.534388309246486,10530.0,-5.75425961805606,10530.0,-1.301065468227612,10530.0,-0.6324706723337948,10530.0,1.5965682630076126,10530.0,-8.872906132225557,10530.0,-7.533207360230918,10530.0,-5.753269333236313,10530.0,-1.2991478134996866,10530.0,-0.6302577924502559,10530.0,1.6001587813816376
10540.0,-8.872881187619683,10540.0,-7.5343925796967754,10540.0,-5.754287364722226,10540.0,-1.3011425838776582,10540.0,-0.6325541480721331,10540.0,1.596466170306227,10540.0,-8.87290162095319,10540.0,-7.533223798705485,10540.0,-5.75330491557248,10540.0,-1.2992413897636998,10540.0,-0.6303612424566652,10540.0,1.600019693448226
10550.0,-8.872875657622949,10550.0,-7.534397024916477,10550.0,-5.754315259935304,10550.0,-1.3012198979063054,10550.0,-0.6326378428245805,10550.0,1.5963637583002717,10550.0,-8.872897131628145,10550.0,-7.5332402018661435,10550.0,-5.753340484559039,10550.0,-1.2993349070889995,10550.0,-0.6304646152155239,10550.0,1.5998807712190106
10560.0,-8.87287023756261,10560.0,-7.534401644407197,10560.0,-5.754343303483333,10560.0,-1.3012974095359848,10560.0,-0.6327217555824909,10560.0,1.5962610291186246,10560.0,-8.87289266566685,10560.0,-7.5332565717609015,10560.0,-5.753376041995646,10560.0,-1.299428367768725,10560.0,-0.6305679132211327,10560.0,1.5997420112249672
10570.0,-8.872864927667466,10570.0,-7.5344064376798805,10570.0,-5.754371495160529,10570.0,-1.3013751180015842,10570.0,-0.6328058853522404,10570.0,1.596157984862708,10570.0,-8.872888224469158,10570.0,-7.533272910414178,10570.0,-5.753411589661152,10570.0,-1.2995217740697256,10570.0,-0.6306711389392612,10570.0,1.5996034100364143
10580.0,-8.872859728168006,10580.0,-7.534411404255081,10580.0,-5.7543998347676375,10580.0,-1.3014530225507328,10580.0,-0.632890231155481,10580.0,1.596054627606364,10580.0,-8.872883809418317,10580.0,-7.53328921982688,10580.0,-5.75344712931364,10580.0,-1.2996151282326773,10580.0,-0.6307742948072814,10580.0,1.5994649642627745
10590.0,-8.872854639296797,10590.0,-7.534416543663423,10590.0,-5.754428322112243,10590.0,-1.301531122444031,10590.0,-0.6329747920293627,10590.0,1.5959509593957757,10590.0,-8.872879421881057,10590.0,-7.533305501976512,10590.0,-5.753482662690484,10590.0,-1.2997084324721786,10590.0,-0.6308773832343463,10590.0,1.599326670552266
10600.0,-8.872849661288779,10600.0,-7.534421855445683,10600.0,-5.7544569570089985,10600.0,-1.3016094169552903,10600.0,-0.6330595670267055,10600.0,1.5958469822494232,10600.0,-8.872875063207593,10600.0,-7.533321758817284,10600.0,-5.753518191508431,10600.0,-1.2998016889769153,10600.0,-0.6309804066015007,10600.0,1.599188525591662
10610.0,-8.872844794381601,10610.0,-7.534427339153001,10610.0,-5.754485739279952,10610.0,-1.3016879053716692,10610.0,-0.63314455521614,10610.0,1.59574269815808,10610.0,-8.872870734731613,10610.0,-7.533337992280215,10610.0,-5.753553717463673,10610.0,-1.2998948999097844,10610.0,-0.6310833672618827,10610.0,1.5990505261059869
10620.0,-8.872840038815808,10620.0,-7.534432994347074,10620.0,-5.754514668754735,10620.0,-1.3017665869938064,10620.0,-0.6332297556822106,10620.0,1.5956381090848424,10620.0,-8.87286643777041,10620.0,-7.533354204273279,10620.0,-5.753589242231931,10620.0,-1.299988067408064,10620.0,-0.6311862675408956,10620.0,1.5989126688582418
10630.0,-8.872835394835104,10630.0,-7.534438820600268,10630.0,-5.754543745270643,10630.0,-1.301845461135935,10630.0,-0.6333151675254456,10630.0,1.5955332169651857,10630.0,-8.872862173624874,10630.0,-7.533370396681503,10630.0,-5.753624767468599,10630.0,-1.3000811935835639,10630.0,-0.6312891097363746,10630.0,1.5987749506491162
10640.0,-8.872830862686499,10640.0,-7.534444817495698,10640.0,-5.75457296867282,10640.0,-1.3019245271259392,10640.0,-0.6334007898624019,10640.0,1.5954280237070577,10640.0,-8.872857943579609,10640.0,-7.533386571367119,10640.0,-5.753660294808818,10640.0,-1.3001742805227754,10640.0,-0.6313918961187996,10640.0,1.598637368316643
10650.0,-8.872826442620378,10650.0,-7.534450984627354,10650.0,-5.754602338814347,10650.0,-1.3020037843053922,10650.0,-0.6334866218256724,10650.0,1.5953225311909889,10650.0,-8.872853748902964,10650.0,-7.533402730169725,10650.0,-5.753695825867625,10650.0,-1.3002673302870844,10650.0,-0.6314946289314977,10650.0,1.5984999187359137
10660.0,-8.872822134891004,10660.0,-7.5344573216002,10660.0,-5.754631855556337,10660.0,-1.3020832320295783,10660.0,-0.6335726625638844,10660.0,1.5952167412702305,10660.0,-8.872849590847155,10660.0,-7.533418874906451,10660.0,-5.753731362240055,10660.0,-1.3003603449129288,10660.0,-0.6315973103908158,10660.0,1.5983625988187642
10670.0,-8.872817939756233,10670.0,-7.5344638280300655,10670.0,-5.754661518767966,10670.0,-1.3021628696674927,10670.0,-0.633658911241661,10670.0,1.5951106557709063,10670.0,-8.87284547064836,10670.0,-7.533435007372075,10670.0,-5.753766905501295,10670.0,-1.3004533264120022,10670.0,-0.6316999426863678,10670.0,1.5982254055134664
10680.0,-8.872813857477706,10680.0,-7.5344705035437105,10680.0,-5.754691328326495,10680.0,-1.3022426966018013,10680.0,-0.6337453670395753,10680.0,1.5950042764921921,10680.0,-8.872841389526762,10680.0,-7.533451129339255,10680.0,-5.753802457206821,10680.0,-1.3005462767714615,10680.0,-0.6318025279812486,10680.0,1.5980883358043663
10690.0,-8.872809888320921,10690.0,-7.534477347778809,10690.0,-5.754721284117444,10690.0,-1.3023227122287953,10690.0,-0.6338320291540764,10690.0,1.5948976052065038,10690.0,-8.87283734868674,10690.0,-7.533467242558666,10690.0,-5.7538380188925435,10690.0,-1.3006391979540997,10690.0,-0.6319050684122582,10690.0,1.5979513867115425
10700.0,-8.872806032555307,10700.0,-7.53448436038393,10700.0,-5.754751386034401,10700.0,-1.3024029159583552,10700.0,-0.6339188967974048,10700.0,1.5947906436597121,10700.0,-8.87283334931691,10700.0,-7.53348334875918,10700.0,-5.753873592074988,10700.0,-1.3007320918985779,10700.0,-0.6320075660901199,10700.0,1.597814555290548
10710.0,-8.87280229045422,10710.0,-7.534491541018371,10710.0,-5.754781633979068,10710.0,-1.3024833072138438,10710.0,-0.6340059691974872,10710.0,1.5946833935713582,10710.0,-8.872829392590335,10710.0,-7.533499449648086,10710.0,-5.75390917825141,10710.0,-1.300824960519635,10710.0,-0.632110023099722,10710.0,1.597677838631975
10720.0,-8.872798662294993,10720.0,-7.534498889352399,10720.0,-5.754812027861234,10720.0,-1.3025638854320167,10720.0,-0.6340932455978214,10720.0,1.5945758566348907,10720.0,-8.872825479664577,10720.0,-7.5335155469112625,10720.0,-5.75394477890002,10720.0,-1.3009178057083184,10720.0,-0.6322124415003784,10720.0,1.5975412338611694
10730.0,-8.872795148358888,10730.0,-7.534506405066884,10730.0,-5.754842567598728,10730.0,-1.302644650062943,10730.0,-0.6341807252573479,10730.0,1.5944680345179096,10730.0,-8.87282161168185,10730.0,-7.533531642213396,10730.0,-5.753980395480121,10730.0,-1.3010106293321848,10730.0,-0.6323148233260478,10730.0,1.5974047381378864
10740.0,-8.872791748931123,10740.0,-7.534514087853304,10740.0,-5.754873253117362,10740.0,-1.3027256005698609,10740.0,-0.6342684074503079,10740.0,1.5943599288624297,10740.0,-8.872817789769178,10740.0,-7.53354773719814,10740.0,-5.754016029432289,10740.0,-1.301103433235562,10740.0,-0.6324171705856091,10740.0,1.5972683486558996
10750.0,-8.872788464300843,10750.0,-7.534521937413641,10750.0,-5.754904084350782,10750.0,-1.3028067364290525,10750.0,-0.6343562914660984,10750.0,1.5942515412851315,10750.0,-8.872814015038472,10750.0,-7.533563833488373,10750.0,-5.754051682178561,10750.0,-1.3011962192397435,10750.0,-0.6325194852630824,10750.0,1.597132062642675
10760.0,-8.872785294761066,10760.0,-7.534529953460293,10760.0,-5.7549350612406025,10760.0,-1.3028880571297419,10760.0,-0.6344443766091058,10760.0,1.5941428733776433,10760.0,-8.87281028858677,10760.0,-7.533579932686382,10760.0,-5.75408735512261,10760.0,-1.3012889891432458,10760.0,-0.6326217693179118,10760.0,1.5969958773590087
10770.0,-8.872782240608664,10770.0,-7.5345381357159,10770.0,-5.754966183736149,10770.0,-1.3029695621739141,10770.0,-0.6345326621985512,10770.0,1.5940339267068087,10770.0,-8.87280661149632,10770.0,-7.533596036374089,10770.0,-5.754123049649957,10770.0,-1.3013817447220535,10770.0,-0.6327240246852059,10770.0,1.5968597900986974
10780.0,-8.872779302144291,10780.0,-7.5345464839133225,10780.0,-5.754997451794383,10780.0,-1.3030512510761738,10780.0,-0.6346211475683046,10780.0,1.5939247028149834,10780.0,-8.872802984834808,10780.0,-7.533612146113257,10780.0,-5.75415876712815,10780.0,-1.3014744877298328,10780.0,-0.6328262532760124,10780.0,1.596723798188148
10790.0,-8.872776479672352,10790.0,-7.534554997795495,10790.0,-5.7550288653798125,10790.0,-1.3031331233636112,10790.0,-0.6347098320667179,10790.0,1.593815203220313,10790.0,-8.87279940965541,10790.0,-7.533628263445699,10790.0,-5.754194508906966,10790.0,-1.3015672198982096,10790.0,-0.6329284569775889,10790.0,1.5965878989860243
10800.0,-8.87277377350091,10800.0,-7.534563677115213,10800.0,-5.755060424464406,10800.0,-1.3032151785756134,10800.0,-0.63479871505643,10800.0,1.5937054294170272,10800.0,-8.87279588699703,10800.0,-7.533644389893545,10800.0,-5.754230276318603,10800.0,-1.3016599429369968,10800.0,-0.6330306376536373,10800.0,1.5964520898828942
10810.0,-8.872771183941616,10810.0,-7.534572521635029,10810.0,-5.755092129027449,10810.0,-1.3032974162636983,10810.0,-0.6348877959141824,10810.0,1.5935953828757412,10810.0,-8.872792417884469,10810.0,-7.5336605269594195,10810.0,-5.75426607067787,10810.0,-1.301752658534435,10810.0,-0.6331327971446018,10810.0,1.5963163683008987
10820.0,-8.87276871130964,10820.0,-7.534581531127116,10820.0,-5.755123979055392,10820.0,-1.3033798359913646,10820.0,-0.6349770740306243,10820.0,1.5934850650437513,10820.0,-8.872789003328554,10820.0,-7.533676676126698,10820.0,-5.754301893282402,10820.0,-1.30184536835746,10820.0,-0.6332349372679149,10820.0,1.596180731693315
10830.0,-8.87276635592345,10830.0,-7.534590705373118,10830.0,-5.75515597454183,10830.0,-1.303462437333899,10830.0,-0.6350665488101153,10830.0,1.5933744773453375,10830.0,-8.872785644326315,10830.0,-7.533692838859731,10830.0,-5.75433774541288,10830.0,-1.301938074051949,10830.0,-0.6333370598182809,10830.0,1.596045177544287
10840.0,-8.872764118105188,10840.0,-7.534600044163896,10840.0,-5.7551881154873685,10840.0,-1.3035452198781876,10840.0,-0.635156219670532,10840.0,1.5932636211820612,10840.0,-8.87278234186118,10840.0,-7.5337090166040435,10840.0,-5.75437362833321,10840.0,-1.3020307772429576,10840.0,-0.6334391665679612,10840.0,1.595909703368388
10850.0,-8.872761998180087,10850.0,-7.534609547299663,10850.0,-5.755220401899401,10850.0,-1.3036281832225751,10850.0,-0.6352460860430572,10850.0,1.593152497933076,10850.0,-8.872779096903118,10850.0,-7.533725210786605,10850.0,-5.7544095432907545,10850.0,-1.3021234795350114,10850.0,-0.6335412592669943,10850.0,1.5957743067103234
10860.0,-8.872759996476557,10860.0,-7.534619214589533,10860.0,-5.755252833792025,10860.0,-1.3037113269766507,10860.0,-0.6353361473719896,10860.0,1.5930411089554224,10860.0,-8.872775910408862,10860.0,-7.533741422816037,10860.0,-5.754445491516534,10860.0,-1.3022161825122882,10860.0,-0.6336433396435286,10860.0,1.5956389851445132
10870.0,-8.872758113326084,10870.0,-7.534629045851483,10870.0,-5.755285411185917,10870.0,-1.3037946507610583,10870.0,-0.6354264031145297,10870.0,1.592929455584338,10870.0,-8.872772783321935,10870.0,-7.533757654082844,10870.0,-5.754481474225438,10870.0,-1.3023088877389533,10870.0,-0.6337454094040601,10870.0,1.5955037362747873
10880.0,-8.872756349063147,10880.0,-7.534639040912178,10880.0,-5.755318134108183,10880.0,-1.3038781542073492,10880.0,-0.6355168527405791,10880.0,1.5928175391335584,10880.0,-8.87276971657312,10880.0,-7.533773905959693,10880.0,-5.754517492616409,10880.0,-1.3024015967593627,10880.0,-0.633847470233692,10880.0,1.5953685577339853
10890.0,-8.872754704025114,10890.0,-7.53464919960678,10890.0,-5.755351002592229,10890.0,-1.303961836957765,10890.0,-0.6356074957325362,10890.0,1.5927053608956208,10890.0,-8.87276671108034,10890.0,-7.533790179801564,10890.0,-5.75455354787269,10890.0,-1.302494311098327,10890.0,-0.6339495237964484,10890.0,1.5952334471836347
10900.0,-8.872753178552127,10900.0,-7.534659521778819,10900.0,-5.755384016677573,10900.0,-1.3040456986650513,10900.0,-0.6356983315850846,10900.0,1.5925929221421677,10900.0,-8.872763767748975,10900.0,-7.5338064769460376,10900.0,-5.754589641162009,10900.0,-1.3025870322613669,10900.0,-0.6340515717354944,10900.0,1.59509840231357
10910.0,-8.872751772987037,10910.0,-7.534670007280015,10910.0,-5.755417176409912,10910.0,-1.3041297389923012,10910.0,-0.6357893598049966,10910.0,1.5924802241242464,10910.0,-8.87276088747203,10910.0,-7.533822798713515,10910.0,-5.754625773636814,10910.0,-1.3026797617349692,10910.0,-0.6341536156734494,10910.0,1.5949634208415977
10920.0,-8.872750487675251,10920.0,-7.534680655970223,10920.0,-5.755450481840738,10920.0,-1.3042139576127396,10920.0,-0.6358805799109196,10920.0,1.5923672680726095,10920.0,-8.872758071130288,10920.0,-7.533839146407457,10920.0,-5.754661946434464,10920.0,-1.3027725009868396,10920.0,-0.6342556572126311,10920.0,1.5948285005131224
10930.0,-8.872749322964701,10930.0,-7.534691467717106,10930.0,-5.755483933027316,10930.0,-1.3042983542095445,10930.0,-0.6359719914331818,10930.0,1.5922540551980087,10930.0,-8.87275531959253,10930.0,-7.533855521314607,10930.0,-5.754698160677434,10930.0,-1.3028652514661412,10930.0,-0.6343576979353353,10930.0,1.5946936391008253
10940.0,-8.87274827920569,10940.0,-7.534702442396063,10940.0,-5.7555175300325105,10940.0,-1.3043829284756923,10940.0,-0.6360635939135865,10940.0,1.5921405866914882,10940.0,-8.872752633715665,10940.0,-7.533871924705206,10940.0,-5.754734417473571,10940.0,-1.302958014603771,10940.0,-0.6344597394041017,10940.0,1.594558834404301
10950.0,-8.8727473567508,10950.0,-7.5347135798900355,10950.0,-5.755551272924682,10950.0,-1.3044676801137365,10950.0,-0.6361553869052056,10950.0,1.592026863724686,10950.0,-8.872750014344936,10950.0,-7.533888357833241,10950.0,-5.75477071791624,10950.0,-1.3030507918125835,10950.0,-0.6345617831619685,10950.0,1.594424084249704
10960.0,-8.872746555954809,10960.0,-7.5347248800893905,10960.0,-5.7555851617775335,10960.0,-1.304552608835641,10960.0,-0.6362473699721898,10960.0,1.5919128874501134,10960.0,-8.872747462314091,10960.0,-7.533904821936695,10960.0,-5.754807063084571,10960.0,-1.3031435844876476,10960.0,-0.634663830732746,10960.0,1.5942893864894272
10970.0,-8.872745877174593,10970.0,-7.534736342891647,10970.0,-5.755619196669894,10970.0,-1.3046377143626167,10970.0,-0.6363395426895601,10970.0,1.5917986590014457,10970.0,-8.872744978445565,10970.0,-7.533921318237715,10970.0,-5.7548434540436615,10970.0,-1.3032363940064906,10970.0,-0.6347658836212903,10970.0,1.5941547390017459
10980.0,-8.872745320768997,10980.0,-7.534747968201553,10980.0,-5.755653377685829,10980.0,-1.3047229964249167,10980.0,-0.636431904643014,10980.0,1.5916841794938201,10980.0,-8.872742563550673,10980.0,-7.533937847942901,10980.0,-5.754879891844774,10980.0,-1.3033292217293586,10980.0,-0.6348679433137397,10980.0,1.5940201396904667
10990.0,-8.872744887098762,10990.0,-7.534759755930743,10990.0,-5.755687704914285,10990.0,-1.3048084547616694,10990.0,-0.6365244554287347,10990.0,1.5915694500240993,10990.0,-8.872740218429726,10990.0,-7.533954412243478,10990.0,-5.754916377525551,10990.0,-1.3034220689994458,10990.0,-0.6349700112778036,10990.0,1.5938855864846373
11000.0,-8.87274457652626,11000.0,-7.534771705997613,11000.0,-5.755722178449007,11000.0,-1.3048940891207184,11000.0,-0.6366171946531931,11000.0,1.5914544716711594,11000.0,-8.872737943872282,11000.0,-7.533971012315559,11000.0,-5.754952912110209,11000.0,-1.3035149371431536,11000.0,-0.6350720889629933,11000.0,1.5937510773381829
11010.0,-8.872744389415903,11010.0,-7.53478381832719,11010.0,-5.755756798388432,11010.0,-1.3049798992584245,11010.0,-0.6367101219329646,11010.0,1.5913392454961637,11010.0,-8.872735740657248,11010.0,-7.533987649320365,11010.0,-5.754989496609757,11010.0,-1.3036078274702891,11010.0,-0.6351741778008898,11010.0,1.5936166102295501
11020.0,-8.872744326133512,11020.0,-7.534796092850976,11020.0,-5.75579156483555,11020.0,-1.305065884939513,11020.0,-0.6368032368945354,11020.0,1.5912237725428369,11020.0,-8.872733609553105,11020.0,-7.534004324404428,11020.0,-5.755026132022193,11020.0,-1.3037007412743689,11020.0,-0.6352762792054165,11020.0,1.5934821831614117
11030.0,-8.872744387046449,11030.0,-7.534808529506807,11030.0,-5.755826477897779,11030.0,-1.3051520459369106,11030.0,-0.6368965391741184,11030.0,1.5911080538377282,11030.0,-8.872731551318072,11030.0,-7.534021038699792,11030.0,-5.755062819332691,11030.0,-1.3037936798327987,11030.0,-0.635378394573041,11030.0,1.5933477941603744
11040.0,-8.872744572523457,11040.0,-7.53482112823865,11040.0,-5.755861537686784,11040.0,-1.3052383820315545,11040.0,-0.636990028417474,11040.0,1.590992090390487,11040.0,-8.872729566700256,11040.0,-7.53403779332428,11040.0,-5.755099559513808,11040.0,-1.3038866444071342,11040.0,-0.6354805252830973,11040.0,1.5932134412765733
11050.0,-8.872744882934624,11050.0,-7.534833888996657,11050.0,-5.755896744318519,11050.0,-1.3053248930122534,11050.0,-0.6370837042797215,11050.0,1.5908758831941174,11050.0,-8.872727656437831,11050.0,-7.534054589381667,11050.0,-5.755136353525686,11050.0,-1.3039796362433138,11050.0,-0.6355826726979525,11050.0,1.5930791225834269
11060.0,-8.872745318651287,11060.0,-7.5348468117367835,11060.0,-5.755932097912983,11060.0,-1.305411578675516,11060.0,-0.6371775664251669,11060.0,1.5907594332252442,11060.0,-8.872725821259204,11060.0,-7.534071427961923,11060.0,-5.75517320231625,11060.0,-1.3040726565718925,11060.0,-0.635684838163316,11060.0,1.5929448361772784
11070.0,-8.872745880045915,11070.0,-7.534859896420772,11070.0,-5.7559675985940935,11070.0,-1.3054984388253748,11070.0,-0.637271614527125,11070.0,1.5906427414443618,11070.0,-8.872724061883204,11070.0,-7.534088310141374,11070.0,-5.755210106821379,11070.0,-1.304165706608242,11070.0,-0.6357870230084453,11070.0,1.5928105801771282
11080.0,-8.872746567492042,11080.0,-7.534873143015979,11080.0,-5.756003246489587,11080.0,-1.3055854732732672,11080.0,-0.6373658482677443,11080.0,1.5905258087960874,11080.0,-8.872722379019203,11080.0,-7.534105236982995,11080.0,-5.7552470679651275,11080.0,-1.3042587875528162,11080.0,-0.6358892285464041,11080.0,1.5926763527242571
11090.0,-8.872747381364189,11090.0,-7.534886551495247,11090.0,-5.7560390417309275,11090.0,-1.305672681837859,11090.0,-0.6374602673378432,11090.0,1.590408636209411,11090.0,-8.872720773367305,11090.0,-7.534122209536518,11090.0,-5.755284086659899,11090.0,-1.3043519005913582,11090.0,-0.6359914560743025,11090.0,1.5925421519819853
11100.0,-8.87274832203778,11100.0,-7.534900121836733,11100.0,-5.756074984453172,11100.0,-1.3057600643448757,11100.0,-0.6375548714367391,11100.0,1.5902912245979401,11100.0,-8.872719245618528,11100.0,-7.534139228838722,11100.0,-5.755321163806614,11100.0,-1.3044450468951112,11100.0,-0.6360937068735156,11100.0,1.5924079761353516
11110.0,-8.872749389889046,11110.0,-7.534913854023907,11110.0,-5.756111074794822,11110.0,-1.3058476206269978,11110.0,-0.6376496602720807,11110.0,1.5901735748601395,11110.0,-8.872717796454891,11110.0,-7.534156295913598,11110.0,-5.7553583002949456,11110.0,-1.3045382276210475,11110.0,-0.6361959822099302,11110.0,1.592273823390774
11120.0,-8.872750585294973,11120.0,-7.534927748045336,11120.0,-5.756147312897823,11120.0,-1.3059353505236773,11120.0,-0.637744633559696,11120.0,1.590055687879568,11120.0,-8.872716426549667,11120.0,-7.534173411772523,11120.0,-5.755395497003459,11120.0,-1.3046314439120885,11120.0,-0.6362982833341699,11120.0,1.5921396919758208
11130.0,-8.872751908633195,11130.0,-7.534941803894534,11130.0,-5.75618369890741,11130.0,-1.3060232538809966,11130.0,-0.6378397910234196,11130.0,1.5899375645251177,11130.0,-8.872715136567468,11130.0,-7.534190577414515,11130.0,-5.755432754799806,11130.0,-1.3047246968973187,11130.0,-0.6364006114818319,11130.0,1.5920055801388704
11140.0,-8.872753360281934,11140.0,-7.534956021569882,11140.0,-5.756220232971979,11140.0,-1.3061113305515544,11140.0,-0.6379351323949407,11140.0,1.589819205651244,11140.0,-8.87271392716444,11140.0,-7.534207793826385,11140.0,-5.7554700745409075,11140.0,-1.3048179876921948,11140.0,-0.6365029678736759,11140.0,1.5918714861488257
11150.0,-8.872754940619927,11150.0,-7.534970401074456,11150.0,-5.756256915242965,11150.0,-1.3061995803942925,11150.0,-0.6380306574136536,11150.0,1.5897006120981827,11150.0,-8.872712798988378,11150.0,-7.534225061982938,11150.0,-5.7555074570731435,11150.0,-1.3049113173987368,11150.0,-0.6366053537159102,11150.0,1.5917374082948503
11160.0,-8.872756650026236,11160.0,-7.534984942415978,11160.0,-5.756293745874783,11160.0,-1.3062880032743798,11160.0,-0.6381263658264996,11160.0,1.5895817846921858,11160.0,-8.872711752678905,11160.0,-7.5342423828471965,11160.0,-5.755544903232491,11160.0,-1.305004687105781,11160.0,-0.6367077702003597,11160.0,1.5916033448860738
11170.0,-8.872758488880493,11170.0,-7.534999645606594,11170.0,-5.756330725024719,11170.0,-1.3063765990630798,11170.0,-0.6382222573878265,11170.0,1.5894627242457335,11170.0,-8.872710788867613,11170.0,-7.534259757370539,11170.0,-5.755582413844726,11170.0,-1.305098097889144,11170.0,-0.6368102185046961,11170.0,1.5914692942512956
11180.0,-8.87276045756262,11180.0,-7.535014510662973,11180.0,-5.756367852852805,11180.0,-1.306465367637607,11180.0,-0.6383183318592388,11180.0,1.589343431557755,11180.0,-8.8727099081782,11180.0,-7.534277186492927,11180.0,-5.755619989725604,11180.0,-1.305191550811829,11180.0,-0.6369126997926641,11180.0,1.5913352547387378
11190.0,-8.872762556452713,11190.0,-7.535029537605999,11190.0,-5.756405129521791,11190.0,-1.3065543088810092,11190.0,-0.6384145890094535,11190.0,1.5892239074138348,11190.0,-8.872709111226637,11190.0,-7.534294671143064,11190.0,-5.7556576316809895,11190.0,-1.305285046924242,11190.0,-0.6370152152142776,11190.0,1.59120122471577
11200.0,-8.872764785931052,11200.0,-7.535044726460702,11200.0,-5.756442555197058,11200.0,-1.3066434226820407,11200.0,-0.6385110286141625,11200.0,1.5891041525864364,11200.0,-8.872708398621285,11200.0,-7.53431221223859,11200.0,-5.755695340507066,11200.0,-1.30537858726437,11200.0,-0.6371177659060344,11200.0,1.5910672025686103
11210.0,-8.872767146378022,11210.0,-7.535060077256176,11210.0,-5.756480130046449,11210.0,-1.3067327089350247,11210.0,-0.6386076504558922,11210.0,1.5889841678350907,11210.0,-8.872707770963066,11210.0,-7.5343298106862555,11210.0,-5.7557331169904495,11210.0,-1.3054721728579894,11210.0,-0.6372203529911277,11210.0,1.5909331867020886
11220.0,-8.872769638174068,11220.0,-7.535075590025477,11220.0,-5.756517854240232,11220.0,-1.3068221675397516,11220.0,-0.6387044543238642,11220.0,1.5888639539066132,11220.0,-8.872707228845547,11220.0,-7.534347467382088,11220.0,-5.7557709619084125,11220.0,-1.3055658047188579,11220.0,-0.637322977579651,11220.0,1.5907991755393767
11230.0,-8.872772261699625,11230.0,-7.535091264805458,11230.0,-5.75655572795099,11230.0,-1.306911798401349,11230.0,-0.6388014400138732,11230.0,1.588743511535298,11230.0,-8.872706772855146,11230.0,-7.534365183211607,11230.0,-5.7558088760289925,11230.0,-1.3056594838488833,11230.0,-0.6374256407687909,11230.0,1.5906651675217287
11240.0,-8.872775017335067,11240.0,-7.53510710163677,11240.0,-5.756593751353557,11240.0,-1.3070016014301515,11240.0,-0.6388986073281454,11240.0,1.5886228414431127,11240.0,-8.872706403571213,11240.0,-7.534382959049931,11240.0,-5.7558468601111725,11240.0,-1.305753211238323,11240.0,-0.6375283436430096,11240.0,1.5905311611082211
11250.0,-8.872777905460635,11250.0,-7.53512310056377,11250.0,-5.7566319246249025,11250.0,-1.3070915765416262,11250.0,-0.6389959560752169,11250.0,1.5885019443398956,11250.0,-8.87270612156619,11250.0,-7.534400795762012,11250.0,-5.755884914905031,11250.0,-1.3058469878659824,11250.0,-0.6376310872742847,11250.0,1.5903971547755107
11260.0,-8.872780926456416,11260.0,-7.535139261634309,11260.0,-5.756670247944111,11260.0,-1.3071817236562238,11260.0,-0.6390934860698131,11260.0,1.5883808209235428,11260.0,-8.87270592740574,11260.0,-7.5344186942027545,11260.0,-5.755923041151881,11260.0,-1.3059408146993743,11260.0,-0.6377338727222519,11260.0,1.5902631470175708
11270.0,-8.87278408070226,11270.0,-7.535155584899718,11270.0,-5.7567087214923225,11270.0,-1.3072720426992737,11270.0,-0.6391911971327177,11270.0,1.588259471880188,11270.0,-8.872705821648829,11270.0,-7.534436655217205,11270.0,-5.755961239584465,11270.0,-1.3060346926949018,11270.0,-0.6378367010344421,11270.0,1.5901291363454535
11280.0,-8.872787368577754,11280.0,-7.5351720704146965,11280.0,-5.756747345452581,11280.0,-1.3073625336009032,11280.0,-0.6392890890906537,11280.0,1.588137897884399,11280.0,-8.872705804847968,11280.0,-7.5344546796407075,11280.0,-5.755999510927034,11280.0,-1.3061286227980498,11280.0,-0.6379395732464319,11280.0,1.5899951212870629
11290.0,-8.872790790462126,11290.0,-7.535188718237225,11290.0,-5.756786120009776,11290.0,-1.3074531962959006,11290.0,-0.6393871617761698,11290.0,1.588016099599352,11290.0,-8.87270587754923,11290.0,-7.534472768299065,11290.0,-5.756037855895555,11290.0,-1.3062226059435298,11290.0,-0.638042490382045,11290.0,1.589861100386887
11300.0,-8.872794346734274,11300.0,-7.5352055284283965,11300.0,-5.756825045350589,11300.0,-1.3075440307236212,11300.0,-0.6394854150275179,11300.0,1.5878940776770114,11300.0,-8.87270604029236,11300.0,-7.534490922008679,11300.0,-5.75607627519781,11300.0,-1.3063166430554765,11300.0,-0.6381454534535236,11300.0,1.5897270722057815
11310.0,-8.872798037772618,11310.0,-7.535222501052577,11310.0,-5.756864121663418,11310.0,-1.307635036827904,11310.0,-0.6395838486885415,11310.0,1.587771832758306,11310.0,-8.87270629361098,11310.0,-7.534509141576742,11310.0,-5.756114769533583,11310.0,-1.3064107350476042,11310.0,-0.6382484634617214,11310.0,1.5895930353207062
11320.0,-8.872801863955043,11320.0,-7.535239636177083,11320.0,-5.756903349138273,11320.0,-1.3077262145569455,11320.0,-0.6396824626085705,11320.0,1.5876493654732915,11320.0,-8.87270663803269,11320.0,-7.534527427801361,11320.0,-5.756153339594767,11320.0,-1.306504882823372,11320.0,-0.6383515213962768,11320.0,1.5894589883245889
11330.0,-8.872805825659198,11330.0,-7.535256933872167,11330.0,-5.756942727966789,11330.0,-1.3078175638632206,11330.0,-0.6397812566423048,11330.0,1.5875266764413256,11330.0,-8.872707074079122,11330.0,-7.534545781471699,11330.0,-5.756191986065501,11330.0,-1.3065990872761566,11330.0,-0.6384546282357725,11330.0,1.5893249298259684
11340.0,-8.872809923262007,11340.0,-7.535274394210952,11340.0,-5.756982258342164,11340.0,-1.307909084703395,11340.0,-0.639880230649713,11340.0,1.5874037662712353,11340.0,-8.872707602266097,11340.0,-7.534564203368179,11340.0,-5.756230709622307,11340.0,-1.3066933492894004,11340.0,-0.6385577849479356,11340.0,1.589190858448863
11350.0,-8.872814157139835,11350.0,-7.5352920172693425,11350.0,-5.7570219404590075,11350.0,-1.3080007770382045,11350.0,-0.6399793844959272,11350.0,1.587280635561476,11350.0,-8.872708223103775,11350.0,-7.534582694262561,11350.0,-5.756269510934249,11350.0,-1.3067876697367746,11350.0,-0.6386609924897764,11350.0,1.5890567728325087
11360.0,-8.872818527668407,11360.0,-7.535309803125918,11360.0,-5.75706177451333,11360.0,-1.3080926408323943,11360.0,-0.6400787180511347,11360.0,1.587157284900304,11360.0,-8.872708937096698,11360.0,-7.534601254918099,11360.0,-5.756308390663031,11360.0,-1.3068820494823483,11360.0,-0.6387642518077676,11360.0,1.5889226716311662
11370.0,-8.8728230352228,11370.0,-7.5353277518619235,11370.0,-5.757101760702467,11370.0,-1.3081846760546167,11370.0,-0.6401782311904811,11370.0,1.5870337148659128,11370.0,-8.872709744743938,11370.0,-7.534619886089743,11370.0,-5.756347349463134,11370.0,-1.3069764893807307,11370.0,-0.6388675638380082,11370.0,1.5887885535138961
11380.0,-8.87282768017735,11380.0,-7.535345863561227,11380.0,-5.757141899225031,11380.0,-1.30827688267733,11380.0,-0.6402779237939722,11380.0,1.5869099260266053,11380.0,-8.872710646539176,11380.0,-7.5346385885241975,11380.0,-5.756386387981945,11380.0,-1.3070709902771998,11380.0,-0.6389709295063939,11380.0,1.5886544171643524
11390.0,-8.872832462905698,11390.0,-7.53536413831012,11390.0,-5.7571821902808065,11390.0,-1.3083692606767447,11390.0,-0.6403777957463729,11390.0,1.5867859189409432,11390.0,-8.872711642970826,11390.0,-7.534657362960111,11390.0,-5.756425506859895,11390.0,-1.3071655530078907,11390.0,-0.6390743497287634,11390.0,1.5885202612805753
11400.0,-8.872837383780695,11400.0,-7.53538257619734,11400.0,-5.757222634070813,11400.0,-1.3084618100327159,11400.0,-0.6404778469371195,11400.0,1.5866616941578948,11400.0,-8.872712734522175,11400.0,-7.534676210128171,11400.0,-5.756464706730546,11400.0,-1.307260178399933,11400.0,-0.6391778254110546,11400.0,1.5883860845747748
11410.0,-8.872842443174399,11410.0,-7.535401177313952,11410.0,-5.7572632307971885,11410.0,-1.3085545307286606,11410.0,-0.6405780772602271,11410.0,1.5865372522169863,11410.0,-8.872713921671417,11410.0,-7.534695130751288,11410.0,-5.756503988220752,11410.0,-1.30735486727157,11410.0,-0.6392813574494564,11410.0,1.588251885773149
11420.0,-8.872847641458032,11420.0,-7.535419941753337,11420.0,-5.757303980663102,11420.0,-1.308647422751509,11420.0,-0.6406784866141881,11420.0,1.586412593648436,11420.0,-8.87271520489179,11420.0,-7.53471412554466,11420.0,-5.7565433519507465,11420.0,-1.3074496204323325,11420.0,-0.6393849467305819,11420.0,1.5881176636156857
11430.0,-8.87285297900196,11430.0,-7.5354388696110055,11430.0,-5.75734488387272,11430.0,-1.3087404860915863,11430.0,-0.6407790749018962,11430.0,1.586287718973306,11430.0,-8.872716584651656,11430.0,-7.534733195215976,11430.0,-5.756582798534273,11430.0,-1.3075444386831394,11430.0,-0.6394885941315835,11430.0,1.5879834168559301
11440.0,-8.872858456175639,11440.0,-7.535457960984796,11440.0,-5.757385940631169,11440.0,-1.3088337207425549,11440.0,-0.6408798420305509,11440.0,1.586162628703641,11440.0,-8.872718061414629,11440.0,-7.534752340465465,11440.0,-5.756622328578706,11440.0,-1.3076393228164813,11440.0,-0.639592300520329,11440.0,1.5878491442608307
11450.0,-8.872864073347612,11450.0,-7.535477215974548,11450.0,-5.757427151144486,11450.0,-1.3089271267013516,11450.0,-0.6409807879115726,11450.0,1.5860373233426108,11450.0,-8.87271963563961,11450.0,-7.534771561986081,11450.0,-5.756661942685127,11450.0,-1.307734273616526,11450.0,-0.639696066755538,11450.0,1.5877148446105498
11460.0,-8.872869830885453,11460.0,-7.535496634682148,11460.0,-5.757468515619503,11460.0,-1.3090207039680815,11460.0,-0.6410819124605179,11460.0,1.5859118033846424,11460.0,-8.872721307780946,11460.0,-7.5347908604635725,11460.0,-5.756701641448487,11460.0,-1.3078292918592602,11460.0,-0.6397998936869079,11460.0,1.5875805166982404
11470.0,-8.872875729155686,11470.0,-7.535516217211465,11470.0,-5.757510034263981,11470.0,-1.309114452545975,11470.0,-0.6411832155970012,11470.0,1.5857860693155477,11470.0,-8.872723078288482,11470.0,-7.534810236576667,11470.0,-5.756741425457686,11470.0,-1.3079243783126107,11470.0,-0.6399037821552706,11470.0,1.587446159329908
11480.0,-8.87288176852407,11480.0,-7.53553596366828,11480.0,-5.757551707286408,11480.0,-1.3092083724413135,11480.0,-0.6412846972446093,11480.0,1.585660121612659,11480.0,-8.872724947607662,11480.0,-7.534829690997111,11480.0,-5.756781295295651,11480.0,-1.3080195337365834,11480.0,-0.6400077329927304,11480.0,1.5873117713242015
11490.0,-8.872887949355215,11490.0,-7.535555874160194,11490.0,-5.757593534896011,11490.0,-1.3093024636633448,11490.0,-0.641386357330828,11490.0,1.5855339607449592,11490.0,-8.872726916179598,11490.0,-7.5348492243898475,11490.0,-5.756821251539505,11490.0,-1.3081147588833981,11490.0,-0.6401117470227923,11490.0,1.5871773515122374
11500.0,-8.872894272012692,11500.0,-7.535575948796675,11500.0,-5.757635517302672,11500.0,-1.3093967262242343,11500.0,-0.641488195786962,11500.0,1.5854075871732147,11500.0,-8.872728984441197,11500.0,-7.534868837413098,11500.0,-5.756861294760623,11500.0,-1.3082100544975677,11500.0,-0.640215825060496,11500.0,1.5870428987374101
11510.0,-8.87290073685899,11510.0,-7.535596187688978,11510.0,-5.757677654716928,11510.0,-1.3094911601389938,11510.0,-0.641590212548056,11510.0,1.5852810013500866,11510.0,-8.872731152825217,11510.0,-7.534888530718487,11510.0,-5.7569014255247275,11510.0,-1.3083054213160916,11510.0,-0.6403199679125526,11510.0,1.5869084118552712
11520.0,-8.872907344255514,11520.0,-7.535616590950025,11520.0,-5.7577199473499165,11520.0,-1.3095857654254013,11520.0,-0.6416924075528242,11520.0,1.5851542037202602,11520.0,-8.872733421760337,11520.0,-7.534908304951157,11520.0,-5.756941644392049,11520.0,-1.3084008600685209,11520.0,-0.6404241763774613,11520.0,1.586773889733293
11530.0,-8.872914094562567,11530.0,-7.535637158694378,11530.0,-5.757762395413252,11530.0,-1.3096805421039663,11530.0,-0.6417947807435764,11530.0,1.58502719472057,11530.0,-8.872735791671252,11530.0,-7.534928160749846,11530.0,-5.756981951917328,11530.0,-1.3084963714770905,11530.0,-0.640528451245643,11530.0,1.5866393312507396
11540.0,-8.872920988139327,11540.0,-7.535657891038215,11540.0,-5.757804999119249,11540.0,-1.3097754901978451,11540.0,-0.6418973320661397,11540.0,1.5848999747801165,11540.0,-8.872738262978748,11540.0,-7.534948098747019,11540.0,-5.757022348649986,11540.0,-1.308591956256853,11540.0,-0.6406327932995811,11540.0,1.5865047352984785
11550.0,-8.872928025343816,11550.0,-7.535678788099245,11550.0,-5.757847758680624,11550.0,-1.309870609732774,11550.0,-0.6420000614697975,11550.0,1.5847725443203875,11550.0,-8.872740836099808,11550.0,-7.534968119568975,11550.0,-5.757062835134179,11550.0,-1.3086876151157603,11550.0,-0.6407372033139052,11550.0,1.5863701007788444
11560.0,-8.872935206532883,11560.0,-7.535699849996625,11560.0,-5.7578906743105485,11560.0,-1.3099659007370483,11560.0,-0.6421029689072177,11560.0,1.5846449037553567,11560.0,-8.872743511447627,11560.0,-7.534988223835931,11560.0,-5.757103411908925,11560.0,-1.3087833487548046,11560.0,-0.6408416820555604,11560.0,1.5862354266054601
11570.0,-8.872942532062225,11570.0,-7.535721076851128,11570.0,-5.757933746222606,11570.0,-1.3100613632414233,11570.0,-0.6422060543343824,11570.0,1.5845170534916082,11570.0,-8.872746289431754,11570.0,-7.535008412162149,11570.0,-5.757144079508167,11570.0,-1.3088791578681072,11570.0,-0.6409462302838825,11570.0,1.5861007117030763
11580.0,-8.872950002286315,11580.0,-7.535742468784852,11580.0,-5.757976974630768,11580.0,-1.3101569972790748,11580.0,-0.6423093177105268,11580.0,1.584388993928454,11580.0,-8.872749170458135,11580.0,-7.535028685155992,11580.0,-5.757184838460864,11580.0,-1.3089750431430467,11580.0,-0.641050848750735,11580.0,1.5859659550074325
11590.0,-8.87295761755842,11590.0,-7.535764025921268,11590.0,-5.758020359749327,11590.0,-1.3102528028855525,11590.0,-0.642412758998072,11590.0,1.584260725458039,11590.0,-8.87275215492916,11590.0,-7.535049043420059,11590.0,-5.757225689291077,11590.0,-1.3090710052603407,11590.0,-0.6411555382006275,11590.0,1.5858311554650901
11600.0,-8.872965378230582,11600.0,-7.535785748385173,11600.0,-5.758063901792897,11600.0,-1.3103487800987033,11600.0,-0.6425163781625565,11600.0,1.584132248465442,11600.0,-8.872755243243756,11600.0,-7.535069487551277,11600.0,-5.757266632518067,11600.0,-1.3091670448941997,11600.0,-0.6412602993708079,11600.0,1.5856963120332825
11610.0,-8.87297328465348,11610.0,-7.535807636302641,11610.0,-5.758107600976458,11610.0,-1.3104449289586264,11610.0,-0.6426201751725784,11610.0,1.5840035633287857,11610.0,-8.872758435797495,11610.0,-7.53509001814097,11610.0,-5.757307668656367,11610.0,-1.3092631627123585,11610.0,-0.6413651329914054,11610.0,1.585561423679764
11620.0,-8.872981337176752,11620.0,-7.535829689800913,11620.0,-5.758151457515193,11620.0,-1.3105412495076394,11620.0,-0.6427241499997339,11620.0,1.5838746704193498,11620.0,-8.872761732982587,11620.0,-7.535110635774962,11620.0,-5.757348798215853,11620.0,-1.3093593593762254,11620.0,-0.6414700397855044,11620.0,1.5854264893826675
11630.0,-8.872989536148701,11630.0,-7.535851909008553,11630.0,-5.758195471624513,11630.0,-1.3106377417901924,11630.0,-0.6428283026185543,11630.0,1.5837455701016683,11630.0,-8.872765135187995,11630.0,-7.535131341033681,11630.0,-5.75739002170187,11630.0,-1.3094556355409903,11630.0,-0.6415750204692701,11630.0,1.5852915081303691
11640.0,-8.872997881916334,11640.0,-7.53587429405526,11640.0,-5.758239643520019,11640.0,-1.310734405852847,11640.0,-0.6429326330064502,11640.0,1.5836162627336252,11640.0,-8.872768642799478,11640.0,-7.535152134492243,11640.0,-5.757431339615255,11640.0,-1.3095519918556693,11640.0,-0.6416800757520645,11640.0,1.5851564789213433
11650.0,-8.873006374825353,11650.0,-7.535896845071834,11650.0,-5.7582839734174875,11650.0,-1.3108312417442194,11650.0,-0.6430371411436541,11650.0,1.5834867486665576,11650.0,-8.872772256199665,11650.0,-7.535173016720504,11650.0,-5.757472752452445,11650.0,-1.3096484289632573,11650.0,-0.6417852063365165,11650.0,1.5850214007639825
11660.0,-8.873015015220133,11660.0,-7.535919562190152,11660.0,-5.75832846153279,11660.0,-1.310928249514917,11660.0,-0.6431418270131606,11660.0,1.5833570282453553,11660.0,-8.872775975768105,11660.0,-7.535193988283197,11660.0,-5.757514260705558,11660.0,-1.3097449475007852,11660.0,-0.6418904129186601,11660.0,1.584886272676527
11670.0,-8.873023803443777,11670.0,-7.535942445543145,11670.0,-5.758373108081986,11670.0,-1.3110254292175172,11670.0,-0.6432466906006739,11670.0,1.5832271018085606,11670.0,-8.872779801881356,11670.0,-7.535215049739988,11670.0,-5.757555864862446,11670.0,-1.3098415480994419,11670.0,-0.6419956961879996,11670.0,1.5847510936868894
11680.0,-8.873032739838058,11680.0,-7.5359654952647075,11680.0,-5.758417913281226,11680.0,-1.311122780906507,11680.0,-0.643351731894551,11680.0,1.583096969688464,11680.0,-8.872783734913016,11680.0,-7.53523620164555,11680.0,-5.757597565406764,11680.0,-1.3099382313846382,11680.0,-0.6421010568276503,11680.0,1.5846158628325306
11690.0,-8.873041824743371,11690.0,-7.535988711489734,11690.0,-5.758462877346696,11690.0,-1.3112203046382174,11690.0,-0.6434569508857436,11690.0,1.5829666322111828,11690.0,-8.8727877752338,11690.0,-7.535257444549678,11690.0,-5.757639362818078,11690.0,-1.3100349979761043,11690.0,-0.6422064955143952,11690.0,1.584480579160319
11700.0,-8.873051058498802,11700.0,-7.536012094354132,11700.0,-5.758508000494629,11700.0,-1.3113180004708223,11700.0,-0.6435623475677524,11700.0,1.5828360896967733,11700.0,-8.87279192321157,11700.0,-7.535278778997331,11700.0,-5.757681257571922,11700.0,-1.3101318484879863,11700.0,-0.6423120129187869,11700.0,1.5843452417264041
11710.0,-8.873060441442089,11710.0,-7.536035643994656,11710.0,-5.758553282941256,11710.0,-1.3114158684642623,11710.0,-0.643667921936574,11710.0,1.58270534245931,11710.0,-8.87279617921142,11710.0,-7.535300205528713,11710.0,-5.757723250139827,11710.0,-1.3102287835289277,11710.0,-0.642417609705262,11710.0,1.5842098495961288
11720.0,-8.873069973909608,11720.0,-7.536059360548931,11720.0,-5.758598724902812,11720.0,-1.3115139086801992,11720.0,-0.6437736739906451,11720.0,1.582574390806988,11720.0,-8.87280054359571,11720.0,-7.535321724679367,11720.0,-5.757765340989453,11720.0,-1.3103258037021497,11720.0,-0.6425232865322252,11720.0,1.5840744018438284
11730.0,-8.873079656236335,11730.0,-7.536083244155423,11730.0,-5.758644326595422,11730.0,-1.3116121211820104,11730.0,-0.6438796037308003,11730.0,1.5824432350421858,11730.0,-8.872805016724122,11730.0,-7.535343336980274,11730.0,-5.757807530584599,11730.0,-1.310422909605535,11730.0,-0.6426290440521158,11730.0,1.5839388975527733
11740.0,-8.87308948875592,11740.0,-7.536107294953407,11740.0,-5.758690088235327,11740.0,-1.311710506034709,11740.0,-0.6439857111602204,11740.0,1.582311875461573,11740.0,-8.87280959895374,11740.0,-7.53536504295785,11740.0,-5.757849819385309,11740.0,-1.3105201018317156,11740.0,-0.6427348829115399,11740.0,1.5838033358150034
11750.0,-8.873099471800456,11750.0,-7.536131513082866,11750.0,-5.758736010038605,11750.0,-1.3118090633049122,11750.0,-0.6440919962843793,11750.0,1.5821803123561915,11750.0,-8.872814290639045,11750.0,-7.535386843134094,11750.0,-5.757892207847912,11750.0,-1.3106173809681465,11750.0,-0.6428408037512878,11750.0,1.583667715731245
11760.0,-8.873109605700913,11760.0,-7.536155898684686,11760.0,-5.758782092221246,11760.0,-1.3119077930608223,11760.0,-0.6441984591110025,11760.0,1.5820485460115454,11760.0,-8.872819092132028,11760.0,-7.535408738026617,11760.0,-5.7579346964250835,11760.0,-1.3107147475971974,11760.0,-0.6429468072065078,11760.0,1.5835320364107675
11770.0,-8.8731198907868,11770.0,-7.53618045190038,11770.0,-5.758828334999106,11770.0,-1.3120066953721636,11770.0,-0.6443050996500185,11770.0,1.5819165767076642,11770.0,-8.872824003782204,11770.0,-7.535430728148717,11770.0,-5.757977285565915,11770.0,-1.3108122022962119,11770.0,-0.6430528939067239,11770.0,1.5833962969712887
11780.0,-8.87313032738617,11780.0,-7.536205172872161,11780.0,-5.758874738587923,11780.0,-1.3121057703101466,11780.0,-0.6444119179135104,11780.0,1.5817844047192078,11780.0,-8.872829025936653,11780.0,-7.535452814009475,11780.0,-5.758019975715993,11780.0,-1.3109097456375773,11780.0,-0.6431590644759464,11780.0,1.5832604965388244
11790.0,-8.873140915825669,11790.0,-7.536230061742882,11790.0,-5.758921303203233,11790.0,-1.312205017947452,11790.0,-0.6445189139156768,11790.0,1.581652030315535,11790.0,-8.872834158940087,11790.0,-7.535474996113772,11790.0,-5.758062767317428,11790.0,-1.3110073781888438,11790.0,-0.6432653195327492,11790.0,1.5831246342476275
11800.0,-8.87315165643057,11800.0,-7.536255118656054,11800.0,-5.758968029060451,11800.0,-1.3123044383581697,11800.0,-0.6446260876727871,11800.0,1.5815194537607888,11800.0,-8.872839403134888,11800.0,-7.535497274962408,11800.0,-5.758105660808929,11800.0,-1.3111051005127417,11800.0,-0.6433716596903415,11800.0,1.5829887092400265
11810.0,-8.87316254952469,11810.0,-7.536280343755712,11810.0,-5.759014916374825,11810.0,-1.3124040316177714,11810.0,-0.6447334392031319,11810.0,1.5813866753139572,11810.0,-8.872844758861142,11810.0,-7.53551965105213,11810.0,-5.758148656625824,11810.0,-1.3112029131672986,11810.0,-0.643478085556641,11810.0,1.5828527206663645
11820.0,-8.87317359543044,11820.0,-7.53630573718659,11820.0,-5.759061965361372,11820.0,-1.3125037978030913,11820.0,-0.644840968526991,11820.0,1.5812536952289704,11820.0,-8.872850226456697,11820.0,-7.5355421248756915,11820.0,-5.758191755200181,11820.0,-1.311300816705872,11820.0,-0.6435845977343797,11820.0,1.5827166676848403
11830.0,-8.873184794468829,11830.0,-7.536331299093938,11830.0,-5.759109176234879,11830.0,-1.312603736992259,11830.0,-0.6449486756665856,11830.0,1.5811205137547706,11830.0,-8.87285580625721,11830.0,-7.535564696921963,11830.0,-5.758234956960815,11830.0,-1.311398811677251,11830.0,-0.6436911968211511,11830.0,1.5825805494614664
11840.0,-8.873196146959428,11840.0,-7.536357029623527,11840.0,-5.759156549209865,11840.0,-1.3127038492646903,11840.0,-0.6450565606460326,11840.0,1.5809871311353907,11840.0,-8.872861498596189,11840.0,-7.535587367675922,11840.0,-5.758278262333342,11840.0,-1.311496898625712,11840.0,-0.6437978834094996,11840.0,1.5824443651698903
11850.0,-8.873207653220373,11850.0,-7.536382928921616,11850.0,-5.759204084500616,11850.0,-1.3128041347010524,11850.0,-0.6451646234913141,11850.0,1.5808535476100123,11850.0,-8.872867303804997,11850.0,-7.53561013761878,11850.0,-5.758321671740261,11850.0,-1.3115950780910717,11850.0,-0.6439046580869859,11850.0,1.5823081139913688
11860.0,-8.873219313568358,11860.0,-7.536408997134944,11860.0,-5.759251782321048,11860.0,-1.3129045933832137,11860.0,-0.6452728642302318,11860.0,1.5807197634130565,11860.0,-8.87287322221292,11860.0,-7.535633007227992,11860.0,-5.7583651856009785,11860.0,-1.311693350608784,11860.0,-0.6440115214362588,11860.0,1.5821717951146002
11870.0,-8.873231128318672,11870.0,-7.536435234410654,11870.0,-5.7592996428849625,11870.0,-1.3130052253942321,11870.0,-0.6453812828923663,11870.0,1.5805857787742472,11870.0,-8.872879254147229,11870.0,-7.535655976977334,11870.0,-5.758408804331867,11870.0,-1.311791716709975,11870.0,-0.6441184740351286,11870.0,1.5820354077356844
11880.0,-8.873243097785103,11880.0,-7.536461640896387,11880.0,-5.75934766640576,11880.0,-1.3131060308183202,11880.0,-0.645489879509048,11880.0,1.5804515939186867,11880.0,-8.872885399933185,11880.0,-7.535679047336972,11880.0,-5.75845252834631,11880.0,-1.3118901769215139,11880.0,-0.6442255164566417,11880.0,1.5818989510579853
11890.0,-8.873255222279951,11890.0,-7.536488216740211,11890.0,-5.75939585309653,11890.0,-1.3132070097407929,11890.0,-0.6455986541133127,11890.0,1.580317209066908,11890.0,-8.8728916598941,11890.0,-7.53570221877349,11890.0,-5.758496358054749,11890.0,-1.3119887317660976,11890.0,-0.6443326492691339,11890.0,1.5817624242920296
11900.0,-8.873267502114306,11900.0,-7.536514962090553,11900.0,-5.759444203170021,11900.0,-1.3133081622480713,11900.0,-0.6457076067398632,11900.0,1.5801826244349644,11900.0,-8.872898034351332,11900.0,-7.535725491749962,11900.0,-5.758540293864771,11900.0,-1.3120873817622758,11900.0,-0.6444398730363238,11900.0,1.581625826655463
11910.0,-8.873279937597689,11910.0,-7.536541877096185,11910.0,-5.75949271683864,11910.0,-1.3134094884276308,11910.0,-0.6458167374250409,11910.0,1.5800478402344895,11910.0,-8.872904523624369,11910.0,-7.5357488667260135,11910.0,-5.7585843361810785,11910.0,-1.3121861274245368,11910.0,-0.64454718831733,11910.0,1.5814891573728982
11920.0,-8.873292529038169,11920.0,-7.536568961906233,11920.0,-5.759541394314359,11920.0,-1.3135109883679668,11920.0,-0.6459260462067833,11920.0,1.5799128566727645,11920.0,-8.872911128030855,11920.0,-7.535772344157829,11920.0,-5.758628485405601,11920.0,-1.3122849692633585,11920.0,-0.6446545956667917,11920.0,1.5813524156758576
11930.0,-8.873305276742363,11930.0,-7.536596216670102,11930.0,-5.7595902358088695,11930.0,-1.3136126621585855,11930.0,-0.6460355331245865,11930.0,1.5797776739527736,11930.0,-8.872917847886573,11930.0,-7.535795924498268,11930.0,-5.758672741937512,11930.0,-1.3123839077852695,11930.0,-0.6447620956348975,11930.0,1.581215600802667
11940.0,-8.873318181015451,11940.0,-7.536623641537515,11940.0,-5.759639241533476,11940.0,-1.313714509889967,11940.0,-0.646145198219482,11940.0,1.5796422922732851,11940.0,-8.872924683505556,11940.0,-7.535819608196865,11940.0,-5.758717106173257,11940.0,-1.3124829434928935,11940.0,-0.6448696887674648,11940.0,1.5810787119983973
11950.0,-8.873331242161159,11950.0,-7.536651236658548,11950.0,-5.7596884116990505,11950.0,-1.3138165316535189,11950.0,-0.6462550415339918,11950.0,1.579506711828908,11950.0,-8.87293163520006,11950.0,-7.535843395699929,11950.0,-5.758761578506632,11950.0,-1.3125820768850263,11950.0,-0.6449773756059821,11950.0,1.5809417485147281
11960.0,-8.873344460481771,11960.0,-7.536679002183483,11960.0,-5.759737746516047,11960.0,-1.313918727541589,11960.0,-0.6463650631120996,11960.0,1.5793709328101533,11960.0,-8.872938703280616,11960.0,-7.5358672874505155,11960.0,-5.758806159328811,11960.0,-1.3126813084566729,11960.0,-0.6450851566876912,11960.0,1.5808047096099138
11970.0,-8.873357836278105,11970.0,-7.536706938262846,11970.0,-5.759787246194503,11970.0,-1.3140210976474105,11970.0,-0.6464752629992223,11970.0,1.579234955403491,11970.0,-8.87294588805609,11970.0,-7.5358912838885335,11970.0,-5.758850849028381,11970.0,-1.312780638699109,11970.0,-0.6451930325456279,11970.0,1.580667594548637
11980.0,-8.873371369849558,11980.0,-7.536735045047374,11980.0,-5.759836910943991,11980.0,-1.314123642065069,11980.0,-0.6465856412421701,11980.0,1.5790987797914182,11980.0,-8.87295318983365,11980.0,-7.535915385450785,11980.0,-5.758895647991377,11980.0,-1.31288006809994,11980.0,-0.6453010037086939,11980.0,1.5805304026019942
11990.0,-8.873385061494083,11990.0,-7.5367633226880155,11990.0,-5.759886740973621,11990.0,-1.3142263608895106,11990.0,-0.6466961978891181,11990.0,1.5789624061525263,11990.0,-8.872960608918847,11990.0,-7.535939592571,11990.0,-5.7589405566013445,11990.0,-1.3129795971431337,11990.0,-0.645409070701698,11990.0,1.5803931330473833
12000.0,-8.873398911508131,12000.0,-7.536791771335837,12000.0,-5.759936736492146,12000.0,-1.3143292542164844,12000.0,-0.6468069329895794,12000.0,1.5788258346615454,12000.0,-8.872968145615651,12000.0,-7.535963905679884,12000.0,-5.758985575239342,12000.0,-1.313079226309087,12000.0,-0.6455172340454338,12000.0,1.5802557851683985
12010.0,-8.87341292018676,12010.0,-7.536820391142204,12010.0,-5.7599868977077895,12010.0,-1.3144323221425165,12010.0,-0.646917846594365,12010.0,1.5786890654894103,12010.0,-8.8729758002264,12010.0,-7.535988325205155,12010.0,-5.75903070428404,12010.0,-1.313178956074682,12010.0,-0.645625494256721,12010.0,1.5801183582547904
12020.0,-8.873427087823382,12020.0,-7.53684918225858,12020.0,-5.760037224828286,12020.0,-1.3145355647649184,12020.0,-0.6470289387555618,12020.0,1.5785520988033181,12020.0,-8.872983573051982,12020.0,-7.536012851571604,12020.0,-5.759075944111667,12020.0,-1.3132787869133098,12020.0,-0.64573385184845,12020.0,1.5799808516023608
12030.0,-8.873441414710314,12030.0,-7.536878144836536,12030.0,-5.76008771806089,12030.0,-1.314638982181737,12030.0,-0.6471402095265025,12030.0,1.5784149347667944,12030.0,-8.872991464391639,12030.0,-7.536037485201133,12030.0,-5.759121295096141,12030.0,-1.313378719294941,12030.0,-0.6458423073296689,12030.0,1.579843264512903
12040.0,-8.873455901138271,12040.0,-7.536907279027775,12040.0,-5.760138377612347,12040.0,-1.3147425744917225,12040.0,-0.6472516589617309,12040.0,1.5782775735397228,12040.0,-8.87299947454315,12040.0,-7.536062226512766,12040.0,-5.759166757609034,12040.0,-1.3134787536861685,12040.0,-0.6459508612055949,12040.0,1.5797055962941042
12050.0,-8.873470547396506,12050.0,-7.5369365849840895,12050.0,-5.760189203688809,12050.0,-1.3148463417943432,12050.0,-0.6473632871169807,12050.0,1.578140015278424,12050.0,-8.873007603802908,12050.0,-7.536087075922739,12050.0,-5.759212332019648,12050.0,-1.3135788905502566,12050.0,-0.6460595139776888,12050.0,1.5795678462595149
12060.0,-8.873485353925638,12060.0,-7.536966063113598,12060.0,-5.760240196900211,12060.0,-1.314950284961343,12060.0,-0.6474750948757799,12060.0,1.5780022591264664,12060.0,-8.87301585343212,12060.0,-7.536112036481439,12060.0,-5.7592580234054225,12060.0,-1.3136791405133867,12060.0,-0.6461682771610907,12060.0,1.5794299998034211
12070.0,-8.873500322441942,12070.0,-7.53699571550631,12070.0,-5.760291360114581,12070.0,-1.3150544085592037,12070.0,-0.6475870870318301,12070.0,1.577864299601413,12070.0,-8.873024224783363,12070.0,-7.536137110567391,12070.0,-5.759303835230122,12070.0,-1.3137795101038425,12070.0,-0.6462771577848155,12070.0,1.5792920481340051
12080.0,-8.873515454119786,12080.0,-7.537025543098638,12080.0,-5.7603426941702205,12080.0,-1.3151587129488924,12080.0,-0.6476992638478902,12080.0,1.5777261368309776,12080.0,-8.873032716559837,12080.0,-7.536162293963209,12080.0,-5.759349759463221,12080.0,-1.313879981466889,12080.0,-0.6463861364840298,12080.0,1.579154015722049
12090.0,-8.87353074887688,12090.0,-7.537055545550113,12090.0,-5.760394198597385,12090.0,-1.3152631971080446,12090.0,-0.6478116241923837,12090.0,1.5775877723731018,12090.0,-8.87304132901597,12090.0,-7.536187587107271,12090.0,-5.759395796583773,12090.0,-1.3139805553970791,12090.0,-0.6464952141251088,12090.0,1.5790159014036496
12100.0,-8.873546205842413,12100.0,-7.537085721765163,12100.0,-5.76044587221642,12100.0,-1.3153678594191653,12100.0,-0.6479241663560642,12100.0,1.5774492083047593,12100.0,-8.873050062407442,12100.0,-7.536212990426618,12100.0,-5.7594419470459455,12100.0,-1.3140812326261133,12100.0,-0.6466043915053453,12100.0,1.578877704105696
12110.0,-8.873561823682081,12110.0,-7.537116070209605,12110.0,-5.760497713442019,12110.0,-1.3154726979435782,12110.0,-0.6480368883214265,12110.0,1.5773104469676078,12110.0,-8.873058916981478,12110.0,-7.536238504329096,12110.0,-5.759488211273534,12110.0,-1.3141820138234894,12110.0,-0.6467136693546479,12110.0,1.5787394228408673
12120.0,-8.873577600809297,12120.0,-7.537146589115887,12120.0,-5.760549720479985,12120.0,-1.3155777105969841,12120.0,-0.6481497879351051,12120.0,1.5771714908061012,12120.0,-8.87306789297158,12120.0,-7.536264129199699,12120.0,-5.759534589658261,12120.0,-1.3142828996000886,12120.0,-0.6468230483399001,12120.0,1.5786010567004691
12130.0,-8.873593535537472,12130.0,-7.53717727663101,12130.0,-5.76060189146888,12130.0,-1.315682895275623,12130.0,-0.6482628630317042,12130.0,1.5770323422513866,12130.0,-8.873076990595013,12130.0,-7.536289865399473,12130.0,-5.759581082560327,12130.0,-1.3143838905130634,12130.0,-0.646932529070551,12130.0,1.5784626048465134
12140.0,-8.873609626189051,12140.0,-7.537208130922242,12140.0,-5.760654224581128,12140.0,-1.3157882499457625,12140.0,-0.6483761115215502,12140.0,1.5768930036393132,12140.0,-8.873086210052332,12140.0,-7.53631571326608,12140.0,-5.759627690310345,12140.0,-1.3144849870713797,12140.0,-0.6470421121047336,12140.0,1.5783240665036153
12150.0,-8.873625871170944,12150.0,-7.537239150250172,12150.0,-5.760706718092554,12150.0,-1.315893772704592,12150.0,-0.6484895314502828,12150.0,1.5767534771551783,12150.0,-8.873095551528044,12150.0,-7.536341673115452,12150.0,-5.759674413212104,12150.0,-1.3145861897415825,12150.0,-0.6471517979554425,12150.0,1.5781854409512226
12160.0,-8.873642269019808,12160.0,-7.537270333012091,12160.0,-5.760759370423162,12160.0,-1.315999461814454,12160.0,-0.6486031210321157,12160.0,1.5766137648037037,12160.0,-8.87310501519193,12160.0,-7.536367745243868,12160.0,-5.75972125154558,12160.0,-1.3146874989532407,12160.0,-0.6472615870964531,12160.0,1.5780467275163739
12170.0,-8.87365881841083,12170.0,-7.537301677749392,12170.0,-5.760812180142589,12170.0,-1.3161053157034102,12170.0,-0.6487168786496551,12170.0,1.576473868411673,12170.0,-8.873114601200218,12170.0,-7.536393929929711,12170.0,-5.759768205569483,12170.0,-1.3147889151035919,12170.0,-0.6473714799672096,12170.0,1.5779079255676876
12180.0,-8.873675518150634,12180.0,-7.537333183139452,12180.0,-5.760865145960487,12180.0,-1.3162113329519545,12180.0,-0.648830802840066,12180.0,1.5763337896436151,12180.0,-8.873124309696436,12180.0,-7.536420227434936,12180.0,-5.759815275523267,12180.0,-1.3148904385612392,12180.0,-0.6474814769768528,12180.0,1.5777690345104207
12190.0,-8.873692367170397,12190.0,-7.537364847987918,12190.0,-5.760918266717729,12190.0,-1.3163175122814117,12190.0,-0.6489448922830555,12190.0,1.5761935300152088,12190.0,-8.873134140812352,12190.0,-7.536446638006386,12190.0,-5.759862461629123,12190.0,-1.3149920696694741,12190.0,-0.6475915785077061,12190.0,1.5776300537822072
12200.0,-8.873709364517858,12200.0,-7.537396671220167,12200.0,-5.760971541377027,12200.0,-1.3164238525424985,12200.0,-0.649059145789111,12200.0,1.5760530909061006,12200.0,-8.873144094668916,12200.0,-7.536473161877112,12200.0,-5.7599097640936,12200.0,-1.3150938087491655,12200.0,-0.6477017849184187,12200.0,1.5774909828492925
12210.0,-8.87372650934845,12210.0,-7.537428651871925,12210.0,-5.761024969012934,12210.0,-1.3165303527037275,12210.0,-0.6491735622876681,12210.0,1.5759124735725347,12210.0,-8.873154171377108,12210.0,-7.536499799267577,12210.0,-5.759957183109235,12210.0,-1.315195656101332,12210.0,-0.6478120965466143,12210.0,1.577351821203326
12220.0,-8.873743800916131,12220.0,-7.5374607890798115,12220.0,-5.761078548801893,12220.0,-1.3166370118402915,12220.0,-0.6492881408158157,12220.0,1.5757716791592558,12220.0,-8.87316437103885,12220.0,-7.536526550386766,12220.0,-5.760004718855922,12220.0,-1.3152976120092856,12220.0,-0.6479225137112419,12220.0,1.5772125683585927
12230.0,-8.873761238564553,12230.0,-7.53749308207221,12230.0,-5.761132280012798,12230.0,-1.3167438291236906,12230.0,-0.6494028805077838,12230.0,1.5756307087104837,12230.0,-8.873174693747734,12230.0,-7.536553415433149,12230.0,-5.760052371502171,12230.0,-1.3153996767406084,12230.0,-0.6480330367145912,12230.0,1.5770732238496021
12240.0,-8.87377882171593,12240.0,-7.5375255301579225,12240.0,-5.761186161995349,12240.0,-1.3168508038094315,12240.0,-0.6495177805825371,12240.0,1.5754895631826793,12240.0,-8.873185139589609,12240.0,-7.5365803945955,12240.0,-5.760100141206105,12240.0,-1.3155018505486566,12240.0,-0.6481436658439248,12240.0,1.5769337872291513
12250.0,-8.873796549853424,12250.0,-7.5375581327084324,12250.0,-5.761240194162132,12250.0,-1.3169579352185634,12250.0,-0.6496328403252362,12250.0,1.575348243463353,12250.0,-8.87319570864291,12250.0,-7.536607488053306,12250.0,-5.760148028115999,12250.0,-1.3156041336736166,12250.0,-0.6482544013726078,12250.0,1.5767942580669443
12260.0,-8.873814422504214,12260.0,-7.537590889140823,12260.0,-5.761294375971377,12260.0,-1.31706522272007,12260.0,-0.6497480590695566,12260.0,1.5752067503889577,12260.0,-8.873206400978578,12260.0,-7.536634695976847,12260.0,-5.760196032370567,12260.0,-1.315706526343142,12260.0,-0.6483652435608239,12260.0,1.5766546359486235
12270.0,-8.87383243922574,12270.0,-7.537623798903942,12270.0,-5.761348706913025,12270.0,-1.3171726657166027,12270.0,-0.6498634361833826,12270.0,1.5750650847593617,12270.0,-8.873217216660011,12270.0,-7.536662018527227,12270.0,-5.760244154099058,12270.0,-1.3158090287728348,12270.0,-0.6484761926560583,12270.0,1.576514920475131
12280.0,-8.873850599593666,12280.0,-7.537656861466288,12280.0,-5.761403186496503,12280.0,-1.31728026363205,12280.0,-0.649978971056335,12280.0,1.574923247350472,12280.0,-8.873228155742813,12280.0,-7.536689455856297,12280.0,-5.7602923934212935,12280.0,-1.3159116411665008,12280.0,-0.6485872488934223,12280.0,1.5763751112621935
12290.0,-8.873868903191475,12290.0,-7.53769007630553,12290.0,-5.761457814240211,12290.0,-1.3173880159008091,12290.0,-0.6500946630890176,12290.0,1.5747812389250486,12290.0,-8.873239218274643,12290.0,-7.536717008106484,12290.0,-5.760340750447596,12290.0,-1.3160143637163193,12290.0,-0.6486984124958791,12290.0,1.5762352079399686
12300.0,-8.873887349513343,12300.0,-7.5377234427513695,12300.0,-5.761512589430009,12300.0,-1.3174959215152848,12300.0,-0.6502105112087716,12300.0,1.5746390608226573,12300.0,-8.873250403439476,12300.0,-7.536744673445009,12300.0,-5.760389221910804,12300.0,-1.3161171895724404,12300.0,-0.6488096760753989,12300.0,1.5760952196869862
12310.0,-8.873905937010731,12310.0,-7.537756958621438,12310.0,-5.761567509177866,12310.0,-1.3176039756402145,12310.0,-0.6503265102667457,12310.0,1.5744967192860948,12310.0,-8.873261709140474,12310.0,-7.536772447836775,12310.0,-5.760437801176964,12310.0,-1.3162201054773721,12310.0,-0.6489210253643986,12310.0,1.5759551641673868
12320.0,-8.873924664261946,12320.0,-7.5377906224526345,12320.0,-5.761622572146428,12320.0,-1.317712177072347,12320.0,-0.650442659059327,12320.0,1.5743542155695167,12320.0,-8.873273137959155,12320.0,-7.536800337553885,12320.0,-5.760486499031624,12320.0,-1.3163231341672064,12320.0,-0.6490324849714864,12320.0,1.5758150103574615
12330.0,-8.87394353009158,12330.0,-7.5378244331014,12330.0,-5.761677777418554,12330.0,-1.3178205252828412,12330.0,-0.650558957095791,12330.0,1.5742115500854372,12330.0,-8.873284689961624,12330.0,-7.536828342682429,12330.0,-5.760535315441306,12330.0,-1.3164262754542384,12330.0,-0.6491440547022489,12330.0,1.5756747584343254
12340.0,-8.87396253356519,12340.0,-7.537858389632754,12340.0,-5.761733124237964,12340.0,-1.3179290197865956,12340.0,-0.650675403911774,12340.0,1.57406872327733,12340.0,-8.873296365167535,12340.0,-7.536856463272279,12340.0,-5.760584250350775,12340.0,-1.3165295291651098,12340.0,-0.6492557343820509,12340.0,1.5755344085373209
12350.0,-8.873981673902236,12350.0,-7.537892491242293,12350.0,-5.761788611944144,12350.0,-1.3180376601087838,12350.0,-0.6507919990405796,12350.0,1.5739257356324048,12350.0,-8.87330816356181,12350.0,-7.536884699346963,12350.0,-5.760633303690613,12350.0,-1.3166328951422483,12350.0,-0.6493675238564892,12350.0,1.575393960770728
12360.0,-8.87400095040503,12360.0,-7.537926737191365,12360.0,-5.7618442399160745,12360.0,-1.3181464457507523,12360.0,-0.6509087419823733,12360.0,1.5737825877014973,12360.0,-8.873320085102995,12360.0,-7.53691305091039,12360.0,-5.760682475381893,12360.0,-1.3167363732433224,12360.0,-0.6494794229900958,12360.0,1.5752534152078916
12370.0,-8.87402036241648,12370.0,-7.537961126769215,12370.0,-5.7619000075409925,12370.0,-1.318255376174744,12370.0,-0.651025632191319,12370.0,1.5736392801038608,12370.0,-8.87333212972901,12370.0,-7.536941517951332,12370.0,-5.760731765339001,12370.0,-1.316839963339737,12370.0,-0.649591431664116,12370.0,1.575112771895669
12380.0,-8.874039909295922,12380.0,-7.537995659272337,12380.0,-5.761955914198448,12380.0,-1.3183644507999286,12380.0,-0.6511426690733955,12380.0,1.5734958135234443,12380.0,-8.873344297361113,12380.0,-7.536970100446361,12380.0,-5.760781173471151,12380.0,-1.3169436653145716,12380.0,-0.6497035497738836,12380.0,1.574972030858981
12390.0,-8.874059590405308,12390.0,-7.538030333993128,12390.0,-5.762011959252568,12390.0,-1.3184736690035896,12390.0,-0.6512598519889363,12390.0,1.5733521887018338,12390.0,-8.87335658790665,12390.0,-7.53699879836157,12390.0,-5.760830699683072,12390.0,-1.3170474790602233,12390.0,-0.6498157772260543,12390.0,1.57483119210513
12400.0,-8.874079405099758,12400.0,-7.538065150212366,12400.0,-5.762068142047232,12400.0,-1.3185830301230235,12400.0,-0.6513771802555237,12400.0,1.5732084064320553,12400.0,-8.873369001260775,12400.0,-7.537027611653672,12400.0,-5.7608803438750495,12400.0,-1.3171514044760817,12400.0,-0.6499281139358294,12400.0,1.5746902556278617
12410.0,-8.87409935272,12410.0,-7.5381001071930545,12410.0,-5.762124461901938,12410.0,-1.318692533456438,12410.0,-0.651494653149663,12410.0,1.573064467554376,12410.0,-8.873381537307566,12410.0,-7.537056540270457,12410.0,-5.76093010594266,12410.0,-1.3172554414661544,12410.0,-0.6500405598243448,12410.0,1.5745492214110484
12420.0,-8.87411943258705,12420.0,-7.538135204176138,12420.0,-5.762180918109015,12420.0,-1.3188021782640413,12420.0,-0.6516122699084049,12420.0,1.5729203729527883,12420.0,-8.873394195920659,12420.0,-7.537085584150901,12420.0,-5.76097998577622,12420.0,-1.3173595899368955,12420.0,-0.6501531148161623,12420.0,1.5744080894320396
12430.0,-8.874139643998577,12430.0,-7.5381704403777805,12430.0,-5.762237509932103,12430.0,-1.3189119637691524,12430.0,-0.6517300297309214,12430.0,1.572776123552052,12430.0,-8.873406976963482,12430.0,-7.537114743225069,12430.0,-5.7610299832601335,12430.0,-1.3174638497951092,12430.0,-0.6502657788370347,12430.0,1.5742668596646858
12440.0,-8.87415998622656,12440.0,-7.538205814987571,12440.0,-5.762294236605168,12440.0,-1.319021889159516,12440.0,-0.6518479317800986,12440.0,1.57263172031501,12440.0,-8.873419880289402,12440.0,-7.537144017413837,12440.0,-5.761080098272172,12440.0,-1.3175682209461377,12440.0,-0.6503785518118625,12440.0,1.5741255320819285
12450.0,-8.874180458516008,12450.0,-7.538241327167612,12450.0,-5.762351097332257,12450.0,-1.319131953588643,12450.0,-0.6519659751841593,12450.0,1.5724871642402205,12450.0,-8.87343290574162,12450.0,-7.537173406628539,12450.0,-5.76113033068277,12450.0,-1.3176727032921856,12450.0,-0.6504914336628956,12450.0,1.5739841066581244
12460.0,-8.874201060084316,12460.0,-7.53827697605229,12460.0,-5.7624080912877655,12460.0,-1.3192421561772862,12460.0,-0.6520841590382768,12460.0,1.5723424563596897,12460.0,-8.873446053153081,12460.0,-7.537202910770631,12460.0,-5.76118068035438,12460.0,-1.3177772967308445,12460.0,-0.6506044243081365,12460.0,1.5738425833710357
12470.0,-8.874221790121078,12470.0,-7.53831276074831,12470.0,-5.762465217616847,12470.0,-1.3193524960147442,12470.0,-0.6522024824060433,12470.0,1.5721975977370353,12470.0,-8.873459322346235,12470.0,-7.537232529731273,12470.0,-5.761231147140783,12470.0,-1.317882001153803,12470.0,-0.6507175236599495,12470.0,1.5737009622035216
12480.0,-8.874242647787115,12480.0,-7.5383486803339945,12480.0,-5.762522475434986,12480.0,-1.3194629721591218,12480.0,-0.6523209443198172,12480.0,1.57205258946673,12480.0,-8.873472713132813,12480.0,-7.537262263390935,12480.0,-5.761281730886497,12480.0,-1.3179868164456934,12480.0,-0.650830731623809,12480.0,1.5735592431451222
12490.0,-8.87426363221291,12490.0,-7.53838473385767,12490.0,-5.762579863826596,12490.0,-1.3195735836364395,12490.0,-0.652439543779913,12490.0,1.5719074326747458,12490.0,-8.873486225313425,12490.0,-7.537292111618929,12490.0,-5.761332431426081,12490.0,-1.3180917424829863,12490.0,-0.6509440480971398,12490.0,1.5734174261934168
12500.0,-8.874284742496927,12500.0,-7.5384209203361525,12500.0,-5.762637381843688,12500.0,-1.3196843294396965,12500.0,-0.6525582797537153,12500.0,1.5717621285191736,12500.0,-8.873499858677244,12500.0,-7.537322074272869,12500.0,-5.761383248583558,12500.0,-1.3181967791329412,12500.0,-0.6510574729682348,12500.0,1.5732755113553087
12510.0,-8.874305977704353,12510.0,-7.538457238753575,12510.0,-5.762695028504773,12510.0,-1.3197952085281655,12510.0,-0.6526771511750143,12510.0,1.5716166781908385,12510.0,-8.87351361300159,12510.0,-7.537352151198268,12510.0,-5.76143418217176,12510.0,-1.3183019262527589,12510.0,-0.6511710061153168,12510.0,1.5731334986480823
12520.0,-8.874327336866386,12520.0,-7.538493688060947,12520.0,-5.762752802794585,12520.0,-1.3199062198270195,12520.0,-0.6527961569436879,12520.0,1.5714710829134393,12520.0,-8.873527488051566,12520.0,-7.537382342228049,12520.0,-5.761485231991862,12520.0,-1.3184071836887905,12520.0,-0.651284647405733,12520.0,1.572991388100369
12530.0,-8.87434881898001,12530.0,-7.538530267175717,12530.0,-5.762810703663656,12530.0,-1.32001736222743,12530.0,-0.6529152959257726,12530.0,1.5713253439434862,12530.0,-8.87354148357979,12530.0,-7.537412647182239,12530.0,-5.761536397832839,12530.0,-1.3185125512758264,12530.0,-0.6513983966952136,12530.0,1.572849179752968
12540.0,-8.874370423008232,12540.0,-7.538566974982074,12540.0,-5.7628687300287265,12540.0,-1.3201286345869163,12540.0,-0.6530345669538986,12540.0,1.5711794625697268,12540.0,-8.87355559932603,12540.0,-7.5374430658675875,12540.0,-5.761587679471146,12540.0,-1.3186180288365452,12540.0,-0.6515122538272983,12540.0,1.5727068736595324
12550.0,-8.874392147880641,12550.0,-7.538603810331572,12550.0,-5.762926880773362,12550.0,-1.3202400357301414,12550.0,-0.6531539688280197,12550.0,1.571033440112474,12550.0,-8.873569835016976,12550.0,-7.537473598077251,12550.0,-5.761639076670287,12550.0,-1.3187236161809843,12550.0,-0.6516262186327826,12550.0,1.5725644698871581
12560.0,-8.87441399249397,12560.0,-7.538640772043681,12560.0,-5.762985154748594,12560.0,-1.32035156444955,12560.0,-0.6532735003161291,12560.0,1.5708872779227712,12560.0,-8.873584190366016,12560.0,-7.537504243590524,12560.0,-5.7616905891804775,12560.0,-1.31882931310609,12560.0,-0.6517402909292247,12560.0,1.5724219685169598
12570.0,-8.874435955711968,12570.0,-7.538677858905702,12570.0,-5.763043550772825,12570.0,-1.3204632195053783,12570.0,-0.6533931601542309,12570.0,1.5707409773824903,12570.0,-8.873598665072866,12570.0,-7.537535002172529,12570.0,-5.761742216738321,12570.0,-1.3189351193952077,12570.0,-0.6518544705204741,12570.0,1.5722793696445372
12580.0,-8.874458036365182,12580.0,-7.538715069672487,12580.0,-5.763102067631572,12580.0,-1.3205749996254423,12580.0,-0.6535129470461524,12580.0,1.570594539904444,12580.0,-8.873613258823331,12580.0,-7.537565873573898,12580.0,-5.761793959066421,12580.0,-1.3190410348177233,12580.0,-0.6519687571962558,12580.0,1.5721366733804953
12590.0,-8.874480233251235,12590.0,-7.538752403066783,12590.0,-5.763160704077852,12590.0,-1.3206869035054942,12590.0,-0.6536328596639079,12590.0,1.5704479669320603,12590.0,-8.873627971289102,12590.0,-7.537596857530499,12590.0,-5.761845815873128,12590.0,-1.3191470591286525,12590.0,-0.6520831507317723,12590.0,1.571993879850834
12600.0,-8.87450254513566,12600.0,-7.538789857779969,12600.0,-5.7632194588329675,12600.0,-1.3207989298101332,12600.0,-0.6537528966485773,12600.0,1.5703012599384876,12600.0,-8.873642802127437,12600.0,-7.537627953763237,12600.0,-5.761897786852268,12600.0,-1.3192531920683717,12600.0,-0.6521976508874058,12600.0,1.5718509891972614
12610.0,-8.874524970753075,12610.0,-7.538827432473395,12610.0,-5.763278330587679,12610.0,-1.320911077173909,12610.0,-0.6538730566114661,12610.0,1.5701544204254287,12610.0,-8.873657750981069,12610.0,-7.537659161977882,12610.0,-5.76194987168293,12610.0,-1.3193594333623204,12610.0,-0.6523122574084604,12610.0,1.5717080015774918
12620.0,-8.874547509288979,12620.0,-7.538865126566157,12620.0,-5.76333731921437,12620.0,-1.3210233464803078,12620.0,-0.6539933405741971,12620.0,1.570007446944801,12620.0,-8.873672821028155,12620.0,-7.537690488627346,12620.0,-5.762002080919223,12620.0,-1.3194658043148495,12620.0,-0.6524269932720044,12620.0,1.571564888310747
12630.0,-8.87457016005273,12630.0,-7.538902939623997,12630.0,-5.7633964247617255,12630.0,-1.3211357388660023,12630.0,-0.6541137498233803,12630.0,1.5698603377436378,12630.0,-8.873688010062123,12630.0,-7.5377219291054605,12630.0,-5.762054406768913,12630.0,-1.319572288981289,12630.0,-0.6525418412864666,12630.0,1.5714216707900939
12640.0,-8.87459292168565,12640.0,-7.538940870048151,12640.0,-5.763455645424756,12640.0,-1.321248251881363,12640.0,-0.6542342817977714,12640.0,1.569713095790052,12640.0,-8.873703316291957,12640.0,-7.537753480513973,12640.0,-5.762106844807114,12640.0,-1.3196788790892426,12640.0,-0.6526567925975406,12640.0,1.5712783598151698
12650.0,-8.874615792798828,12650.0,-7.538978916263205,12650.0,-5.763514979494793,12650.0,-1.3213608833579138,12650.0,-0.6543549342453379,12650.0,1.5695657236488783,12650.0,-8.87371873919002,12650.0,-7.537785142448784,12650.0,-5.762159394685221,12650.0,-1.3197855745447717,12650.0,-0.6527718471627919,12650.0,1.5711349552252103
12660.0,-8.874638771922786,12660.0,-7.5390170766430105,12660.0,-5.763574425252415,12660.0,-1.3214736312183653,12660.0,-0.654475705020784,12660.0,1.5694182237259322,12660.0,-8.87373427825941,12660.0,-7.537816914525591,12660.0,-5.762212056061549,12660.0,-1.319892375226242,12660.0,-0.6528870049066196,12660.0,1.5709914569115997
12670.0,-8.874661857521296,12670.0,-7.539055349516914,12670.0,-5.763633980963221,12670.0,-1.3215864934459904,12670.0,-0.6545965920509408,12670.0,1.569270598315916,12670.0,-8.873749933017331,12670.0,-7.5378487963650125,12670.0,-5.762264828588691,12670.0,-1.3199992809774377,12670.0,-0.6530022657142264,12670.0,1.570847864820808
12680.0,-8.874685048002078,12680.0,-7.5390937331750765,12680.0,-5.763693644875604,12680.0,-1.3216994680635452,12680.0,-0.6547175933108291,12680.0,1.5691228496358864,12680.0,-8.873765702983674,12680.0,-7.537880787582578,12680.0,-5.762317711905381,12680.0,-1.320106291604242,12680.0,-0.6531176294290636,12680.0,1.5707041789544214
12690.0,-8.874708341722593,12690.0,-7.539132225870199,12690.0,-5.763753415216969,12690.0,-1.3218125531154907,12690.0,-0.6548387068037792,12690.0,1.568974979852188,12690.0,-8.873781587673092,12690.0,-7.537912887782112,12690.0,-5.762370705631362,12690.0,-1.320213406873547,12690.0,-0.6532330958523784,12690.0,1.5705603993674926
12700.0,-8.87473173699306,12700.0,-7.5391708258175845,12700.0,-5.763813290189599,12700.0,-1.3219257466534466,12700.0,-0.6549599305453032,12700.0,1.5688269911018577,12700.0,-8.873797586589681,12700.0,-7.537945096551332,12700.0,-5.762423809364315,12700.0,-1.3203206265134486,12700.0,-0.6533486647439062,12700.0,1.570416526166092
12710.0,-8.874755232077689,12710.0,-7.539209531194087,12710.0,-5.763873267966557,12710.0,-1.3220390467242327,12710.0,-0.6550812625499473,12710.0,1.5686788855097256,12710.0,-8.873813699223286,12710.0,-7.5379774134590045,12710.0,-5.762477022678035,12710.0,-1.3204279502142011,12710.0,-0.6534643358232576,12710.0,1.570272559504477
12720.0,-8.874778825194225,12720.0,-7.539248340136041,12720.0,-5.76393334668721,12720.0,-1.3221524513595455,12720.0,-0.6552027008200837,12720.0,1.5685306652025948,12720.0,-8.873829925047012,12720.0,-7.538009838053173,12720.0,-5.762530345121525,12720.0,-1.3205353776295572,12720.0,-0.6535801087715907,12720.0,1.5701284995822316
12730.0,-8.874802514515087,12730.0,-7.539287250739004,12730.0,-5.763993524455288,12730.0,-1.3222659585695729,12730.0,-0.6553242433388592,12730.0,1.5683823323185393,12730.0,-8.87384626351549,12730.0,-7.538042369859977,12730.0,-5.762583776218517,12730.0,-1.3206429083781708,12730.0,-0.6536959832333435,12730.0,1.569984346641507
12740.0,-8.874826298169172,12740.0,-7.5393262610587035,12740.0,-5.764053799338488,12740.0,-1.3223795663392885,12740.0,-0.6554458880659795,12740.0,1.5682338890127925,12740.0,-8.87386271406376,12740.0,-7.538075008382934,12740.0,-5.762637315467421,12740.0,-1.3207505420451087,12740.0,-0.6538119588179342,12740.0,1.5698401009645475
12750.0,-8.874850174243582,12750.0,-7.53936536911201,12750.0,-5.764114169368454,12750.0,-1.3224932726259226,12750.0,-0.6555676329348092,12750.0,1.5680853374619246,12750.0,-8.873879276106369,12750.0,-7.538107753102565,12750.0,-5.762690962341343,12750.0,-1.3208582781831348,12750.0,-0.653928035101315,12750.0,1.569695762871419
12760.0,-8.87487414078518,12760.0,-7.539404572877923,12760.0,-5.764174632541023,12760.0,-1.3226070753573467,12760.0,-0.6556894758504629,12760.0,1.5679366798667074,12760.0,-8.873895949036898,12760.0,-7.538140603476157,12760.0,-5.762744716288306,12760.0,-1.3209661163140396,12760.0,-0.6540442116273952,12760.0,1.5695513327180115
12770.0,-8.874898195802068,12770.0,-7.539443870298662,12770.0,-5.764235186816763,12770.0,-1.322720972431186,12770.0,-0.6558114146887046,12770.0,1.567787918453935,12770.0,-8.87391273222753,12770.0,-7.538173558937645,12770.0,-5.7627985767314724,12770.0,-1.3210740559297078,12770.0,-0.6541604879093105,12770.0,1.5694068108943384
12780.0,-8.874922337265104,12780.0,-7.539483259280868,12780.0,-5.764295830121756,12780.0,-1.3228349617145023,12780.0,-0.6559334472954709,12780.0,1.567639055477455,12780.0,-8.873929625028852,12780.0,-7.538206618897596,12780.0,-5.762852543069405,12780.0,-1.3211820964931442,12780.0,-0.6542768634305016,12780.0,1.5692621978229997
12790.0,-8.874946563109884,12790.0,-7.5395227376973315,12790.0,-5.7643565603489995,12790.0,-1.3229490410444373,12790.0,-0.6560555714873864,12790.0,1.5674900932180649,12790.0,-8.873946626769657,12790.0,-7.53823978274324,12790.0,-5.762906614676313,12790.0,-1.3212902374393114,12790.0,-0.654393337645715,12790.0,1.5691174939579098
12800.0,-8.874970871240508,12800.0,-7.539562303390624,12800.0,-5.764417375361803,12800.0,-1.3230632082309572,12800.0,-0.656177785054415,12800.0,1.5673410339811784,12800.0,-8.873963736756881,12800.0,-7.538273049838559,12800.0,-5.762960790902328,12800.0,-1.3213984781759587,12800.0,-0.6545099099818616,12800.0,1.5689726997831503
12810.0,-8.87499525953358,12810.0,-7.539601954176897,12810.0,-5.764478272997409,12810.0,-1.323177461060019,12810.0,-0.656300085762959,12810.0,1.5671918800939777,12810.0,-8.873980954275632,12810.0,-7.538306419524405,12810.0,-5.763015071073836,12810.0,-1.3215068180842928,12810.0,-0.6546265798387881,12810.0,1.5688278158119273
12820.0,-8.875019725840897,12820.0,-7.539641687848498,12820.0,-5.7645392510694835,12820.0,-1.3232917972957177,12820.0,-0.6564224713579425,12820.0,1.5670426339035064,12820.0,-8.87399827858917,12820.0,-7.53833989111868,12820.0,-5.763069454493705,12820.0,-1.3216152565196717,12820.0,-0.6547433465899862,12820.0,1.5686828425857327
12830.0,-8.875044267991381,12830.0,-7.539681502175817,12830.0,-5.76460030736985,12830.0,-1.323406214681734,12830.0,-0.6565449395642248,12830.0,1.566893297775404,12830.0,-8.87401570893899,12830.0,-7.538373463916441,12830.0,-5.7631239404415755,12830.0,-1.3217237928120806,12830.0,-0.6548602095831577,12830.0,1.5685377806735321
12840.0,-8.87506888379248,12840.0,-7.539721394908619,12840.0,-5.764661439669739,12840.0,-1.3235207109423928,12840.0,-0.6566674880876228,12840.0,1.5667438740930009,12840.0,-8.874033244544863,12840.0,-7.538407137190031,12840.0,-5.763178528174041,12840.0,-1.321832426266652,12840.0,-0.6549771681407595,12840.0,1.5683926306711937
12850.0,-8.875093571031236,12850.0,-7.539761363777064,12850.0,-5.76472264572075,12850.0,-1.323635283783456,12850.0,-0.6567901146156786,12850.0,1.56659436525663,12850.0,-8.874050884604886,12850.0,-7.538440910189219,12850.0,-5.76323321692486,12850.0,-1.3219411561640588,12850.0,-0.6550942215604182,12850.0,1.5682473932008651
12860.0,-8.875118327475136,12860.0,-7.539801406492502,12860.0,-5.764783923255624,12860.0,-1.3237499308927692,12860.0,-0.6569128168182866,12860.0,1.5664447736830789,12860.0,-8.874068628295541,12860.0,-7.53847478214132,12860.0,-5.763288005905174,12860.0,-1.3220499817608602,12860.0,-0.6552113691153176,12860.0,1.5681020689105147
12870.0,-8.875143150873495,12870.0,-7.539841520748842,12870.0,-5.764845269989553,12870.0,-1.3238646499414881,12870.0,-0.6570355923489024,12870.0,1.5662951018044313,12870.0,-8.874086474771806,12870.0,-7.538508752251296,12870.0,-5.763342894303635,12870.0,-1.3221589022898386,12870.0,-0.6553286100545633,12870.0,1.5679566584735005
12880.0,-8.875168038960494,12880.0,-7.539881704225548,12880.0,-5.764906683623167,12880.0,-1.3239794385869676,12880.0,-0.6571584388474252,12880.0,1.5661453520652366,12880.0,-8.874104423167216,12880.0,-7.538542819701949,12880.0,-5.763397881286631,12880.0,-1.3222679169603386,12880.0,-0.6554459436035073,12880.0,1.5678111625881375
12890.0,-8.875192989457831,12890.0,-7.539921954590315,12890.0,-5.764968161845174,12890.0,-1.3240942944753693,12890.0,-0.6572813539427856,12890.0,1.565995526919954,12890.0,-8.874122472594065,12890.0,-7.538576983654081,12890.0,-5.763452965998517,12890.0,-1.3223770249585545,12890.0,-0.6555633689641152,12890.0,1.5676655819773144
12900.0,-8.875218000076407,12900.0,-7.5399622695006405,12900.0,-5.765029702333943,12900.0,-1.3242092152431701,12900.0,-0.6574043352544535,12900.0,1.5658456288314822,12900.0,-8.874140622143528,12900.0,-7.538611243246682,12900.0,-5.763508147561817,12900.0,-1.3224862254479028,12900.0,-0.6556808853152905,12900.0,1.5675199173880778
12910.0,-8.875243068517232,12910.0,-7.540002646604807,12910.0,-5.765091302758438,12910.0,-1.324324198518084,12910.0,-0.6575273803933452,12910.0,1.5656956602702745,12910.0,-8.87415887088583,12910.0,-7.538645597597143,12910.0,-5.763563425077447,12910.0,-1.3225955175692365,12910.0,-0.655798491813149,12910.0,1.5673741695913304
12920.0,-8.87526819247208,12920.0,-7.540043083542472,12920.0,-5.765152960778847,12920.0,-1.3244392419196256,12920.0,-0.6576504869623855,12920.0,1.5655456237138063,12920.0,-8.874177217870372,12920.0,-7.538680045801395,12920.0,-5.763618797624875,12920.0,-1.3227049004411555,12920.0,-0.6559161875913142,12920.0,1.5672283393814768
12930.0,-8.875293369623822,12930.0,-7.540083577945006,12930.0,-5.765214674046876,12930.0,-1.3245543430594064,12930.0,-0.6577736525568014,12930.0,1.5653955216462956,12930.0,-8.874195662125903,12930.0,-7.53871458693405,12930.0,-5.763674264262348,12930.0,-1.3228143731602169,12930.0,-0.6560339717611484,12930.0,1.5670824275761623
12940.0,-8.875318597646642,12940.0,-7.540124127435675,12940.0,-5.765276440205956,12940.0,-1.324669499541304,12940.0,-0.6578968747642795,12940.0,1.5652453565585709,12940.0,-8.874214202660683,12940.0,-7.538749220048651,12940.0,-5.763729824027059,12940.0,-1.3229239348011903,12940.0,-0.6561518434120098,12940.0,1.5669364350160078
12950.0,-8.875343874207028,12950.0,-7.540164729630678,12950.0,-5.765338256892246,12950.0,-1.3247847089624523,12950.0,-0.6580201511659567,12950.0,1.5650951309470902,12950.0,-8.874232838462595,12950.0,-7.538783944177801,12950.0,-5.763785475935327,12950.0,-1.3230335844172842,12950.0,-0.656269801611497,12950.0,1.5667903625643131
12960.0,-8.87536919696659,12960.0,-7.5402053821418935,12960.0,-5.7654001217373825,12960.0,-1.3248999689159748,12960.0,-0.6581434793391508,12960.0,1.5649448473112366,12960.0,-8.874251568499377,12960.0,-7.5388187583333846,12960.0,-5.763841218982868,12960.0,-1.3231433210404249,12960.0,-0.6563878454057395,12960.0,1.5666442111067371
12970.0,-8.875394563584214,12970.0,-7.540246082579042,12970.0,-5.765462032370682,12970.0,-1.3250152769931682,12970.0,-0.6582668568595348,12970.0,1.5647945081511474,12970.0,-8.87427039171896,12970.0,-7.538853661506871,12970.0,-5.763897052145073,12970.0,-1.3232531436815984,12970.0,-0.6565059738196993,12970.0,1.5664979815509674
12980.0,-8.875419971717207,12980.0,-7.540286828550844,12980.0,-5.7655239864202485,12980.0,-1.3251306307845925,12980.0,-0.6583902813022307,12980.0,1.564644115966642,12980.0,-8.874289307049608,12980.0,-7.5388886526695815,12980.0,-5.763952974377242,12980.0,-1.3233630513310943,12980.0,-0.6566241858574735,12980.0,1.566351674826442
12990.0,-8.875445419021853,12990.0,-7.540327617665535,12990.0,-5.765585981513501,12990.0,-1.3252460278806113,12990.0,-0.6585137502423402,12990.0,1.5644936732566963,12990.0,-8.874308313400205,12990.0,-7.538923730772877,12990.0,-5.764008984614861,12990.0,-1.3234730429588217,12990.0,-0.6567424805026062,12990.0,1.5662052918839653
13000.0,-8.875470903153584,13000.0,-7.5403684475310495,13000.0,-5.765648015277381,13000.0,-1.3253614658715454,13000.0,-0.6586372612551012,13000.0,1.5643431825193075,13000.0,-8.874327409660477,13000.0,-7.53895889474848,13000.0,-5.7640650817738655,13000.0,-1.3235831175145747,13000.0,-0.6568608567183408,13000.0,1.5660588336954566
13010.0,-8.875496421766858,13010.0,-7.540409315754896,13010.0,-5.765710085338197,13010.0,-1.3254769423475468,13010.0,-0.6587608119157589,13010.0,1.5641926462516313,13010.0,-8.874346594701226,13010.0,-7.538994143508642,13010.0,-5.764121264750862,13010.0,-1.3236932739282943,13010.0,-0.6569793134479043,13010.0,1.5659123012536558
13020.0,-8.875521972514937,13020.0,-7.540450219943915,13020.0,-5.7657721893214005,13020.0,-1.3255924548983447,13020.0,-0.6588843997993051,13020.0,1.56404206695025,13020.0,-8.874365867374525,13020.0,-7.539029475946463,13020.0,-5.764177532423383,13020.0,-1.3238035111103261,13020.0,-0.6570978496147487,13020.0,1.5657656955718717
13030.0,-8.875547553050762,13030.0,-7.540491157705154,13030.0,-5.765834324852461,13030.0,-1.3257080011141158,13030.0,-0.6590080224813479,13030.0,1.5638914471103182,13030.0,-8.874385226514056,13030.0,-7.539064890936033,13030.0,-5.764233883650111,13030.0,-1.3239138279517064,13030.0,-0.6572164641228401,13030.0,1.5656190176836406
13040.0,-8.875573161029605,13040.0,-7.5405321266484915,13040.0,-5.765896489559486,13040.0,-1.3258235785881098,13040.0,-0.6591316775407339,13040.0,1.563740789222953,13040.0,-8.874404670935332,13040.0,-7.539100387332868,13040.0,-5.764290317271235,13040.0,-1.3240242233244524,13040.0,-0.6573351558570074,13040.0,1.5654722686424163
13050.0,-8.875598794110882,13050.0,-7.540573124388496,13050.0,-5.765958681075077,13050.0,-1.3259391849184787,13050.0,-0.6592553625613754,13050.0,1.5635900957734081,13050.0,-8.87442419943604,13050.0,-7.539135963974137,13050.0,-5.764346832108777,13050.0,-1.3241346960819838,13050.0,-0.6574539236832629,13050.0,1.5653254495211946
13060.0,-8.875624449958986,13060.0,-7.540614148545193,13060.0,-5.766020897037097,13060.0,-1.3260548177090459,13060.0,-0.659379075133023,13060.0,1.563439369240322,13060.0,-8.874443810796276,13060.0,-7.539171619679087,13060.0,-5.764403426966912,13060.0,-1.3242452450594009,13060.0,-0.6575727664491787,13060.0,1.5651785614121405
13070.0,-8.875650126243467,13070.0,-7.540655196744267,13070.0,-5.766083135088896,13070.0,-1.3261704745695206,13070.0,-0.6595028128514685,13070.0,1.5632886120955194,13070.0,-8.874463503779094,13070.0,-7.539207353249272,13070.0,-5.764460100632295,13070.0,-1.3243558690738477,13070.0,-0.6576916829842276,13070.0,1.5650316054262614
13080.0,-8.87567582063885,13080.0,-7.540696266616893,13080.0,-5.766145392879115,13080.0,-1.326286153115308,13080.0,-0.6596265733183585,13080.0,1.5631378268042078,13080.0,-8.8744832771306,13080.0,-7.539243163468922,13080.0,-5.764516851874348,13080.0,-1.3244665669248212,13080.0,-0.6578106721000535,13080.0,1.5648845826930735
13090.0,-8.875701530824205,13090.0,-7.5407373557992505,13090.0,-5.766207668061219,13090.0,-1.3264018509670195,13090.0,-0.6597503541407036,13090.0,1.5629870158254782,13090.0,-8.874503129580257,13090.0,-7.5392790491052155,13090.0,-5.764573679445607,13090.0,-1.3245773373944805,13090.0,-0.6579297325908451,13090.0,1.564737494360255
13100.0,-8.875727254482548,13100.0,-7.540778461931958,13100.0,-5.766269958292928,13100.0,-1.3265175657499086,13100.0,-0.6598741529303076,13100.0,1.5628361816128837,13100.0,-8.874523059841222,13100.0,-7.539315008908559,13100.0,-5.764630582081938,13100.0,-1.3246881792479628,13100.0,-0.6580488632335983,13100.0,1.5645903415933657
13110.0,-8.875752989301748,13110.0,-7.5408195826609665,13110.0,-5.766332261237107,13110.0,-1.3266332950947441,13110.0,-0.6599979673046447,13110.0,1.5626853266135747,13110.0,-8.874543066610698,13110.0,-7.539351041612922,13110.0,-5.764687558502924,13110.0,-1.3247990912336713,13110.0,-0.6581680627884523,13110.0,1.5644431255754945
13120.0,-8.875778732977063,13120.0,-7.540860715640084,13120.0,-5.766394574564291,13120.0,-1.3267490366403518,13120.0,-0.6601217948893956,13120.0,1.5625344532657688,13120.0,-8.874563148570193,13120.0,-7.5393871459362085,13120.0,-5.764744607412205,13120.0,-1.3249100720836757,13120.0,-0.6582873299990619,13120.0,1.5642958475068685
13130.0,-8.875804483212681,13130.0,-7.540901858532492,13130.0,-5.766456895954233,13130.0,-1.3268647880351239,13130.0,-0.6602456333199537,13130.0,1.562383563997255,13130.0,-8.874583304385908,13130.0,-7.5394233205806245,13130.0,-5.764801727497854,13130.0,-1.3250211205141245,13130.0,-0.6584066635930255,13130.0,1.5641485086044356
13140.0,-8.875830237722136,13140.0,-7.540943009011219,13140.0,-5.7665192230963305,13140.0,-1.3269805469374683,13140.0,-0.6603694802418736,13140.0,1.5622326612249504,13140.0,-8.874603532709262,13140.0,-7.539459564233058,13140.0,-5.764858917432757,13140.0,-1.3251322352256056,13140.0,-0.6585260622822482,13140.0,1.564001110101491
13150.0,-8.87585599422826,13150.0,-7.540984164759021,13150.0,-5.766581553689534,13150.0,-1.3270963110157101,13150.0,-0.660493333310775,13150.0,1.5620817473550075,13150.0,-8.874623832177054,13150.0,-7.539495875565465,13150.0,-5.764916175875011,13150.0,-1.3252434149035328,13150.0,-0.658645524763315,13150.0,1.5638536532472915
13160.0,-8.875881750462717,13160.0,-7.541025323467914,13160.0,-5.766643885441892,13160.0,-1.3272120779476084,13160.0,-0.6606171901918524,13160.0,1.5619308247833121,13160.0,-8.874644201411902,13160.0,-7.539532253235206,13160.0,-5.7649735014682255,13160.0,-1.3253546582184836,13160.0,-0.658765049717854,13160.0,1.5637061393066594
13170.0,-8.87590750416519,13170.0,-7.541066482838407,13170.0,-5.766706216069757,13170.0,-1.3273278454195883,13170.0,-0.6607410485591086,13170.0,1.5617798958962597,13170.0,-8.87466463902263,13170.0,-7.53956869588537,13170.0,-5.765030892841891,13170.0,-1.3254659638265593,13170.0,-0.6588846358128874,13170.0,1.5635585695596528
13180.0,-8.875933253082684,13180.0,-7.541107640578773,13180.0,-5.766768543297081,13180.0,-1.3274436111260017,13180.0,-0.6608649060946108,13180.0,1.5616289630715043,13180.0,-8.874685143604365,13180.0,-7.539605202145105,13180.0,-5.765088348611691,13180.0,-1.3255773303697116,13180.0,-0.6590042817011347,13180.0,1.56341094530124
13190.0,-8.87595899497059,13190.0,-7.541148794406081,13190.0,-5.766830864856449,13190.0,-1.327559372770179,13190.0,-0.6609887604895464,13190.0,1.561478028676913,13190.0,-8.874705713739248,13190.0,-7.5396417706299905,13190.0,-5.765145867379859,13190.0,-1.3256887564761026,13190.0,-0.6591239860214295,13190.0,1.563263267840892
13200.0,-8.875984727595243,13200.0,-7.541189942048766,13200.0,-5.766893178491633,13200.0,-1.3276751280669734,13200.0,-0.6611126094467562,13200.0,1.5613270950680367,13200.0,-8.874726347996486,13200.0,-7.5396783999424475,13200.0,-5.765203447735594,13200.0,-1.3258002407605303,13200.0,-0.6592437473990963,13200.0,1.5631155385021724
13210.0,-8.876010448735162,13210.0,-7.541231081247908,13210.0,-5.76695548195889,13210.0,-1.3277908747440432,13210.0,-0.6612364506820261,13210.0,1.5611761645868318,13210.0,-8.874747044933011,13210.0,-7.539715088672163,13210.0,-5.7652610882555075,13210.0,-1.3259117818248645,13210.0,-0.659363564446426,13210.0,1.5629677586222892
13220.0,-8.876036156181407,13220.0,-7.541272209757508,13220.0,-5.767017773027212,13220.0,-1.3279066105421267,13220.0,-0.6613602819243501,13220.0,1.5610252395613997,13220.0,-8.8747678030938,13220.0,-7.539751835396502,13220.0,-5.765318787504001,13220.0,-1.3260233782584576,13220.0,-0.659483435763059,13220.0,1.562819929551666
13230.0,-8.876061847737233,13230.0,-7.541313325344203,13230.0,-5.767080049478088,13230.0,-1.328022333214761,13230.0,-0.661484100915653,13230.0,1.560874322306275,13230.0,-8.874788621012225,13230.0,-7.539788638680902,13230.0,-5.765376544033696,13230.0,-1.3261350286385507,13230.0,-0.6596033599363992,13230.0,1.5626720526535287
13240.0,-8.876087521217507,13240.0,-7.541354425786619,13240.0,-5.767142309104827,13240.0,-1.3281380405276262,13240.0,-0.6616079054101365,13240.0,1.5607234151230838,13240.0,-8.874809497210556,13240.0,-7.539825497079233,13240.0,-5.765434356385739,13240.0,-1.3262467315306434,13240.0,-0.659723335541996,13240.0,1.562524129303533
13250.0,-8.876113174447731,13250.0,-7.541395508874453,13250.0,-5.767204549711646,13250.0,-1.3282537302576192,13250.0,-0.6617316931733465,13250.0,1.5605725203014837,13250.0,-8.874830430200104,13250.0,-7.539862409134175,13250.0,-5.765492223090263,13250.0,-1.326358485488854,13250.0,-0.6598433611439013,13250.0,1.5623761608893774
13260.0,-8.876138805263308,13260.0,-7.541436572407693,13260.0,-5.767266769112892,13260.0,-1.3283694001920818,13260.0,-0.6618554619813981,13260.0,1.560421640119952,13260.0,-8.874851418481844,13260.0,-7.53989937337758,13260.0,-5.765550142666663,13260.0,-1.326470289056295,13260.0,-0.6599634352950525,13260.0,1.5622281488104695
13270.0,-8.87616441151089,13270.0,-7.541477614197958,13270.0,-5.767328965134394,13270.0,-1.3284850481301347,13270.0,-0.6619792096223123,13270.0,1.5602707768444464,13270.0,-8.874872460546511,13270.0,-7.539936388330838,13270.0,-5.765608113623995,13270.0,-1.3265821407654366,13270.0,-0.6600835565376274,13270.0,1.5620800944774864
13280.0,-8.876189991050923,13280.0,-7.541518632071063,13280.0,-5.767391135616007,13280.0,-1.328600671885243,13280.0,-0.6621029338985759,13280.0,1.5601199327258553,13280.0,-8.874893554875271,13280.0,-7.539973452505321,13280.0,-5.765666134461444,13280.0,-1.3266940391385824,13280.0,-0.6602037234035255,13280.0,1.5619319993119152
13290.0,-8.876215541758812,13290.0,-7.5415596238681655,13290.0,-5.767453278412792,13290.0,-1.3287162692863577,13290.0,-0.6622266326282916,13290.0,1.5599691099988626,13290.0,-8.87491469994005,13290.0,-7.540010564402847,13290.0,-5.765724203668753,13290.0,-1.3268059826883212,13290.0,-0.6603239344148,13290.0,1.5617838647456361
13300.0,-8.876241061483164,13300.0,-7.541600587372801,13300.0,-5.767515391279531,13300.0,-1.328831837954807,13300.0,-0.662350303405706,13300.0,1.5598183111762323,13300.0,-8.874935893292218,13300.0,-7.540047720968101,13300.0,-5.765782317343128,13300.0,-1.326917965386867,13300.0,-0.6604441832235374,13300.0,1.5616356981938715
13310.0,-8.876266548240753,13310.0,-7.54164152002815,13310.0,-5.767577470938191,13310.0,-1.32894737272497,13310.0,-0.6624739407717909,13310.0,1.5596675427167956,13310.0,-8.874957128622272,13310.0,-7.540084913025781,13310.0,-5.765840462495095,13310.0,-1.3270299644951429,13310.0,-0.6605644456006707,13310.0,1.56148752890377
13320.0,-8.87629200248683,13320.0,-7.541682422269323,13320.0,-5.767639517855375,13320.0,-1.329062874083591,13320.0,-0.6625975452096461,13320.0,1.5595168041655367,13320.0,-8.87497840997439,13320.0,-7.5401221486312355,13320.0,-5.7658986523969515,13320.0,-1.3271420067469202,13320.0,-0.6606847503513217,13320.0,1.5613393210609983
13330.0,-8.8763174243791,13330.0,-7.541723294361448,13330.0,-5.767701532500333,13330.0,-1.329178342958398,13330.0,-0.6627211177100435,13330.0,1.5593660943360717,13330.0,-8.874999736063025,13330.0,-7.540159426458983,13330.0,-5.765956885621881,13330.0,-1.327254090506218,13330.0,-0.6608050958131175,13330.0,1.56119107640374
13340.0,-8.876342813327899,13340.0,-7.541764135787033,13340.0,-5.767763514511012,13340.0,-1.3292937793232156,13340.0,-0.6628446582913019,13340.0,1.5592154130764644,13340.0,-8.875021105536577,13340.0,-7.540196745128367,13340.0,-5.766015160702679,13340.0,-1.3273662141341487,13340.0,-0.6609254803264509,13340.0,1.5610427966482834
13350.0,-8.876368168260644,13350.0,-7.541804945520107,13350.0,-5.767825462981479,13350.0,-1.3294091825188783,13350.0,-0.6629681663252729,13350.0,1.5590647609261634,13350.0,-8.875042516996801,13350.0,-7.54023410322117,13350.0,-5.7660734761469445,13350.0,-1.3274783759979407,13350.0,-0.6610459022425772,13350.0,1.5608944834842111
13360.0,-8.876393487813248,13360.0,-7.541845722224244,13360.0,-5.767887376668894,13360.0,-1.3295245514830436,13360.0,-0.6630916407706513,13360.0,1.5589141388710999,13360.0,-8.875063969012109,13360.0,-7.540271499293239,13360.0,-5.76613183044666,13360.0,-1.3275905744751264,13360.0,-0.6611663599269978,13360.0,1.5607461385737285
13370.0,-8.876418770443754,13370.0,-7.541886464371041,13370.0,-5.767949254118638,13370.0,-1.3296398848919215,13370.0,-0.6632150803172201,13370.0,1.5587635481910231,13370.0,-8.875085460126684,13370.0,-7.540308931882351,13370.0,-5.76619022208431,13370.0,-1.327702807955292,13370.0,-0.6612868517604804,13370.0,1.560597763552968
13380.0,-8.876444014500033,13380.0,-7.541927170311372,13380.0,-5.768011093740388,13380.0,-1.3297551812487705,13380.0,-0.6633384834761893,13380.0,1.5586129903628008,13380.0,-8.875106988866907,13380.0,-7.540346399513518,13380.0,-5.766248649536764,13380.0,-1.3278150748402084,13380.0,-0.6614073761386795,13380.0,1.560449360034283
13390.0,-8.876469218261045,13390.0,-7.541967838319356,13390.0,-5.768072893855771,13390.0,-1.3298704389407865,13390.0,-0.6634618486385687,13390.0,1.5584624669973726,13390.0,-8.875128553745828,13390.0,-7.5403839007026034,13390.0,-5.766307111277698,13390.0,-1.3279273735432495,13390.0,-0.6615279314710645,13390.0,1.5603009296088783
13400.0,-8.876494379962628,13400.0,-7.542008466620152,13400.0,-5.768134652728911,13400.0,-1.3299856562766021,13400.0,-0.6635851741136605,13400.0,1.5583119797976894,13400.0,-8.875150153266427,13400.0,-7.540421433958764,13400.0,-5.7663656057790575,13400.0,-1.328039702488314,13400.0,-0.661648516179444,13400.0,1.5601524738495967
13410.0,-8.876519497813751,13410.0,-7.542049053407716,13410.0,-5.768196368586326,13410.0,-1.3301008315113694,13410.0,-0.6637084581549518,13410.0,1.558161530530174,13410.0,-8.875171785923769,13410.0,-7.540458997786136,13410.0,-5.766424131511909,13410.0,-1.3281520601086116,13410.0,-0.6617691286964259,13410.0,1.5600039943135096
13420.0,-8.876544570007495,13420.0,-7.542089596856937,13420.0,-5.7682580396304175,13420.0,-1.3302159628643544,13420.0,-0.6638316989782954,13420.0,1.558011121004586,13420.0,-8.875193450206798,13420.0,-7.540496590684886,13420.0,-5.766482686946897,13420.0,-1.3282644448453857,13420.0,-0.6618897674639168,13420.0,1.5598554925443566
13430.0,-8.876569594730917,13430.0,-7.5421300951342305,13430.0,-5.768319664051378,13430.0,-1.3303310485336346,13430.0,-0.6639548947770662,13430.0,1.5578607530573239,13430.0,-8.875215144599515,13430.0,-7.540534211152183,13430.0,-5.766541270554549,13430.0,-1.3283768551467838,13430.0,-0.6620104309317522,13430.0,1.559706970074649
13440.0,-8.876594570172646,13440.0,-7.542170546406123,13440.0,-5.768381240036566,13440.0,-1.3304460867077104,13440.0,-0.6640780437341294,13440.0,1.5577104285383412,13440.0,-8.875236867582018,13440.0,-7.540571857682821,13440.0,-5.7665998808054795,13440.0,-1.3284892894668971,13440.0,-0.6621311175565334,13440.0,1.55955842842738
13450.0,-8.876619494527855,13450.0,-7.542210948844346,13450.0,-5.7684427657764825,13450.0,-1.330561075573166,13450.0,-0.6642011440297099,13450.0,1.5575601493024127,13450.0,-8.875258617631369,13450.0,-7.540609528769731,13450.0,-5.76665851617056,13450.0,-1.3286017462649216,13450.0,-0.6622518258006611,13450.0,1.5594098691175737
13460.0,-8.876644366001258,13460.0,-7.542251300629303,13460.0,-5.768504239468509,13460.0,-1.3306760133197095,13460.0,-0.6643241938466395,13460.0,1.55740991720329,13460.0,-8.875280393222202,13460.0,-7.54064722290442,13460.0,-5.766717175120991,13460.0,-1.3287142240044205,13460.0,-0.6623725541314802,13460.0,1.5592612936535324
13470.0,-8.87666918280882,13470.0,-7.542291599952092,13470.0,-5.768565659319373,13470.0,-1.330790898143525,13470.0,-0.6644471913738708,13470.0,1.557259734089692,13470.0,-8.875302192827256,13470.0,-7.540684938577313,13470.0,-5.766775856128389,13470.0,-1.3288267211527585,13470.0,-0.6624933010205858,13470.0,1.5591127035378578
13480.0,-8.876693943178719,13480.0,-7.542331845015645,13480.0,-5.768627023546572,13480.0,-1.3309057282494425,13480.0,-0.6645701348087484,13480.0,1.5571096018026545,13480.0,-8.875324014917902,13480.0,-7.540722674278027,13480.0,-5.766834557664846,13480.0,-1.3289392361805734,13480.0,-0.6626140649432262,13480.0,1.558964100268347
13490.0,-8.87671864532952,13490.0,-7.542372034485758,13490.0,-5.768688331470909,13490.0,-1.331020504570833,13490.0,-0.6646930253242289,13490.0,1.556959518378487,13490.0,-8.87534586432862,13490.0,-7.540760438897313,13490.0,-5.766893293925773,13490.0,-1.3290517969401423,13490.0,-0.6627348758496568,13490.0,1.5588154468034208
13500.0,-8.87674328478424,13500.0,-7.54241216398431,13500.0,-5.768749578895801,13500.0,-1.331135223323585,13500.0,-0.6648158591934736,13500.0,1.5568094873647884,13500.0,-8.87536773353682,13500.0,-7.540798220642282,13500.0,-5.7669520474508165,13500.0,-1.329164371467536,13500.0,-0.6628556995575339,13500.0,1.5586667848012232
13510.0,-8.876767856977684,13510.0,-7.542452228766052,13510.0,-5.76881076087884,13510.0,-1.33124987901719,13510.0,-0.6649386308372975,13510.0,1.5566595146510316,13510.0,-8.875389620371312,13510.0,-7.540836017219687,13510.0,-5.767010815745501,13510.0,-1.3292769567940481,13510.0,-0.6629765330301587,13510.0,1.558518117516804
13520.0,-8.876792358357216,13520.0,-7.542492225142017,13520.0,-5.768871873592739,13520.0,-1.3313644674260101,13520.0,-0.6650613359641969,13520.0,1.5565096047623295,13520.0,-8.875411523045344,13520.0,-7.540873826921657,13520.0,-5.767069597165821,13520.0,-1.3293895514812322,13520.0,-0.6630973748652569,13520.0,1.5583694462194857
13530.0,-8.876816786047325,13530.0,-7.542532150128013,13530.0,-5.76893291395202,13530.0,-1.3314789851607076,13530.0,-0.6651839711333914,13530.0,1.5563597613245712,13530.0,-8.875433439822107,13530.0,-7.540911648080489,13530.0,-5.7671283900958015,13530.0,-1.3295021540871745,13530.0,-0.6632182236521832,13530.0,1.558220772203595
13540.0,-8.87684113758993,13540.0,-7.542572001177903,13540.0,-5.768993879336716,13540.0,-1.3315934293676461,13540.0,-0.6653065334505207,13540.0,1.5562099873811142,13540.0,-8.875455368998308,13540.0,-7.540949479054064,13540.0,-5.767187192935043,13540.0,-1.3296147631592905,13540.0,-0.6633390779655473,13540.0,1.5580720967920505
13550.0,-8.876865410792945,13550.0,-7.542611776027053,13550.0,-5.769054767428911,13550.0,-1.3317077975478393,13550.0,-0.6654290203839299,13550.0,1.5560602855854557,13550.0,-8.875477308893577,13550.0,-7.540987318216723,13550.0,-5.7672460040911915,13550.0,-1.3297273772312874,13550.0,-0.663459936362868,13550.0,1.5579234213364157
13560.0,-8.876889603642747,13560.0,-7.5426514726010065,13560.0,-5.769115576116247,13560.0,-1.3318220874474187,13560.0,-0.6655514296531475,13560.0,1.5559106583194122,13560.0,-8.875499257843538,13560.0,-7.541025163953182,13560.0,-5.767304821975515,13560.0,-1.3298399948224109,13560.0,-0.6635807973843837,13560.0,1.5577747472152117
13570.0,-8.876913714251463,13570.0,-7.54269108895994,13570.0,-5.769176303432576,13570.0,-1.331936296988514,13570.0,-0.6656737591582917,13570.0,1.5557611077686926,13570.0,-8.875521214195292,13570.0,-7.541063014654987,13570.0,-5.767363645000401,13570.0,-1.3299526144380371,13570.0,-0.6637016595541151,13570.0,1.5576260758311957
13580.0,-8.876937740824687,13580.0,-7.542730623264227,13580.0,-5.769236947520582,13580.0,-1.3320504242246036,13580.0,-0.6657960069342975,13580.0,1.5556116359724064,13580.0,-8.8755431763043,13580.0,-7.541100868718202,13580.0,-5.767422471578065,13580.0,-1.3300652345708877,13580.0,-0.6638225213814415,13580.0,1.5574774086085281
13590.0,-8.876961681642264,13590.0,-7.542770073753667,13590.0,-5.769297506608887,13590.0,-1.3321644673120867,13590.0,-0.6659181711216643,13590.0,1.555462244855112,13590.0,-8.875565142532366,13590.0,-7.54113872454193,13590.0,-5.767481300119901,13590.0,-1.330177853702408,13590.0,-0.6639433813628512,13590.0,1.5573287469899169
13600.0,-8.876985535044138,13600.0,-7.542809438732086,13600.0,-5.769357978995033,13600.0,-1.3322784244891503,13600.0,-0.6660402499446857,13600.0,1.555312936250701,13600.0,-8.875587111246201,13600.0,-7.54117658052751,13600.0,-5.76754012903623,13600.0,-1.3302904703043434,13600.0,-0.6640642379837354,13600.0,1.5571800924339239
13610.0,-8.87700929941788,13610.0,-7.542848716553991,13610.0,-5.769418363030901,13610.0,-1.3323922940580828,13610.0,-0.6661622416932992,13610.0,1.5551637119221324,13610.0,-8.875609080816542,13610.0,-7.541214435077848,13610.0,-5.767598956736429,13610.0,-1.3304030828402056,13610.0,-0.6641850897201065,13610.0,1.5570314464125452
13620.0,-8.877032973188324,13620.0,-7.542887905613531,13620.0,-5.7694786571107555,13620.0,-1.3325060743710053,13620.0,-0.6662841447084555,13620.0,1.5550145735772523,13620.0,-8.87563104961757,13620.0,-7.541252286597369,13620.0,-5.767657781629141,13620.0,-1.3305156897667374,13620.0,-0.6643059350402023,13620.0,1.5568828104089318
13630.0,-8.87705655480933,13630.0,-7.542927004335741,13630.0,-5.769538859661803,13630.0,-1.3326197638186623,13630.0,-0.6664059573706466,13630.0,1.5548655228811603,13630.0,-8.875653016026599,13630.0,-7.541290133491964,13630.0,-5.767716602122663,13630.0,-1.3306282895351813,13630.0,-0.6644267724059715,13630.0,1.5567341859154185
13640.0,-8.877080042721147,13640.0,-7.542966011099459,13640.0,-5.769598969020535,13640.0,-1.332733360588496,13640.0,-0.6665276778399929,13640.0,1.5547165617764998,13640.0,-8.875674977426545,13640.0,-7.541327972494773,13640.0,-5.767775414056838,13640.0,-1.3307408757314976,13640.0,-0.6645475950622232,13640.0,1.556585580828342
13650.0,-8.877103435902153,13650.0,-7.543004924313885,13650.0,-5.769658982866095,13650.0,-1.3328468604647368,13650.0,-0.6666493016079356,13650.0,1.55456769576551,13650.0,-8.87569692758725,13650.0,-7.5413657946146655,13650.0,-5.767834204757473,13650.0,-1.330853426275821,13650.0,-0.6646683794926566,13650.0,1.5564370234995388
13660.0,-8.877126736115136,13660.0,-7.5430437457352415,13660.0,-5.769718902985587,13660.0,-1.3329602652723478,13660.0,-0.6667708305006148,13660.0,1.5544189230289436,13660.0,-8.875718870638678,13660.0,-7.541403607917892,13660.0,-5.767892987456635,13660.0,-1.3309659676805103,13660.0,-0.6647891542476263,13660.0,1.5562884784949622
13670.0,-8.877149944667716,13670.0,-7.543082476786865,13670.0,-5.769778730998657,13670.0,-1.3330735770890636,13670.0,-0.6668922666609243,13670.0,1.5542702412159526,13670.0,-8.875740805251217,13670.0,-7.54144141103073,13670.0,-5.7679517606887165,13670.0,-1.331078498279373,13670.0,-0.6649099176341412,13670.0,1.5561399475888933
13680.0,-8.877173061898375,13680.0,-7.543121117888066,13680.0,-5.769838467473068,13680.0,-1.3331867968198141,13680.0,-0.6670136110405939,13680.0,1.5541216492282497,13680.0,-8.87576273004281,13680.0,-7.541479202537332,13680.0,-5.768010522959887,13680.0,-1.3311910164134857,13680.0,-0.665030667971832,13680.0,1.5559914325248907
13690.0,-8.877196087491345,13690.0,-7.54315966877854,13690.0,-5.769898112262179,13690.0,-1.3332999245672532,13690.0,-0.667134863775808,13690.0,1.553973146827659,13690.0,-8.875784643594768,13690.0,-7.541516980993801,13690.0,-5.768069272759996,13690.0,-1.3313035204370927,13690.0,-0.6651514035980056,13690.0,1.555842935013824
13700.0,-8.877219020707326,13700.0,-7.543198128755629,13700.0,-5.769957664751075,13700.0,-1.3334129599004478,13700.0,-0.6672560244592525,13700.0,1.5538247343525557,13700.0,-8.875806544462261,13700.0,-7.541554744937134,13700.0,-5.768128008569456,13700.0,-1.3314160087195361,13700.0,-0.665272122868766,13700.0,1.5556944567353108
13710.0,-8.877241860521876,13710.0,-7.5432364968175065,13710.0,-5.770017124006252,13710.0,-1.3335259020209227,13710.0,-0.6673770923086736,13710.0,1.5536764125409543,13710.0,-8.875828431181358,13710.0,-7.5415924928910965,13710.0,-5.7681867288634745,13710.0,-1.3315284796452587,13710.0,-0.6653928241583926,13710.0,1.5555459993405516
13720.0,-8.877264605710009,13720.0,-7.5432747717513,13720.0,-5.770076488868497,13720.0,-1.3336387498677666,13720.0,-0.6674980662738623,13720.0,1.5535281824173113,13720.0,-8.875850302274069,13720.0,-7.541630223370168,13720.0,-5.768245432114736,13720.0,-1.331640931612934,13720.0,-0.6655135058579275,13720.0,1.5553975644555442
13730.0,-8.877287254900516,13730.0,-7.5433129521900595,13730.0,-5.770135758013504,13730.0,-1.333751502187399,13730.0,-0.6676189451077637,13730.0,1.5533800452167117,13730.0,-8.875872156251832,13730.0,-7.5416679348822475,13730.0,-5.7683041167948685,13730.0,-1.331753363034146,13730.0,-0.6656341663734265,13730.0,1.5552491536842952
13740.0,-8.87730980661366,13740.0,-7.5433510366524645,13740.0,-5.770194929994301,13740.0,-1.3338641575827452,13740.0,-0.6677397274167581,13740.0,1.5532320023311579,13740.0,-8.875893991618083,13740.0,-7.541705625930449,13740.0,-5.768362781375374,13740.0,-1.331865772331891,13740.0,-0.6657548041240686,13740.0,1.5551007686119467
13750.0,-8.877332259288861,13750.0,-7.543389023571995,13750.0,-5.770254003272366,13750.0,-1.3339767145496884,13750.0,-0.667860411697826,13750.0,1.5530840552697143,13750.0,-8.875915806869823,13750.0,-7.541743295014139,13750.0,-5.768421424327865,13750.0,-1.3319781579388417,13750.0,-0.665875417540145,13750.0,1.5549524108078208
13760.0,-8.877354611302557,13760.0,-7.543426911315962,13760.0,-5.7703129762381415,13760.0,-1.3340891715013599,13760.0,-0.6679809963634799,13760.0,1.5529362056316498,13760.0,-8.875937600498657,13760.0,-7.541780940629492,13760.0,-5.768480044124011,13760.0,-1.3320905182956482,13760.0,-0.665996005061103,13760.0,1.5548040818281883
13770.0,-8.877376860979732,13770.0,-7.543464698197746,13770.0,-5.770371847224631,13770.0,-1.3342015267846015,13770.0,-0.6681014797586365,13770.0,1.5527884550880686,13770.0,-8.875959370991593,13770.0,-7.5418185612698645,13770.0,-5.7685386392353655,13770.0,-1.3322028518494768,13770.0,-0.66611656513387,13770.0,1.5546557832186971
13780.0,-8.877399006602959,13780.0,-7.543502382486584,13780.0,-5.770430614517913,13780.0,-1.33431377869271,13780.0,-0.6682218601737091,13780.0,1.552640805367697,13780.0,-8.875981116831742,13780.0,-7.5418561554262045,13780.0,-5.7685972081333405,13780.0,-1.3323151570527876,13780.0,-0.6662370962114783,13780.0,1.5545075165162328
13790.0,-8.877421046420588,13790.0,-7.543539962416226,13790.0,-5.770489276366455,13790.0,-1.3344259254763502,13790.0,-0.6683421358557655,13790.0,1.5524932582449162,13790.0,-8.876002836498992,13790.0,-7.541893721587388,13790.0,-5.768655749289191,13790.0,-1.332427432362467,13790.0,-0.6663575967520274,13790.0,1.554359283250513
13800.0,-8.877442978654296,13800.0,-7.543577436192816,13800.0,-5.770547830989468,13800.0,-1.3345379653532248,13800.0,-0.6684623050183727,13800.0,1.5523458155292482,13800.0,-8.87602452847058,13800.0,-7.541931258240663,13800.0,-5.76871426117414,13800.0,-1.3325396762391033,13800.0,-0.6664780652178928,13800.0,1.5542110849452286
13810.0,-8.877464801506122,13810.0,-7.5436148020022165,13810.0,-5.770606276584627,13810.0,-1.3346498965166387,13810.0,-0.6685823658503341,13810.0,1.552198479056196,13810.0,-8.876046191221727,13810.0,-7.541968763872019,13810.0,-5.768772742259495,13810.0,-1.3326518871465616,13810.0,-0.6665985000751344,13810.0,1.5540629231189695
13820.0,-8.877486513166449,13820.0,-7.543652058018186,13820.0,-5.770664611336514,13820.0,-1.3347617171447173,13820.0,-0.6687023165249765,13820.0,1.5520512506775452,13820.0,-8.876067823226172,13820.0,-7.542006236966605,13820.0,-5.768831191016893,13820.0,-1.3327640635516425,13820.0,-0.6667188997931323,13820.0,1.553914799285874
13830.0,-8.877508111823389,13830.0,-7.543689202411882,13830.0,-5.770722833426439,13830.0,-1.3348734254106236,13830.0,-0.6688221552104835,13830.0,1.5519041322508216,13830.0,-8.876089422956808,13830.0,-7.542043676009232,13830.0,-5.768889605918606,13830.0,-1.3328762039239404,13830.0,-0.6668392628443514,13830.0,1.5537667149560763
13840.0,-8.87752959567006,13840.0,-7.543726233359241,13840.0,-5.77078094103965,13840.0,-1.3349850194904742,13840.0,-0.6689418800778306,13840.0,1.5517571256310874,13840.0,-8.876110988886191,13840.0,-7.54208107948476,13840.0,-5.768947985437807,13840.0,-1.3329883067357922,13840.0,-0.6669595877042375,13840.0,1.553618671636
13850.0,-8.87755096290894,13850.0,-7.543763149045723,13850.0,-5.770838932370523,13850.0,-1.3350964975685184,13850.0,-0.6690614893060591,13850.0,1.5516102326655914,13850.0,-8.876132519487138,13850.0,-7.542118445878583,13850.0,-5.76900632804892,13850.0,-1.3331003704622941,13850.0,-0.6670798728512082,13850.0,1.5534706708285253
13860.0,-8.87757221175551,13860.0,-7.543799947669509,13860.0,-5.770896805625856,13860.0,-1.3352078578407955,13860.0,-0.6691809810859225,13860.0,1.5514634551899313,13860.0,-8.87615401323318,13860.0,-7.542155773677098,13860.0,-5.769064632227985,13860.0,-1.3332123935814049,13860.0,-0.667200116766692,13860.0,1.5533227140330457
13870.0,-8.877593340440418,13870.0,-7.54383662744403,13870.0,-5.770954559027298,13870.0,-1.3353190985177028,13870.0,-0.6693003536225124,13870.0,1.5513167950254096,13870.0,-8.87617546859912,13870.0,-7.542193061368134,13870.0,-5.769122896452984,13870.0,-1.3333243745741166,13870.0,-0.6673203179352708,13870.0,1.5531748027454653
13880.0,-8.877614347211104,13880.0,-7.543873186599575,13880.0,-5.77101219081308,13880.0,-1.3354302178258977,13880.0,-0.669419605137161,13880.0,1.551170253977004,13880.0,-8.876196884061468,13880.0,-7.542230307441362,13880.0,-5.769181119204238,13880.0,-1.3334363119246253,13880.0,-0.6674404748448374,13880.0,1.5530269384581339
13890.0,-8.877635230333144,13890.0,-7.543909623384639,13890.0,-5.7710696992394155,13890.0,-1.3355412140097527,13890.0,-0.6695387338689252,13890.0,1.5510238338318894,13890.0,-8.876218258098943,13890.0,-7.542267510388744,13890.0,-5.769239298964723,13890.0,-1.33354820412052,13890.0,-0.6675605859867603,13890.0,1.5528791226597292
13900.0,-8.877655988093283,13900.0,-7.543945936068999,13900.0,-5.771127082583614,13900.0,-1.335652085334558,13900.0,-0.669657738077789,13900.0,1.5508775363561564,13900.0,-8.876239589192888,13900.0,-7.54230466870491,13900.0,-5.769297434220479,13900.0,-1.3336600496530633,13900.0,-0.6676806498561403,13900.0,1.552731356835078
13910.0,-8.877676618804516,13910.0,-7.543982122948792,13910.0,-5.7711843391491575,13910.0,-1.335762830091694,13910.0,-0.6697766160498446,13910.0,1.5507313632896293,13910.0,-8.876260875827871,13910.0,-7.5423417808877184,13910.0,-5.769355523461103,13910.0,-1.3337718470175894,13910.0,-0.6678006649521909,13910.0,1.552583642464809
13920.0,-8.877697120809747,13920.0,-7.544018182350278,13920.0,-5.771241467269371,13920.0,-1.3358734466023658,13920.0,-0.6698953661010548,13920.0,1.5505853163420658,13920.0,-8.876282116492224,13920.0,-7.542378845438826,13920.0,-5.769413565180248,13920.0,-1.3338835947139185,13920.0,-0.667920629778638,13920.0,1.5524359810250272
13930.0,-8.877717492483958,13930.0,-7.544054112631803,13930.0,-5.771298465309682,13930.0,-1.335983933219839,13930.0,-0.670013986579454,13930.0,1.550439397190947,13930.0,-8.876303309678583,13930.0,-7.542415860864141,13930.0,-5.769471557876077,13930.0,-1.333995291246754,13930.0,-0.6680405428441301,13930.0,1.5522883739869056
13940.0,-8.877737732235198,13940.0,-7.544089912184953,13940.0,-5.771355331668591,13940.0,-1.3360942883304348,13940.0,-0.6701324758661941,13940.0,1.550293607480426,13940.0,-8.87632445388435,13940.0,-7.5424528256743,13940.0,-5.769529500051722,13940.0,-1.3341069351260484,13940.0,-0.6681604026625573,13940.0,1.5521408228164115
13950.0,-8.877757838504628,13950.0,-7.544125579434607,13950.0,-5.7714120647777705,13950.0,-1.3362045103536908,13950.0,-0.6702508323756639,13950.0,1.5501479488211811,13950.0,-8.876345547612084,13950.0,-7.542489738385084,13950.0,-5.769587390215662,13950.0,-1.334218524867336,13950.0,-0.6682802077534242,13950.0,1.5519933289739543
13960.0,-8.877777809765934,13960.0,-7.544161112838331,13960.0,-5.771468663101449,13960.0,-1.3363145977417277,13960.0,-0.6703690545548974,13960.0,1.5500024227910307,13960.0,-8.876366589369898,13960.0,-7.542526597517733,13960.0,-5.769645226882033,13960.0,-1.3343300589920435,13960.0,-0.6683999566420931,13960.0,1.5518458939141535
13970.0,-8.877797644524632,13970.0,-7.544196510885662,13970.0,-5.771525125135772,13970.0,-1.3364245489786202,13970.0,-0.6704871408829121,13970.0,1.5498570309355495,13970.0,-8.876387577671812,13970.0,-7.542563401599338,13970.0,-5.769703008570964,13970.0,-1.3344415360277313,13970.0,-0.6685196478600978,13970.0,1.551698519085569
13980.0,-8.877817341319485,13980.0,-7.544231772099442,13980.0,-5.771581449410075,13980.0,-1.3365343625817068,13980.0,-0.6706050898720437,13980.0,1.5497117747667823,13980.0,-8.876408511038155,13980.0,-7.542600149163207,13980.0,-5.769760733809006,13980.0,-1.334552954508533,13980.0,-0.6686392799454893,13980.0,1.5515512059303307
13990.0,-8.877836898725233,13990.0,-7.5442668950388665,13990.0,-5.771637634489793,13990.0,-1.3366440371045794,13990.0,-0.6707229000709307,13990.0,1.5495666557602048,13990.0,-8.87642938799613,13990.0,-7.542636838749426,13990.0,-5.769818401129638,13990.0,-1.334664312975606,13990.0,-0.6687588514433547,13990.0,1.5514039558836714
14000.0,-8.877856315354702,14000.0,-7.544301878301294,14000.0,-5.771693678978623,14000.0,-1.3367535711391356,14000.0,-0.6708405700665456,14000.0,1.5494216753527295,14000.0,-8.876450207080326,14000.0,-7.542673468905377,14000.0,-5.769876009073715,14000.0,-1.3347756099776225,14000.0,-0.6688783609062755,14000.0,1.5512567703734423
14010.0,-8.877875589859745,14010.0,-7.544336720523219,14010.0,-5.7717495815192805,14010.0,-1.3368629633163454,14010.0,-0.6709580984850109,14010.0,1.5492768349418755,14010.0,-8.876470966833095,14010.0,-7.542710038186175,14010.0,-5.769933556190026,14010.0,-1.3348868440711914,14010.0,-0.6689978068947502,14010.0,1.5511096508197144
14020.0,-8.877894720931065,14020.0,-7.544371420380152,14020.0,-5.771805340793405,14020.0,-1.3369722123062218,14020.0,-0.6710754839915167,14020.0,1.5491321358858332,14020.0,-8.876491665805101,14020.0,-7.5427465451550715,14020.0,-5.7699910410356035,14020.0,-1.3349980138212514,14020.0,-0.6691171879775724,14020.0,1.550962598634413
14030.0,-8.877913707297381,14030.0,-7.544405976585815,14030.0,-5.771860955520737,14030.0,-1.3370813168169748,14030.0,-0.6711927252895105,14030.0,1.5489875795043198,14030.0,-8.87651230255556,14030.0,-7.542782988383754,14030.0,-5.770048462176035,14030.0,-1.3351091178013474,14030.0,-0.6692365027321336,14030.0,1.5508156152210062
14040.0,-8.877932547724074,14040.0,-7.544440387890712,14040.0,-5.771916424457803,14040.0,-1.33719027559363,14040.0,-0.6713098211193075,14040.0,1.548843167079921,14040.0,-8.876532875652504,14040.0,-7.542819366452716,14040.0,-5.770105818185798,14040.0,-1.3352201545939086,14040.0,-0.6693557497446826,14040.0,1.5506687019742549
14050.0,-8.877951241011731,14050.0,-7.544474653080755,14050.0,-5.7719717463963605,14050.0,-1.3372990874166504,14050.0,-0.671426770256691,14050.0,1.5486988998595186,14050.0,-8.87655338367315,14050.0,-7.542855677951412,14050.0,-5.770163107648478,14050.0,-1.3353311227905154,14050.0,-0.6694749276105995,14050.0,1.5505218602799689
14060.0,-8.877969785997026,14060.0,-7.544508770978134,14060.0,-5.7720269201643,14060.0,-1.337407751102719,14060.0,-0.6715435715137337,14060.0,1.5485547790534728,14060.0,-8.876573825204076,14060.0,-7.542891921478647,14060.0,-5.770220329157103,14060.0,-1.3354420209921787,14060.0,-0.6695940349346583,14060.0,1.5503750915146925
14070.0,-8.877988181554864,14070.0,-7.544542740443292,14070.0,-5.772081944627878,14070.0,-1.3375162655069783,14070.0,-0.6716602237410014,14070.0,1.5484108058333923,14070.0,-8.876594198841744,14070.0,-7.5429280956429725,14070.0,-5.77027748131453,14070.0,-1.3355528478097694,14070.0,-0.6697130703314546,14070.0,1.5502283970453303
14080.0,-8.878006426599354,14080.0,-7.544576560376105,14080.0,-5.772136818692645,14080.0,-1.3376246295239518,14080.0,-0.6717767258284961,14080.0,1.548266981331236,14080.0,-8.87661450319295,14080.0,-7.542964199063091,14080.0,-5.770334562733888,14080.0,-1.33566360186438,14080.0,-0.6698320324258056,14080.0,1.5500817782287086
14090.0,-8.878024520083677,14090.0,-7.544610229715662,14090.0,-5.772191541303277,14090.0,-1.3377328420874048,14090.0,-0.6718930767055142,14090.0,1.54812330663941,14090.0,-8.876634736875005,14090.0,-7.543000230368247,14090.0,-5.770391572038904,14090.0,-1.3357742817877327,14090.0,-0.6699509198531025,14090.0,1.5499352364112613
14100.0,-8.878042460999206,14100.0,-7.54464374743943,14100.0,-5.772246111442781,14100.0,-1.3378409021695503,14100.0,-0.6720092753398269,14100.0,1.5479797828116246,14100.0,-8.876654898516243,14100.0,-7.543036188198505,14100.0,-5.770448507864232,14100.0,-1.3358848862224413,14100.0,-0.6700697312596072,14100.0,1.54978877292871
14110.0,-8.878060248374297,14110.0,-7.544677112561916,14110.0,-5.772300528131206,14110.0,-1.337948808779655,14110.0,-0.6721253207363331,14110.0,1.547836410864233,14110.0,-8.876674986756196,14110.0,-7.543072071205018,14110.0,-5.770505368855738,14110.0,-1.335995413822286,14110.0,-0.6701884653027291,14110.0,1.5496423891058042
14120.0,-8.87807788127247,14120.0,-7.544710324132999,14120.0,-5.772354790423701,14120.0,-1.3380565609623707,14120.0,-0.6722412119353501,14120.0,1.5476931917779162,14120.0,-8.876695000245876,14120.0,-7.5431078780503285,14120.0,-5.770562153670696,14120.0,-1.3361058632524616,14120.0,-0.6703071206512342,14120.0,1.5494960862560703
14130.0,-8.878095358790675,14130.0,-7.544743381236281,14130.0,-5.772408897409197,14130.0,-1.3381641577961643,14130.0,-0.6723569480110534,14130.0,1.5475501264992986,14130.0,-8.876714937647947,14130.0,-7.54314360740853,14130.0,-5.770618860978049,14130.0,-1.336216233189792,14130.0,-0.6704256959855178,14130.0,1.5493498656816043
14140.0,-8.878112680060514,14140.0,-7.544776282990007,14140.0,-5.77246284821126,14140.0,-1.3382715983942155,14140.0,-0.6724725280723907,14140.0,1.547407215939985,14140.0,-8.876734797637189,14140.0,-7.5431792579657175,14140.0,-5.770675489458791,14140.0,-1.3363265223231278,14140.0,-0.6705441899979505,14140.0,1.5492037286726772
14150.0,-8.878129844251042,14150.0,-7.544809028550017,14150.0,-5.772516641990948,14150.0,-1.3383788819073361,14150.0,-0.6725879512659764,14150.0,1.5472644609736932,14150.0,-8.876754578900929,14150.0,-7.543214828420402,14150.0,-5.770732037806453,14150.0,-1.3364367293537966,14150.0,-0.6706626013933534,14150.0,1.5490576765072896
14160.0,-8.87814685057083,14160.0,-7.544841617111852,14160.0,-5.772570277948943,14160.0,-1.338486007526064,14160.0,-0.6727032167782029,14160.0,1.547121862434147,14160.0,-8.876774280139523,14160.0,-7.54325031748402,14160.0,-5.770788504727534,14160.0,-1.336546852996082,14160.0,-0.6707809288894677,14160.0,1.5489117104506775
14170.0,-8.87816369826899,14170.0,-7.544874047911739,14170.0,-5.772623755326636,14170.0,-1.3385929744816738,14170.0,-0.6728183238362451,14170.0,1.546979421114053,14170.0,-8.876793900066675,14170.0,-7.543285723881265,14170.0,-5.770844888941864,14170.0,-1.3366568919775537,14170.0,-0.6708991712173065,14170.0,1.5487658317549833
14180.0,-8.878180386635083,14180.0,-7.5449063202265,14180.0,-5.772677073405838,14180.0,-1.3386997820460933,14180.0,-0.6729332717079621,14180.0,1.5468371377652237,14180.0,-8.876813437409822,14180.0,-7.543321046350454,14180.0,-5.770901189182985,14180.0,-1.336766845039433,14180.0,-0.6710173271214882,14180.0,1.5486200416588631
14190.0,-8.878196914998115,14190.0,-7.544938433372586,14190.0,-5.772730231507874,14190.0,-1.338806429530839,14190.0,-0.6730480597008672,14190.0,1.5466950130996042,14190.0,-8.876832890910405,14190.0,-7.543356283643767,14190.0,-5.770957404198354,14190.0,-1.3368767109368467,14190.0,-0.6711353953605066,14190.0,1.5484743413873072
14200.0,-8.87821328272481,14200.0,-7.544970386704183,14200.0,-5.7727832289919325,14200.0,-1.33891291628539,14200.0,-0.673162687160474,14200.0,1.546553047790907,14200.0,-8.876852259324064,14200.0,-7.543391434527511,14200.0,-5.771013532749628,14200.0,-1.3369864884390523,14200.0,-0.6712533747069576,14200.0,1.548328732151351
14210.0,-8.878229489218423,14210.0,-7.545002179612212,14210.0,-5.7728360652538075,14210.0,-1.3390192416959348,14210.0,-0.6732771534690355,14210.0,1.5464112424759162,14210.0,-8.876871541420842,14210.0,-7.5434264977822645,14210.0,-5.771069573612828,14210.0,-1.3370961763296183,14210.0,-0.6713712639477266,14210.0,1.5481832151479107
14220.0,-8.878245533919339,14220.0,-7.545033811524845,14220.0,-5.772888739726485,14220.0,-1.339125405185931,14220.0,-0.673391458046138,14220.0,1.5462695977538545,14220.0,-8.876890735985397,14220.0,-7.543461472203145,14220.0,-5.771125525578539,14220.0,-1.3372057734066645,14220.0,-0.6714890618841954,14220.0,1.5480377915595407
14230.0,-8.878261416305788,14230.0,-7.545065281908259,14230.0,-5.772941251880939,14230.0,-1.339231406216929,14230.0,-0.6735056003494914,14230.0,1.546128114185615,14230.0,-8.876909841817334,14230.0,-7.543496356600096,14230.0,-5.771181387452254,14230.0,-1.337315278483139,14230.0,-0.671606767332563,14230.0,1.5478924625541712
14240.0,-8.878277135894034,14240.0,-7.545096590266678,14240.0,-5.772993601226109,14240.0,-1.3393372442885523,14240.0,-0.6736195798749238,14240.0,1.5459867922937753,14240.0,-8.87692885773154,14240.0,-7.5435311497982225,14240.0,-5.771237158054681,14240.0,-1.3374246903871776,14240.0,-0.6717243791241913,14240.0,1.5477472292846937
14250.0,-8.878292692237663,14250.0,-7.545127736142014,14250.0,-5.773045787308439,14250.0,-1.3394429189381005,14250.0,-0.6737333961559836,14250.0,1.5458456325629744,14250.0,-8.876947782558458,14250.0,-7.543565850638104,14250.0,-5.7712928362220755,14250.0,-1.3375340079624092,14250.0,-0.6718418961058876,14250.0,1.5476020928887364
14260.0,-8.878308084927005,14260.0,-7.545158719112955,14260.0,-5.773097809711271,14260.0,-1.3395484297398355,14260.0,-0.6738470487632136,14260.0,1.5457046354406654,14260.0,-8.876966615144381,14260.0,-7.543600457976044,14260.0,-5.7713484208064845,14260.0,-1.3376432300682064,14260.0,-0.671959317140174,14260.0,1.5474570544883555
14270.0,-8.878323313588156,14270.0,-7.5451895387940375,14270.0,-5.77314966805371,14270.0,-1.3396537763038625,14270.0,-0.6739605373030557,14270.0,1.545563801338201,14270.0,-8.876985354351671,14270.0,-7.543634970684336,14270.0,-5.771403910676011,14270.0,-1.3377523555799185,14270.0,-0.6720766411055316,14270.0,1.547312115189813
14280.0,-8.878338377881494,14280.0,-7.545220194834233,14280.0,-5.773201361989228,14280.0,-1.339758958274763,14280.0,-0.6740738614164676,14280.0,1.5454231306322086,14280.0,-8.87700399905895,14280.0,-7.543669387651433,14280.0,-5.77145930471494,14280.0,-1.3378613833890833,14280.0,-0.672193866896586,14280.0,1.547167276083377
14290.0,-8.878353277500791,14290.0,-7.54525068691603,14290.0,-5.773252891204764,14290.0,-1.3398639753306987,14290.0,-0.6741870207780063,14290.0,1.5452826236655386,14290.0,-8.877022548161335,14290.0,-7.543703707782167,14290.0,-5.771514601824013,14290.0,-1.3379703124036142,14290.0,-0.6723109934243283,14290.0,1.5470225382430889
14300.0,-8.87836801217483,14300.0,-7.545281014757066,14300.0,-5.773304255422445,14300.0,-1.3399688271850114,14300.0,-0.674300015097478,14300.0,1.545142280745586,14300.0,-8.877041000570742,14300.0,-7.5437379299980885,14300.0,-5.77156980092076,14300.0,-1.33807914154815,14300.0,-0.6724280196164313,14300.0,1.5468779027264827
14310.0,-8.878382581669676,14310.0,-7.54531117811241,14310.0,-5.7733554544015755,14310.0,-1.3400735135885045,14310.0,-0.6744128441221738,14310.0,1.5450021021420632,14310.0,-8.877059355216339,14310.0,-7.543772053237874,14310.0,-5.771624900939864,14310.0,-1.3381878697644718,14310.0,-0.6725449444176647,14310.0,1.5467333705741155
14320.0,-8.878396985790085,14320.0,-7.54534117677592,14320.0,-5.773406487940303,14320.0,-1.340178034330835,14320.0,-0.6745255076382762,14320.0,1.544862088085623,14320.0,-8.877077611044859,14320.0,-7.5438060764576935,14320.0,-5.771679900833587,14320.0,-1.3382964960118486,14320.0,-0.6726617667902909,14320.0,1.5465889428092194
14330.0,-8.878411224380166,14330.0,-7.5453710105808955,14330.0,-5.773457355876243,14330.0,-1.3402823892412112,14330.0,-0.6746380054715696,14330.0,1.5447222387671082,14330.0,-8.877095767020991,14330.0,-7.543839998631593,14330.0,-5.7717347995721,14330.0,-1.338405019267429,14330.0,-0.6727784857143994,14330.0,1.54644462043735
14340.0,-8.87842529732347,14340.0,-7.545400679400201,14340.0,-5.773508058086462,14340.0,-1.3403865781884088,14340.0,-0.6747503374874322,14340.0,1.5445825543375862,14340.0,-8.877113822127699,14340.0,-7.543873818751758,14340.0,-5.771789596143776,14340.0,-1.3385134385265152,14340.0,-0.6728951001882162,14340.0,1.546300404446057
14350.0,-8.87843920454223,14350.0,-7.545430183145509,14350.0,-5.773558594486815,14350.0,-1.3404906010800697,14350.0,-0.6748625035901554,14350.0,1.544443034909039,14350.0,-8.877131775366443,14350.0,-7.54390753582876,14350.0,-5.77184428955543,14350.0,-1.3386217528028088,14350.0,-0.6730116092283246,14350.0,1.5461562958046655
14360.0,-8.878452945996152,14360.0,-7.5454595217661256,14360.0,-5.773608965030783,14360.0,-1.340594457861497,14360.0,-0.674974503721729,14360.0,1.544303680555545,14360.0,-8.87714962575734,14360.0,-7.543941148891795,14360.0,-5.771898878832545,14360.0,-1.3387299611286088,14360.0,-0.6731280118698988,14360.0,1.5460122954640956
14370.0,-8.8784665216817,14370.0,-7.545488695248039,14370.0,-5.773659169708392,14370.0,-1.3406981485147402,14370.0,-0.6750863378609114,14370.0,1.544164491314259,14370.0,-8.877167372339423,14370.0,-7.543974656988854,14370.0,-5.771953363019468,14370.0,-1.338838062555025,14370.0,-0.6732443071668845,14370.0,1.5458684043565967
14380.0,-8.878479931633139,14380.0,-7.54551770361557,14380.0,-5.773709208547893,14380.0,-1.3408016730601349,14380.0,-0.6751980060248051,14380.0,1.5440254671838007,14380.0,-8.877185014171035,14380.0,-7.544008059187138,14380.0,-5.772007741179779,14380.0,-1.3389460561523896,14380.0,-0.6733604941924282,14380.0,1.5457246233953763
14390.0,-8.878493175925671,14390.0,-7.545546546933747,14390.0,-5.773759081618386,14390.0,-1.3409050315589486,14390.0,-0.6753095082714726,14390.0,1.5438866081216491,14390.0,-8.877202550330239,14390.0,-7.544041354573488,14390.0,-5.772062012396787,14390.0,-1.3390539410106816,14390.0,-0.6734765720392849,14390.0,1.5455809534741554
14400.0,-8.878506254677099,14400.0,-7.5455752253104125,14400.0,-5.773808789031657,14400.0,-1.3410082241152226,14400.0,-0.6754208447017774,14400.0,1.5437479140423247,14400.0,-8.87721997991528,14400.0,-7.544074542254823,14400.0,-5.772116175773889,14400.0,-1.33916171623994,14400.0,-0.6735925398202397,14400.0,1.5454373954667637
14410.0,-8.878519168048685,14410.0,-7.545603738896975,14410.0,-5.7738583309430265,14410.0,-1.3411112508766045,14410.0,-0.6755320154602424,14410.0,1.5436093848164996,14410.0,-8.877237302044856,14410.0,-7.544107621358434,14410.0,-5.772170230434919,14410.0,-1.339269380970587,14410.0,-0.6737083966684511,14410.0,1.545293950226804
14420.0,-8.878531916244977,14420.0,-7.545632087888239,14420.0,-5.773907707551179,14420.0,-1.3412141120341983,14420.0,-0.6756430207348638,14420.0,1.5434710202712087,14420.0,-8.877254515858413,14420.0,-7.544140591032292,14420.0,-5.772224175524448,14420.0,-1.3393769343537258,14420.0,-0.6738241417377292,14420.0,1.545150618587362
14430.0,-8.878544499512733,14430.0,-7.545660272521326,14430.0,-5.773956919097088,14430.0,-1.3413168078214515,14430.0,-0.675753860756028,14430.0,1.5433328201909378,14430.0,-8.877271620516387,14430.0,-7.544173450445238,14430.0,-5.772278010207948,14430.0,-1.3394843755613337,14430.0,-0.673939774202722,14430.0,1.5450074013608135
14440.0,-8.878556918139285,14440.0,-7.545688293074064,14440.0,-5.774005965862269,14440.0,-1.3414193385125313,14440.0,-0.6758645357948762,14440.0,1.5431947843192249,14440.0,-8.877288615200317,14440.0,-7.544206198787159,14440.0,-5.772331733672009,14440.0,-1.3395917037864276,14440.0,-0.6740552932591047,14440.0,1.5448642993386215
14450.0,-8.878569172451597,14450.0,-7.545716149864024,14450.0,-5.7740548481680225,14450.0,-1.3415217044214431,14450.0,-0.6759750461624059,14450.0,1.5430569123596196,14450.0,-8.877305499113078,14450.0,-7.544238835269189,14450.0,-5.772385345124479,14450.0,-1.3396989182432903,14450.0,-0.6741706981237802,14450.0,1.544721313291167
14460.0,-8.878581262817134,14460.0,-7.545743843249299,14460.0,-5.774103566376181,14460.0,-1.3416239059027715,14460.0,-0.6760853922102512,14460.0,1.542919203974848,14460.0,-8.877322271479244,14460.0,-7.544271359124053,14460.0,-5.7724388437948955,14460.0,-1.3398060181677893,14460.0,-0.6742859880352252,14460.0,1.5445784439673778
14470.0,-8.878593189644794,14470.0,-7.545771373629574,14470.0,-5.7741521208900926,14470.0,-1.3417259433527253,14470.0,-0.6761955743316879,14470.0,1.5427816587858436,14470.0,-8.877338931545458,14470.0,-7.544303769606473,14470.0,-5.772492228934783,14470.0,-1.3399130028177875,14470.0,-0.6744011622538678,14470.0,1.54443569209436
14480.0,-8.878604953385757,14480.0,-7.545798741446909,14480.0,-5.774200512155426,14480.0,-1.3418278172099165,14480.0,-0.6763055929624342,14480.0,1.5426442763709443,14480.0,-8.877355478580744,14480.0,-7.544336065993494,14480.0,-5.772545499818078,14480.0,-1.3400198714734792,14480.0,-0.6745162200624545,14480.0,1.5442930583770278
14490.0,-8.878616554533776,14490.0,-7.5458259471860725,14490.0,-5.7742487406605845,14490.0,-1.341929527955698,14490.0,-0.6764154485809845,14490.0,1.5425070562655316,14490.0,-8.877371911876862,14490.0,-7.544368247584781,14490.0,-5.772598655741339,14490.0,-1.3401266234376752,14490.0,-0.6746311607663323,14490.0,1.5441505434978287
14500.0,-8.878627993624987,14500.0,-7.545852991374138,14500.0,-5.774296806936169,14500.0,-1.3420310761138021,14500.0,-0.6765251417082262,14500.0,1.5423699979624672,14500.0,-8.87738823074844,14500.0,-7.54440031370282,14500.0,-5.772651696024043,14500.0,-1.3402332580360092,14500.0,-0.6747459836936236,14500.0,1.5440081481165249
14510.0,-8.878639271236423,14510.0,-7.545879874579514,14510.0,-5.774344711553987,14510.0,-1.3421324622492343,14510.0,-0.6766346729063827,14510.0,1.542233100913099,14510.0,-8.877404434533227,14510.0,-7.544432263693106,14510.0,-5.772704620008675,14510.0,-1.3403397746171282,14510.0,-0.6748606881954654,14510.0,1.5438658728700074
14520.0,-8.878650387984775,14520.0,-7.545906597410166,14520.0,-5.774392455125516,14520.0,-1.3422336869667368,14520.0,-0.6767440427774173,14520.0,1.5420963645288968,14520.0,-8.877420522592137,14520.0,-7.544464096924242,14520.0,-5.772757427060907,14520.0,-1.3404461725528136,14520.0,-0.6749752736460772,14520.0,1.5437237183721946
14530.0,-8.878661344525105,14530.0,-7.545933160512536,14530.0,-5.774440038300638,14530.0,-1.3423347509095178,14530.0,-0.6768532519618061,14530.0,1.541959788182665,14530.0,-8.87743649430948,14530.0,-7.544495812788136,14530.0,-5.772810116569738,14530.0,-1.3405524512381013,14530.0,-0.6750897394429561,14530.0,1.5435816852138569
14540.0,-8.878672141552066,14540.0,-7.545959564572765,14540.0,-5.77448746176889,14540.0,-1.3424356547605274,14540.0,-0.6769623011397956,14540.0,1.5418233712072786,14540.0,-8.877452349093248,14540.0,-7.544527410700316,14540.0,-5.772862687947811,14540.0,-1.3406586100917033,14540.0,-0.6752040850072022,14540.0,1.5434397739622676
14550.0,-8.878682779802123,14550.0,-7.545985810318895,14550.0,-5.774534726261668,14550.0,-1.3425363992446504,14550.0,-0.67707119103359,14550.0,1.5416871128935288,14550.0,-8.877468086375552,14550.0,-7.544558890100339,14550.0,-5.772915140631898,14550.0,-1.3407646485563274,14550.0,-0.6753183097839219,14550.0,1.543297985160805
14560.0,-8.878693260055128,14560.0,-7.5460118985224565,14560.0,-5.774581832553865,14560.0,-1.3426369851302842,14560.0,-0.6771799224089505,14560.0,1.5415510124884728,14560.0,-8.877483705612846,14560.0,-7.544590250452099,14560.0,-5.772967474083094,14560.0,-1.3408705660990463,14560.0,-0.6754324132425548,14560.0,1.5431563193286386
14570.0,-8.878703583134985,14570.0,-7.546037829999119,14570.0,-5.774628781464425,14570.0,-1.3427374132300307,14570.0,-0.6772884960758506,14570.0,1.5414150691948458,14570.0,-8.877499206286444,14570.0,-7.544621491244122,14570.0,-5.773019687787197,14570.0,-1.340976362211556,14570.0,-0.6755463948771373,14570.0,1.5430147769604579
14580.0,-8.878713749909263,14580.0,-7.546063605608363,14580.0,-5.774675573855977,14580.0,-1.3428376844002565,14580.0,-0.6773969128880862,14580.0,1.5412792821713892,14580.0,-8.87751458790241,14580.0,-7.544652611989725,14580.0,-5.773071781254817,14580.0,-1.3410820364103435,14580.0,-0.6756602542064729,14580.0,1.5428733585262795
14590.0,-8.878723761287933,14590.0,-7.546089226252114,14590.0,-5.774722210633681,14590.0,-1.3429377995399079,14590.0,-0.6775051737420357,14590.0,1.5411436505341434,14590.0,-8.87752984999181,14590.0,-7.544683612227167,14590.0,-5.773123754021579,14590.0,-1.3411875882368514,14590.0,-0.6757739907743063,14590.0,1.5427320644712865
14600.0,-8.878733618221721,14600.0,-7.546114692873079,14600.0,-5.774768692743455,14600.0,-1.343037759588754,14600.0,-0.6776132795749494,14600.0,1.541008173358121,14600.0,-8.877544992110858,14600.0,-7.5447144915197315,14600.0,-5.7731756056481505,14600.0,-1.34129301725755,14600.0,-0.6758876041493996,14600.0,1.5425908952157794
14610.0,-8.878743321700817,14610.0,-7.546140006453598,14610.0,-5.774815021170784,14610.0,-1.3431375655262026,14610.0,-0.6777212313637287,14610.0,1.5408728496785564,14610.0,-8.877560013840888,14610.0,-7.544745249455771,14610.0,-5.773227335720299,14610.0,-1.3413983230639883,14610.0,-0.6760010939255415,14610.0,1.54244985115511
14620.0,-8.878752872754252,14620.0,-7.546165168014907,14620.0,-5.774861196940015,14620.0,-1.343237218370584,14620.0,-0.6778290301242373,14620.0,1.5407376784915838,14620.0,-8.877574914788575,14620.0,-7.5447758856489155,14620.0,-5.773278943849127,14620.0,-1.3415035052729867,14620.0,-0.6761144597218028,14620.0,1.5423089326594746
14630.0,-8.87876227244971,14630.0,-7.546190178617024,14630.0,-5.774907221114237,14630.0,-1.343336719179053,14630.0,-0.6779366769111849,14630.0,1.5406026587543498,14630.0,-8.877589694586293,14630.0,-7.544806399738399,14630.0,-5.773330429671381,14630.0,-1.341608563526982,14630.0,-0.6762277011828204,14630.0,1.5421681400735894
14640.0,-8.878771521894269,14640.0,-7.54621503935936,14640.0,-5.774953094795978,14640.0,-1.3434360690482008,14640.0,-0.6780441728187471,14640.0,1.5404677893844154,14640.0,-8.877604352892323,14640.0,-7.544836791389351,14640.0,-5.773381792849734,14640.0,-1.3417134974942986,14640.0,-0.6763408179791263,14640.0,1.5420274737163828
14650.0,-8.878780622234949,14650.0,-7.546239751381331,14650.0,-5.774998819127591,14650.0,-1.3435352691146494,14650.0,-0.6781515189811583,14650.0,1.5403330692591364,14650.0,-8.877618889391176,14650.0,-7.544867060293002,14650.0,-5.773433033073001,14650.0,-1.3418183068693883,14650.0,-0.6764538098073445,14650.0,1.541886933880802
14660.0,-8.878789574658457,14660.0,-7.546264315862432,14660.0,-5.7750443952914425,14660.0,-1.3436343205550378,14660.0,-0.6782587165726949,14660.0,1.5401984972157097,14660.0,-8.877633303793687,14660.0,-7.544897206166859,14660.0,-5.773484150056307,14660.0,-1.3419229913729662,14660.0,-0.6765666763903554,14660.0,1.5417465208336365
14670.0,-8.878798380390785,14670.0,-7.546288734021216,14670.0,-5.775089824509125,14670.0,-1.3437332245852869,14670.0,-0.6783657668069444,14670.0,1.5400640720518812,14670.0,-8.877647595837072,14670.0,-7.544927228754777,14670.0,-5.7735351435411815,14670.0,-1.3420275507521044,14670.0,-0.676679417477373,14670.0,1.5416062348154445
14680.0,-8.878807040695866,14680.0,-7.546313007114332,14680.0,-5.775135108040206,14680.0,-1.343831982459352,14680.0,-0.6784726709355512,14680.0,1.5399297925272233,14680.0,-8.877661765285037,14680.0,-7.544957127826985,14680.0,-5.7735860132955485,14680.0,-1.3421319847802777,14680.0,-0.6767920328439881,14680.0,1.5414660760404995
14690.0,-8.878815556874368,14690.0,-7.546337136435272,14690.0,-5.775180247181058,14690.0,-1.3439305954680705,14690.0,-0.6785794302470722,14690.0,1.5397956573642597,14690.0,-8.877675811927757,14690.0,-7.544986903180151,14690.0,-5.773636759113798,14690.0,-1.3422362932573673,14690.0,-0.6769045222921805,14690.0,1.541326044696782
14700.0,-8.87882393026334,14700.0,-7.546361123313971,14700.0,-5.775225243264451,14700.0,-1.344029064938744,14700.0,-0.67868604606655,14700.0,1.5396616652489163,14700.0,-8.877689735582035,14700.0,-7.545016554637496,14700.0,-5.773687380816933,14700.0,-1.3423404760098532,14700.0,-0.6770168856504937,14700.0,1.5411861409457972
14710.0,-8.878832162236751,14710.0,-7.546384969117371,14710.0,-5.7752700976601545,14710.0,-1.3441273922357164,14710.0,-0.6787925197560981,14710.0,1.539527814829912,14710.0,-8.87770353609163,14710.0,-7.545046082049139,14710.0,-5.773737878252891,14710.0,-1.3424445328910881,14710.0,-0.6771291227743722,14710.0,1.5410463649222672
14720.0,-8.878840254206617,14720.0,-7.546408675250537,14720.0,-5.775314811776109,14720.0,-1.3442255787614916,14720.0,-0.6788988527160172,14720.0,1.5393941047176694,14720.0,-8.877717213327525,14720.0,-7.545075485292351,14720.0,-5.773788251296788,14720.0,-1.3425484637816074,14720.0,-0.6772412335463754,14720.0,1.5409067167338644
14730.0,-8.878848207623758,14730.0,-7.5464322431573985,14730.0,-5.77535938705892,14730.0,-1.3443236259574796,14730.0,-0.679005046385525,14730.0,1.5392605334835654,14730.0,-8.877730767188046,14730.0,-7.545104764271691,14730.0,-5.773838499851066,14730.0,-1.342652268589228,14730.0,-0.6773532178763533,14730.0,1.5407671964610767
14740.0,-8.87885602397767,14740.0,-7.546455674320743,14740.0,-5.77540382499404,14740.0,-1.3444215353038924,14740.0,-0.67911110224269,14740.0,1.5391270996600077,14740.0,-8.877744197599,14740.0,-7.545133918919153,14740.0,-5.773888623845624,14740.0,-1.3427559472492174,14740.0,-0.6774650757015691,14740.0,1.5406278041570762
14750.0,-8.878863704795794,14750.0,-7.54647897026125,14750.0,-5.775448127104855,14750.0,-1.344519308318966,14750.0,-0.6792170218035987,14750.0,1.53899380174128,14750.0,-8.87775750451371,14750.0,-7.545162949194183,14750.0,-5.773938623237868,14750.0,-1.3428594997242882,14750.0,-0.6775768069867485,14750.0,1.5404885398476642
14760.0,-8.878871251641753,14760.0,-7.546502132535866,14760.0,-5.775492294951037,14760.0,-1.3446169465572386,14760.0,-0.6793228066206989,14760.0,1.5388606381851653,14760.0,-8.87777068791294,14760.0,-7.545191855083583,14760.0,-5.773988498012602,14760.0,-1.342962926004549,14760.0,-0.6776884117239672,14760.0,1.5403494035313696
14770.0,-8.878878666112556,14770.0,-7.546525162735018,14770.0,-5.775536330125641,14770.0,-1.344714451606737,14770.0,-0.6794284582799124,14770.0,1.5387276074158902,14770.0,-8.877783747804665,14770.0,-7.54522063660133,14770.0,-5.77403824818183,14770.0,-1.3430662261072595,14770.0,-0.6777998899324287,14770.0,1.5402103951796742
14780.0,-8.878885949836588,14780.0,-7.546548062480626,14780.0,-5.7755802342531934,14780.0,-1.3448118250869758,14780.0,-0.679533978398711,14780.0,1.5385947078259827,14780.0,-8.87779668422421,14780.0,-7.545249293788703,14780.0,-5.774087873784874,14780.0,-1.3431694000769845,14780.0,-0.6779112416586495,14780.0,1.5400715147368471
14790.0,-8.878893104474175,14790.0,-7.546570833426578,14790.0,-5.7756240089901745,14790.0,-1.344909068649502,14790.0,-0.679639368626592,14790.0,1.538461937775865,14790.0,-8.87780949723457,14790.0,-7.545277826714552,14790.0,-5.774137374888684,14790.0,-1.3432724479858982,14790.0,-0.6780224669767347,14790.0,1.539932762119674
14800.0,-8.878900131719103,14800.0,-7.5465934772603,14800.0,-5.775667656026564,14800.0,-1.3450061839794152,14800.0,-0.67974463064664,14800.0,1.5383292955922414,14800.0,-8.877822186926617,14800.0,-7.545306235475588,14800.0,-5.774186751588094,14800.0,-1.3433753699340407,14800.0,-0.6781335659886021,14800.0,1.5397941372171764
14810.0,-8.878907033299958,14810.0,-7.546615995704097,14810.0,-5.775711177087252,14810.0,-1.345103172796714,14810.0,-0.6798497661768689,14810.0,1.5381967795667757,14810.0,-8.877834753419261,14810.0,-7.545334520196519,14810.0,-5.7742360040059655,14810.0,-1.3434781660494153,14810.0,-0.6782445388241768,14810.0,1.5396556398904655
14820.0,-8.87891381098081,14820.0,-7.5466383905157475,14820.0,-5.775754573932482,14820.0,-1.3452000368569248,14820.0,-0.6799547769708136,14820.0,1.5380643879555218,14820.0,-8.877847196859532,14820.0,-7.545362681030072,14820.0,-5.774285132293239,14820.0,-1.343580836488107,14820.0,-0.678355385641403,14820.0,1.5395172699727147
14830.0,-8.878920466560835,14830.0,-7.546660663488292,14830.0,-5.775797848357739,14830.0,-1.3452967779508214,14830.0,-0.6800596648173223,14830.0,1.537932118979083,14830.0,-8.877859517422598,14830.0,-7.545390718157079,14830.0,-5.77433413662895,14830.0,-1.3436833814342717,14830.0,-0.6784661066263046,14830.0,1.5393790272691168
14840.0,-8.878927001873139,14840.0,-7.546682816448922,14840.0,-5.775841002192601,14840.0,-1.3453933979033272,14840.0,-0.6801644315393824,14840.0,1.5377999708238514,14840.0,-8.877871715310933,14840.0,-7.545418631785622,14840.0,-5.774383017219442,14840.0,-1.343785801099354,14840.0,-0.6785767019921721,14840.0,1.539240911557671
14850.0,-8.878933418781042,14850.0,-7.546704851254894,14850.0,-5.775884037296779,14850.0,-1.345489898569559,14850.0,-0.6802690789901986,14850.0,1.5376679416458778,14850.0,-8.877883790753215,14850.0,-7.545446422149936,14850.0,-5.774431774297262,14850.0,-1.343888095720956,14850.0,-0.6786871719784155,14850.0,1.5391029225903123
14860.0,-8.878939719172722,14860.0,-7.5467267697884255,14860.0,-5.775926955554907,14860.0,-1.3455862818295747,14860.0,-0.6803736090479594,14860.0,1.5375360295761122,14860.0,-8.877895744004775,14860.0,-7.545474089510849,14860.0,-5.774480408121544,14860.0,-1.343990265563276,14860.0,-0.67879751685105,14860.0,1.5389650600924716
14870.0,-8.878945904959387,14870.0,-7.546748573954862,14870.0,-5.775969758874694,14870.0,-1.345682549586597,14870.0,-0.6804780236140127,14870.0,1.5374042327222814,14870.0,-8.877907575348111,14870.0,-7.545501634156329,14870.0,-5.774528918978614,14870.0,-1.3440923109176346,14870.0,-0.6789077369032133,14870.0,1.538827323762545
14880.0,-8.878951978076515,14880.0,-7.5467702656838735,14880.0,-5.7760124491881495,14880.0,-1.345778703768175,14880.0,-0.6805823246140691,14880.0,1.5372725491676145,14880.0,-8.877919285093288,14880.0,-7.545529056401817,14880.0,-5.77457730718229,14880.0,-1.344194232102864,14880.0,-0.679017832455497,14880.0,1.5386897132715325
14890.0,-8.878957940485938,14890.0,-7.546791846931562,14890.0,-5.776055028453699,14890.0,-1.3458747463283167,14890.0,-0.6806865140003201,14890.0,1.5371409769687625,14890.0,-8.877930873578055,14890.0,-7.545556356590429,14890.0,-5.774625573074113,14890.0,-1.344296029465468,14890.0,-0.6791278038561849,14890.0,1.538552228262824
14900.0,-8.878963794177572,14900.0,-7.546813319682155,14900.0,-5.77609749865785,14900.0,-1.3459706792491943,14900.0,-0.6807905937531316,14900.0,1.537009514154131,14900.0,-8.877942341167993,14900.0,-7.5455835350930505,14900.0,-5.77467371702341,14900.0,-1.3443977033797359,14900.0,-0.6792376514813209,14900.0,1.5384148683521415
14910.0,-8.878969541170228,14910.0,-7.546834685948863,14910.0,-5.776139861816085,14910.0,-1.3460665045419837,14910.0,-0.6808945658818966,14910.0,1.536878158722972,14910.0,-8.87795368825662,14910.0,-7.545610592308438,14910.0,-5.7747217394274095,14910.0,-1.3444992542478273,14910.0,-0.6793473757347885,14910.0,1.5382776331274042
14920.0,-8.878975183510239,14920.0,-7.546855947772451,14920.0,-5.776182119971418,14920.0,-1.3461622242454205,14920.0,-0.6809984324236,14920.0,1.5367469086468435,14920.0,-8.877964915265851,14920.0,-7.54563752866372,14920.0,-5.774769640711766,14920.0,-1.3446006825003063,14920.0,-0.6794569770488811,14920.0,1.5381405221482332
14930.0,-8.878980723262602,14930.0,-7.546877107212445,14930.0,-5.77622427518565,14930.0,-1.3462578404170442,14930.0,-0.6811021954340374,14930.0,1.5366157618784324,14930.0,-8.877976022645246,14930.0,-7.545664344613606,14930.0,-5.774817421329716,14930.0,-1.344701988595291,14930.0,-0.6795664558834345,14930.0,1.5380035349467658
14940.0,-8.878986162502494,14940.0,-7.54689816633857,14940.0,-5.776266329530614,14940.0,-1.3463533551246207,14940.0,-0.6812058569792397,14940.0,1.5364847163600728,14940.0,-8.87798701087094,14940.0,-7.545691040639292,14940.0,-5.774865081761018,14940.0,-1.344803173017432,14940.0,-0.6796758127247892,14940.0,1.5378666710287008
14950.0,-8.878991503316094,14950.0,-7.546919127231674,14950.0,-5.776308285089324,14950.0,-1.346448770447031,14950.0,-0.6813094191364075,14950.0,1.5363537700228245,14950.0,-8.877997880445625,14950.0,-7.545717617248584,14950.0,-5.774912622512071,14950.0,-1.344904236277958,14950.0,-0.6797850480858599,14950.0,1.5377299298732336
14960.0,-8.878996747806438,14960.0,-7.54693999198946,14960.0,-5.776350143961633,14960.0,-1.34654408848006,14960.0,-0.6814128839996354,14960.0,1.5362229207807814,14960.0,-8.878008631898801,14960.0,-7.545744074976004,14960.0,-5.774960044116063,14960.0,-1.3450051789148896,14960.0,-0.6798941625063291,14960.0,1.537593310932879
14970.0,-8.879001898098931,14970.0,-7.546960762732204,14970.0,-5.776391908269835,14970.0,-1.3466393113420039,14970.0,-0.681516253685543,14970.0,1.5360921665254235,14970.0,-8.87801926578703,14970.0,-7.545770414383074,14970.0,-5.775007347133093,14970.0,-1.3451060014931295,14970.0,-0.6800031565527713,14970.0,1.5374568136333298
14980.0,-8.879006956345291,14980.0,-7.54698144160632,14980.0,-5.776433580162551,14980.0,-1.3467344411774846,14980.0,-0.6816195303371142,14980.0,1.5359615051217617,14980.0,-8.878029782693787,14980.0,-7.54579663605818,14980.0,-5.775054532150267,14980.0,-1.345206704604586,14980.0,-0.6801120308187187,14980.0,1.537320437373365
14990.0,-8.879011924725065,14990.0,-7.547002030786226,14990.0,-5.7764751618162595,14990.0,-1.3468294801590552,14990.0,-0.6817227161252813,14990.0,1.5358309344067562,14990.0,-8.878040183229638,14990.0,-7.5458227406167415,14990.0,-5.7751015997817055,14990.0,-1.3453072888681497,14990.0,-0.6802207859246849,14990.0,1.537184181524846
15000.0,-8.879016805432805,15000.0,-7.547022532461403,15000.0,-5.776516655422495,15000.0,-1.3469244304743644,15000.0,-0.6818258132360827,15000.0,1.5357004522022095,15000.0,-8.878050468032956,15000.0,-7.5458487287019995,15000.0,-5.775148550669396,15000.0,-1.3454077549305414,15000.0,-0.6803294225190272,15000.0,1.5370480454319004
15010.0,-8.879021600646425,15010.0,-7.547042948804756,15010.0,-5.776558063156184,15010.0,-1.3470192942945105,15010.0,-0.681928823839015,15010.0,1.5355700563463635,15010.0,-8.87806063777251,15010.0,-7.545874600987481,15010.0,-5.775195385485633,15010.0,-1.3455081034687992,15010.0,-0.6804379412803807,15010.0,1.5369120284084168
15020.0,-8.879026312515784,15020.0,-7.547063281961181,15020.0,-5.776599387164223,15020.0,-1.3471140737625764,15020.0,-0.6820317500755885,15020.0,1.5354397447053523,15020.0,-8.878070693146814,15020.0,-7.545900358176455,15020.0,-5.7752421049324685,15020.0,-1.3456083351896853,15020.0,-0.6805463429171035,15020.0,1.5367761297386147
15030.0,-8.879030943162963,15030.0,-7.547083534047837,15030.0,-5.776640629565757,15030.0,-1.347208770993937,15030.0,-0.6821345940596386,15030.0,1.5353095151729026,15030.0,-8.878080634882151,15030.0,-7.545926000999903,15030.0,-5.775288709739715,15030.0,-1.3457084508277193,15030.0,-0.6806546281652772,15030.0,1.5366403486790698
15040.0,-8.87903549467822,15040.0,-7.547103707150157,15040.0,-5.776681792448174,15040.0,-1.3473033880722625,15040.0,-0.6822373578732844,15040.0,1.535179365674369,15040.0,-8.878090463730668,15040.0,-7.54595153021463,15040.0,-5.775335200663028,15040.0,-1.3458084511432313,15040.0,-0.6807627977868148,15040.0,1.536504684460591
15050.0,-8.879039969111258,15050.0,-7.547123803313027,15050.0,-5.776722877858288,15050.0,-1.347397927040685,15050.0,-0.6823400435581444,15050.0,1.5350492941755511,15050.0,-8.87810018046863,15050.0,-7.545976946601524,15050.0,-5.775381578482135,15050.0,-1.3459083369206362,15050.0,-0.6808708525676745,15050.0,1.5363691362900087
15060.0,-8.879044368461003,15060.0,-7.547143824530624,15060.0,-5.776763887792193,15060.0,-1.3474923898916822,15060.0,-0.6824426531051623,15060.0,1.5349192986928213,15060.0,-8.878109785894797,15060.0,-7.546002250963926,15060.0,-5.775427843999287,15060.0,-1.346008108966793,15060.0,-0.6809787933162715,15060.0,1.5362337033517488
15070.0,-8.8790486946671,15070.0,-7.547163772737908,15070.0,-5.776804824186745,15070.0,-1.3475867785584674,15070.0,-0.682545188446084,15070.0,1.5347893773016674,15070.0,-8.878119280828928,15070.0,-7.546027444126104,15070.0,-5.7754739980377,15070.0,-1.3461077681095412,15070.0,-0.6810866208619516,15070.0,1.536098384809374
15080.0,-8.879052949610765,15080.0,-7.54718364981145,15080.0,-5.776845688920371,15080.0,-1.3476810949159086,15080.0,-0.6826476514543115,15080.0,1.5346595281358417,15080.0,-8.878128666110861,15080.0,-7.546052526932403,15080.0,-5.775520041440619,15080.0,-1.3462073151967229,15080.0,-0.6811943360540851,15080.0,1.5359631798064965
15090.0,-8.879057135127182,15090.0,-7.547203457581842,15090.0,-5.776886483825515,15090.0,-1.347775340792907,15090.0,-0.682750043957278,15090.0,1.5345297493749868,15090.0,-8.878137942600006,15090.0,-7.546077500246673,15090.0,-5.775565975070878,15090.0,-1.3463067510957372,15090.0,-0.681301939761571,15090.0,1.535828087467266
15100.0,-8.879061253008219,15100.0,-7.547223197836417,15100.0,-5.776927210691408,15100.0,-1.347869517975131,15100.0,-0.6828523677392178,15100.0,1.534400039241887,15100.0,-8.87814711117418,15100.0,-7.546102364951137,15100.0,-5.775611799809682,15100.0,-1.3464060766923214,15100.0,-0.6814094328716375,15100.0,1.5356931068975506
15110.0,-8.879065304987979,15110.0,-7.547242872304778,15110.0,-5.776967871249389,15110.0,-1.347963628190533,15110.0,-0.6829546245266415,15110.0,1.5342703960169548,15110.0,-8.878156172728028,15110.0,-7.546127121944805,15110.0,-5.775657516555043,15110.0,-1.3465052928890109,15110.0,-0.6815168162882872,15110.0,1.5355582371865237
15120.0,-8.879069292722404,15120.0,-7.547262482638432,15120.0,-5.777008467152722,15120.0,-1.3480576730889684,15120.0,-0.6830568159679969,15120.0,1.5341408180585894,15120.0,-8.87816512817142,15120.0,-7.546151772141862,15120.0,-5.775703126220177,15120.0,-1.3466044006035076,15120.0,-0.681624090930691,15120.0,1.5354234774082416
15130.0,-8.879073217772458,15130.0,-7.5472820303938075,15130.0,-5.777048999959612,15130.0,-1.3481516542252299,15130.0,-0.6831589436166949,15130.0,1.5340113038201624,15130.0,-8.878173978427817,15130.0,-7.546176316470043,15130.0,-5.775748629731837,15130.0,-1.3467034007670466,15130.0,-0.6817312577315414,15130.0,1.535288826623329
15140.0,-8.879077081592515,15140.0,-7.547301517021031,15140.0,-5.777089471121909,15140.0,-1.3482455730478122,15140.0,-0.6832610089198483,15140.0,1.5338818518612414,15140.0,-8.878182724432657,15140.0,-7.546200755869042,15140.0,-5.775794028028798,15140.0,-1.3468022943227889,15140.0,-0.681838317635442,15140.0,1.535154283880538
15150.0,-8.879080885524868,15150.0,-7.5473209438581526,15150.0,-5.777129881979383,15150.0,-1.3483394308931587,15150.0,-0.6833630132125287,15150.0,1.5337524608534006,15150.0,-8.878191367131903,15150.0,-7.546225091288997,15150.0,-5.775839322060289,15150.0,-1.3469010822243859,15150.0,-0.681945271597449,15150.0,1.5350198482182367
15160.0,-8.87908463080231,15160.0,-7.547340312133697,15160.0,-5.777170233762252,15160.0,-1.3484332289881895,15160.0,-0.6834649577203161,15160.0,1.5336231295776295,15160.0,-8.878199907480715,15160.0,-7.546249323689235,15160.0,-5.775884512784709,15160.0,-1.3469997654345742,15160.0,-0.6820521205817327,15160.0,1.5348855186657588
15170.0,-8.879088318549577,15170.0,-7.547359622968273,15170.0,-5.777210527592732,15170.0,-1.3485269684518792,15170.0,-0.6835668435608226,15170.0,1.5334938569227967,15170.0,-8.878208346441054,15170.0,-7.54627345403581,15170.0,-5.775929601167235,15170.0,-1.3470983449228648,15170.0,-0.6821588655591919,15170.0,1.5347512942457608
15180.0,-8.879091949772514,15180.0,-7.547378877363502,15180.0,-5.777250764474145,15180.0,-1.348620650284303,15180.0,-0.6836686717328136,15180.0,1.5333646418965519,15180.0,-8.878216684979906,15180.0,-7.546297483299765,15180.0,-5.775974588178022,15180.0,-1.3471968216637076,15180.0,-0.682265507505641,15180.0,1.5346171739760632
15190.0,-8.87909552535226,15190.0,-7.547398076196415,15190.0,-5.777290945285165,15190.0,-1.3487142753609307,15190.0,-0.6837704431104643,15190.0,1.5332354836310733,15190.0,-8.878224924067963,15190.0,-7.546321412455834,15190.0,-5.776019474790954,15190.0,-1.3472951966352136,15190.0,-0.6823720474005771,15190.0,1.5344831568708535
15200.0,-8.879099046048912,15200.0,-7.547417220223019,15200.0,-5.777331070783416,15200.0,-1.3488078444362142,15200.0,-0.683872158446921,15200.0,1.5331063813794756,15200.0,-8.878233064678543,15200.0,-7.5463452424813156,15200.0,-5.776064261982461,15200.0,-1.3473934708180246,15200.0,-0.6824784862260024,15200.0,1.5343492419418947
15210.0,-8.879102512509935,15210.0,-7.547436310086762,15210.0,-5.777371141613929,15210.0,-1.348901358152048,15210.0,-0.6839738183827987,15210.0,1.5329773345073734,15210.0,-8.878241107786492,15210.0,-7.546368974354994,15210.0,-5.776108950730494,15210.0,-1.3474916451942625,15210.0,-0.682584824965367,15210.0,1.5342154281995575
15220.0,-8.879105925280221,15220.0,-7.547455346328539,15220.0,-5.777411158319184,15220.0,-1.3489948170477999,15220.0,-0.6840754234561994,15220.0,1.5328483424828165,15220.0,-8.878249054367213,15220.0,-7.546392609056176,15220.0,-5.776153542013519,15220.0,-1.3475897207465142,15220.0,-0.682691064602584,15220.0,1.5340817146538186
15230.0,-8.879109284816531,15230.0,-7.547474329401194,15230.0,-5.777451121353559,15230.0,-1.3490882215747881,15230.0,-0.6841769741171698,15230.0,1.532719404861824,15230.0,-8.878256905395615,15230.0,-7.546416147563627,15230.0,-5.776198036809497,15230.0,-1.3476876984568231,15230.0,-0.6827972061210144,15230.0,1.5339481003152742
15240.0,-8.879112591527337,15240.0,-7.547493259709277,15240.0,-5.777491031123159,15240.0,-1.34918157213605,15240.0,-0.6842784707675287,15240.0,1.5325905212485966,15240.0,-8.878264661844772,15240.0,-7.546439590854221,15240.0,-5.776242436094492,15240.0,-1.3477855793053075,15240.0,-0.6829032505020588,15240.0,1.5338145841965387
15250.0,-8.87911584577729,15250.0,-7.5475121376136105,15250.0,-5.777530887990301,15250.0,-1.3492748690908904,15250.0,-0.6843799137653561,15250.0,1.5324616912909756,15250.0,-8.878272324685073,15250.0,-7.546462939902123,15250.0,-5.776286740841863,15250.0,-1.3478833642693173,15250.0,-0.6830091987243803,15250.0,1.5336811653130449
15260.0,-8.879119047856884,15260.0,-7.54753096340088,15260.0,-5.777570692243183,15260.0,-1.349368112724521,15260.0,-0.6844813033946453,15260.0,1.5323329147108642,15260.0,-8.87827989488388,15260.0,-7.5464861956784315,15260.0,-5.776330952021928,15260.0,-1.3479810543231296,15260.0,-0.6831150517635167,15260.0,1.5335478426834026
15270.0,-8.879122197973109,15270.0,-7.547549737274283,15270.0,-5.777610444086484,15270.0,-1.349461303238666,15270.0,-0.6845826398559305,15270.0,1.532204191313553,15270.0,-8.878287373405058,15270.0,-7.546509359150713,15270.0,-5.776375070601465,15270.0,-1.3480786504374385,15270.0,-0.683220810591416,15270.0,1.5334146153298585
15280.0,-8.879125296253864,15280.0,-7.547568459358012,15280.0,-5.777650143645847,15280.0,-1.3495544407560738,15280.0,-0.6846839232707422,15280.0,1.5320755209832573,15280.0,-8.878294761208478,15280.0,-7.546532431282481,15280.0,-5.776419097543234,15280.0,-1.3481761535788779,15280.0,-0.6833264761759613,15280.0,1.5332814822788219
15290.0,-8.879128342756474,15290.0,-7.547587129705704,15290.0,-5.777689790976358,15290.0,-1.3496475253289084,15290.0,-0.684785153690094,15290.0,1.5319469036746507,15290.0,-8.87830205924941,15290.0,-7.546555413032639,15290.0,-5.776463033805349,15290.0,-1.3482735647094168,15290.0,-0.6834320494803477,15290.0,1.5331484425614232
15300.0,-8.87913133747627,15300.0,-7.547605748309041,15300.0,-5.777729386071131,15300.0,-1.3497405569474163,15300.0,-0.6848863311030756,15300.0,1.5318183394042586,15300.0,-8.87830926847798,15300.0,-7.546578305354861,15300.0,-5.776506880340744,15300.0,-1.348370884785763,15300.0,-0.6835375314625034,15300.0,1.5330154952141448
15310.0,-8.879134280348218,15310.0,-7.547624315099384,15310.0,-5.777768928862935,15310.0,-1.3498335355415323,15310.0,-0.6849874554384652,15310.0,1.5316898282488733,15310.0,-8.878316389838359,15310.0,-7.546601109196859,15310.0,-5.776550638096404,15310.0,-1.3484681147586488,15310.0,-0.6836429230743547,15310.0,1.5328826392795074
15320.0,-8.879137171219993,15320.0,-7.5476428299208385,15320.0,-5.7778084191973305,15320.0,-1.3499264609539474,15320.0,-0.6850885265378254,15320.0,1.5315613703724513,15320.0,-8.878323424267792,15320.0,-7.546623825499371,15320.0,-5.776594308012334,15320.0,-1.3485652555717862,15320.0,-0.6837482252608201,15320.0,1.5327498738071281
15330.0,-8.879140009857698,15330.0,-7.547661292535993,15330.0,-5.77784785683823,15330.0,-1.350019332945865,15330.0,-0.6851895441612109,15330.0,1.5314329660203752,15330.0,-8.878330372696217,15330.0,-7.546646455195803,15330.0,-5.776637891021194,15330.0,-1.3486623081615157,15330.0,-0.6838534389594116,15330.0,1.5326171978540721
15340.0,-8.879142795982839,15340.0,-7.547679702662842,15340.0,-5.777887241504969,15340.0,-1.3501121512338683,15340.0,-0.6852905080241172,15340.0,1.5313046154825374,15340.0,-8.87833723604624,15340.0,-7.546668999212177,15340.0,-5.776681388048291,15340.0,-1.3487592734567804,15340.0,-0.6839585651002256,15340.0,1.5324846104848764
15350.0,-8.879145529293194,15350.0,-7.5476980599957395,15350.0,-5.777926572893248,15350.0,-1.3502049155109324,15350.0,-0.6853914178184191,15350.0,1.531176319072365,15350.0,-8.878344015232965,15350.0,-7.546691458466971,15350.0,-5.776724800011386,15350.0,-1.3488561523789246,15350.0,-0.6840636046057714,15350.0,1.532352110771736
15360.0,-8.879148209471316,15360.0,-7.547716364213811,15360.0,-5.777965850683522,15360.0,-1.3502976254548291,15360.0,-0.6854922732207986,15360.0,1.5310480771184618,15360.0,-8.87835071116364,15360.0,-7.546713833870785,15360.0,-5.7767681278203815,15360.0,-1.3489529458414038,15360.0,-0.6841685583906371,15360.0,1.5322196977948235
15370.0,-8.879150836187376,15370.0,-7.54773461498385,15370.0,-5.77800507454391,15370.0,-1.3503902807310197,15370.0,-0.6855930738956366,15370.0,1.5309198899616605,15370.0,-8.878357324737234,15370.0,-7.546736126325878,15370.0,-5.776811372376856,15370.0,-1.3490496547492994,15370.0,-0.6842734273610307,15370.0,1.5320873706427331
15380.0,-8.879153409099706,15380.0,-7.547752811960955,15380.0,-5.77804424413071,15380.0,-1.350482880993168,15380.0,-0.6856938194955264,15380.0,1.530791757954508,15380.0,-8.878363856843892,15380.0,-7.546758336725707,15380.0,-5.776854534573553,15380.0,-1.3491462799988396,15380.0,-0.6843782124142954,15380.0,1.5319551284130115
15390.0,-8.879155927854278,15390.0,-7.547770954787717,15390.0,-5.778083359087887,15390.0,-1.350575425882633,15390.0,-0.6857945096607957,15390.0,1.5306636814617662,15390.0,-8.878370308364484,15390.0,-7.5467804659543445,15390.0,-5.776897615293869,15390.0,-1.349242822476839,15390.0,-0.684482914438352,15390.0,1.5318229702126551
15400.0,-8.879158392083866,15400.0,-7.547789043093626,15400.0,-5.778122419046199,15400.0,-1.3506679150276022,15400.0,-0.6858951440185841,15400.0,1.530535660861323,15400.0,-8.878376680170021,15400.0,-7.546802514885989,15400.0,-5.776940615411331,15400.0,-1.3493392830602329,15400.0,-0.6845875343112235,15400.0,1.5316908951586392
15410.0,-8.87916080140831,15410.0,-7.547807076495314,15410.0,-5.778161423623535,15410.0,-1.3507603480434134,15410.0,-0.6859957221832064,15410.0,1.5304076965438587,15410.0,-8.878382973121273,15410.0,-7.546824484384613,15410.0,-5.77698353578925,15410.0,-1.349435662615674,15410.0,-0.684692072900641,15410.0,1.5315589023782565
15420.0,-8.879163155435783,15420.0,-7.547825054597758,15420.0,-5.778200372426116,15420.0,-1.3508527245337898,15420.0,-0.6860962437573448,15420.0,1.530279788911612,15420.0,-8.878389188068567,15420.0,-7.546846375303667,15420.0,-5.777026377280415,15420.0,-1.3495319619992765,15420.0,-0.684796531063782,15420.0,1.5314269910094358
15430.0,-8.879165453763875,15430.0,-7.547842976995401,15430.0,-5.778239265049611,15430.0,-1.3509450440918878,15430.0,-0.6861967083331758,15430.0,1.5301519383772733,15430.0,-8.87839532585141,15430.0,-7.546868188485729,15430.0,-5.777069140726754,15430.0,-1.3496281820562477,15430.0,-0.6849009096469172,15430.0,1.5312951602010623
15440.0,-8.879167695980483,15440.0,-7.5478608432730026,15440.0,-5.778278101079995,15440.0,-1.3510373063012207,15440.0,-0.6862971154932163,15440.0,1.5300241453631247,15440.0,-8.878401387298103,15440.0,-7.546889924762177,15440.0,-5.777111826958977,15440.0,-1.3497243236205554,15440.0,-0.6850052094850394,15440.0,1.5311634091133304
15450.0,-8.879169881664378,15450.0,-7.5478786530062685,15450.0,-5.7783168800941676,15450.0,-1.3511295107362604,15450.0,-0.6863974648109554,15450.0,1.5298964103004542,15450.0,-8.87840737322537,15450.0,-7.546911584952748,15450.0,-5.777154436796214,15450.0,-1.349820387514523,15450.0,-0.685109431401515,15450.0,1.531031736918143
15460.0,-8.87917201038572,15460.0,-7.547896405762299,15460.0,-5.7783556016604285,15460.0,-1.351221656962908,15460.0,-0.6864977558513059,15460.0,1.529768733629059,15460.0,-8.878413284437967,15460.0,-7.546933169865205,15460.0,-5.777196971045563,15460.0,-1.3499163745484333,15460.0,-0.6852135762076393,15460.0,1.5309001427995148
15470.0,-8.879174081705429,15470.0,-7.547914101099009,15470.0,-5.778394265337854,15470.0,-1.3513137445378516,15470.0,-0.6865979881700068,15470.0,1.529641115797853,15470.0,-8.878419121728362,15470.0,-7.546954680294997,15470.0,-5.777239430501855,15470.0,-1.350012285520233,15470.0,-0.6853176447023698,15470.0,1.5307686259538444
15480.0,-8.8791760951703,15480.0,-7.547931738560209,15480.0,-5.7784328706714225,15480.0,-1.3514057730037021,15480.0,-0.6866981613087267,15480.0,1.5295135572697505,15480.0,-8.878424885876825,15480.0,-7.546976117025275,15480.0,-5.777281815947641,15480.0,-1.350108121215566,15480.0,-0.6854216376723494,15480.0,1.530637185589908
15490.0,-8.879178050309811,15490.0,-7.547949317672422,15490.0,-5.778471417188801,15490.0,-1.351497741885804,15490.0,-0.686798274791865,15490.0,1.529386058524922,15490.0,-8.878430577650928,15490.0,-7.546997480826543,15490.0,-5.777324128152794,15490.0,-1.350203882407377,15490.0,-0.6855255558915024,15490.0,1.5305058209292435
15500.0,-8.879179946632782,15500.0,-7.547966837941562,15500.0,-5.778509904397121,15500.0,-1.3515896506889196,15500.0,-0.686898328123245,15500.0,1.5292586200640497,15500.0,-8.878436197804774,15500.0,-7.54701877245575,15500.0,-5.777366367873649,15500.0,-1.3502995698550293,15500.0,-0.6856294001201771,15500.0,1.5303745312070336
15510.0,-8.879181783620995,15510.0,-7.547984298846516,15510.0,-5.778548331776314,15510.0,-1.3516814988907755,15510.0,-0.6869983207796795,15510.0,1.5291312424147674,15510.0,-8.878441747078032,15510.0,-7.547039992655381,15510.0,-5.777408535852108,15510.0,-1.35039518430341,15510.0,-0.6857331711042124,15510.0,1.530243315672979
15520.0,-8.879183560722918,15520.0,-7.548001699832794,15520.0,-5.77858669877298,15520.0,-1.3517732859357159,15520.0,-0.6870982522046138,15520.0,1.5290039261380157,15520.0,-8.87844722619505,15520.0,-7.547061142152618,15520.0,-5.777450632814734,15520.0,-1.3504907264820376,15520.0,-0.6858368695740821,15520.0,1.5301121735922376
15530.0,-8.879185277348597,15530.0,-7.548019040307672,15530.0,-5.7786250047955035,15530.0,-1.3518650112298924,15530.0,-0.6871981218032956,15530.0,1.5288766718329163,15530.0,-8.878452635864063,15530.0,-7.547082221658428,15530.0,-5.77749265947191,15530.0,-1.3505861971042041,15530.0,-0.685940496244018,15530.0,1.529981104246243
15540.0,-8.879186932866764,15540.0,-7.548036319637186,15540.0,-5.778663249210991,15540.0,-1.3519566741382245,15540.0,-0.6872979289397432,15540.0,1.5287494801397603,15540.0,-8.878457976776343,15540.0,-7.547103231866846,15540.0,-5.777534616517064,15540.0,-1.3506815968662393,15540.0,-0.686044051811271,15540.0,1.529850106933465
15550.0,-8.879188526603086,15550.0,-7.548053537144304,15550.0,-5.778701431343409,15550.0,-1.352048273982478,15550.0,-0.6873976729348524,15550.0,1.5286223517419018,15550.0,-8.878463249605538,15550.0,-7.547124173454211,15550.0,-5.77757650462597,15550.0,-1.350776926446718,15550.0,-0.6861475369553645,15550.0,1.5297191809701567
15560.0,-8.879190057837285,15560.0,-7.548070692105931,15560.0,-5.778739550470801,15560.0,-1.3521398100385382,15560.0,-0.6874973530636467,15560.0,1.5284952873685151,15560.0,-8.878468455006997,15560.0,-7.547145047078544,15560.0,-5.7776183244560615,15560.0,-1.350872186505894,15560.0,-0.6862509523374345,15560.0,1.5295883256909901
15570.0,-8.879191525801717,15570.0,-7.548087783751738,15570.0,-5.778777605823886,15570.0,-1.3522312815349824,15570.0,-0.6875969685538414,15570.0,1.5283682877960676,15570.0,-8.878473593617267,15570.0,-7.547165853379023,15570.0,-5.777660076645928,15570.0,-1.3509673776851228,15570.0,-0.6863542985997296,15570.0,1.5294575404495854
15580.0,-8.879192929684079,15580.0,-7.548104811266744,15580.0,-5.778815596588714,15580.0,-1.352322687655771,15580.0,-0.6876965185885247,15580.0,1.5282413538455857,15580.0,-8.878478666053622,15580.0,-7.547186592975532,15580.0,-5.77770176181489,15580.0,-1.3510625006064276,15580.0,-0.6864575763651664,15580.0,1.5293268246189375
15590.0,-8.879194268634139,15590.0,-7.548121773832292,15590.0,-5.7788535219935,15590.0,-1.352414027743852,15590.0,-0.6877960025276478,15590.0,1.5281144861012657,15590.0,-8.878483673097,15590.0,-7.547207267319872,15590.0,-5.777743382307681,15590.0,-1.3511575598967729,15590.0,-0.6865607906094277,15590.0,1.5291961720489666
15600.0,-8.879195541937051,15600.0,-7.5481386711727065,15600.0,-5.778891382355975,15600.0,-1.3525053036247145,15600.0,-0.6878954224260898,15600.0,1.5279876817380242,15600.0,-8.878488615340066,15600.0,-7.547227878233195,15600.0,-5.777784941584207,15600.0,-1.351252563200681,15600.0,-0.6866639496160395,15600.0,1.5290655723052022
15610.0,-8.879196749144942,15610.0,-7.548155502286719,15610.0,-5.778929175937337,15610.0,-1.3525965116752325,15610.0,-0.6879947743728777,15610.0,1.5278609456360281,15610.0,-8.878493492408694,15610.0,-7.547248420540004,15610.0,-5.777826428045234,15610.0,-1.3513474825350233,15610.0,-0.6867670229021879,15610.0,1.5289350642797008
15620.0,-8.879197891144296,15620.0,-7.548172268023928,15620.0,-5.778966903542057,15620.0,-1.3526876525803617,15620.0,-0.6880940590342222,15620.0,1.527734277193285,15620.0,-8.878498306093961,15620.0,-7.547268898996371,15620.0,-5.777867850407259,15620.0,-1.3514423367241892,15620.0,-0.6868700308351682,15620.0,1.5288046224128102
15630.0,-8.879198971412201,15630.0,-7.548188971886552,15630.0,-5.779004568710475,15630.0,-1.3527787299730527,15630.0,-0.6881932800567047,15630.0,1.5276076727186028,15630.0,-8.87850305745645,15630.0,-7.547289314656886,15630.0,-5.7779092097130285,15630.0,-1.3515371267846032,15630.0,-0.6869729744278464,15630.0,1.5286742457026556
15640.0,-8.879199996040917,15640.0,-7.548205619984653,15640.0,-5.779042177580826,15640.0,-1.3528697500588924,15640.0,-0.6882924436556844,15640.0,1.5274811259649361,15640.0,-8.878507747783505,15640.0,-7.5473096688043695,15640.0,-5.777950507235515,15640.0,-1.3516318539680812,15640.0,-0.6870758549292248,15640.0,1.5285439329086246
15650.0,-8.879200973077854,15650.0,-7.548222220378314,15650.0,-5.779079738234514,15650.0,-1.3529607209691779,15650.0,-0.6883915579695936,15650.0,1.5273546287710864,15650.0,-8.87851237853705,15650.0,-7.547329962897444,15650.0,-5.777991744425258,15650.0,-1.3517265197083004,15650.0,-0.6871786737708624,15650.0,1.5284136826053278
15660.0,-8.879201911717614,15660.0,-7.548238782271127,15660.0,-5.7791172598914144,15660.0,-1.3530516519609246,15660.0,-0.6884906322605929,15660.0,1.527228171858653,15660.0,-8.878516951307402,15660.0,-7.547350198524203,15660.0,-5.778032922863607,15660.0,-1.3518211255734116,15660.0,-0.6872814325193092,15660.0,1.5282834932305829
15670.0,-8.879202821616481,15670.0,-7.548255315325564,15670.0,-5.779154752226514,15670.0,-1.3531425527367107,15670.0,-0.6885896762349831,15670.0,1.5271017455099862,15670.0,-8.878521467776498,15670.0,-7.5473703773651675,15670.0,-5.778074044225639,15670.0,-1.3519156732282054,15670.0,-0.6873841328382042,15670.0,1.5281533631236286
15680.0,-8.879203712400976,15680.0,-7.548271829172271,15680.0,-5.779192224880164,15680.0,-1.3532334329572915,15680.0,-0.6886886995561717,15680.0,1.5269753400539319,15680.0,-8.878525929689957,15680.0,-7.547390501165258,15680.0,-5.778115110251723,15680.0,-1.352010164405206,15680.0,-0.6874867764592829,15680.0,1.5280232905543676
15690.0,-8.879204593353204,15690.0,-7.548288333095919,15690.0,-5.7792296871446,15690.0,-1.3533243019299523,15690.0,-0.6887877115332548,15690.0,1.5268489461763854,15690.0,-8.87853033883618,15690.0,-7.547410571712738,15690.0,-5.778156122726382,15690.0,-1.3521046008830748,15690.0,-0.6875893651607361,15690.0,1.52789327374525
15700.0,-8.879205473230027,15700.0,-7.548304835854746,15700.0,-5.779267147784056,15700.0,-1.3534151684299367,15700.0,-0.6888867209426759,15700.0,1.5267225550979664,15700.0,-8.87853469703098,15700.0,-7.547430590823733,15700.0,-5.77819708346268,15700.0,-1.3521989844706777,15700.0,-0.6876919007511787,15700.0,1.5277633108875033
15710.0,-8.879206360174587,15710.0,-7.5483213455924325,15710.0,-5.779304614946938,15710.0,-1.353506040613572,15710.0,-0.6889857359415335,15710.0,1.5265961586601309,15710.0,-8.878539006106395,15710.0,-7.54745056033099,15710.0,-5.778237994290796,15710.0,-1.3522933169953393,15710.0,-0.687794385057919,15710.0,1.5276334001529868
15720.0,-8.879207261687297,15720.0,-7.548337869809444,15720.0,-5.779342096137511,15720.0,-1.3535969259907863,15720.0,-0.6890847640401427,15720.0,1.526469749352285,15720.0,-8.878543267902536,15720.0,-7.5474704820756315,15720.0,-5.778278857049782,15720.0,-1.352387600294356,15720.0,-0.6878968199183626,15720.0,1.5275035397029324
15730.0,-8.879208184633992,15730.0,-7.5483544153709365,15730.0,-5.779379598224042,15730.0,-1.3536878314337768,15730.0,-0.6891838121108459,15730.0,1.5263433203026715,15730.0,-8.87854748426182,15730.0,-7.547490357901315,15730.0,-5.7783196735815805,15730.0,-1.3524818362088076,15730.0,-0.6879992071738553,15730.0,1.527373727694154
15740.0,-8.879209135274472,15740.0,-7.5483709885357095,15740.0,-5.779417127467838,15740.0,-1.3537787632065377,15740.0,-0.6892828864176114,15740.0,1.5262168652485197,15740.0,-8.878551657024776,15740.0,-7.547510189650021,15740.0,-5.778360445726768,15740.0,-1.352576026579159,15740.0,-0.6881015486652426,15740.0,1.527243962283657
15750.0,-8.879210119302295,15750.0,-7.548387594996086,15750.0,-5.779454689563507,15750.0,-1.3538697270052475,15750.0,-0.689381992656406,15750.0,1.5260903784955573,15750.0,-8.878555788027164,15750.0,-7.5475299791591475,15750.0,-5.778401175321564,15750.0,-1.3526701732421271,15750.0,-0.6882038462297019,15750.0,1.527114241631823
15760.0,-8.879211141889277,15760.0,-7.548404239922466,15760.0,-5.779492289683336,15760.0,-1.353960728003078,15760.0,-0.689481136000112,15760.0,1.525963854872936,15760.0,-8.878559879097994,15760.0,-7.547549728259427,15760.0,-5.77844186419577,15760.0,-1.3527642780284939,15760.0,-0.6883061016985326,15760.0,1.5269845639046384
15770.0,-8.87921220773084,15770.0,-7.548420928008707,15770.0,-5.779529932522822,15770.0,-1.3540517708958646,15770.0,-0.6895803211441907,15770.0,1.5258372896874741,15770.0,-8.878563932058162,15770.0,-7.547569438773601,15770.0,-5.7784825141713485,15770.0,-1.352858342761619,15770.0,-0.6884083168956929,15770.0,1.5268549272752918
15780.0,-8.879213321089964,15780.0,-7.548437663516119,15780.0,-5.779567622344743,15780.0,-1.3541428599463194,15780.0,-0.6896795523509077,15780.0,1.5257106786794008,15780.0,-8.878567948719583,15780.0,-7.547589112515534,15780.0,-5.778523127061507,15780.0,-1.352952369256451,15780.0,-0.6885104936367549,15780.0,1.5267253299251946
15790.0,-8.879214485838613,15790.0,-7.5484544503149325,15790.0,-5.779605363020639,15790.0,-1.354233999025577,15790.0,-0.6897788334909267,15790.0,1.5255840179806563,15790.0,-8.87857193088467,15790.0,-7.5476087512896335,15790.0,-5.778563704670163,15790.0,-1.3530463593188566,15790.0,-0.6886126337282811,15790.0,1.5265957700446624
15800.0,-8.87921570549601,15800.0,-7.54847129192258,15800.0,-5.779643158069163,15800.0,-1.35432519165165,15800.0,-0.6898781680817435,15800.0,1.5254573040764399,15800.0,-8.878575880346089,15800.0,-7.547628356890573,15800.0,-5.778604248791574,15800.0,-1.3531403147453203,15800.0,-0.6887147389674275,15800.0,1.5264662458333067
15810.0,-8.879216983263634,15810.0,-7.548488191538648,15810.0,-5.779681010691081,15810.0,-1.3544164410244992,15810.0,-0.6899775593227798,15810.0,1.5253305337701248,15810.0,-8.878579798886548,15810.0,-7.547647931103163,15810.0,-5.778644761210191,15810.0,-1.353234237322678,15810.0,-0.6888168111417543,15810.0,1.5263367555002938
15820.0,-8.879218322056904,15820.0,-7.548505152076726,15820.0,-5.779718923801014,15820.0,-1.3545077500577813,15820.0,-0.6900770101271552,15820.0,1.5252037041513906,15820.0,-8.878583688278844,15820.0,-7.54766747570228,15820.0,-5.778685243700634,15820.0,-1.3533281288280343,15820.0,-0.6889188520291221,15820.0,1.5262072972644507
15830.0,-8.879219724533762,15830.0,-7.548522176192943,15830.0,-5.77975690005605,15830.0,-1.354599121407542,15830.0,-0.6901765231503459,15830.0,1.5250768125675926,15830.0,-8.87858755028584,15830.0,-7.547686992452924,15830.0,-5.778725698027703,15830.0,-1.3534219910288035,15830.0,-0.6890208633976834,15830.0,1.5260778693542512
15840.0,-8.879221193120411,15840.0,-7.548539266311638,15840.0,-5.779794941881484,15840.0,-1.3546905574979504,15840.0,-0.6902761008159469,15840.0,1.524949856598006,15840.0,-8.878591386660586,15840.0,-7.547706483110275,15840.0,-5.77876612594639,15840.0,-1.3535158256826971,15840.0,-0.6891228470059131,15840.0,1.5259484700078287
15850.0,-8.879222730034373,15850.0,-7.548556424648467,15850.0,-5.779833051493817,15850.0,-1.354782060544377,15850.0,-0.6903757453387747,15850.0,1.5248228340306522,15850.0,-8.878595199146428,15850.0,-7.547725949419776,15850.0,-5.778806529202014,15850.0,-1.3536096345378001,15850.0,-0.6892248046026628,15850.0,1.525819097472953
15860.0,-8.879224337305175,15860.0,-7.548573653231092,15860.0,-5.779871230921639,15860.0,-1.3548736325741577,15860.0,-0.69047545874558,15860.0,1.524695742841624,15860.0,-8.878598989476993,15860.0,-7.547745393117202,15860.0,-5.778846909530262,15860.0,-1.353703419332616,15860.0,-0.6893267379272013,15860.0,1.5256897500069575
15870.0,-8.879226016792893,15870.0,-7.548590953917739,15870.0,-5.7799094820240695,15870.0,-1.3549652754451333,15870.0,-0.6905752428936254,15870.0,1.5245685811765126,15870.0,-8.878602759376315,15870.0,-7.547764815928718,15870.0,-5.778887268657236,15870.0,-1.3537971817960672,15870.0,-0.6894286487092314,15870.0,1.5255604258767248
15880.0,-8.879227770204789,15880.0,-7.5486083284138505,15880.0,-5.779947806507364,15880.0,-1.3550569908622816,15880.0,-0.6906750994873373,15880.0,1.524441347333701,15880.0,-8.878606510558862,15880.0,-7.547784219570931,15880.0,-5.778927608299471,15880.0,-1.3538909236475885,15880.0,-0.689530538668962,15880.0,1.5254311233586861
15890.0,-8.879229599110264,15890.0,-7.548625778286983,15890.0,-5.779986205939914,15890.0,-1.3551487803927131,15890.0,-0.6907750300932403,15890.0,1.5243140397494663,15890.0,-8.87861024472957,15890.0,-7.547803605750862,15890.0,-5.7789679301639785,15890.0,-1.3539846465970768,15890.0,-0.6896324095170424,15890.0,1.5253018407388155
15900.0,-8.879231504954245,15900.0,-7.5486433049802555,15900.0,-5.7800246817656165,15900.0,-1.3552406454790455,15900.0,-0.6908750361533816,15900.0,1.524186656984563,15900.0,-8.878613963583788,15900.0,-7.547822976165947,15900.0,-5.779008235948192,15900.0,-1.3540783523448308,15900.0,-0.6897342629545733,15900.0,1.5251725763126607
15910.0,-8.87923348906923,15910.0,-7.54866090982439,15910.0,-5.780063235315967,15910.0,-1.355332587451455,15910.0,-0.6909751189973988,15910.0,1.5240591977120963,15910.0,-8.878617668807232,15910.0,-7.547842332504019,15910.0,-5.779048527339916,15910.0,-1.3541720425815782,15910.0,-0.6898361006730227,15910.0,1.5250433283854088
15920.0,-8.879235552686179,15920.0,-7.548678594048534,15920.0,-5.780101867820909,15920.0,-1.3554246075386007,15920.0,-0.6910752798533727,15920.0,1.5239316607067264,15920.0,-8.878621362075931,15920.0,-7.547861676443158,15920.0,-5.77908880601725,15920.0,-1.3542657189883076,15920.0,-0.6899379243541274,15920.0,1.5249140952719977
15930.0,-8.879237696944257,15930.0,-7.5486963587900355,15930.0,-5.780140580418594,15930.0,-1.3555167068773488,15930.0,-0.6911755198576096,15930.0,1.523804044834872,15930.0,-8.878625045056083,15930.0,-7.547881009651632,15930.0,-5.779129073648498,15930.0,-1.3543593832361878,15930.0,-0.6900397356698241,15930.0,1.5247848752972273
15940.0,-8.879239922899634,15940.0,-7.54871420510345,15940.0,-5.780179374164232,15940.0,-1.3556088865216023,15940.0,-0.6912758400634891,15940.0,1.5236763490458265,15940.0,-8.878628719403975,15940.0,-7.547900333787754,15940.0,-5.779169331891995,15940.0,-1.354453036986431,15940.0,-0.6901415362820782,15940.0,1.5246556667958628
15950.0,-8.879242231533484,15950.0,-7.54873213396829,15950.0,-5.780218250038076,15950.0,-1.3557011474503393,15950.0,-0.6913762414494241,15950.0,1.5235485723638449,15950.0,-8.878632386765783,15950.0,-7.547919650499725,15950.0,-5.779209582395956,15950.0,-1.3545466818901049,15950.0,-0.6902433278426999,15950.0,1.5245264681128603
15960.0,-8.879244623759392,15960.0,-7.548750146296327,15960.0,-5.780257208952581,15960.0,-1.3557934905747635,15960.0,-0.6914767249260783,15960.0,1.5234207138809044,15960.0,-8.878636048777398,15960.0,-7.547938961425434,15960.0,-5.779249826798319,15960.0,-1.3546403195879828,15960.0,-0.690345111993208,15960.0,1.5243972776034862
15970.0,-8.879247100429644,15970.0,-7.548768242938107,15970.0,-5.780296251758968,15970.0,-1.3558859167448518,15970.0,-0.6915772913429131,15970.0,1.5232927727501406,15970.0,-8.878639707064226,15970.0,-7.5479582681922865,15970.0,-5.779290066726529,15970.0,-1.354733951710342,15970.0,-0.6904468903645983,15970.0,1.5242680936335706
15980.0,-8.879249662341167,15980.0,-7.5487864246889105,15980.0,-5.780335379253264,15980.0,-1.355978426755328,15980.0,-0.6916779414941038,15980.0,1.5231647481799646,15980.0,-8.878643363241032,15980.0,-7.547977572416993,15980.0,-5.77933030379734,15980.0,-1.3548275798767242,15980.0,-0.6905486645771435,15980.0,1.5241389145796982
15990.0,-8.879252310240966,15990.0,-7.548804692294083,15990.0,-5.78037459218151,15990.0,-1.356071021350974,15990.0,-0.6917786761239144,15990.0,1.523036639428675,15990.0,-8.87864701891164,15990.0,-7.547996875705334,15990.0,-5.779370539616577,15990.0,-1.354921205695728,15990.0,-0.6906504362401638,15990.0,1.524009738829425
16000.0,-8.879255044831005,16000.0,-7.54882304645395,16000.0,-5.7804138912447005,16000.0,-1.3561637012315402,16000.0,-0.6918794959315863,16000.0,1.5229084457995408,16000.0,-8.87865067566873,16000.0,-7.548016179651921,16000.0,-5.779410775778928,16000.0,-1.3550148307647827,16000.0,-0.6907522069517974,16000.0,1.5238805647815388
16010.0,-8.87925786677265,16010.0,-7.548841487828241,16010.0,-5.780453277103239,16010.0,-1.3562564670562176,16010.0,-0.6919804015757833,16010.0,1.522780166636412,16010.0,-8.878654335093627,16010.0,-7.548035485839979,16010.0,-5.779451013867654,16010.0,-1.3551084566698857,16010.0,-0.6908539782987482,16010.0,1.5237513908462572
16020.0,-8.879260776690682,16020.0,-7.548860017040142,16020.0,-5.780492750380964,16020.0,-1.3563493194476224,16020.0,-0.6920813936786264,16020.0,1.522651801319641,16020.0,-8.878657998756019,16020.0,-7.548054795841111,16020.0,-5.779491255454398,16020.0,-1.3552020849853745,16020.0,-0.6909557518560547,16020.0,1.5236222154455148
16030.0,-8.879263775177,16030.0,-7.548878634679966,16030.0,-5.780532311668855,16030.0,-1.356442258995517,16030.0,-0.6921824728293728,16030.0,1.5225233492624037,16030.0,-8.878661668213724,16030.0,-7.548074111214997,16030.0,-5.779531502098921,16030.0,-1.355295717273691,16030.0,-0.691057529186849,16030.0,1.5234930370131916
16040.0,-8.87926686279398,16040.0,-7.548897341308444,16040.0,-5.780571961528346,16040.0,-1.3565352862601645,16040.0,-0.6922836395877834,16040.0,1.522394809907379,16040.0,-8.878665345012479,16040.0,-7.548093433509225,16040.0,-5.7795717553488375,16040.0,-1.3553893550851157,16040.0,-0.6911593118420987,16040.0,1.5233638539953458
16050.0,-8.879270040077518,16050.0,-7.548916137459972,16050.0,-5.7806117004944175,16050.0,-1.3566284017753496,16050.0,-0.6923848944871653,16050.0,1.5222661827236463,16050.0,-8.878669030685671,16050.0,-7.548112764259012,16050.0,-5.7796120167394385,16050.0,-1.3554829999575444,16050.0,-0.6912611013603802,16050.0,1.52323466485048
16060.0,-8.879273307539814,16060.0,-7.548935023645241,16060.0,-5.780651529078373,16060.0,-1.3567216060512157,16060.0,-0.6924862380371664,16060.0,1.5221374672039105,16060.0,-8.878672726754083,16060.0,-7.548132104986957,16060.0,-5.7796522877933825,16060.0,-1.355576653416239,16060.0,-0.691362899267623,16060.0,1.523105468049753
16070.0,-8.879276665671961,16070.0,-7.548954000353803,16070.0,-5.780691447770373,16070.0,-1.3568148995767875,16070.0,-0.6925876707263239,16070.0,1.5220086628619967,16070.0,-8.8786764347257,16070.0,-7.548151457202836,16070.0,-5.779692570020489,16070.0,-1.3556703169736102,16070.0,-0.6914647070769052,16070.0,1.5229762620772087
16080.0,-8.879280114946182,16080.0,-7.548973068056406,16080.0,-5.780731457041709,16080.0,-1.3569082828222632,16080.0,-0.6926891930243847,16080.0,1.5218797692304564,16080.0,-8.878680156095495,16080.0,-7.548170822403371,16080.0,-5.779732864917547,16080.0,-1.3557639921289844,16080.0,-0.6915665262882054,16080.0,1.5228470454300203
16090.0,-8.879283655818037,16090.0,-7.548992227207111,16090.0,-5.780771557347131,16090.0,-1.3570017562412022,16090.0,-0.6927908053844201,16090.0,1.521750785858504,16090.0,-8.878683892345112,16090.0,-7.548190202072029,16090.0,-5.779773173968066,16090.0,-1.3558576803683988,16090.0,-0.691668358388212,16090.0,1.5227178166186899
16100.0,-8.87928728872829,16100.0,-7.549011478245223,16100.0,-5.78081174912655,16100.0,-1.3570953202724008,16100.0,-0.6928925082447588,16100.0,1.52162171231009,16100.0,-8.87868764494283,16100.0,-7.548209597678771,16100.0,-5.779813498642075,16100.0,-1.3559513831643817,16100.0,-0.6917702048501047,16100.0,1.5225885741672538
16110.0,-8.879291014104732,16110.0,-7.549030821597069,16110.0,-5.780852032806884,16110.0,-1.3571889753416566,16110.0,-0.6929943020307633,16110.0,1.5214925481620707,16110.0,-8.87869141534324,16110.0,-7.548229010679937,16110.0,-5.7798538403959725,16110.0,-1.356045101975782,16110.0,-0.6918720671333647,16110.0,1.5224593166134752
16120.0,-8.879294832363733,16120.0,-7.54905025767759,16120.0,-5.780892408803663,16120.0,-1.3572827218634358,16120.0,-0.6930961871564262,16120.0,1.521363293002668,16120.0,-8.878695204987107,16120.0,-7.548248442517993,16120.0,-5.779894200672268,16120.0,-1.3561388382475739,16120.0,-0.6919739466835947,16120.0,1.5223300425090298
16130.0,-8.879298743911756,16130.0,-7.549069786891831,16130.0,-5.780932877522518,16130.0,-1.3573765602422767,16130.0,-0.6931981640258417,16130.0,1.5212339464299827,16130.0,-8.878699015301203,16130.0,-7.548267894621402,16130.0,-5.77993458089949,16130.0,-1.3562325934106934,16130.0,-0.6920758449323482,16130.0,1.5222007504196524
16140.0,-8.879302749146659,16140.0,-7.5490894096362515,16140.0,-5.7809734393604835,16140.0,-1.35747049087415,16140.0,-0.6933002330345485,16140.0,1.5211045080506183,16140.0,-8.878702847698161,16140.0,-7.548287368404433,16140.0,-5.779974982491973,16140.0,-1.3563263688818763,16140.0,-0.6921777632969749,16140.0,1.5220714389253323
16150.0,-8.879306848458937,16150.0,-7.549109126299893,16150.0,-5.781014094707242,16150.0,-1.3575645141477088,16150.0,-0.6934023945707458,16150.0,1.520974977478525,16150.0,-8.87870670357628,16150.0,-7.548306865267071,16150.0,-5.780015406849735,16150.0,-1.3564201660634942,16150.0,-0.6922797031804819,16150.0,1.521942106620434
16160.0,-8.879311042232825,16160.0,-7.549128937265689,16160.0,-5.7810548439462295,16160.0,-1.3576586304453362,16160.0,-0.6935046490163999,16160.0,1.5208453543338443,16160.0,-8.878710584319483,16160.0,-7.548326386594839,16160.0,-5.780055855358364,16160.0,-1.356513986343489,16160.0,-0.6923816659713905,16160.0,1.5218127521138154
16170.0,-8.879315330847168,16170.0,-7.549148842911287,16170.0,-5.781095687455639,16170.0,-1.3577528401442063,16170.0,-0.6936069967482485,16170.0,1.5207156382419094,16170.0,-8.878714491297098,16170.0,-7.5483459337586805,16170.0,-5.78009632938887,16170.0,-1.3566078310951726,16170.0,-0.6924836530436287,16170.0,1.5216833740289826
16180.0,-8.87931971467677,16180.0,-7.549168843609994,16180.0,-5.781136625609318,16180.0,-1.357847143617185,16180.0,-0.6937094381387298,16180.0,1.520585828832364,16180.0,-8.87871842586381,16180.0,-7.548365508114902,16180.0,-5.780136830297589,16180.0,-1.356701701677191,16180.0,-0.692585665756406,16180.0,1.5215539710041563
16190.0,-8.879324194092774,16190.0,-7.549188939731627,16190.0,-5.781177658777575,16190.0,-1.3579415412336246,16190.0,-0.6938119735567985,16190.0,1.5204559257382775,16190.0,-8.878722389359588,16190.0,-7.548385111005038,16190.0,-5.78017735942611,16190.0,-1.356795599433377,16190.0,-0.6926877054541652,16190.0,1.5214245416923686
16200.0,-8.879328769463575,16200.0,-7.54920913164327,16200.0,-5.781218787328098,16200.0,-1.3580360333601824,16200.0,-0.6939146033686839,16200.0,1.5203259285954283,16200.0,-8.878726383109557,16200.0,-7.548404743755756,16200.0,-5.780217918101167,16200.0,-1.3568895256927203,16200.0,-0.6927897734664681,16200.0,1.5212950847615616
16210.0,-8.879333441155472,16210.0,-7.549229419709936,16210.0,-5.781260011626452,16210.0,-1.3581306203614467,16210.0,-0.6940173279385661,16210.0,1.5201958370416424,16210.0,-8.878730408423937,16210.0,-7.548424407678868,16210.0,-5.780258507634606,16210.0,-1.3569834817692743,16210.0,-0.6928918711079355,16210.0,1.5211655988946333
16220.0,-8.87933820953332,16220.0,-7.549249804295202,16220.0,-5.7813013320367475,16220.0,-1.3582253026005557,16220.0,-0.6941201476291985,16220.0,1.5200656507161152,16220.0,-8.878734466598054,16220.0,-7.548444104071195,16220.0,-5.78029912932329,16220.0,-1.3570774689621197,16220.0,-0.6929939996782121,16220.0,1.5210360827894813
16230.0,-8.879343074961062,16230.0,-7.549270285761741,16230.0,-5.781342748922192,16230.0,-1.3583200804397955,16230.0,-0.6942230628024498,16230.0,1.519935369258927,16230.0,-8.87873855891225,16230.0,-7.54846383421458,16230.0,-5.780339784449135,16230.0,-1.357171488555326,16230.0,-0.6930961604619269,16230.0,1.5209065351591047
16240.0,-8.879348037802224,16240.0,-7.549290864471842,16240.0,-5.78138426264559,16240.0,-1.3584149542410304,16240.0,-0.6943260738198032,16240.0,1.519804992310518,16240.0,-8.878742686631822,16240.0,-7.548483599375834,16240.0,-5.780380474279002,16240.0,-1.3572655418178894,16240.0,-0.6931983547286328,16240.0,1.5207769547315197
16250.0,-8.879353098420363,16250.0,-7.549311540787805,16250.0,-5.781425873569776,16250.0,-1.3585099243661851,16250.0,-0.6944291810427942,16250.0,1.5196745195112302,16250.0,-8.878746851007076,16250.0,-7.548503400806754,16250.0,-5.780421200064727,16250.0,-1.3573596300037754,16250.0,-0.6933005837328398,16250.0,1.5206473402498581
16260.0,-8.879358257179447,16260.0,-7.549332315072348,16260.0,-5.781467582058023,16260.0,-1.3586049911776454,16260.0,-0.6945323848334186,16260.0,1.519543950500963,16260.0,-8.878751053273307,16260.0,-7.548523239744079,16260.0,-5.780461963043106,16260.0,-1.3574537543518712,16260.0,-0.6934028487139808,16260.0,1.5205176904723439
16270.0,-8.879363514444249,16270.0,-7.549353187689091,16270.0,-5.781509388474397,16270.0,-1.3587001550385662,16270.0,-0.6946356855544724,16270.0,1.5194132849187607,16270.0,-8.878755294650807,16270.0,-7.54854311740953,16270.0,-5.780502764435894,16270.0,-1.3575479160860133,16270.0,-0.693505150896419,16270.0,1.520388004172303
16280.0,-8.879368870580596,16280.0,-7.549374159002692,16280.0,-5.781551293184055,16280.0,-1.3587954163132467,16280.0,-0.6947390835698651,16280.0,1.519282522402536,16280.0,-8.87875957634481,16280.0,-7.548563035009784,16280.0,-5.780543605449854,16280.0,-1.3576421164149988,16280.0,-0.6936074914894922,16280.0,1.5202582801381097
16290.0,-8.879374325955691,16290.0,-7.549395229379175,16290.0,-5.781593296553479,16290.0,-1.3588907753673511,16290.0,-0.6948425792448926,16290.0,1.519151662588816,16290.0,-8.87876389954563,16290.0,-7.548582993736584,16290.0,-5.780584487276737,16290.0,-1.35773635653263,16290.0,-0.6937098716875242,16290.0,1.520128517173181
16300.0,-8.87937988093834,16300.0,-7.549416399186187,16300.0,-5.781635398950824,16300.0,-1.3589862325681579,16300.0,-0.6949461729464816,16300.0,1.5190207051124367,16300.0,-8.87876826542863,16300.0,-7.548602994766705,16300.0,-5.780625411093372,16300.0,-1.3578306376177334,16300.0,-0.693812292669852,16300.0,1.5199987140959237
16310.0,-8.879385535899162,16310.0,-7.549437668793182,16310.0,-5.781677600746087,16310.0,-1.359081788284803,16310.0,-0.6950498650433948,16310.0,1.5188896496064106,16310.0,-8.878772675154314,16310.0,-7.548623039262023,16310.0,-5.780666378061678,16310.0,-1.3579249608342194,16310.0,-0.6939147556009053,16310.0,1.5198688697396812
16320.0,-8.879391291210744,16320.0,-7.549459038571639,16320.0,-5.781719902311216,16320.0,-1.3591774428884025,16320.0,-0.6951536559064057,16320.0,1.5187584957017066,16320.0,-8.878777129868345,16320.0,-7.548643128369583,16320.0,-5.780707389328759,16320.0,-1.3580193273311363,16320.0,-0.694017261630241,16320.0,1.5197389829527164
16330.0,-8.879397147247824,16330.0,-7.549480508895174,16330.0,-5.781762304020311,16330.0,-1.3592731967522498,16330.0,-0.6952575459084508,16330.0,1.5186272430270948,16330.0,-8.878781630701662,16330.0,-7.548663263221665,16330.0,-5.780748446026915,16330.0,-1.3581137382427593,16330.0,-0.6941198118926302,16330.0,1.5196090525980965
16340.0,-8.87940310438741,16340.0,-7.54950208013967,16340.0,-5.781804806249742,16340.0,-1.3593690502519236,16340.0,-0.6953615354247574,16340.0,1.518495891209065,16340.0,-8.878786178770504,16340.0,-7.548683444935849,16340.0,-5.780789549273775,16340.0,-1.3582081946886222,16340.0,-0.6942224075081157,16340.0,1.5194790775536333
16350.0,-8.879409163008845,16350.0,-7.549523752683397,16350.0,-5.781847409378259,16350.0,-1.359465003765371,16350.0,-0.6954656248329503,16350.0,1.5183644398716554,16350.0,-8.878790775176496,16350.0,-7.548703674615102,16350.0,-5.780830700172369,16350.0,-1.3583026977736388,16350.0,-0.6943250495820888,16350.0,1.5193490567118029
16360.0,-8.879415323493971,16360.0,-7.549545526907027,16360.0,-5.781890113787081,16360.0,-1.3595610576730524,16360.0,-0.6955698145131328,16360.0,1.5182328886364242,16360.0,-8.87879542100679,16360.0,-7.548723953347874,16360.0,-5.780871899811168,16360.0,-1.358397248588186,16360.0,-0.6944277392054108,16360.0,1.5192189889796444
16370.0,-8.879421586227044,16370.0,-7.549567403193911,16370.0,-5.781932919859945,16370.0,-1.3596572123579331,16370.0,-0.6956741048479514,16370.0,1.5181012371223668,16370.0,-8.878800117334112,16370.0,-7.5487442822081965,16370.0,-5.780913149264246,16370.0,-1.3584918482081787,16370.0,-0.6945304774544867,16370.0,1.5190888732786894
16380.0,-8.879427951594952,16380.0,-7.549589381929913,16380.0,-5.781975827983168,16380.0,-1.3597534682055878,16380.0,-0.6957784962226473,16380.0,1.517969484945846,16380.0,-8.878804865216884,16380.0,-7.548764662255772,16380.0,-5.7809544495913485,16380.0,-1.3585864976952107,16380.0,-0.6946332653913827,16380.0,1.5189587085448018
16390.0,-8.879434419987302,16390.0,-7.549611463503499,16390.0,-5.782018838545635,16390.0,-1.3598498256042135,16390.0,-0.6958829890250854,16390.0,1.5178376317206081,16390.0,-8.878809665699341,16390.0,-7.548785094536106,16390.0,-5.780995801838022,16390.0,-1.3586811980966298,16390.0,-0.6947361040639242,16390.0,1.518828493728129
16400.0,-8.879440991796217,16400.0,-7.549633648305755,16400.0,-5.782061951938901,16400.0,-1.3599462849446193,16400.0,-0.695987583645776,16400.0,1.5177056770577053,16400.0,-8.878814519811623,16400.0,-7.548805580080594,16400.0,-5.7810372070356975,16400.0,-1.358775950445689,16400.0,-0.6948389945058249,16400.0,1.518698227792956
16410.0,-8.879447667416441,16410.0,-7.549655936730421,16410.0,-5.782105168557199,16410.0,-1.3600428466203,16410.0,-0.6960922804778757,16410.0,1.5175736205655423,16410.0,-8.878819428569935,16410.0,-7.548826119906688,16410.0,-5.781078666201862,16410.0,-1.3588707557616369,16410.0,-0.6949419377367824,16410.0,1.5185679097175782
16420.0,-8.879454447245337,16420.0,-7.549678329173852,16420.0,-5.782148488797328,16420.0,-1.360139511027348,16420.0,-0.6961970799171808,16420.0,1.5174414618498668,16420.0,-8.878824392976615,16420.0,-7.548846715017957,16420.0,-5.781120180340147,16420.0,-1.3589656150498672,16420.0,-0.6950449347626517,16420.0,1.5184375384941802
16430.0,-8.879461331682853,16430.0,-7.5497008260350125,16430.0,-5.782191913058711,16430.0,-1.3602362785644944,16430.0,-0.6963019823621093,16430.0,1.5173092005137643,16430.0,-8.878829414020334,16430.0,-7.54886736640429,16430.0,-5.781161750440458,16430.0,-1.3590605293020377,16430.0,-0.6951479865755347,16430.0,1.5183071131287251
16440.0,-8.879468321131538,16440.0,-7.549723427715471,16440.0,-5.782235441743337,16440.0,-1.3603331496330637,16440.0,-0.6964069882136766,16440.0,1.5171768361577354,16440.0,-8.878834492676203,16440.0,-7.548888075041991,16440.0,-5.78120337747914,16440.0,-1.359155499496212,16440.0,-0.6952510941539388,16440.0,1.5181766326407802
16450.0,-8.87947541599645,16450.0,-7.549746134619298,16450.0,-5.7822790752557545,16450.0,-1.3604301246369148,16450.0,-0.6965120978754601,16450.0,1.5170443683796675,16450.0,-8.878839629905816,16450.0,-7.548908841893911,16450.0,-5.781245062419081,16450.0,-1.3592505265969808,16450.0,-0.6953542584629067,16450.0,1.5180460960633921
16460.0,-8.879482616685141,16460.0,-7.549768947153051,16460.0,-5.782322814002995,16460.0,-1.360527203982457,16460.0,-0.696617311753553,16460.0,1.5169117967749326,16460.0,-8.878844826657687,16460.0,-7.548929667909624,16460.0,-5.781286806209894,16460.0,-1.3593456115556362,16460.0,-0.695457480454169,16460.0,1.517915502442947
16470.0,-8.879489923607624,16470.0,-7.549791865725875,16470.0,-5.782366658394561,16470.0,-1.3606243880785263,16470.0,-0.6967226302565172,16470.0,1.5167791209364192,16470.0,-8.87885008386702,16470.0,-7.548950554025567,16470.0,-5.781328609788053,16470.0,-1.3594407553103067,16470.0,-0.6955607610662786,16470.0,1.5177848508390366
16480.0,-8.879497337176282,16480.0,-7.54981489074922,16480.0,-5.782410608842349,16480.0,-1.3607216773363888,16480.0,-0.6968280537953216,16480.0,1.5166463404545687,16480.0,-8.87885540245608,16480.0,-7.548971501165149,16480.0,-5.781370474076995,16480.0,-1.3595359587860913,16480.0,-0.6956641012247605,16480.0,1.5176541403242716
16490.0,-8.879504857805825,16490.0,-7.549838022636881,16490.0,-5.7824546657605005,16490.0,-1.3608190721696438,16490.0,-0.6969335827832818,16490.0,1.5165134549174897,16490.0,-8.878860783334316,16490.0,-7.548992510238952,16490.0,-5.781412399987346,16490.0,-1.3596312228952412,16490.0,-0.6957675018422949,16490.0,1.5175233699841675
16500.0,-8.879512485913228,16500.0,-7.549861261804918,16500.0,-5.782498829565548,16500.0,-1.3609165729941597,16500.0,-0.6970392176359954,16500.0,1.5163804639109533,16500.0,-8.878866227398454,16500.0,-7.5490135821448545,16500.0,-5.781454388417017,16500.0,-1.3597265485372887,16500.0,-0.6958709638188236,16500.0,1.5173925389169671
16510.0,-8.879520221917629,16510.0,-7.549884608671588,16510.0,-5.782543100676196,16510.0,-1.3610141802280307,16510.0,-0.6971449587712674,16510.0,1.516247367018537,16510.0,-8.878871735532748,16510.0,-7.549034717768207,16510.0,-5.781496440251402,16510.0,-1.359821936599218,16510.0,-0.6959744880417421,16510.0,1.5172616462334898
16520.0,-8.87952806624029,16520.0,-7.549908063657271,16520.0,-5.782587479513243,16520.0,-1.3611118942914497,16520.0,-0.6972508066090357,16520.0,1.5161141638216535,16520.0,-8.87887730860909,16520.0,-7.549055917982001,16520.0,-5.781538556363499,16520.0,-1.3599173879556137,16520.0,-0.6960780753860495,16520.0,1.5171306910569744
16530.0,-8.879536019304528,16530.0,-7.549931627184394,16530.0,-5.782631966499526,16530.0,-1.3612097156066976,16530.0,-0.6973567615712956,16530.0,1.5159808538996364,16530.0,-8.878882947487114,16530.0,-7.549077183646992,16530.0,-5.7815807376141315,16530.0,-1.3600129034688369,16530.0,-0.6961817267145168,16530.0,1.5169996725229047
16540.0,-8.87954408153558,16540.0,-7.5499552996773405,16540.0,-5.782676562059835,16540.0,-1.3613076445979977,16540.0,-0.6974628240820179,16540.0,1.515847436829848,16540.0,-8.878888653014458,16540.0,-7.549098515611884,16540.0,-5.781622984852026,16540.0,-1.3601084839891828,16540.0,-0.6962854428778297,16540.0,1.516868589778869
16550.0,-8.879552253360568,16550.0,-7.549979081562321,16550.0,-5.782721266620859,16550.0,-1.361405681691478,16550.0,-0.6975689945670654,16550.0,1.5157139121877081,16550.0,-8.878894426026884,16550.0,-7.5491199147135015,16550.0,-5.781665298914038,16550.0,-1.3602041303550332,16550.0,-0.6963892247147702,16550.0,1.5167374419843713
16560.0,-8.87956053520834,16560.0,-7.550002973267447,16560.0,-5.782766080611066,16560.0,-1.3615038273150735,16560.0,-0.6976752734541076,16560.0,1.5155802795468463,16560.0,-8.878900267348433,16560.0,-7.549141381776946,16560.0,-5.781707680625301,16560.0,-1.3602998433930393,16560.0,-0.6964930730523738,16560.0,1.5166062283106847
16570.0,-8.879568927509439,16570.0,-7.550026975222513,16570.0,-5.7828110044606325,16570.0,-1.3616020818984127,16570.0,-0.697781661172536,16570.0,1.5154465384791276,16570.0,-8.878906177791594,16570.0,-7.549162917615748,16570.0,-5.781750130799394,16570.0,-1.3603956239182537,16570.0,-0.6965969887060912,16570.0,1.5164749479406885
16580.0,-8.879577430696209,16580.0,-7.550051087858904,16580.0,-5.782856038601311,16580.0,-1.361700445872788,16580.0,-0.6978881581533726,16580.0,1.5153126885547865,16580.0,-8.878912158157473,16580.0,-7.549184523032053,16580.0,-5.781792650238479,16580.0,-1.3604914727343425,16580.0,-0.6967009724799526,16580.0,1.5163436000686763
16590.0,-8.87958604520237,16590.0,-7.550075311609566,16590.0,-5.782901183466434,16590.0,-1.3617989196709919,16590.0,-0.697994764829185,16590.0,1.5151787293424908,16590.0,-8.878918209235945,16590.0,-7.549206198816795,16590.0,-5.781835239733519,16590.0,-1.3605873906337145,16590.0,-0.6968050251667673,16590.0,1.516212183900229
16600.0,-8.879594771463115,16600.0,-7.5500996469088655,16600.0,-5.782946439490802,16600.0,-1.3618975037273093,16600.0,-0.6981014816339984,16600.0,1.5150446604094279,16600.0,-8.878924331805864,16600.0,-7.549227945749805,16600.0,-5.781877900064384,16600.0,-1.3606833783977057,16600.0,-0.6969091475482379,16600.0,1.5160806986520046
16610.0,-8.87960360991495,16610.0,-7.550124094192533,16610.0,-5.782991807110549,16610.0,-1.361996198477362,16610.0,-0.6982083090032033,16610.0,1.5149104813214247,16610.0,-8.87893052663519,16610.0,-7.549249764600052,16610.0,-5.781920632000063,16610.0,-1.360779436796736,16610.0,-0.6970133403951636,16610.0,1.5159491435515993
16620.0,-8.87961256099564,16620.0,-7.5501486538975655,16620.0,-5.783037286763061,16620.0,-1.3620950043580595,16620.0,-0.6983152473734692,16620.0,1.514776191642977,16620.0,-8.878936794481135,16620.0,-7.549271656125754,16620.0,-5.781963436298834,16620.0,-1.3608755665904944,16620.0,-0.6971176044675845,16620.0,1.5158175178373818
16630.0,-8.879621625144143,16630.0,-7.550173326462147,16630.0,-5.7830828788868995,16630.0,-1.3621939218074983,16630.0,-0.6984222971826536,16630.0,1.514641790937416,16630.0,-8.87894313609041,16630.0,-7.549293621074581,16630.0,-5.782006313708377,16630.0,-1.3609717685280764,16630.0,-0.6972219405149755,16630.0,1.5156858207583168
16640.0,-8.87963080280049,16640.0,-7.550198112325477,16640.0,-5.783128583921711,16640.0,-1.362292951264856,16640.0,-0.6985294588697176,16640.0,1.5145072787669225,16640.0,-8.878949552199293,16640.0,-7.5493156601838125,16640.0,-5.782049264966005,16640.0,-1.3610680433481848,16640.0,-0.6973263492763908,16640.0,1.5155540515738015
16650.0,-8.879640094405676,16650.0,-7.550223011927854,16650.0,-5.78317440230815,16650.0,-1.3623920931703457,16650.0,-0.6986367328746309,16650.0,1.5143726546926766,16650.0,-8.87895604353386,16650.0,-7.54933777418048,16650.0,-5.782092290798772,16650.0,-1.3611643917792562,16650.0,-0.6974308314806293,16650.0,1.515422209553501
16660.0,-8.879649500401626,16660.0,-7.550248025710494,16660.0,-5.783220334487776,16660.0,-1.362491347965065,16660.0,-0.6987441196382896,16660.0,1.514237918274903,16660.0,-8.878962610810133,16660.0,-7.549359963781544,16660.0,-5.782135391923701,16660.0,-1.3612608145396454,16660.0,-0.6975353878463951,16660.0,1.515290293977169
16670.0,-8.879659021231078,16670.0,-7.550273154115401,16670.0,-5.783266380902944,16670.0,-1.3625907160909865,16670.0,-0.6988516196024265,16670.0,1.5141030690729784,16670.0,-8.878969254734239,16670.0,-7.549382229694079,16670.0,-5.782178569047864,16670.0,-1.3613573123378044,16670.0,-0.6976400190824846,16670.0,1.515158304134499
16680.0,-8.879668657337497,16680.0,-7.5502983975853315,16680.0,-5.783312541996755,16680.0,-1.3626901979907973,16680.0,-0.6989592332095264,16680.0,1.5139681066455177,16680.0,-8.878975976002554,16680.0,-7.549404572615413,16680.0,-5.782221822868632,16680.0,-1.3614538858724152,16680.0,-0.6977447258879464,16680.0,1.5150262393249796
16690.0,-8.87967840916501,16690.0,-7.550323756563695,16690.0,-5.783358818213048,16690.0,-1.3627897941078773,16690.0,-0.6990669609027446,16690.0,1.513833030550434,16690.0,-8.878982775301923,16690.0,-7.549426993233287,16690.0,-5.7822651540737775,16690.0,-1.3615505358325795,16690.0,-0.6978495089522008,16690.0,1.514894098857696
16700.0,-8.879688277158298,16700.0,-7.550349231494473,16700.0,-5.783405209996181,16700.0,-1.362889504886171,16700.0,-0.6991748031258214,16700.0,1.5136978403450725,16700.0,-8.878989653309745,16700.0,-7.549449492226035,16700.0,-5.782308563341658,16700.0,-1.3616472628979719,16700.0,-0.6979543689552655,16700.0,1.5147618820511866
16710.0,-8.879698261762526,16710.0,-7.550374822822147,16710.0,-5.783451717790996,16710.0,-1.3629893307701353,16710.0,-0.6992827603230001,16710.0,1.51356253558622,16710.0,-8.878996610694198,16710.0,-7.5494720702627225,16710.0,-5.7823520513413795,16710.0,-1.3617440677389863,16710.0,-0.6980593065678729,16710.0,1.5146295882332668
16720.0,-8.879708363423276,16720.0,-7.550400530991609,16720.0,-5.783498342042754,16720.0,-1.3630892722046397,16720.0,-0.6993908329389477,16720.0,1.5134271158302652,16720.0,-8.879003648114367,16720.0,-7.549494728003322,16720.0,-5.782395618732958,16720.0,-1.3618409510169007,16720.0,-0.698164322451629,16720.0,1.5144972167409112
16730.0,-8.879718582586454,16730.0,-7.5504263564480105,16730.0,-5.78354508319704,16730.0,-1.3631893296348894,16730.0,-0.6994990214186741,16730.0,1.5132915806332052,16730.0,-8.879010766220382,16730.0,-7.549517466098862,16730.0,-5.782439266167435,16730.0,-1.3619379133840426,16730.0,-0.6982694172591862,16730.0,1.5143647669200304
16740.0,-8.879728919698087,16740.0,-7.550452299636892,16740.0,-5.783591941699692,16740.0,-1.3632895035063681,16740.0,-0.6996073262074541,16740.0,1.513155929550787,16740.0,-8.879017965653622,16740.0,-7.549540285191607,16740.0,-5.782482994287101,16740.0,-1.3620349554839561,16740.0,-0.6983745916344104,16740.0,1.5142322381253808
16750.0,-8.879739375204517,16750.0,-7.550478361003926,16750.0,-5.783638917996736,16750.0,-1.3633897942647208,16750.0,-0.6997157477507518,16750.0,1.513020162138534,16750.0,-8.879025247046838,16750.0,-7.549563185915163,16750.0,-5.782526803725601,16750.0,-1.3621320779515138,16750.0,-0.698479846212508,16750.0,1.5140996297203644
16760.0,-8.879749949552242,16760.0,-7.55050454099488,16760.0,-5.783686012534226,16760.0,-1.363490202355737,16760.0,-0.6998242864941463,16760.0,1.512884277951852,16760.0,-8.87903261102431,16760.0,-7.54958616889468,16760.0,-5.782570695108108,16760.0,-1.3622292814131285,16760.0,-0.6985851816202072,16760.0,1.5139669410768908
16770.0,-8.87976064318769,16770.0,-7.550530840055556,16770.0,-5.783733225758356,16770.0,-1.3635907282252078,16770.0,-0.6999329428832619,16770.0,1.5127482765460853,16770.0,-8.879040058202026,16770.0,-7.54960923474696,16770.0,-5.782614669051462,16770.0,-1.3623265664868516,16770.0,-0.6986905984758683,16770.0,1.5138341715752328
16780.0,-8.87977145655727,16780.0,-7.550557258631715,16780.0,-5.783780558115266,16780.0,-1.3636913723189374,16780.0,-0.700041717363692,16780.0,1.5126121574765934,16780.0,-8.879047589187763,16780.0,-7.549632384080647,16780.0,-5.782658726164328,16780.0,-1.3624239337825625,16780.0,-0.69879609738968,16780.0,1.5137013206038514
16790.0,-8.879782390107245,16790.0,-7.550583797169018,16790.0,-5.783828010050967,16790.0,-1.3637921350825883,16790.0,-0.7001506103809345,16790.0,1.5124759202988256,16790.0,-8.879055204581306,16790.0,-7.549655617496346,16790.0,-5.782702867047362,16790.0,-1.362521383902088,16790.0,-0.6989016789637893,16790.0,1.5135683875592885
16800.0,-8.879793444283706,16800.0,-7.550610456112936,16800.0,-5.783875582011283,16800.0,-1.3638930169616883,16800.0,-0.7002596223803195,16800.0,1.51233956456837,16800.0,-8.87906290497456,16800.0,-7.549678935586805,16800.0,-5.78274709229331,16800.0,-1.362618917439376,16800.0,-0.6990073437924417,16800.0,1.5134353718459723
16810.0,-8.879804619532491,16810.0,-7.5506372359086855,16810.0,-5.783923274441797,16810.0,-1.3639940184014998,16810.0,-0.700368753806946,16810.0,1.5122030898410586,16810.0,-8.879070690951721,16810.0,-7.549702338937016,16810.0,-5.782791402487214,16810.0,-1.3627165349806272,16810.0,-0.6991130924621434,16810.0,1.513302272876113
16820.0,-8.879815916299126,16820.0,-7.550664137001161,16820.0,-5.783971087787787,16820.0,-1.364095139847012,16820.0,-0.7004780051056145,16820.0,1.5120664956729755,16820.0,-8.879078563089378,16820.0,-7.549725828124389,16820.0,-5.782835798206509,16820.0,-1.3628142371044283,16820.0,-0.6992189255517742,16820.0,1.5131690900695278
16830.0,-8.879827335028784,16830.0,-7.550691159834991,16830.0,-5.784019022494161,16830.0,-1.364196381742829,16830.0,-0.7005873767207655,16830.0,1.5119297816205917,16830.0,-8.8790865219567,16830.0,-7.549749403718874,16830.0,-5.782880280021186,16830.0,-1.362912024381923,16830.0,-0.6993248436327669,16830.0,1.5130358228535068
16840.0,-8.879838876166156,16840.0,-7.550718304854311,16840.0,-5.784067079005368,16840.0,-1.3642977445331497,16840.0,-0.7006968690964225,16840.0,1.5117929472407383,16840.0,-8.879094568115539,16840.0,-7.549773066283124,16840.0,-5.782924848493922,16840.0,-1.363009897376914,16840.0,-0.6994308472692256,16840.0,1.5129024706626901
16850.0,-8.879850540155475,16850.0,-7.550745572502765,16850.0,-5.784115257765347,16850.0,-1.3643992286616822,16850.0,-0.7008064826761286,16850.0,1.511655992090758,16850.0,-8.879102702120605,16850.0,-7.54979681637261,16850.0,-5.782969504180214,16850.0,-1.3631078566460346,16850.0,-0.6995369370180721,16850.0,1.5127690329389052
16860.0,-8.879862327440403,16860.0,-7.5507729632234675,16860.0,-5.784163559217617,16860.0,-1.364500834571599,16860.0,-0.7009162179028912,16860.0,1.5115189157284805,16860.0,-8.879110924519534,16860.0,-7.549820654535776,16860.0,-5.783014247628534,16860.0,-1.3632059027388712,16860.0,-0.6996431134291712,16860.0,1.5126355091310495
16870.0,-8.879874238464005,16870.0,-7.550800477458913,16870.0,-5.784211983805005,16870.0,-1.3646025627054819,16870.0,-0.7010260752191262,16870.0,1.5113817177123445,16870.0,-8.879119235853135,16870.0,-7.54984458131418,16870.0,-5.783059079380457,16870.0,-1.3633040361980877,16870.0,-0.6997493770454892,16870.0,1.512501898694942
16880.0,-8.879886273668673,16880.0,-7.5508281156509485,16880.0,-5.784260531969699,16880.0,-1.3647044135052537,16880.0,-0.7011360550666036,16880.0,1.511244397601399,16880.0,-8.879127636655415,16880.0,-7.549868597242562,16880.0,-5.783103999970775,16880.0,-1.363402257559576,16880.0,-0.6998557284031919,16880.0,1.512368201093206
16890.0,-8.879898433496093,16890.0,-7.5508558782407205,16890.0,-5.784309204153171,16890.0,-1.364806387412148,16890.0,-0.7012461578863901,16890.0,1.5111069549554048,16890.0,-8.879136127453748,16890.0,-7.549892702849061,16890.0,-5.783149009927659,16890.0,-1.3635005673525815,16890.0,-0.6999621680317943,16890.0,1.5122344157951129
16900.0,-8.879910718387166,16900.0,-7.550883765668514,16900.0,-5.7843580007961215,16900.0,-1.3649084848666284,16900.0,-0.7013563841188059,16900.0,1.510969389334838,16900.0,-8.879144708769024,16900.0,-7.549916898655317,16900.0,-5.783194109772772,16900.0,-1.3635989660998187,16900.0,-0.7000686964543031,16900.0,1.512100542276496
16910.0,-8.879923128781869,16910.0,-7.550911778374005,16910.0,-5.784406922338452,16910.0,-1.3650107063083774,16910.0,-0.7014667342033695,16910.0,1.5108317003009806,16910.0,-8.879153381115731,16910.0,-7.549941185176558,16910.0,-5.783239300021369,16910.0,-1.363697454317632,16910.0,-0.7001753141873173,16910.0,1.5119665800195687
16920.0,-8.879935665119545,16920.0,-7.550939916795905,16920.0,-5.78445596921921,16920.0,-1.3651130521762074,16920.0,-0.7015772085787554,16920.0,1.5106938874159368,16920.0,-8.879162145002129,16920.0,-7.5499655629217735,16920.0,-5.783284581182482,16920.0,-1.3637960325160672,16920.0,-0.7002820217411743,16920.0,1.5118325285128227
16930.0,-8.879948327838559,16930.0,-7.55096818137203,16930.0,-5.784505141876452,16930.0,-1.3652155229080591,16930.0,-0.701687807682745,16930.0,1.5105559502427013,16930.0,-8.879171000930352,16930.0,-7.549990032393813,16930.0,-5.783329953758976,16930.0,-1.3638947011990474,16930.0,-0.7003888196200511,16930.0,1.511698387250937
16940.0,-8.879961117376284,16940.0,-7.550996572539263,16940.0,-5.78455444074747,16940.0,-1.3653181189409114,16940.0,-0.7017985319521838,16940.0,1.510417888345186,16940.0,-8.87917994939652,16940.0,-7.550014594089512,16940.0,-5.783375418247719,16940.0,-1.3639934608644768,16940.0,-0.7004957083221128,16940.0,1.5115641557346042
16950.0,-8.879974034169107,16950.0,-7.551025090733485,16950.0,-5.784603866268461,16950.0,-1.3654208407107828,16950.0,-0.7019093818229376,16950.0,1.5102797012882752,16950.0,-8.87918899089088,16950.0,-7.550039248499809,16950.0,-5.7834209751396894,16950.0,-1.3640923120043391,16950.0,-0.7006026883396056,16950.0,1.5114298334704466
16960.0,-8.879987078652384,16960.0,-7.551053736389559,16960.0,-5.784653418874616,16960.0,-1.365523688652647,16960.0,-0.7020203577298498,16960.0,1.5101413886378625,16960.0,-8.879198125897899,16960.0,-7.550063996109863,16960.0,-5.783466624920068,16960.0,-1.36419125510484,16960.0,-0.7007097601590001,16960.0,1.5112954199708866
16970.0,-8.88000025126039,16970.0,-7.5510825099412715,16970.0,-5.784703099000028,16970.0,-1.3656266632004361,16970.0,-0.7021314601067031,16970.0,1.510002949960894,16970.0,-8.87920735489638,16970.0,-7.550088837399194,16970.0,-5.783512368068413,16970.0,-1.3642902906465055,16970.0,-0.7008169242610829,16970.0,1.5111609147540292
16980.0,-8.880013552426279,16980.0,-7.551111411821231,16980.0,-5.784752907077704,16980.0,-1.3657297647869555,16980.0,-0.70224268938618,16980.0,1.5098643848254063,16980.0,-8.8792166783596,16980.0,-7.550113772841748,16980.0,-5.783558205058695,16980.0,-1.3643894191043158,16980.0,-0.7009241811210875,16980.0,1.511026317343545
16990.0,-8.88002698258205,16990.0,-7.551140442461047,16990.0,-5.784802843539483,16990.0,-1.3658329938438962,16990.0,-0.7023540459998249,16990.0,1.5097256928005571,16990.0,-8.87922609675539,16990.0,-7.55013880290605,16990.0,-5.783604136359465,16990.0,-1.3644886409478045,16990.0,-0.7010315312087991,16990.0,1.5108916272685695
17000.0,-8.880040542158545,17000.0,-7.5511696022910835,17000.0,-5.7848529088160445,17000.0,-1.3659363508017492,17000.0,-0.702465530378012,17000.0,1.509586873456672,17000.0,-8.879235610546294,17000.0,-7.550163928055291,17000.0,-5.78365016243395,17000.0,-1.3645879566411692,17000.0,-0.7011389749886547,17000.0,1.510756844063589
17010.0,-8.880054231585344,17010.0,-7.55119889174049,17010.0,-5.784903103336755,17010.0,-1.3660398360898285,17010.0,-0.7025771429499101,17010.0,1.5094479263652647,17010.0,-8.879245220189606,17010.0,-7.550189148747437,17010.0,-5.783696283740162,17010.0,-1.3646873666433763,17010.0,-0.7012465129198712,17010.0,1.510621967268337
17020.0,-8.88006805129081,17020.0,-7.551228311237161,17020.0,-5.784953427529908,17020.0,-1.366143450136173,17020.0,-0.7026888841434467,17020.0,1.5093088510990826,17020.0,-8.879254926137524,17020.0,-7.550214465435363,17020.0,-5.783742500730975,17020.0,-1.3647868714082536,17020.0,-0.7013541454565421,17020.0,1.510486996427658
17025.0,-8.880075010131554,17025.0,-7.551243069886593,17025.0,-5.784978638387116,17025.0,-1.3661953055771214,17025.0,-0.7027448031067112,17025.0,1.5092392652672744,17025.0,-8.879259815365664,17025.0,-7.550227159917888,17025.0,-5.783765645248278,17025.0,-1.3648366594671522,17025.0,-0.7014079973424502,17025.0,1.5104194755994336
