Type,Value,Type,Value,Type,Value,Type,Value,Type,Value,Type,Value,Type,Value,Type,Value,Type,Value,Type,Value,Type,Value,Type,Value,Type,Value,Type,Value,Type,Value,Type,Value,Type,Value,Type,Value
Data Source,Orbital_hot_case_11_12_25_nominal_science_nominal_work_pretty_please : TMD : ACUBESAT_10_12_25_PLEASE,Data Source,Orbital_hot_case_11_12_25_nominal_science_nominal_work_pretty_please : TMD : ACUBESAT_10_12_25_PLEASE,Data Source,Orbital_hot_case_11_12_25_nominal_science_nominal_work_pretty_please : TMD : ACUBESAT_10_12_25_PLEASE,Data Source,Orbital_hot_case_11_12_25_nominal_science_nominal_work_pretty_please : TMD : ACUBESAT_10_12_25_PLEASE,Data Source,Orbital_hot_case_11_12_25_nominal_science_nominal_work_pretty_please : TMD : ACUBESAT_10_12_25_PLEASE,Data Source,Orbital_hot_case_11_12_25_nominal_science_nominal_work_pretty_please : TMD : ACUBESAT_10_12_25_PLEASE,Data Source,Orbital_hot_case_11_12_25_nominal_science_nominal_work_pretty_please : TMD : ACUBESAT_10_12_25_PLEASE,Data Source,Orbital_hot_case_11_12_25_nominal_science_nominal_work_pretty_please : TMD : ACUBESAT_10_12_25_PLEASE,Data Source,Orbital_hot_case_11_12_25_nominal_science_nominal_work_pretty_please : TMD : ACUBESAT_10_12_25_PLEASE,Data Source,Orbital_hot_case_11_12_25_nominal_science_nominal_work_pretty_please : TMD : ACUBESAT_10_12_25_PLEASE,Data Source,Orbital_hot_case_11_12_25_nominal_science_nominal_work_pretty_please : TMD : ACUBESAT_10_12_25_PLEASE,Data Source,Orbital_hot_case_11_12_25_nominal_science_nominal_work_pretty_please : TMD : ACUBESAT_10_12_25_PLEASE,Data Source,Orbital_hot_case_11_12_25_nominal_science_nominal_work_pretty_please : TMD : ACUBESAT_10_12_25_PLEASE,Data Source,Orbital_hot_case_11_12_25_nominal_science_nominal_work_pretty_please : TMD : ACUBESAT_10_12_25_PLEASE,Data Source,Orbital_hot_case_11_12_25_nominal_science_nominal_work_pretty_please : TMD : ACUBESAT_10_12_25_PLEASE,Data Source,Orbital_hot_case_11_12_25_nominal_science_nominal_work_pretty_please : TMD : ACUBESAT_10_12_25_PLEASE,Data Source,Orbital_hot_case_11_12_25_nominal_science_nominal_work_pretty_please : TMD : ACUBESAT_10_12_25_PLEASE,Data Source,Orbital_hot_case_11_12_25_nominal_science_nominal_work_pretty_please : TMD : ACUBESAT_10_12_25_PLEASE
Element,Bag_2_P,Element,Container_3_P,Element,ISIS_BatteryPack,Element,MCU_COMMS,Element,MCU_OBC_ADCS_down,Element,MCU_OBC_ADCS_up,Element,PDMS_Chip_P,Element,PFVHM_1_P,Element,PFVHM_2_P,Element,SU_MCU_P,Element,H001_powerApplied,Element,H003_powerApplied,Element,H004_powerApplied,Element,H005_powerApplied,Element,H002_powerApplied,Element,H006_powerApplied,Element,H007_powerApplied,Element,H008_powerApplied
,,,,,,,,,,,,,,,,,,,,,,,,,,,,,,,,,,,
,,,,,,,,,,,,,,,,,,,,,,,,,,,,,,,,,,,
Time[s],Average Temperature,Time[s],Average Temperature,Time[s],Average Temperature,Time[s],Average Temperature,Time[s],Average Temperature,Time[s],Average Temperature,Time[s],Average Temperature,Time[s],Average Temperature,Time[s],Average Temperature,Time[s],Average Temperature,Time[s],Value,Time[s],Value,Time[s],Value,Time[s],Value,Time[s],Value,Time[s],Value,Time[s],Value,Time[s],Value
0,25,0,25,0,25,0,25,0,25,0,25,0,25,0,25,0,25,0,25,0,0,0,0,0,0,0,0,0,0,0,0,0,0,0,0
1200,24.99996247,1200,25.00247636,1200,24.9967959,1200,25.0592948,1200,25.10043951,1200,25.09102022,1200,25.00004344,1200,25.00130524,1200,25.00145974,1200,29.26519844,1200,0,1200,0,1200,0,1200,0,1200,0,1200,0,1200,0,1200,0
2400,24.99971167,2400,25.03936884,2400,25.00414769,2400,25.19609647,2400,25.20477693,2400,25.18957799,2400,25.0006839,2400,25.00910399,2400,25.01013471,2400,36.12144917,2400,0,2400,0,2400,0,2400,0,2400,0,2400,0,2400,0,2400,0
3600,24.99934656,3600,25.05039215,3600,24.99060438,3600,25.35761056,3600,25.27833425,3600,25.26646273,3600,25.00390974,3600,25.02652808,3600,25.02939527,3600,40.52897012,3600,0,3600,0,3600,0,3600,0,3600,0,3600,0,3600,0,3600,0
4800,24.99884553,4800,24.93035134,4800,24.9682941,4800,25.51413915,4800,25.34777115,4800,25.33551124,4800,25.01015824,4800,25.05101023,4800,25.05624465,4800,41.44323242,4800,0,4800,0,4800,0,4800,0,4800,0,4800,0,4800,0,4800,0
6000,24.99703993,6000,24.87653635,6000,24.96708023,6000,25.66803838,6000,25.40802922,6000,25.39766009,6000,25.01383696,6000,25.07779577,6000,25.08545172,6000,42.28060041,6000,0,6000,0,6000,0,6000,0,6000,0,6000,0,6000,0,6000,0
7200,24.99590748,7200,24.88028516,7200,24.96612148,7200,25.6840438,7200,25.41429678,7200,25.40386025,7200,25.01373383,7200,25.08066472,7200,25.08857393,7200,42.36276946,7200,0,7200,0,7200,0,7200,0,7200,0,7200,0,7200,0,7200,0
8400,24.99420766,8400,24.88244227,8400,24.96119693,8400,25.78690866,8400,25.45368204,8400,25.44350689,8400,25.01138793,8400,25.0991106,8400,25.10862607,8400,42.8849665,8400,0,8400,0,8400,0,8400,0,8400,0,8400,0,8400,0,8400,0
9600,24.99156109,9600,24.80568728,9600,24.93861411,9600,25.93122783,9600,25.50712345,9600,25.497793,9600,25.00523022,9600,25.12488546,9600,25.13657938,9600,43.58709317,9600,0,9600,0,9600,0,9600,0,9600,0,9600,0,9600,0,9600,0
10800,24.98858146,10800,24.65110845,10800,24.90855678,10800,26.0670651,10800,25.55674207,10800,25.54794366,10800,24.99613169,10800,25.14951441,10800,25.16326846,10800,44.22010329,10800,0,10800,0,10800,0,10800,0,10800,0,10800,0,10800,0,10800,0
12000,24.98589044,12000,24.60331449,12000,24.90190312,12000,26.11770129,12000,25.57479765,12000,25.56623238,12000,24.98962258,12000,25.15840333,12000,25.1729287,12000,44.44431185,12000,0,12000,0,12000,0,12000,0,12000,0,12000,0,12000,0,12000,0
13200,24.98424155,13200,24.59157964,13200,24.89703629,13200,26.14721005,13200,25.58524841,13200,25.57677502,13200,24.9845255,13200,25.16328616,13200,25.17824955,13200,44.570623,13200,0,13200,0,13200,0,13200,0,13200,0,13200,0,13200,0,13200,0
14400,24.97971862,14400,24.49368952,14400,24.85948199,14400,26.27481124,14400,25.62978266,14400,25.62173899,14400,24.96045895,14400,25.18277958,14400,25.19957312,14400,45.10301779,14400,0,14400,0,14400,0,14400,0,14400,0,14400,0,14400,0,14400,0
15600,24.9725484,15600,24.26400076,15600,24.80067643,15600,26.39512004,15600,25.67074685,15600,25.66306416,15600,24.93008744,15600,25.19796607,15600,25.21640789,15600,45.57860398,15600,0,15600,0,15600,0,15600,0,15600,0,15600,0,15600,0,15600,0
16800,24.96938837,16800,24.21621271,16800,24.7887818,16800,26.41420788,16800,25.67710282,16800,25.66945745,16800,24.92274855,16800,25.19984537,16800,25.21854513,16800,45.65063833,16800,0,16800,0,16800,0,16800,0,16800,0,16800,0,16800,0,16800,0
18000,24.96268106,18000,24.09080846,18000,24.76651258,18000,26.50959274,18000,25.70825377,18000,25.70105826,18000,24.88573104,18000,25.20712216,18000,25.22705915,18000,45.99609715,18000,0,18000,0,18000,0,18000,0,18000,0,18000,0,18000,0,18000,0
19200,24.95594695,19200,24.09838892,19200,24.75201959,19200,26.54949175,19200,25.72076973,19200,25.71379324,19200,24.86308654,19200,25.20844897,19200,25.22885982,19200,46.12865004,19200,0,19200,0,19200,0,19200,0,19200,0,19200,0,19200,0,19200,0
20400,24.9468761,20400,24.00334633,20400,24.70093149,20400,26.66126141,20400,25.75573894,20400,25.74927796,20400,24.8065621,20400,25.2083509,20400,25.22995671,20400,46.48617805,20400,0,20400,0,20400,0,20400,0,20400,0,20400,0,20400,0,20400,0
21600,24.93364321,21600,23.76226424,21600,24.63048851,21600,26.76608113,21600,25.78776636,21600,25.78165988,21600,24.74329768,21600,25.20273318,21600,25.22533654,21600,46.79878841,21600,0,21600,0,21600,0,21600,0,21600,0,21600,0,21600,0,21600,0
22800,24.92914784,22800,23.71820559,22800,24.61839932,22800,26.7807332,22800,25.79211987,22800,25.78603668,22800,24.73402842,22800,25.20121086,22800,25.2239465,22800,46.83962088,22800,0,22800,0,22800,0,22800,0,22800,0,22800,0,22800,0,22800,0
24000,24.92019154,24000,23.59054027,24000,24.58635287,24000,26.85204974,24000,25.8128424,24000,25.80710429,24000,24.68158079,24000,25.19202505,24000,25.21536579,24000,47.02981242,24000,0,24000,0,24000,0,24000,0,24000,0,24000,0,24000,0,24000,0
25200,24.91001404,25200,23.5884607,25200,24.56474755,25200,26.89562847,25200,25.82485178,25200,25.81943674,25200,24.64367762,25200,25.18443075,25200,25.2080949,25200,47.1341723,25200,0,25200,0,25200,0,25200,0,25200,0,25200,0,25200,0,25200,0
26400,24.89619231,26400,23.4774684,26400,24.50125289,26400,26.99450595,26400,25.85187433,26400,25.84709172,26400,24.56328381,26400,25.16232695,26400,25.18659625,26400,47.35742086,26400,0,26400,0,26400,0,26400,0,26400,0,26400,0,26400,0,26400,0
27600,24.87713345,27600,23.27674279,27600,24.44093395,27600,27.08783008,27600,25.87658254,27600,25.87230562,27600,24.48025073,27600,25.13470337,27600,25.15942304,27600,47.5463193,27600,0,27600,0,27600,0,27600,0,27600,0,27600,0,27600,0,27600,0
28800,24.86550986,28800,23.20745727,28800,24.41362607,28800,27.13014843,28800,25.88735976,28800,25.88323886,28800,24.43907073,28800,25.1192248,28800,25.14410947,28800,47.62181365,28800,0,28800,0,28800,0,28800,0,28800,0,28800,0,28800,0,28800,0
30000,24.86027773,30000,23.19519804,30000,24.4002562,30000,27.14702275,30000,25.89159628,30000,25.88750772,30000,24.41809667,30000,25.11240355,30000,25.13733907,30000,47.64969259,30000,0,30000,0,30000,0,30000,0,30000,0,30000,0,30000,0,30000,0
31200,24.84352479,31200,23.07711992,31200,24.32703486,31200,27.23613627,31200,25.91342124,31200,25.90947854,31200,24.33026225,31200,25.07377208,31200,25.09891584,31200,47.78839838,31200,0,31200,0,31200,0,31200,0,31200,0,31200,0,31200,0,31200,0
32400,24.8199327,32400,22.82329672,32400,24.24345499,32400,27.32093856,32400,25.93286703,32400,25.92901224,32400,24.23758695,32400,25.03021753,32400,25.05546478,32400,47.90045883,32400,0,32400,0,32400,0,32400,0,32400,0,32400,0,32400,0,32400,0
33600,24.81174549,33600,22.76703839,33600,24.22307764,33600,27.33605112,33600,25.93610385,33600,25.93226204,33600,24.22011348,33600,25.02111929,33600,25.04637356,33600,47.91765011,33600,0,33600,0,33600,0,33600,0,33600,0,33600,0,33600,0,33600,0
34800,24.79497184,34800,22.63682987,34800,24.17214154,34800,27.40407936,34800,25.95024528,34800,25.94668039,34800,24.13700917,34800,24.97843835,34800,25.00369885,34800,47.98751705,34800,0,34800,0,34800,0,34800,0,34800,0,34800,0,34800,0,34800,0
36000,24.78015814,36000,22.64084801,36000,24.14821967,36000,27.43221462,36000,25.95572515,36000,25.95229434,36000,24.09610734,36000,24.95945515,36000,24.98469661,36000,48.01061661,36000,0,36000,0,36000,0,36000,0,36000,0,36000,0,36000,0,36000,0
37200,24.75945229,37200,22.53622167,37200,24.07054164,37200,27.51359151,37200,25.97136666,37200,25.96821769,37200,23.99494767,37200,24.89986546,37200,24.92493238,37200,48.06842932,37200,0,37200,0,37200,0,37200,0,37200,0,37200,0,37200,0,37200,0
38400,24.72960073,38400,22.29035944,38400,23.98146962,38400,27.59027721,38400,25.98497166,38400,25.98198824,38400,23.89048054,38400,24.83619917,38400,24.86101034,38400,48.10614282,38400,0,38400,0,38400,0,38400,0,38400,0,38400,0,38400,0,38400,0
39600,24.721339,39600,22.24562424,39600,23.96485744,39600,27.60100161,39600,25.98670794,39600,25.98372864,39600,23.87615545,39600,24.8262325,39600,24.85100215,39600,48.10948905,39600,0,39600,0,39600,0,39600,0,39600,0,39600,0,39600,0,39600,0
40800,24.70385365,40800,22.11691492,40800,23.91303492,40800,27.65437968,40800,25.99505348,40800,25.99231208,40800,23.79726691,40800,24.77569897,40800,24.80024801,40800,48.12243085,40800,0,40800,0,40800,0,40800,0,40800,0,40800,0,40800,0,40800,0
42000,24.68539898,42000,22.1176134,42000,23.88248845,42000,27.68633875,42000,25.99963744,42000,25.99713064,42000,23.74514965,42000,24.74478152,42000,24.76919067,42000,48.12556746,42000,0,42000,0,42000,0,42000,0,42000,0,42000,0,42000,0,42000,0
43200,24.65993206,43200,22.00833628,43200,23.80040394,43200,27.76083277,43200,26.009996,43200,26.00794005,43200,23.63652104,43200,24.66783315,43200,24.69181971,43200,48.12438914,43200,0,43200,0,43200,0,43200,0,43200,0,43200,0,43200,0,43200,0
44400,24.62527851,44400,21.80780016,44400,23.72591141,44400,27.83145531,44400,26.0187714,44400,26.01707288,44400,23.52797458,44400,24.58775997,44400,24.61128538,44400,48.10865571,44400,0,44400,0,44400,0,44400,0,44400,0,44400,0,44400,0,44400,0
45600,24.60527235,45600,21.73687632,45600,23.68768247,45600,27.8664436,45600,26.02264042,45600,26.0210591,45600,23.47256268,45600,24.54504525,45600,24.5683305,45600,48.09468669,45600,0,45600,0,45600,0,45600,0,45600,0,45600,0,45600,0,45600,0
46800,24.59647754,46800,21.72678923,46800,23.67023508,46800,27.87936395,46800,26.02403894,46800,26.02246776,46800,23.4460424,46800,24.52879144,46800,24.55197907,46800,48.08860231,46800,0,46800,0,46800,0,46800,0,46800,0,46800,0,46800,0,46800,0
48000,24.56844844,48000,21.61480842,48000,23.58158166,48000,27.94780683,48000,26.03096794,48000,26.02940077,48000,23.34069838,48000,24.44094781,48000,24.46358966,48000,48.05171057,48000,0,48000,0,48000,0,48000,0,48000,0,48000,0,48000,0,48000,0
49200,24.53000142,49200,21.36340921,49200,23.48842009,49200,28.01321624,49200,26.03619179,49200,26.03457297,49200,23.23095002,49200,24.35092015,49200,24.37301554,49200,48.00439331,49200,0,49200,0,49200,0,49200,0,49200,0,49200,0,49200,0,49200,0
50400,24.51798862,50400,21.30824888,50400,23.4651796,50400,28.02487442,50400,26.03684998,50400,26.03522875,50400,23.21177238,50400,24.33342947,50400,24.35542383,50400,47.99411405,50400,0,50400,0,50400,0,50400,0,50400,0,50400,0,50400,0,50400,0
51600,24.4913005,51600,21.17968598,51600,23.40110638,51600,28.08040071,51600,26.03985052,51600,26.03841836,51600,23.11320275,51600,24.25044153,51600,24.27196757,51600,47.94340548,51600,0,51600,0,51600,0,51600,0,51600,0,51600,0,51600,0,51600,0
52800,24.46712809,52800,21.18819974,52800,23.3699898,52800,28.10658037,52800,26.04106605,52800,26.03973154,52800,23.06140345,52800,24.21117917,52800,24.23248943,52800,47.91766594,52800,0,52800,0,52800,0,52800,0,52800,0,52800,0,52800,0,52800,0
54000,24.43588304,54000,21.08578674,54000,23.28470423,54000,28.17082924,54000,26.04378713,54000,26.04258818,54000,22.9496863,54000,24.11035967,54000,24.13104199,54000,47.84842329,54000,0,54000,0,54000,0,54000,0,54000,0,54000,0,54000,0,54000,0
55200,24.39215682,55200,20.85087021,55200,23.18961824,55200,28.23146331,55200,26.04501373,55200,26.04388152,55200,22.8373225,55200,24.00819504,55200,24.02825458,55200,47.77141006,55200,0,55200,0,55200,0,55200,0,55200,0,55200,0,55200,0,55200,0
56400,24.38008049,56400,20.8012081,56400,23.16916409,56400,28.24108836,56400,26.04498063,56400,26.04384277,56400,22.81925717,56400,23.99071987,56400,24.01068197,56400,47.75764283,56400,0,56400,0,56400,0,56400,0,56400,0,56400,0,56400,0,56400,0
57600,24.35444931,57600,20.67900892,57600,23.10972673,57600,28.28530727,57600,26.0447525,57600,26.04378833,57600,22.73265324,57600,23.91102321,57600,23.93054429,57600,47.69417243,57600,0,57600,0,57600,0,57600,0,57600,0,57600,0,57600,0,57600,0
58800,24.33128504,58800,20.6850681,58800,23.08110242,58800,28.306705,58800,26.04454653,58800,26.04371992,58800,22.68593172,58800,23.87326176,58800,23.89258197,58800,47.66344129,58800,0,58800,0,58800,0,58800,0,58800,0,58800,0,58800,0,58800,0
60000,24.29705527,60000,20.59079662,60000,22.99235903,60000,28.36684662,60000,26.04361716,60000,26.0430758,60000,22.57392984,60000,23.76331035,60000,23.78200143,60000,47.57216507,60000,0,60000,0,60000,0,60000,0,60000,0,60000,0,60000,0,60000,0
61200,24.24929739,61200,20.3963996,61200,22.91552982,61200,28.42341138,61200,26.04157742,61200,26.04127723,61200,22.46186978,61200,23.65375593,61200,23.67184309,61200,47.47661784,61200,0,61200,0,61200,0,61200,0,61200,0,61200,0,61200,0,61200,0
62400,24.22201726,62400,20.32720956,62400,22.87303672,62400,28.45406546,62400,26.0399778,62400,26.03977573,62400,22.40171897,62400,23.59182677,62400,23.60959827,62400,47.42130498,62400,0,62400,0,62400,0,62400,0,62400,0,62400,0,62400,0,62400,0
63600,24.21147605,63600,20.32160387,63600,22.85829746,63600,28.4623423,63600,26.03955395,63600,26.03935167,63600,22.37809452,63600,23.5749637,63600,23.59264692,63600,47.40629208,63600,0,63600,0,63600,0,63600,0,63600,0,63600,0,63600,0,63600,0
64800,24.19802021,64800,20.30289175,64800,22.82147229,64800,28.48204602,64800,26.03850508,64800,26.03834903,64800,22.34022726,64800,23.53464188,64800,23.55210745,64800,47.37034536,64800,0,64800,0,64800,0,64800,0,64800,0,64800,0,64800,0,64800,0
66000,24.15670448,66000,20.19725247,66000,22.73770616,66000,28.53859539,66000,26.03513243,66000,26.03510953,66000,22.22614129,66000,23.41932681,66000,23.43617451,66000,47.26521296,66000,0,66000,0,66000,0,66000,0,66000,0,66000,0,66000,0,66000,0
67200,24.10852756,67200,20.00638322,67200,22.66140804,67200,28.59216095,67200,26.0307406,67200,26.03074164,67200,22.12401503,67200,23.30414623,67200,23.32042223,67200,47.15695588,67200,0,67200,0,67200,0,67200,0,67200,0,67200,0,67200,0,67200,0
68400,24.08347354,68400,19.9499724,68400,22.62895384,68400,28.61357614,68400,26.02867074,68400,26.02865238,68400,22.0747313,68400,23.25642615,68400,23.27248529,68400,47.11183644,68400,0,68400,0,68400,0,68400,0,68400,0,68400,0,68400,0,68400,0
69600,24.07035999,69600,19.93378106,69600,22.60318052,69600,28.62782342,69600,26.02730314,69600,26.02727156,69600,22.04536495,69600,23.2246855,69600,23.2405971,69600,47.08206131,69600,0,69600,0,69600,0,69600,0,69600,0,69600,0,69600,0,69600,0
70800,24.02886607,70800,19.82385831,70800,22.51522928,70800,28.68107085,70800,26.02184452,70800,26.02176735,70800,21.93682696,70800,23.10641436,70800,23.12177874,70800,46.96968633,70800,0,70800,0,70800,0,70800,0,70800,0,70800,0,70800,0,70800,0
72000,23.97690031,72000,19.58960696,72000,22.42244559,72000,28.73171362,72000,26.01512552,72000,26.01497485,72000,21.83376395,72000,22.98838507,72000,23.0032565,72000,46.85546494,72000,0,72000,0,72000,0,72000,0,72000,0,72000,0,72000,0,72000,0
73200,23.96048791,73200,19.5362042,73200,22.3988829,73200,28.74068701,73200,26.01363738,73200,26.01346184,73200,21.81017764,73200,22.9659819,73200,22.98076908,73200,46.83387861,73200,0,73200,0,73200,0,73200,0,73200,0,73200,0,73200,0,73200,0
74400,23.92664737,74400,19.41615519,74400,22.33780945,74400,28.78189756,74400,26.00700293,74400,26.00694659,74400,21.72148555,74400,22.86570433,74400,22.88012491,74400,46.73731646,74400,0,74400,0,74400,0,74400,0,74400,0,74400,0,74400,0,74400,0
75600,23.89750317,75600,19.42418781,75600,22.30949908,75600,28.80008582,75600,26.00419334,75600,26.00422522,75600,21.67290758,75600,22.82310616,75600,22.83737994,75600,46.69646179,75600,0,75600,0,75600,0,75600,0,75600,0,75600,0,75600,0,75600,0
76800,23.85695399,76800,19.33599368,76800,22.22387154,76800,28.85109586,76800,25.99590913,76800,25.99609257,76800,21.56663822,76800,22.69980794,76800,22.71360418,76800,46.57788045,76800,0,76800,0,76800,0,76800,0,76800,0,76800,0,76800,0,76800,0
78000,23.79900172,78000,19.11112503,78000,22.13062092,78000,28.89894242,78000,25.98655909,78000,25.98675755,78000,21.45367113,78000,22.57709629,78000,22.590446,78000,46.45740199,78000,0,78000,0,78000,0,78000,0,78000,0,78000,0,78000,0,78000,0
79200,23.78396331,79200,19.06360558,79200,22.11078342,79200,28.90646626,79200,25.98479596,79200,25.98497296,79200,21.43874274,79200,22.55639727,79200,22.56968002,79200,46.43710115,79200,0,79200,0,79200,0,79200,0,79200,0,79200,0,79200,0,79200,0
80400,23.75183844,80400,18.94898358,80400,22.05330159,80400,28.94058648,80400,25.97713086,80400,25.97745261,80400,21.35314483,80400,22.46511109,80400,22.4781002,80400,46.347759,80400,0,80400,0,80400,0,80400,0,80400,0,80400,0,80400,0,80400,0
81600,23.71630711,81600,18.95749889,81600,22.01691423,81600,28.96546677,81600,25.97182174,81600,25.97238013,81600,21.29227715,81600,22.40219741,81600,22.41499768,81600,46.2863288,81600,0,81600,0,81600,0,81600,0,81600,0,81600,0,81600,0,81600,0
82800,23.67027639,82800,18.86254379,82800,21.93359012,82800,29.0139271,82800,25.96101988,82800,25.96196182,82800,21.17965233,82800,22.27546101,82800,22.28783938,82800,46.16224314,82800,0,82800,0,82800,0,82800,0,82800,0,82800,0,82800,0,82800,0
84000,23.61089602,84000,18.68866923,84000,21.85950277,84000,29.05962622,84000,25.949414,84000,25.9506202,84000,21.07183181,84000,22.14971296,84000,22.16170786,84000,46.03692336,84000,0,84000,0,84000,0,84000,0,84000,0,84000,0,84000,0,84000,0
85200,23.57828503,85200,18.62718597,85200,21.82083888,85200,29.08243841,85200,25.94327314,85200,25.94454337,85200,21.01492193,85200,22.08537907,85200,22.0972047,85200,45.97273822,85200,0,85200,0,85200,0,85200,0,85200,0,85200,0,85200,0,85200,0
86400,23.56455681,86400,18.62052618,86400,21.80344049,86400,29.09093832,86400,25.94102831,86400,25.94229846,86400,20.99038897,86400,22.06145668,86400,22.07321499,86400,45.94915491,86400,0,86400,0,86400,0,86400,0,86400,0,86400,0,86400,0,86400,0
87600,23.51826834,87600,18.53043468,87600,21.71481261,87600,29.13640006,87600,25.92882015,87600,25.93005237,87600,20.88547131,87600,21.93430412,87600,21.94570053,87600,45.8226609,87600,0,87600,0,87600,0,87600,0,87600,0,87600,0,87600,0,87600,0
88800,23.45639026,88800,18.30364333,88800,21.62457912,88800,29.17961182,88800,25.91561382,88800,25.91674338,88800,20.77941725,88800,21.80862881,88800,21.81971798,88800,45.6961766,88800,0,88800,0,88800,0,88800,0,88800,0,88800,0,88800,0,88800,0
90000,23.43844266,90000,18.25277412,90000,21.60166539,90000,29.1872482,90000,25.91293744,90000,25.91405288,90000,20.75978155,90000,21.78494212,90000,21.79598222,90000,45.67256882,90000,0,90000,0,90000,0,90000,0,90000,0,90000,0,90000,0,90000,0
91200,23.39739345,91200,18.14240682,91200,21.54038896,91200,29.22422931,91200,25.90053801,91200,25.90177858,91200,20.66567846,91200,21.67425799,91200,21.68508107,91200,45.56244258,91200,0,91200,0,91200,0,91200,0,91200,0,91200,0,91200,0,91200,0
92400,23.36370642,92400,18.15698268,92400,21.51333693,92400,29.23994423,92400,25.89561479,92400,25.89693346,92400,20.62062858,92400,21.62966413,92400,21.64040855,92400,45.51845925,92400,0,92400,0,92400,0,92400,0,92400,0,92400,0,92400,0,92400,0
93600,23.3176458,93600,18.08207836,93600,21.43043632,93600,29.28396945,93600,25.881371,93600,25.88280213,93600,20.51483369,93600,21.50113343,93600,21.51159017,93600,45.39171399,93600,0,93600,0,93600,0,93600,0,93600,0,93600,0,93600,0,93600,0
94800,23.25160909,94800,17.86788001,94800,21.34003979,94800,29.32504974,94800,25.86627948,94800,25.86771316,94800,20.40683399,94800,21.37420694,94800,21.38440551,94800,45.26466595,94800,0,94800,0,94800,0,94800,0,94800,0,94800,0,94800,0,94800,0
96000,23.23609022,96000,17.82756101,96000,21.32306329,96000,29.33069555,96000,25.86390754,96000,25.86532426,96000,20.39291064,96000,21.35551227,96000,21.36568083,96000,45.24604267,96000,0,96000,0,96000,0,96000,0,96000,0,96000,0,96000,0,96000,0
97200,23.19939801,97200,17.71982763,97200,21.26756694,97200,29.36080522,97200,25.85190009,97200,25.85345956,97200,20.31059822,97200,21.25946762,97200,21.26948365,97200,45.15057952,97200,0,97200,0,97200,0,97200,0,97200,0,97200,0,97200,0,97200,0
98400,23.16115229,98400,17.73609863,98400,21.23528648,98400,29.38062419,98400,25.8445628,98400,25.84630598,98400,20.25506587,98400,21.20050013,98400,21.21043495,98400,45.09231445,98400,0,98400,0,98400,0,98400,0,98400,0,98400,0,98400,0,98400,0
99600,23.11071925,99600,17.65494771,99600,21.15475267,99600,29.42262113,99600,25.82851625,99600,25.83056833,99600,20.14861656,99600,21.0718667,99600,21.08157813,99600,44.96518651,99600,0,99600,0,99600,0,99600,0,99600,0,99600,0,99600,0,99600,0
100800,23.044033,100800,17.4910898,100800,21.08403037,100800,29.46211124,100800,25.81184068,100800,25.81411374,100800,20.04443126,100800,20.94505367,100800,20.9545778,100800,44.83814931,100800,0,100800,0,100800,0,100800,0,100800,0,100800,0,100800,0,100800,0
102000,23.00848078,102000,17.43607643,102000,21.04830202,102000,29.48181102,102000,25.80317643,102000,25.80551127,102000,19.99169464,102000,20.88052613,102000,20.88998216,102000,44.77362424,102000,0,102000,0,102000,0,102000,0,102000,0,102000,0,102000,0,102000,0
103200,22.99491256,103200,17.43325137,103200,21.03394232,103200,29.48797512,103200,25.80052534,103200,25.80285514,103200,19.97033449,103200,20.86047286,103200,20.869904,103200,44.75383144,103200,0,103200,0,103200,0,103200,0,103200,0,103200,0,103200,0,103200,0
104400,22.94436529,104400,17.3557315,104400,20.94887453,104400,29.52725269,104400,25.78347647,104400,25.78572193,104400,19.87217667,104400,20.73355811,104400,20.74282467,104400,44.62752087,104400,0,104400,0,104400,0,104400,0,104400,0,104400,0,104400,0,104400,0
105600,22.87594404,105600,17.13603445,105600,20.86226714,105600,29.56454308,105600,25.76558718,105600,25.76768685,105600,19.7703797,105600,20.60870993,105600,20.61785733,105600,44.50221385,105600,0,105600,0,105600,0,105600,0,105600,0,105600,0,105600,0,105600,0
106800,22.85670781,106800,17.08713496,106800,20.84026373,106800,29.57110014,106800,25.76205104,106800,25.7641376,106800,19.75291584,106800,20.58526813,106800,20.5944014,106800,44.47895984,106800,0,106800,0,106800,0,106800,0,106800,0,106800,0,106800,0,106800,0
108000,22.81184218,108000,16.98746853,108000,20.78264302,108000,29.6030753,108000,25.74570924,108000,25.7479065,108000,19.66257489,108000,20.47592576,108000,20.48500507,108000,44.3707314,108000,0,108000,0,108000,0,108000,0,108000,0,108000,0,108000,0,108000,0
109200,22.77164886,109200,17.01079521,109200,20.75378428,109200,29.61954629,109200,25.73794819,109200,25.74021557,109200,19.61332806,109200,20.42314115,109200,20.43220279,109200,44.31898983,109200,0,109200,0,109200,0,109200,0,109200,0,109200,0,109200,0,109200,0
110400,22.72034524,110400,16.94014223,110400,20.6769329,110400,29.6578104,110400,25.71938891,110400,25.72171869,110400,19.5117497,110400,20.29687946,110400,20.30582729,110400,44.19537726,110400,0,110400,0,110400,0,110400,0,110400,0,110400,0,110400,0,110400,0
111600,22.64957941,111600,16.7398287,111600,20.59062445,111600,29.69339232,111600,25.70009673,111600,25.70242523,111600,19.41088476,111600,20.17274331,111600,20.18160296,111600,44.07210029,111600,0,111600,0,111600,0,111600,0,111600,0,111600,0,111600,0,111600,0
112800,22.63037769,112800,16.6906672,112800,20.56988877,112800,29.69958402,112800,25.69630772,112800,25.69861678,112800,19.39259213,112800,20.14952739,112800,20.15838264,112800,44.04915045,112800,0,112800,0,112800,0,112800,0,112800,0,112800,0,112800,0,112800,0
114000,22.59043233,114000,16.59627273,114000,20.51867709,114000,29.72565067,114000,25.6812301,114000,25.68367044,114000,19.3151549,114000,20.05612641,114000,20.06496469,114000,43.95710608,114000,0,114000,0,114000,0,114000,0,114000,0,114000,0,114000,0,114000,0
115200,22.5524736,115200,16.61507517,115200,20.49086184,115200,29.74105168,115200,25.6730735,115200,25.67565272,115200,19.26746686,115200,20.00516565,115200,20.01400095,115200,43.90726957,115200,0,115200,0,115200,0,115200,0,115200,0,115200,0,115200,0,115200,0
116400,22.49918847,116400,16.54709973,116400,20.41403048,116400,29.77768649,116400,25.65310583,116400,25.65592815,116400,19.168068,116400,19.8806064,116400,19.88938692,116400,43.78545173,116400,0,116400,0,116400,0,116400,0,116400,0,116400,0,116400,0,116400,0
117600,22.42838894,117600,16.39174568,117600,20.34820368,117600,29.81132677,117600,25.63304281,117600,25.63605798,117600,19.07102041,117600,19.76061422,117600,19.76936637,117600,43.66667582,117600,0,117600,0,117600,0,117600,0,117600,0,117600,0,117600,0,117600,0
118800,22.38917137,118800,16.34018768,118800,20.31261956,118800,29.82979388,118800,25.62164986,118800,25.62473813,118800,19.01852788,118800,19.69359103,118800,19.70235458,118800,43.60044994,118800,0,118800,0,118800,0,118800,0,118800,0,118800,0,118800,0,118800,0
120000,22.37373831,120000,16.34007479,120000,20.29966569,120000,29.83516775,120000,25.61842431,120000,25.62150756,120000,18.99733224,120000,19.67432281,120000,19.6830863,120000,43.58165348,120000,0,120000,0,120000,0,120000,0,120000,0,120000,0,120000,0,120000,0
121200,22.35438742,121200,16.33285212,121200,20.26847154,121200,29.84729342,121200,25.61129671,121200,25.61441341,121200,18.96434666,121200,19.63143967,121200,19.64019565,121200,43.53992703,121200,0,121200,0,121200,0,121200,0,121200,0,121200,0,121200,0,121200,0
122400,22.29445612,122400,16.26182894,122400,20.19729559,122400,29.88217485,122400,25.59071965,122400,25.59390597,122400,18.8665166,122400,19.51004601,122400,19.51878025,122400,43.42053928,122400,0,122400,0,122400,0,122400,0,122400,0,122400,0,122400,0,122400,0
123600,22.22578536,123600,16.10447643,123600,20.13255653,123600,29.91472833,123600,25.56972077,123600,25.57287378,123600,18.77930784,123600,19.39114171,123600,19.39989463,123600,43.30244455,123600,0,123600,0,123600,0,123600,0,123600,0,123600,0,123600,0,123600,0
124800,22.19046593,124800,16.06078703,124800,20.10567279,124800,29.92836775,124800,25.56061765,124800,25.56372656,124800,18.73598973,124800,19.34035744,124800,19.34913726,124800,43.25237913,124800,0,124800,0,124800,0,124800,0,124800,0,124800,0,124800,0,124800,0
126000,22.17014184,126000,16.05386907,126000,20.08190909,126000,29.93850113,126000,25.55413825,126000,25.55722157,126000,18.70705563,126000,19.30364269,126000,19.31243689,126000,43.2166082,126000,0,126000,0,126000,0,126000,0,126000,0,126000,0,126000,0,126000,0
127200,22.11191003,127200,15.9766245,127200,20.00893284,127200,29.97163689,127200,25.5329486,127200,25.53595527,127200,18.61551527,127200,19.18566523,127200,19.19449902,127200,43.10097144,127200,0,127200,0,127200,0,127200,0,127200,0,127200,0,127200,0,127200,0
128400,22.04134885,128400,15.776308,128400,19.92812211,128400,30.00257765,128400,25.51105813,128400,25.51396484,128400,18.52919642,128400,19.06985274,128400,19.07876632,128400,42.98684724,128400,0,128400,0,128400,0,128400,0,128400,0,128400,0,128400,0,128400,0
129600,22.01984882,129600,15.72910723,129600,19.90800652,129600,30.00791481,129600,25.50679529,129600,25.50967008,129600,18.50947332,129600,19.04818645,129600,19.05712374,129600,42.96574689,129600,0,129600,0,129600,0,129600,0,129600,0,129600,0,129600,0,129600,0
130800,21.97510285,130800,15.6379317,130800,19.86001829,130800,30.03317774,130800,25.48802585,130800,25.49099046,130800,18.43528769,130800,18.95181355,130800,18.96086013,130800,42.8721876,130800,0,130800,0,130800,0,130800,0,130800,0,130800,0,130800,0,130800,0
132000,21.9348317,132000,15.6602371,132000,19.83529396,132000,30.04611021,132000,25.47933975,132000,25.48239192,132000,18.39071661,132000,18.90659804,132000,18.91569855,132000,42.82877948,132000,0,132000,0,132000,0,132000,0,132000,0,132000,0,132000,0,132000,0
133200,21.88111715,133200,15.59990185,133200,19.76486546,133200,30.07840326,133200,25.45700571,133200,25.46019829,133200,18.301365,133200,18.79018939,133200,18.79936548,133200,42.71715694,133200,0,133200,0,133200,0,133200,0,133200,0,133200,0,133200,0,133200,0
134400,21.80612587,134400,15.41071001,134400,19.68450657,134400,30.10787057,134400,25.43405214,134400,25.43723735,134400,18.20748187,134400,18.67587611,134400,18.68514029,134400,42.606036,134400,0,134400,0,134400,0,134400,0,134400,0,134400,0,134400,0,134400,0
135600,21.78860873,135600,15.37293723,135600,19.66970098,135600,30.11185343,135600,25.43056499,135600,25.43373078,135600,18.19681502,135600,18.65912562,135600,18.66840938,135600,42.58982625,135600,0,135600,0,135600,0,135600,0,135600,0,135600,0,135600,0,135600,0
136800,21.74680596,136800,15.27846039,136800,19.62419821,136800,30.13375047,136800,25.41261525,136800,25.41591003,136800,18.12395185,136800,18.57206736,136800,18.58144974,136800,42.50576826,136800,0,136800,0,136800,0,136800,0,136800,0,136800,0,136800,0,136800,0
138000,21.70090113,138000,15.30566159,138000,19.5955374,138000,30.15016178,138000,25.40068341,138000,25.40421191,138000,18.07203682,138000,18.51370327,138000,18.52315739,138000,42.44980089,138000,0,138000,0,138000,0,138000,0,138000,0,138000,0,138000,0,138000,0
139200,21.64350434,139200,15.24281232,139200,19.5272619,139200,30.18107566,139200,25.3772907,139200,25.38118412,139200,17.97877171,139200,18.39922261,139200,18.40876253,139200,42.34005908,139200,0,139200,0,139200,0,139200,0,139200,0,139200,0,139200,0,139200,0
140400,21.56945006,140400,15.10256764,140400,19.46644493,140400,30.20957789,140400,25.35351931,140400,25.35764942,140400,17.88960721,140400,18.28691805,140400,18.29656022,140400,42.23078365,140400,0,140400,0,140400,0,140400,0,140400,0,140400,0,140400,0,140400,0
141600,21.53014023,141600,15.05848505,141600,19.43683074,141600,30.22375541,141600,25.34134307,141600,25.34552147,141600,17.84322598,141600,18.23006025,141600,18.23977602,141600,42.17546299,141600,0,141600,0,141600,0,141600,0,141600,0,141600,0,141600,0,141600,0
142800,21.51363635,142800,15.05912101,142800,19.4233307,142800,30.22911761,142800,25.33691722,142800,25.34109281,142800,17.82285399,142800,18.20902258,142800,18.21876032,142800,42.15525102,142800,0,142800,0,142800,0,142800,0,142800,0,142800,0,142800,0,142800,0
144000,21.45714206,144000,15.00161405,144000,19.35056723,144000,30.25783438,144000,25.31312915,144000,25.31724103,144000,17.73723024,144000,18.09761934,144000,18.1074611,144000,42.04736116,144000,0,144000,0,144000,0,144000,0,144000,0,144000,0,144000,0,144000,0
145200,21.38236872,145200,14.80519212,145200,19.27337181,145200,30.28463996,145200,25.28873637,145200,25.29271955,145200,17.65064448,145200,17.98851356,145200,17.99848647,145200,41.94074615,145200,0,145200,0,145200,0,145200,0,145200,0,145200,0,145200,0,145200,0
146400,21.36147236,146400,14.75997899,146400,19.25409993,146400,30.28923294,146400,25.284009,146400,25.28797357,146400,17.63490887,146400,17.96811429,146400,17.97811902,146400,41.92102085,146400,0,146400,0,146400,0,146400,0,146400,0,146400,0,146400,0,146400,0
147600,21.31277187,147600,14.67776266,147600,19.20755892,147600,30.31221873,147600,25.26221804,147600,25.26628639,147600,17.55786707,147600,17.8730761,147600,17.88323611,147600,41.82933733,147600,0,147600,0,147600,0,147600,0,147600,0,147600,0,147600,0,147600,0
148800,21.27159906,148800,14.7054466,148800,19.18517045,148800,30.32326826,148800,25.25286991,148800,25.25701479,148800,17.51831921,148800,17.83164261,148800,17.84187237,148800,41.78982368,148800,0,148800,0,148800,0,148800,0,148800,0,148800,0,148800,0,148800,0
150000,21.21698561,150000,14.65852972,150000,19.11800351,150000,30.35144121,150000,25.2282423,150000,25.23248091,150000,17.43113375,150000,17.72213354,150000,17.73247637,150000,41.68550548,150000,0,150000,0,150000,0,150000,0,150000,0,150000,0,150000,0,150000,0
151200,21.14008274,151200,14.47622762,151200,19.04106396,151200,30.37694279,151200,25.20307543,151200,25.20729524,151200,17.34337882,151200,17.61480647,151200,17.6252677,151200,41.5816788,151200,0,151200,0,151200,0,151200,0,151200,0,151200,0,151200,0,151200,0
152400,21.12183265,152400,14.43787205,152400,19.02580933,152400,30.38058249,152400,25.19900999,152400,25.20320948,152400,17.33091838,152400,17.59802812,152400,17.60851575,152400,41.56549741,152400,0,152400,0,152400,0,152400,0,152400,0,152400,0,152400,0,152400,0
153600,21.07956444,153600,14.35330999,153600,18.98406,153600,30.39920537,153600,25.17968752,153600,25.1840088,153600,17.2638933,153600,17.51754446,153600,17.52815744,153600,41.48806983,153600,0,153600,0,153600,0,153600,0,153600,0,153600,0,153600,0,153600,0
154800,21.03549729,154800,14.38337376,154800,18.95851034,154800,30.41237464,154800,25.16773133,154800,25.17223238,154800,17.21742135,154800,17.46719165,154800,17.47788708,154800,41.43999959,154800,0,154800,0,154800,0,154800,0,154800,0,154800,0,154800,0,154800,0
156000,20.97774458,156000,14.3311493,156000,18.893074,156000,30.43929144,156000,25.14230235,156000,25.14709256,156000,17.13050022,156000,17.36002806,156000,17.37084465,156000,41.33773045,156000,0,156000,0,156000,0,156000,0,156000,0,156000,0,156000,0,156000,0
157200,20.90214481,157200,14.19683125,157200,18.83550712,157200,30.46394631,157200,25.1165606,157200,25.121545,157200,17.04585852,157200,17.25503958,157200,17.2659892,157200,41.2360398,157200,0,157200,0,157200,0,157200,0,157200,0,157200,0,157200,0,157200,0
158400,20.86256885,158400,14.15737971,158400,18.80797797,158400,30.47618163,158400,25.10339489,158400,25.10842648,158400,17.00330248,158400,17.20194625,158400,17.21298537,158400,41.18460239,158400,0,158400,0,158400,0,158400,0,158400,0,158400,0,158400,0,158400,0
159600,20.84339857,159600,14.1602747,159600,18.7928658,159600,30.48182995,159600,25.09758463,159600,25.10260429,159600,16.97976739,159600,17.17808032,159600,17.18915389,159600,41.16176234,159600,0,159600,0,159600,0,159600,0,159600,0,159600,0,159600,0,159600,0
160800,20.78540641,160800,14.10950553,160800,18.72485005,160800,30.5066662,160800,25.0719352,160800,25.0768491,160800,16.89989173,160800,17.07417446,160800,17.08538194,160800,41.06158318,160800,0,160800,0,160800,0,160800,0,160800,0,160800,0,160800,0,160800,0
162000,20.71022434,162000,13.9213664,162000,18.65104624,162000,30.52968992,162000,25.04574519,162000,25.05050359,162000,16.81870923,162000,16.97251867,162000,16.98388159,162000,40.96268753,162000,0,162000,0,162000,0,162000,0,162000,0,162000,0,162000,0,162000,0
163200,20.68901647,163200,13.8777527,163200,18.6325895,163200,30.53359891,163200,25.04068773,163200,25.04542822,163200,16.80448006,163200,16.95354029,163200,16.96494047,163200,40.94440739,163200,0,163200,0,163200,0,163200,0,163200,0,163200,0,163200,0,163200,0
164400,20.63947801,164400,13.80374572,164400,18.58976332,164400,30.55358922,164400,25.01712167,164400,25.02195425,164400,16.73155989,164400,16.86414356,164400,16.87572714,164400,40.85850518,164400,0,164400,0,164400,0,164400,0,164400,0,164400,0,164400,0,164400,0
165600,20.59544104,165600,13.83730255,165600,18.56788135,165600,30.56423186,165600,25.00608673,165600,25.01098154,165600,16.6915662,165600,16.82153344,165600,16.83320517,165600,40.81805217,165600,0,165600,0,165600,0,165600,0,165600,0,165600,0,165600,0,165600,0
166800,20.53982329,166800,13.79450739,166800,18.50580086,166800,30.58865816,166800,24.97985509,166800,24.98479484,166800,16.60979815,166800,16.71976569,166800,16.73157216,166800,40.7215967,166800,0,166800,0,166800,0,166800,0,166800,0,166800,0,166800,0,166800,0
168000,20.46293516,168000,13.62177245,168000,18.43272614,168000,30.61055459,168000,24.95313192,168000,24.95803928,168000,16.52867662,168000,16.62018898,168000,16.63213515,168000,40.62565648,168000,0,168000,0,168000,0,168000,0,168000,0,168000,0,168000,0,168000,0
169200,20.44271076,169200,13.57782297,169200,18.41546351,169200,30.61423119,169200,24.94799909,169200,24.95288234,169200,16.51427938,169200,16.60164897,169200,16.61363202,169200,40.60782999,169200,0,169200,0,169200,0,169200,0,169200,0,169200,0,169200,0,169200,0
170400,20.39985206,170400,13.50373084,170400,18.37757263,170400,30.63017835,170400,24.92754066,170400,24.93252826,170400,16.45184394,170400,16.52712504,170400,16.53925568,170400,40.53640899,170400,0,170400,0,170400,0,170400,0,170400,0,170400,0,170400,0,170400,0
171600,20.35830392,171600,13.53470501,171600,18.35552856,171600,30.64062079,171600,24.91598522,171600,24.92111182,171600,16.41178131,171600,16.48448061,171600,16.49669666,171600,40.49591515,171600,0,171600,0,171600,0,171600,0,171600,0,171600,0,171600,0,171600,0
172800,20.30110084,172800,13.49259574,172800,18.29393329,172800,30.66396703,172800,24.88911007,172800,24.89446989,172800,16.33114952,172800,16.38522157,172800,16.39758283,172800,40.40170955,172800,0,172800,0,172800,0,172800,0,172800,0,172800,0,172800,0,172800,0
174000,20.22508077,174000,13.3636693,174000,18.239562,174000,30.68515355,174000,24.86196658,174000,24.86750488,174000,16.25217429,174000,16.28805886,174000,16.30057229,174000,40.30811175,174000,0,174000,0,174000,0,174000,0,174000,0,174000,0,174000,0,174000,0
175200,20.18356528,175200,13.32741277,175200,18.21392653,175200,30.69646643,175200,24.84699874,175200,24.85259453,175200,16.20997295,175200,16.23511259,175200,16.24773311,175200,40.25704377,175200,0,175200,0,175200,0,175200,0,175200,0,175200,0,175200,0,175200,0
176400,20.16833335,176400,13.33194762,176400,18.20449134,176400,30.69961208,176400,24.84304734,176400,24.84863942,176400,16.19413651,176400,16.22088548,176400,16.23353141,176400,40.24350002,176400,0,176400,0,176400,0,176400,0,176400,0,176400,0,176400,0,176400,0
177600,20.14647854,177600,13.33558599,177600,18.1783822,177600,30.70792326,177600,24.8328827,177600,24.8385079,177600,16.16519912,177600,16.18414134,177600,16.19684486,177600,40.20859234,177600,0,177600,0,177600,0,177600,0,177600,0,177600,0,177600,0,177600,0
178800,20.08287859,178800,13.28962823,178800,18.12177697,178800,30.7300198,178800,24.80605988,178800,24.81175055,178800,16.08729992,178800,16.08860502,178800,16.10144923,178800,40.11685082,178800,0,178800,0,178800,0,178800,0,178800,0,178800,0,178800,0,178800,0
180000,20.01162438,180000,13.15903858,180000,18.06897431,180000,30.74987446,180000,24.77900881,180000,24.78465248,180000,16.01833924,180000,15.99541461,180000,16.00842183,180000,40.02633986,180000,0,180000,0,180000,0,180000,0,180000,0,180000,0,180000,0,180000,0
181200,19.97508836,181200,13.1266837,181200,18.04938621,181200,30.75815292,181200,24.7674001,181200,24.7729913,181200,15.98413602,181200,15.95577494,181200,15.96886859,181200,39.98806702,181200,0,181200,0,181200,0,181200,0,181200,0,181200,0,181200,0,181200,0
182400,19.95318683,182400,13.12694005,182400,18.03012743,182400,30.76483605,182400,24.75858589,182400,24.76414318,182400,15.95980553,182400,15.92528128,182400,15.93843626,182400,39.95897535,182400,0,182400,0,182400,0,182400,0,182400,0,182400,0,182400,0,182400,0
183600,19.89247773,183600,13.0746207,183600,17.97171981,183600,30.7855979,183600,24.73170336,183600,24.73717469,183600,15.88735269,183600,15.83340059,183600,15.84672833,183600,39.87087472,183600,0,183600,0,183600,0,183600,0,183600,0,183600,0,183600,0,183600,0
184800,19.82019037,184800,12.90063875,184800,17.90243963,184800,30.80424121,184800,24.70430319,184800,24.70965969,184800,15.81943672,184800,15.74344932,184800,15.75697265,184800,39.7841741,184800,0,184800,0,184800,0,184800,0,184800,0,184800,0,184800,0,184800,0
186000,19.798313,186000,12.85831962,186000,17.8857184,186000,30.80732076,186000,24.69905043,186000,24.70437225,186000,15.80375348,186000,15.72666592,186000,15.74023372,186000,39.7681741,186000,0,186000,0,186000,0,186000,0,186000,0,186000,0,186000,0,186000,0
187200,19.75273503,187200,12.78784502,187200,17.85047553,187200,30.82250538,187200,24.67587792,187200,24.68127131,187200,15.74486435,187200,15.65200284,187200,15.66577099,187200,39.69727968,187200,0,187200,0,187200,0,187200,0,187200,0,187200,0,187200,0,187200,0
188400,19.70953738,188400,12.82208034,188400,17.83008665,188400,30.83162319,188400,24.66408816,188400,24.66957307,188400,15.7060535,188400,15.61329445,188400,15.62716417,188400,39.66102059,188400,0,188400,0,188400,0,188400,0,188400,0,188400,0,188400,0,188400,0
189600,19.65428695,189600,12.78291352,189600,17.7736,189600,30.85189142,189600,24.63667282,189600,24.64229068,189600,15.63417493,189600,15.52294893,189600,15.53698812,189600,39.57656528,189600,0,189600,0,189600,0,189600,0,189600,0,189600,0,189600,0,189600,0
190800,19.57886656,190800,12.64913678,190800,17.7179169,190800,30.87000926,190800,24.60894945,190800,24.61466904,190800,15.55951208,190800,15.43446388,190800,15.44867209,190800,39.49242508,190800,0,190800,0,190800,0,190800,0,190800,0,190800,0,190800,0,190800,0
192000,19.54961579,192000,12.60793347,192000,17.69744457,192000,30.87594115,192000,24.59918625,192000,24.60492645,192000,15.5362658,192000,15.40380654,192000,15.4180888,192000,39.4632517,192000,0,192000,0,192000,0,192000,0,192000,0,192000,0,192000,0,192000,0
193200,19.52796336,193200,12.59909976,193200,17.67880894,193200,30.88179816,193200,24.59005823,193200,24.59581333,193200,15.50702512,193200,15.37470928,193200,15.38905613,193200,39.43583947,193200,0,193200,0,193200,0,193200,0,193200,0,193200,0,193200,0,193200,0
194400,19.50476163,194400,12.59536053,194400,17.65932157,194400,30.88765932,194400,24.58150294,194400,24.58732798,194400,15.48403111,194400,15.34738142,194400,15.36178368,194400,39.41019545,194400,0,194400,0,194400,0,194400,0,194400,0,194400,0,194400,0,194400,0
195600,19.44623721,195600,12.54315311,195600,17.60048661,195600,30.90675608,195600,24.55368448,195600,24.55972668,195600,15.41001425,195600,15.25957556,195600,15.27414331,195600,39.32713674,195600,0,195600,0,195600,0,195600,0,195600,0,195600,0,195600,0,195600,0
196800,19.37788704,196800,12.42719943,196800,17.55327472,196800,30.92224701,196800,24.52812582,196800,24.53427095,196800,15.3469183,196800,15.18107956,196800,15.19581098,196800,39.25223378,196800,0,196800,0,196800,0,196800,0,196800,0,196800,0,196800,0,196800,0
198000,19.34012431,198000,12.39373794,198000,17.53244584,198000,30.93067987,198000,24.51382975,198000,24.51998087,198000,15.30862269,198000,15.13724021,198000,15.15206994,198000,39.21061683,198000,0,198000,0,198000,0,198000,0,198000,0,198000,0,198000,0,198000,0
199200,19.32089074,199200,12.39921563,199200,17.51908381,199200,30.93466638,199200,24.50749897,199200,24.51364067,199200,15.29027569,199200,15.11752149,199200,15.1323903,199200,39.1921165,199200,0,199200,0,199200,0,199200,0,199200,0,199200,0,199200,0,199200,0
200400,19.26431383,200400,12.35867936,200400,17.46033695,200400,30.95230649,200400,24.47964295,200400,24.48568353,200400,15.22015656,200400,15.03150807,200400,15.0465278,200400,39.11083402,200400,0,200400,0,200400,0,200400,0,200400,0,200400,0,200400,0,200400,0
201600,19.19061842,201600,12.1822513,201600,17.39336734,201600,30.96808615,201600,24.45128546,201600,24.45718162,201600,15.1511459,201600,14.94715869,201600,14.96233856,201600,39.0302392,201600,0,201600,0,201600,0,201600,0,201600,0,201600,0,201600,0,201600,0
202800,19.17004852,202800,12.14097211,202800,17.3770512,202800,30.97064271,202800,24.44584909,202800,24.45171832,202800,15.13744044,202800,14.9313858,202800,14.94660257,202800,39.01528254,202800,0,202800,0,202800,0,202800,0,202800,0,202800,0,202800,0,202800,0
204000,19.12216781,204000,12.07534547,204000,17.3428652,204000,30.98414032,204000,24.42072685,204000,24.42667478,204000,15.07517968,204000,14.8577857,204000,14.87317987,204000,38.94567685,204000,0,204000,0,204000,0,204000,0,204000,0,204000,0,204000,0,204000,0
205200,19.07890786,205200,12.11478758,205200,17.32383145,205200,30.99202502,205200,24.40855181,205200,24.41457371,205200,15.03811993,205200,14.82130138,205200,14.83678071,205200,38.91159437,205200,0,205200,0,205200,0,205200,0,205200,0,205200,0,205200,0,205200,0
206400,19.0244753,206400,12.08347168,206400,17.26989838,206400,31.0094008,206400,24.38026162,206400,24.3863649,206400,14.96649099,206400,14.73601986,206400,14.75162372,206400,38.83199632,206400,0,206400,0,206400,0,206400,0,206400,0,206400,0,206400,0,206400,0
207600,18.94985672,207600,11.92669913,207600,17.2036132,207600,31.02429101,207600,24.35156882,207600,24.35764768,207600,14.89438843,207600,14.65252379,207600,14.66825109,207600,38.75238339,207600,0,207600,0,207600,0,207600,0,207600,0,207600,0,207600,0,207600,0
208800,18.93142282,208800,11.88927581,208800,17.18997052,208800,31.02639665,208800,24.34665991,208800,24.35271559,208800,14.88383235,208800,14.63865797,208800,14.65441453,208800,38.73913747,208800,0,208800,0,208800,0,208800,0,208800,0,208800,0,208800,0,208800,0
210000,18.89027923,210000,11.82111799,210000,17.15935739,210000,31.03718137,210000,24.32480139,210000,24.33096756,210000,14.82862725,210000,14.57613433,210000,14.59202219,210000,38.67957544,210000,0,210000,0,210000,0,210000,0,210000,0,210000,0,210000,0,210000,0
211200,18.84595118,211200,11.86299011,211200,17.13883896,211200,31.04598323,211200,24.31041236,211200,24.31676847,211200,14.78857577,211200,14.53442649,211200,14.55040233,211200,38.64018513,211200,0,211200,0,211200,0,211200,0,211200,0,211200,0,211200,0,211200,0
212400,18.78944721,212400,11.83077354,212400,17.08579498,212400,31.06253067,212400,24.28175921,212400,24.28840806,212400,14.71713515,212400,14.45094835,212400,14.46704618,212400,38.56138676,212400,0,212400,0,212400,0,212400,0,212400,0,212400,0,212400,0,212400,0
213600,18.7168041,213600,11.71910214,213600,17.03821538,213600,31.07692014,213600,24.25289333,213600,24.25974188,213600,14.64893013,213600,14.36935256,213600,14.38557784,213600,38.48288437,213600,0,213600,0,213600,0,213600,0,213600,0,213600,0,213600,0,213600,0
214800,18.67659656,214800,11.68970998,214800,17.01669552,214800,31.08457053,214800,24.23705682,214800,24.24395067,214800,14.61186536,214800,14.3249869,214800,14.34130622,214800,38.44001434,214800,0,214800,0,214800,0,214800,0,214800,0,214800,0,214800,0,214800,0
216000,18.65985552,216000,11.69702604,216000,17.00737492,216000,31.08731871,216000,24.23171674,216000,24.23860158,216000,14.59589762,216000,14.30978694,216000,14.32613445,216000,38.42551889,216000,0,216000,0,216000,0,216000,0,216000,0,216000,0,216000,0,216000,0
217200,18.60524739,217200,11.67064031,217200,16.9501646,217200,31.10214669,217200,24.20318564,217200,24.20996411,217200,14.5321173,217200,14.22931077,217200,14.24579009,217200,38.34822454,217200,0,217200,0,217200,0,217200,0,217200,0,217200,0,217200,0,217200,0
218400,18.53264498,218400,11.50149504,218400,16.88665106,218400,31.11520164,218400,24.17423265,218400,24.18084587,218400,14.4670981,218400,14.1507472,218400,14.16737079,218400,38.27204193,218400,0,218400,0,218400,0,218400,0,218400,0,218400,0,218400,0,218400,0
219600,18.51289866,219600,11.46205098,219600,16.87055312,219600,31.11727434,219600,24.16868749,219600,24.17528218,219600,14.4559103,219600,14.13610648,219600,14.15276511,219600,38.25797545,219600,0,219600,0,219600,0,219600,0,219600,0,219600,0,219600,0,219600,0
220800,18.46544049,220800,11.40826235,220800,16.83891757,220800,31.12859149,220800,24.14280171,220800,24.14947904,220800,14.39711443,220800,14.06709928,220800,14.08393319,220800,38.19191047,220800,0,220800,0,220800,0,220800,0,220800,0,220800,0,220800,0,220800,0
222000,18.42365211,222000,11.45193612,222000,16.82180866,222000,31.13516451,222000,24.13071121,222000,24.13745258,222000,14.36479943,222000,14.03411789,222000,14.05103403,222000,38.16082884,222000,0,222000,0,222000,0,222000,0,222000,0,222000,0,222000,0,222000,0
223200,18.37075623,223200,11.42915831,223200,16.77072927,223200,31.14985992,223200,24.10196785,223200,24.10876119,223200,14.29846089,223200,13.95527531,223200,13.97231322,223200,38.08672309,223200,0,223200,0,223200,0,223200,0,223200,0,223200,0,223200,0,223200,0
224400,18.29787321,224400,11.27762951,224400,16.70713859,224400,31.16215394,224400,24.07286112,224400,24.0796293,224400,14.23345881,224400,13.87832798,224400,13.89548656,224400,38.01297236,224400,0,224400,0,224400,0,224400,0,224400,0,224400,0,224400,0,224400,0
225600,18.27891922,225600,11.23711458,225600,16.69249729,225600,31.16403638,225600,24.0672862,225600,24.07403044,225600,14.22189915,225600,13.86404339,225600,13.88123577,225600,37.99926551,225600,0,225600,0,225600,0,225600,0,225600,0,225600,0,225600,0,225600,0
226800,18.23842925,226800,11.1777355,226800,16.66438949,226800,31.17287596,226800,24.04512507,226800,24.051982,226800,14.17180842,226800,13.80660783,226800,13.82393781,226800,37.94437644,226800,0,226800,0,226800,0,226800,0,226800,0,226800,0,226800,0,226800,0
228000,18.19710414,228000,11.22051695,228000,16.64642354,228000,31.17986503,228000,24.0314368,228000,24.03845121,228000,14.1367088,228000,13.77059783,228000,13.78801354,228000,37.91036759,228000,0,228000,0,228000,0,228000,0,228000,0,228000,0,228000,0,228000,0
229200,18.14251245,229200,11.19586848,229200,16.59606576,229200,31.19377202,229200,24.00242385,229200,24.00968665,229200,14.07160136,229200,13.693911,229200,13.71145602,229200,37.83808821,229200,0,229200,0,229200,0,229200,0,229200,0,229200,0,229200,0,229200,0
230400,18.07157907,230400,11.08892732,230400,16.55118227,230400,31.20564244,230400,23.97322004,230400,23.98066849,230400,14.00874157,230400,13.61905508,230400,13.63673266,230400,37.76626442,230400,0,230400,0,230400,0,230400,0,230400,0,230400,0,230400,0,230400,0
231600,18.03214748,231600,11.06309314,231600,16.53179589,231600,31.21203184,231600,23.95689927,231600,23.96440456,231600,13.9746235,231600,13.57767132,231600,13.59544846,231600,37.72638439,231600,0,231600,0,231600,0,231600,0,231600,0,231600,0,231600,0,231600,0
232800,18.01788266,232800,11.07067741,232800,16.52469864,232800,31.21381546,232800,23.95265751,232800,23.96015752,232800,13.96213483,232800,13.56675601,232800,13.58455664,232800,37.71601122,232800,0,232800,0,232800,0,232800,0,232800,0,232800,0,232800,0,232800,0
234000,17.99595126,234000,11.08281907,234000,16.50367418,234000,31.21908223,234000,23.94092331,234000,23.9484628,234000,13.93731572,234000,13.53633039,234000,13.5541885,234000,37.68716037,234000,0,234000,0,234000,0,234000,0,234000,0,234000,0,234000,0,234000,0
235200,17.93599741,235200,11.05701676,235200,16.45778399,235200,31.23216843,235200,23.91227695,235200,23.91990537,235200,13.87600387,235200,13.46317007,235200,13.48115418,235200,37.6170713,235200,0,235200,0,235200,0,235200,0,235200,0,235200,0,235200,0,235200,0
236400,17.87009876,236400,10.94676569,236400,16.41453741,236400,31.2430348,236400,23.8835354,236400,23.89112986,236400,13.82249179,236400,13.3920757,236400,13.41020346,236400,37.54810368,236400,0,236400,0,236400,0,236400,0,236400,0,236400,0,236400,0,236400,0
237600,17.83619196,237600,10.92267663,237600,16.39983061,237600,31.24747617,237600,23.87122556,237600,23.87876493,237600,13.79590535,237600,13.36194954,237600,13.38015591,237600,37.51902297,237600,0,237600,0,237600,0,237600,0,237600,0,237600,0,237600,0,237600,0
238800,17.81499709,238800,10.93028527,238800,16.38530932,238800,31.25149993,238800,23.86133231,238800,23.86883833,238800,13.77595746,238800,13.33736994,238800,13.35563652,238800,37.49560293,238800,0,238800,0,238800,0,238800,0,238800,0,238800,0,238800,0,238800,0
240000,17.75834227,240000,10.89801781,240000,16.33713023,240000,31.26347085,240000,23.83291871,240000,23.84034993,240000,13.71961631,240000,13.26762294,240000,13.28604684,240000,37.42893833,240000,0,240000,0,240000,0,240000,0,240000,0,240000,0,240000,0,240000,0
241200,17.69186308,241200,10.74279005,241200,16.27750751,241200,31.27338136,241200,23.80411161,241200,23.81143088,241200,13.6673539,241200,13.19949936,241200,13.21809726,241200,37.36356033,241200,0,241200,0,241200,0,241200,0,241200,0,241200,0,241200,0,241200,0
242400,17.6717116,242400,10.70405166,242400,16.26294288,242400,31.27482433,242400,23.79859867,242400,23.80587978,242400,13.65508427,242400,13.18682023,242400,13.20545901,242400,37.35152341,242400,0,242400,0,242400,0,242400,0,242400,0,242400,0,242400,0,242400,0
243600,17.62976502,243600,10.64820976,243600,16.23771806,243600,31.28284569,243600,23.77434517,243600,23.78169057,243600,13.60912778,243600,13.13036525,243600,13.14919032,243600,37.29823828,243600,0,243600,0,243600,0,243600,0,243600,0,243600,0,243600,0,243600,0
244800,17.58894204,244800,10.69178964,244800,16.2215837,244800,31.28851943,244800,23.76143015,244800,23.76886639,244800,13.57712752,244800,13.09961628,244800,13.11853828,244800,37.2697503,244800,0,244800,0,244800,0,244800,0,244800,0,244800,0,244800,0,244800,0
246000,17.53787277,246000,10.66944061,246000,16.17563483,246000,31.30024561,246000,23.73282054,246000,23.74038784,246000,13.52005935,246000,13.03093997,246000,13.0500121,246000,37.20638098,246000,0,246000,0,246000,0,246000,0,246000,0,246000,0,246000,0,246000,0
247200,17.47478932,247200,10.57668549,247200,16.13708143,247200,31.3089068,247200,23.7074891,247200,23.71517394,247200,13.46684752,247200,12.97173325,247200,12.99093095,247200,37.15076396,247200,0,247200,0,247200,0,247200,0,247200,0,247200,0,247200,0,247200,0
248400,17.44009009,248400,10.55233628,248400,16.12034724,248400,31.31413084,248400,23.69167371,248400,23.69942569,248400,13.43782229,248400,12.93510448,248400,12.95440163,248400,37.11613448,248400,0,248400,0,248400,0,248400,0,248400,0,248400,0,248400,0,248400,0
249600,17.42529932,249600,10.56158954,249600,16.1141575,249600,31.31561708,249600,23.6874906,249600,23.69523538,249600,13.42451454,249600,12.92528086,249600,12.94460279,249600,37.10694359,249600,0,249600,0,249600,0,249600,0,249600,0,249600,0,249600,0,249600,0
250800,17.4100208,250800,10.57247832,250800,16.09916212,250800,31.31890379,250800,23.67875398,250800,23.68652417,250800,13.40918181,250800,12.90461128,250800,12.92397978,250800,37.08766443,250800,0,250800,0,250800,0,250800,0,250800,0,250800,0,250800,0,250800,0
252000,17.35390842,252000,10.5520379,252000,16.05490862,252000,31.32983274,252000,23.65042294,252000,23.65823854,252000,13.35170135,252000,12.83857542,252000,12.85807926,252000,37.02532643,252000,0,252000,0,252000,0,252000,0,252000,0,252000,0,252000,0,252000,0
253200,17.29167636,253200,10.44440861,253200,16.01596226,253200,31.33843426,253200,23.62310894,253200,23.63088667,253200,13.30468603,253200,12.77689512,253200,12.79653654,253200,36.96627252,253200,0,253200,0,253200,0,253200,0,253200,0,253200,0,253200,0,253200,0
254400,17.25972322,254400,10.42291321,254400,16.00337532,254400,31.34215703,254400,23.61063558,254400,23.61836961,254400,13.27884875,254400,12.74897754,254400,12.76869732,254400,36.93964161,254400,0,254400,0,254400,0,254400,0,254400,0,254400,0,254400,0,254400,0
255600,17.2426967,255600,10.43205069,255600,15.99258643,255600,31.34472164,255600,23.60310075,255600,23.61080858,255600,13.26510199,255600,12.73185048,255600,12.75161596,255600,36.92351548,255600,0,255600,0,255600,0,255600,0,255600,0,255600,0,255600,0,255600,0
256800,17.19003447,256800,10.40396001,256800,15.94677222,256800,31.3544968,256800,23.57492925,256800,23.58250881,256800,13.21237562,256800,12.66851566,256800,12.68843426,256800,36.8636142,256800,0,256800,0,256800,0,256800,0,256800,0,256800,0,256800,0,256800,0
258000,17.12509485,258000,10.24746818,258000,15.88943947,258000,31.36250536,258000,23.54634444,258000,23.55377684,258000,13.16339874,258000,12.60655044,258000,12.62663063,258000,36.80469754,258000,0,258000,0,258000,0,258000,0,258000,0,258000,0,258000,0,258000,0
259200,17.1062574,259200,10.20928227,259200,15.87559012,259200,31.36360576,259200,23.54087106,259200,23.5482702,259200,13.1518113,259200,12.59499054,259200,12.61510874,259200,36.79381974,259200,0,259200,0,259200,0,259200,0,259200,0,259200,0,259200,0,259200,0
260400,17.06367485,260400,10.15784689,260400,15.85327787,260400,31.37043654,260400,23.51563746,260400,23.52309835,260400,13.10635583,260400,12.54097707,260400,12.5612789,260400,36.74327209,260400,0,260400,0,260400,0,260400,0,260400,0,260400,0,260400,0,260400,0
261600,17.02480756,261600,10.20345119,261600,15.8385831,261600,31.37505106,261600,23.50341882,261600,23.51094756,261600,13.07695593,261600,12.5140674,261600,12.53445498,261600,36.71857928,261600,0,261600,0,261600,0,261600,0,261600,0,261600,0,261600,0,261600,0
262800,16.97629143,262800,10.18711252,262800,15.79600353,262800,31.38491355,262800,23.47507807,262800,23.48269066,262800,13.02275961,262800,12.45099446,262800,12.47151041,262800,36.66089886,262800,0,262800,0,262800,0,262800,0,262800,0,262800,0,262800,0,262800,0
264000,16.90971227,264000,10.04725092,264000,15.73819945,264000,31.39230863,264000,23.44638076,264000,23.45396618,264000,12.96679014,264000,12.38929239,264000,12.40992797,264000,36.60308089,264000,0,264000,0,264000,0,264000,0,264000,0,264000,0,264000,0,264000,0
265200,16.89239419,265200,10.00822324,265200,15.72586399,265200,31.39329715,265200,23.44089612,265200,23.44845556,265200,12.95838409,265200,12.37782219,265200,12.39848955,265200,36.59227043,265200,0,265200,0,265200,0,265200,0,265200,0,265200,0,265200,0,265200,0
266400,16.8553263,266400,9.954814983,266400,15.70446659,266400,31.39853653,266400,23.41905838,266400,23.42672508,266400,12.91453531,266400,12.33159421,266400,12.35238959,266400,36.54889518,266400,0,266400,0,266400,0,266400,0,266400,0,266400,0,266400,0,266400,0
267600,16.81554338,267600,10.00411492,267600,15.68930408,267600,31.4038028,267600,23.40442061,267600,23.41228642,267600,12.88300324,267600,12.2999714,267600,12.32084996,267600,36.51959443,267600,0,267600,0,267600,0,267600,0,267600,0,267600,0,267600,0,267600,0
268800,16.76500243,268800,9.985931202,268800,15.64613091,268800,31.41298138,268800,23.37584962,268800,23.38401119,268800,12.82593475,268800,12.23772836,268800,12.25871474,268800,36.46200813,268800,0,268800,0,268800,0,268800,0,268800,0,268800,0,268800,0,268800,0
270000,16.70070331,270000,9.890720154,270000,15.60741756,270000,31.42014105,270000,23.34712309,270000,23.35548951,270000,12.77292051,270000,12.1769384,270000,12.19803085,270000,36.40436122,270000,0,270000,0,270000,0,270000,0,270000,0,270000,0,270000,0,270000,0
271200,16.66506929,271200,9.870160117,271200,15.59217278,271200,31.42383655,271200,23.33137505,271200,23.33978431,271200,12.7433916,271200,12.14393087,271200,12.165104,271200,36.37276449,271200,0,271200,0,271200,0,271200,0,271200,0,271200,0,271200,0,271200,0
272400,16.65030779,272400,9.880879251,272400,15.58524888,272400,31.4252599,272400,23.32607756,272400,23.33448026,272400,12.7313206,272400,12.13260926,272400,12.15380641,272400,36.36207256,272400,0,272400,0,272400,0,272400,0,272400,0,272400,0,272400,0,272400,0
273600,16.60191282,273600,9.870464147,273600,15.53876109,273600,31.43295382,273600,23.29774536,273600,23.30604473,273600,12.68085119,273600,12.07262718,273600,12.09393241,273600,36.30503209,273600,0,273600,0,273600,0,273600,0,273600,0,273600,0,273600,0,273600,0
274800,16.53776666,274800,9.71595813,274800,15.48291945,274800,31.43898517,274800,23.26905764,274800,23.27719725,274800,12.63034014,274800,12.01408858,274800,12.03550545,274800,36.24873014,274800,0,274800,0,274800,0,274800,0,274800,0,274800,0,274800,0,274800,0
276000,16.52041078,276000,9.679494485,276000,15.4692172,276000,31.43973866,276000,23.26356197,276000,23.27168103,276000,12.62126611,276000,12.00318843,276000,12.0246342,276000,36.23832077,276000,0,276000,0,276000,0,276000,0,276000,0,276000,0,276000,0,276000,0
277200,16.47890574,277200,9.638464407,277200,15.44781799,277200,31.44487462,277200,23.23824956,277200,23.2464523,277200,12.57543651,277200,11.95228988,277200,11.97388145,277200,36.18996339,277200,0,277200,0,277200,0,277200,0,277200,0,277200,0,277200,0,277200,0
278400,16.4421458,278400,9.688744105,278400,15.43429247,278400,31.44853162,278400,23.22629238,278400,23.23456034,278400,12.54930437,278400,11.92754026,278400,11.94919895,278400,36.16691758,278400,0,278400,0,278400,0,278400,0,278400,0,278400,0,278400,0,278400,0
279600,16.39541736,279600,9.680670352,279600,15.39271295,279600,31.45634461,279600,23.19791302,279600,23.20624042,279600,12.49626266,279600,11.86820026,279600,11.88994663,279600,36.11186476,279600,0,279600,0,279600,0,279600,0,279600,0,279600,0,279600,0,279600,0
280800,16.33132683,280800,9.544577628,280800,15.33651466,280800,31.46180593,280800,23.16920623,280800,23.17750605,280800,12.44453247,280800,11.81033214,280800,11.83215884,280800,36.05683276,280800,0,280800,0,280800,0,280800,0,280800,0,280800,0,280800,0,280800,0
282000,16.31473225,282000,9.506599237,282000,15.32426455,282000,31.46243882,282000,23.16372277,282000,23.17199918,282000,12.43556912,282000,11.79960948,282000,11.82146227,282000,36.04657034,282000,0,282000,0,282000,0,282000,0,282000,0,282000,0,282000,0,282000,0
283200,16.27907876,283200,9.457207409,283200,15.30407584,283200,31.46621588,283200,23.14190061,283200,23.15028411,283200,12.39547128,283200,11.75643139,283200,11.77839236,283200,36.00545142,283200,0,283200,0,283200,0,283200,0,283200,0,283200,0,283200,0,283200,0
284400,16.24269563,284400,9.50590576,284400,15.29075508,284400,31.47009655,284400,23.12844549,284400,23.13699211,284400,12.36730961,284400,11.72923261,284400,11.75125941,284400,35.97994391,284400,0,284400,0,284400,0,284400,0,284400,0,284400,0,284400,0,284400,0
285600,16.1947323,285600,9.495627485,285600,15.24857694,285600,31.47733574,285600,23.09993377,285600,23.10873397,285600,12.31468033,285600,11.67113349,285600,11.69324868,285600,35.9256425,285600,0,285600,0,285600,0,285600,0,285600,0,285600,0,285600,0,285600,0
286800,16.13254348,286800,9.402499531,286800,15.21128594,286800,31.48261219,286800,23.07129297,286800,23.08027725,286800,12.26458894,286800,11.61446203,286800,11.63666344,286800,35.87148302,286800,0,286800,0,286800,0,286800,0,286800,0,286800,0,286800,0,286800,0
288000,16.09853073,288000,9.384927491,288000,15.19645437,288000,31.48527968,288000,23.05558533,288000,23.0646195,288000,12.23784792,288000,11.5837405,288000,11.60601329,288000,35.84186544,288000,0,288000,0,288000,0,288000,0,288000,0,288000,0,288000,0,288000,0
289200,16.08620533,289200,9.394124548,289200,15.19232067,289200,31.4861158,289200,23.05143949,289200,23.06046858,289200,12.22799563,289200,11.57547996,289200,11.59776967,289200,35.83401618,289200,0,289200,0,289200,0,289200,0,289200,0,289200,0,289200,0,289200,0
290400,16.06600117,290400,9.412743348,290400,15.17466482,290400,31.48884875,290400,23.03938296,290400,23.04845196,290400,12.20711762,290400,11.55131656,290400,11.57364794,290400,35.81110906,290400,0,290400,0,290400,0,290400,0,290400,0,290400,0,290400,0,290400,0
291600,16.01327428,291600,9.400030197,291600,15.13821792,291600,31.49549665,291600,23.01139033,291600,23.02055261,291600,12.1585792,291600,11.4959516,291600,11.51836297,291600,35.75807377,291600,0,291600,0,291600,0,291600,0,291600,0,291600,0,291600,0,291600,0
292800,15.95595847,292800,9.303861937,292800,15.10102263,292800,31.49995273,292800,22.98333426,292800,22.99245796,292800,12.11672385,292800,11.44228673,292800,11.46479212,292800,35.70586839,292800,0,292800,0,292800,0,292800,0,292800,0,292800,0,292800,0,292800,0
294000,15.92639033,294000,9.285932003,294000,15.09153973,294000,31.50169942,294000,22.97134414,294000,22.98041311,294000,12.0959884,294000,11.41960412,294000,11.44216687,294000,35.68386682,294000,0,294000,0,294000,0,294000,0,294000,0,294000,0,294000,0,294000,0
295200,15.90797158,295200,9.299095718,295200,15.07984919,295200,31.50351678,295200,22.96170087,295200,22.97073427,295200,12.08038247,295200,11.40108678,295200,11.42369338,295200,35.66616253,295200,0,295200,0,295200,0,295200,0,295200,0,295200,0,295200,0,295200,0
296400,15.85858227,296400,9.279131884,296400,15.04049014,296400,31.50919596,296400,22.93405528,296400,22.94300844,296400,12.03631228,296400,11.34850443,296400,11.37122077,296400,35.61581621,296400,0,296400,0,296400,0,296400,0,296400,0,296400,0,296400,0,296400,0
297600,15.80079155,297600,9.137526693,297600,14.98676248,297600,31.5128632,297600,22.90604577,297600,22.91487291,297600,11.99565914,297600,11.29719482,297600,11.32003365,297600,35.56650951,297600,0,297600,0,297600,0,297600,0,297600,0,297600,0,297600,0,297600,0
298800,15.7833203,298800,9.101051212,298800,14.97453088,298800,31.51316737,298800,22.90069739,298800,22.90948465,298800,11.98608187,298800,11.28765501,298800,11.31052529,298800,35.55743684,298800,0,298800,0,298800,0,298800,0,298800,0,298800,0,298800,0,298800,0
300000,15.74676259,300000,9.056025036,300000,14.95722986,300000,31.51606984,300000,22.87713921,300000,22.88598091,300000,11.94965683,300000,11.24508814,300000,11.26810418,300000,35.51728079,300000,0,300000,0,300000,0,300000,0,300000,0,300000,0,300000,0,300000,0
301200,15.70848428,301200,9.110678106,301200,14.94375959,301200,31.51942276,301200,22.86294414,301200,22.87188813,301200,11.92115156,301200,11.2186344,301200,11.24173379,301200,35.49292316,301200,0,301200,0,301200,0,301200,0,301200,0,301200,0,301200,0,301200,0
302400,15.6632263,302400,9.097444236,302400,14.90648011,302400,31.52500873,302400,22.83525369,302400,22.84432823,302400,11.87517846,302400,11.16638105,302400,11.18957803,302400,35.44510047,302400,0,302400,0,302400,0,302400,0,302400,0,302400,0,302400,0,302400,0
303600,15.60791904,303600,9.017125356,303600,14.87311672,303600,31.52850319,303600,22.80992655,303600,22.81912213,303600,11.83219674,303600,11.11995005,303600,11.1432322,303600,35.40152322,303600,0,303600,0,303600,0,303600,0,303600,0,303600,0,303600,0,303600,0
304800,15.57724522,304800,9.000541414,304800,14.86126762,304800,31.53042767,304800,22.79464523,304800,22.80389551,304800,11.80926041,304800,11.0922804,304800,11.11563814,304800,35.37524621,304800,0,304800,0,304800,0,304800,0,304800,0,304800,0,304800,0,304800,0
306000,15.56388971,306000,9.013124033,306000,14.85583228,306000,31.53113825,306000,22.79006396,306000,22.79930305,306000,11.79811979,306000,11.08383308,306000,11.1072118,306000,35.36731669,306000,0,306000,0,306000,0,306000,0,306000,0,306000,0,306000,0,306000,0
307200,15.5497476,307200,9.028715619,307200,14.84438571,307200,31.53264217,307200,22.78135988,307200,22.79061762,307200,11.78530702,307200,11.0677006,307200,11.09111383,307200,35.35222959,307200,0,307200,0,307200,0,307200,0,307200,0,307200,0,307200,0,307200,0
308400,15.50142053,308400,9.020369326,308400,14.80769403,308400,31.53769623,308400,22.75408154,308400,22.76337187,308400,11.74072623,308400,11.01783593,308400,11.04134025,308400,35.30504036,308400,0,308400,0,308400,0,308400,0,308400,0,308400,0,308400,0,308400,0
309600,15.44654273,309600,8.923741844,309600,14.77439193,309600,31.54076798,309600,22.72697954,309600,22.73621194,309600,11.70355139,309600,10.97003602,309600,10.99363872,309600,35.25903371,309600,0,309600,0,309600,0,309600,0,309600,0,309600,0,309600,0,309600,0
310800,15.41739219,310800,8.907382921,310800,14.76509996,310800,31.54204859,310800,22.7141771,310800,22.72335239,310800,11.68275029,310800,10.94771095,310800,10.97137868,310800,35.23759435,310800,0,310800,0,310800,0,310800,0,310800,0,310800,0,310800,0,310800,0
312000,15.40070411,312000,8.922297136,312000,14.75616552,312000,31.54323347,312000,22.70585551,312000,22.71499263,312000,11.6703139,312000,10.93295875,312000,10.95666715,312000,35.22364976,312000,0,312000,0,312000,0,312000,0,312000,0,312000,0,312000,0,312000,0
313200,15.35493204,313200,8.906625137,313200,14.71884078,313200,31.54741742,313200,22.67888186,313200,22.68789063,313200,11.62971475,313200,10.88550956,313200,10.90933023,313200,35.17873804,313200,0,313200,0,313200,0,313200,0,313200,0,313200,0,313200,0,313200,0
314400,15.29950992,314400,8.765416989,314400,14.66772298,314400,31.54976151,314400,22.6515295,314400,22.66038858,314400,11.59231712,314400,10.83918282,314400,10.86312278,314400,35.1346777,314400,0,314400,0,314400,0,314400,0,314400,0,314400,0,314400,0,314400,0
315600,15.28328704,315600,8.729413303,315600,14.65588205,315600,31.54982677,315600,22.6463016,315600,22.65512538,315600,11.58346411,315600,10.83056352,315600,10.85453443,315600,35.12655488,315600,0,315600,0,315600,0,315600,0,315600,0,315600,0,315600,0,315600,0
316800,15.24673675,316800,8.689170135,316800,14.64086207,316800,31.55177061,316800,22.62217254,316800,22.6310452,316800,11.54809976,316800,10.79021288,316800,10.81433552,316800,35.08883831,316800,0,316800,0,316800,0,316800,0,316800,0,316800,0,316800,0,316800,0
318000,15.2132712,318000,8.740574384,318000,14.62971003,318000,31.55400763,318000,22.61051471,318000,22.61945099,318000,11.5249092,318000,10.76998014,318000,10.79417165,318000,35.07043353,318000,0,318000,0,318000,0,318000,0,318000,0,318000,0,318000,0,318000,0
319200,15.17167673,319200,8.737050217,319200,14.59426896,319200,31.55831239,319200,22.5834712,319200,22.59248116,319200,11.48191076,319200,10.72240436,319200,10.74668794,319200,35.02740673,319200,0,319200,0,319200,0,319200,0,319200,0,319200,0,319200,0,319200,0
320400,15.11468838,320400,8.609107506,320400,14.54296258,320400,31.56024496,320400,22.55611932,320400,22.56508711,320400,11.43810251,320400,10.67594516,320400,10.70030934,320400,34.98414622,320400,0,320400,0,320400,0,320400,0,320400,0,320400,0,320400,0,320400,0
321600,15.09994382,321600,8.572537405,321600,14.53220122,321600,31.56020454,321600,22.55088279,321600,22.55982013,321600,11.4315208,321600,10.66733147,321600,10.69172046,321600,34.97603704,321600,0,321600,0,321600,0,321600,0,321600,0,321600,0,321600,0,321600,0
322800,15.06771474,322800,8.528059553,322800,14.51721036,322800,31.56143372,322800,22.52979985,322800,22.53883392,322800,11.39645868,322800,10.63209267,322800,10.65658484,322800,34.94305954,322800,0,322800,0,322800,0,322800,0,322800,0,322800,0,322800,0,322800,0
324000,15.0321661,324000,8.585980133,324000,14.50570926,324000,31.56410602,324000,22.51503722,324000,22.52427532,324000,11.36977882,324000,10.60675183,324000,10.63131189,324000,34.91976229,324000,0,324000,0,324000,0,324000,0,324000,0,324000,0,324000,0,324000,0
325200,14.98857708,325200,8.577336431,325200,14.46987238,325200,31.56794983,325200,22.48789033,325200,22.49742035,325200,11.32411258,325200,10.55950075,325200,10.58413161,325200,34.87646494,325200,0,325200,0,325200,0,325200,0,325200,0,325200,0,325200,0,325200,0
326400,14.93395197,326400,8.495754199,326400,14.43755682,326400,31.56981148,326400,22.46059922,326400,22.47032431,326400,11.28236412,326400,10.51349401,326400,10.53819398,326400,34.83295455,326400,0,326400,0,326400,0,326400,0,326400,0,326400,0,326400,0,326400,0
327600,14.90515865,327600,8.480536942,327600,14.42676789,327600,31.57058098,327600,22.44675432,327600,22.45651613,327600,11.26076514,327600,10.49040906,327600,10.51516564,327600,34.81080691,327600,0,327600,0,327600,0,327600,0,327600,0,327600,0,327600,0,327600,0
328800,14.8923519,328800,8.494080089,328800,14.42198679,328800,31.57105542,328800,22.44117831,328800,22.45093296,328800,11.25054151,328800,10.48093758,328800,10.50571402,328800,34.80184849,328800,0,328800,0,328800,0,328800,0,328800,0,328800,0,328800,0,328800,0
330000,14.85047917,330000,8.493802983,330000,14.3825539,330000,31.57356895,330000,22.41430885,330000,22.42397358,330000,11.21067036,330000,10.43564447,330000,10.46049724,330000,34.75874957,330000,0,330000,0,330000,0,330000,0,330000,0,330000,0,330000,0,330000,0
331200,14.79623626,331200,8.351515767,331200,14.3330762,331200,31.57445571,331200,22.38708639,331200,22.39660255,331200,11.17148751,331200,10.39146859,331200,10.41639768,331200,34.71625215,331200,0,331200,0,331200,0,331200,0,331200,0,331200,0,331200,0,331200,0
332400,14.78089409,332400,8.315224271,332400,14.32030531,332400,31.57426454,332400,22.38159838,332400,22.39109262,332400,11.16384785,332400,10.38281075,332400,10.40776347,332400,34.70797458,332400,0,332400,0,332400,0,332400,0,332400,0,332400,0,332400,0,332400,0
333600,14.74539725,333600,8.284935943,333600,14.30547146,333600,31.57497512,333600,22.35758158,333600,22.36715589,333600,11.12753407,333600,10.34435426,333600,10.3694237,333600,34.67149595,333600,0,333600,0,333600,0,333600,0,333600,0,333600,0,333600,0,333600,0
334800,14.71400435,334800,8.339142757,334800,14.29551758,334800,31.57653545,334800,22.34626452,334800,22.35590376,334800,11.10639629,334800,10.32551543,334800,10.35063617,334800,34.65410304,334800,0,334800,0,334800,0,334800,0,334800,0,334800,0,334800,0,334800,0
336000,14.67417712,336000,8.342101333,336000,14.2603165,336000,31.57930953,336000,22.31939782,336000,22.32909289,336000,11.06368397,336000,10.28018507,336000,10.30535772,336000,34.61247683,336000,0,336000,0,336000,0,336000,0,336000,0,336000,0,336000,0,336000,0
337200,14.61971794,337200,8.216711653,337200,14.21039996,337200,31.57982012,337200,22.29224419,337200,22.3019038,337200,11.02240676,337200,10.23604062,337200,10.26125484,337200,34.57067469,337200,0,337200,0,337200,0,337200,0,337200,0,337200,0,337200,0,337200,0
338400,14.60566753,338400,8.180908091,338400,14.19950765,338400,31.57951722,338400,22.28704662,338400,22.29667889,338400,11.01538586,338400,10.22788195,338400,10.25311509,338400,34.56285238,338400,0,338400,0,338400,0,338400,0,338400,0,338400,0,338400,0,338400,0
339600,14.5752703,339600,8.140263033,339600,14.18609101,339600,31.57963354,339600,22.26640915,339600,22.2761407,339600,10.98314567,339600,10.19497129,339600,10.2202852,339600,34.53149775,339600,0,339600,0,339600,0,339600,0,339600,0,339600,0,339600,0,339600,0
340800,14.54303496,340800,8.197372792,340800,14.17506776,340800,31.58131592,340800,22.25287257,340800,22.2627721,340800,10.95905537,340800,10.1727864,340800,10.19815096,340800,34.51077748,340800,0,340800,0,340800,0,340800,0,340800,0,340800,0,340800,0,340800,0
342000,14.50185979,342000,8.195244071,342000,14.1404117,342000,31.58370937,342000,22.22598027,342000,22.23613021,342000,10.91636421,342000,10.12811781,342000,10.15353135,342000,34.46927311,342000,0,342000,0,342000,0,342000,0,342000,0,342000,0,342000,0,342000,0
343200,14.44941348,343200,8.115070903,343200,14.10837291,343200,31.58417054,343200,22.19896584,343200,22.2092887,343200,10.87662205,343200,10.08467348,343200,10.11013336,343200,34.42772303,343200,0,343200,0,343200,0,343200,0,343200,0,343200,0,343200,0,343200,0
344400,14.42052729,344400,8.10254214,344400,14.09949736,344400,31.58424521,344400,22.18417684,344400,22.19454034,344400,10.85541032,344400,10.06121079,344400,10.0867214,344400,34.40495798,344400,0,344400,0,344400,0,344400,0,344400,0,344400,0,344400,0,344400,0
345600,14.41014365,345600,8.113689857,345600,14.09504147,345600,31.58437107,345600,22.18026791,345600,22.19062285,345600,10.8477173,345600,10.05489907,345600,10.08042142,345600,34.39892839,345600,0,345600,0,345600,0,345600,0,345600,0,345600,0,345600,0,345600,0
346800,14.37124639,346800,8.120974551,346800,14.05732561,346800,31.58534195,346800,22.15368402,346800,22.16389936,346800,10.81117848,346800,10.01223592,346800,10.0378194,346800,34.35794208,346800,0,346800,0,346800,0,346800,0,346800,0,346800,0,346800,0,346800,0
348000,14.31876104,348000,7.977667002,348000,14.00806855,348000,31.58479563,348000,22.12678382,348000,22.13679209,348000,10.77384732,348000,9.970651104,348000,9.996292152,348000,34.31764127,348000,0,348000,0,348000,0,348000,0,348000,0,348000,0,348000,0,348000,0
349200,14.30448906,349200,7.9419413,349200,13.99599462,349200,31.58433207,349200,22.12135466,349200,22.13133911,349200,10.76726253,349200,9.962504445,349200,9.988165378,349200,34.30980401,349200,0,349200,0,349200,0,349200,0,349200,0,349200,0,349200,0,349200,0
350400,14.26885896,350400,7.917462677,350400,13.98198592,350400,31.58385152,350400,22.0965333,350400,22.10657324,350400,10.73115815,350400,9.924660378,350400,9.950429447,350400,34.27369839,350400,0,350400,0,350400,0,350400,0,350400,0,350400,0,350400,0,350400,0
351600,14.23760213,351600,7.978194532,351600,13.972603,351600,31.58487231,351600,22.08484297,351600,22.09492176,351600,10.71071133,351600,9.906053731,351600,9.931869904,351600,34.25647342,351600,0,351600,0,351600,0,351600,0,351600,0,351600,0,351600,0,351600,0
352800,14.19956051,352800,7.983994005,352800,13.93956513,352800,31.58625627,352800,22.05840191,352800,22.06846948,352800,10.67013489,352800,9.863328708,352800,9.889175692,352800,34.21714893,352800,0,352800,0,352800,0,352800,0,352800,0,352800,0,352800,0,352800,0
354000,14.14778487,354000,7.86182512,354000,13.89108482,354000,31.58545891,354000,22.03168457,354000,22.04168469,354000,10.631991,354000,9.821902201,354000,9.847772834,354000,34.17767676,354000,0,354000,0,354000,0,354000,0,354000,0,354000,0,354000,0,354000,0
355200,14.13446899,355200,7.826809534,355200,13.88064944,355200,31.58492336,355200,22.02657071,355200,22.03654183,355200,10.62525326,355200,9.814277747,355200,9.840165682,355200,34.17030266,355200,0,355200,0,355200,0,355200,0,355200,0,355200,0,355200,0,355200,0
356400,14.10404762,356400,7.79307143,356400,13.86806742,356400,31.58406419,356400,22.00519088,356400,22.01524647,356400,10.5942949,356400,9.781928144,356400,9.807896428,356400,34.13921166,356400,0,356400,0,356400,0,356400,0,356400,0,356400,0,356400,0,356400,0
357600,14.07395472,357600,7.850852218,357600,13.85905826,357600,31.58500483,357600,21.99271283,357600,22.00289065,357600,10.57299523,357600,9.762481601,357600,9.788494789,357600,34.12095059,357600,0,357600,0,357600,0,357600,0,357600,0,357600,0,357600,0,357600,0
358800,14.03547974,358800,7.85406953,358800,13.82590987,358800,31.5860948,358800,21.96633112,358800,21.97668505,358800,10.53393693,358800,9.720856905,358800,9.746912791,358800,34.0821063,358800,0,358800,0,358800,0,358800,0,358800,0,358800,0,358800,0,358800,0
360000,13.98781309,360000,7.781257601,360000,13.79743753,360000,31.58543184,360000,21.94170471,360000,21.95219327,360000,10.49939537,360000,9.68330595,360000,9.709399266,360000,34.04608133,360000,0,360000,0,360000,0,360000,0,360000,0,360000,0,360000,0,360000,0
361200,13.96010813,361200,7.772034663,361200,13.78896385,361200,31.58485498,361200,21.92614086,361200,21.93668512,361200,10.4792097,361200,9.659988526,361200,9.686134645,361200,34.02336868,361200,0,361200,0,361200,0,361200,0,361200,0,361200,0,361200,0,361200,0
362400,13.94758026,362400,7.78892575,362400,13.78418404,362400,31.58481629,362400,21.92126872,362400,21.93179989,362400,10.47021435,362400,9.652562652,362400,9.678724198,362400,34.01623719,362400,0,362400,0,362400,0,362400,0,362400,0,362400,0,362400,0,362400,0
363600,13.93516397,363600,7.807789917,363600,13.77502876,363600,31.58494746,363600,21.91278109,363600,21.92332552,363600,10.45921394,363600,9.639514244,363600,9.665697069,363600,34.00377604,363600,0,363600,0,363600,0,363600,0,363600,0,363600,0,363600,0,363600,0
364800,13.89421128,364800,7.810677196,364800,13.74462798,364800,31.58547072,364800,21.88699156,364800,21.89753887,364800,10.42493152,364800,9.600530782,364800,9.626761857,364800,33.96614432,364800,0,364800,0,364800,0,364800,0,364800,0,364800,0,364800,0,364800,0
366000,13.84838467,366000,7.727032665,366000,13.71637018,366000,31.58419378,366000,21.86168471,366000,21.87214592,366000,10.39676404,366000,9.563857541,366000,9.590148308,366000,33.93010396,366000,0,366000,0,366000,0,366000,0,366000,0,366000,0,366000,0,366000,0
367200,13.82546367,367200,7.71546031,367200,13.71050252,367200,31.58347722,367200,21.85064308,367200,21.86104572,367200,10.38265964,367200,9.548155639,367200,9.574491161,367200,33.91470613,367200,0,367200,0,367200,0,367200,0,367200,0,367200,0,367200,0,367200,0
368400,13.81187503,368400,7.732988076,368400,13.70447775,368400,31.58332521,368400,21.84280837,368400,21.85317356,368400,10.37312024,368400,9.536827258,368400,9.56319417,368400,33.90379028,368400,0,368400,0,368400,0,368400,0,368400,0,368400,0,368400,0,368400,0
369600,13.77305298,369600,7.727333429,369600,13.67250012,369600,31.58316299,369600,21.81738932,369600,21.82763199,369600,10.34283221,369600,9.500441529,369600,9.526894074,369600,33.86881294,369600,0,369600,0,369600,0,369600,0,369600,0,369600,0,369600,0,369600,0
370800,13.72654528,370800,7.595879762,370800,13.62657803,370800,31.58121996,370800,21.79164427,370800,21.8017372,370800,10.31483619,370800,9.465049285,370800,9.491593952,370800,33.83483362,370800,0,370800,0,370800,0,370800,0,370800,0,370800,0,370800,0,370800,0
372000,13.7128559,372000,7.561575957,372000,13.61600568,372000,31.58047707,372000,21.786712,372000,21.79676683,372000,10.3083344,372000,9.458487882,372000,9.485058656,372000,33.82860979,372000,0,372000,0,372000,0,372000,0,372000,0,372000,0,372000,0,372000,0
373200,13.68198939,373200,7.529251396,373200,13.60636439,373200,31.57875218,373200,21.76401694,373200,21.77411667,373200,10.28092855,373200,9.427707692,373200,9.454409287,373200,33.79977366,373200,0,373200,0,373200,0,373200,0,373200,0,373200,0,373200,0,373200,0
374400,13.65220235,374400,7.589059889,374400,13.59773153,374400,31.57923106,374400,21.75203526,374400,21.76220295,374400,10.26137042,374400,9.410700272,374400,9.437465148,374400,33.78443796,374400,0,374400,0,374400,0,374400,0,374400,0,374400,0,374400,0,374400,0
375600,13.61668233,375600,7.591587876,375600,13.56829881,375600,31.57933971,375600,21.72669826,375600,21.73693984,375600,10.22711654,375600,9.374010691,375600,9.400841992,375600,33.7516711,375600,0,375600,0,375600,0,375600,0,375600,0,375600,0,375600,0,375600,0
376800,13.56913384,376800,7.475732824,376800,13.52218408,376800,31.57714072,376800,21.70105518,376800,21.71124989,376800,10.19324705,376800,9.33835118,376800,9.36524004,376800,33.71865689,376800,0,376800,0,376800,0,376800,0,376800,0,376800,0,376800,0,376800,0
378000,13.55666378,378000,7.44074979,378000,13.51267797,378000,31.57635357,378000,21.69615613,378000,21.70631795,378000,10.18796911,378000,9.331773926,378000,9.358683975,378000,33.7124621,378000,0,378000,0,378000,0,378000,0,378000,0,378000,0,378000,0,378000,0
379200,13.52852249,379200,7.40272557,379200,13.50309252,379200,31.57445598,379200,21.67562823,379200,21.68587599,379200,10.15966442,379200,9.303770709,379200,9.330773682,379200,33.6862965,379200,0,379200,0,379200,0,379200,0,379200,0,379200,0,379200,0,379200,0
380400,13.49671845,380400,7.471294691,380400,13.49460338,380400,31.57510817,380400,21.66082915,380400,21.67129771,380400,10.13675916,380400,9.282826445,380400,9.309890691,380400,33.66722078,380400,0,380400,0,380400,0,380400,0,380400,0,380400,0,380400,0,380400,0
381600,13.45990231,381600,7.470828329,381600,13.46529525,381600,31.57500282,381600,21.63553362,381600,21.64630094,381600,10.10069826,381600,9.24639164,381600,9.273506654,381600,33.63421045,381600,0,381600,0,381600,0,381600,0,381600,0,381600,0,381600,0,381600,0
382800,13.41444424,382800,7.401530253,382800,13.43828262,382800,31.57296649,382800,21.61014464,382800,21.62110379,382800,10.06839655,382800,9.211198433,382800,9.238364365,382800,33.6009662,382800,0,382800,0,382800,0,382800,0,382800,0,382800,0,382800,0,382800,0
384000,13.39037806,384000,7.391116858,384000,13.43117406,384000,31.57175744,384000,21.59726773,384000,21.60825442,384000,10.05202385,384000,9.193670014,384000,9.220884771,384000,33.58405837,384000,0,384000,0,384000,0,384000,0,384000,0,384000,0,384000,0,384000,0
385200,13.37899496,385200,7.408769004,385200,13.42785096,385200,31.57141871,385200,21.59159838,385200,21.60257455,385200,10.04345524,385200,9.185786276,385200,9.213019929,385200,33.57657322,385200,0,385200,0,385200,0,385200,0,385200,0,385200,0,385200,0,385200,0
386400,13.34377077,386400,7.417135664,386400,13.39532416,386400,31.57011737,386400,21.56666834,386400,21.57754507,386400,10.01314817,386400,9.151464317,386400,9.178761503,386400,33.54385273,386400,0,386400,0,386400,0,386400,0,386400,0,386400,0,386400,0,386400,0
387600,13.29875143,387600,7.285261759,387600,13.35088714,387600,31.56724981,387600,21.54143158,387600,21.5521503,387600,9.983799046,387600,9.118152675,387600,9.145512286,387600,33.51177021,387600,0,387600,0,387600,0,387600,0,387600,0,387600,0,387600,0,387600,0
388800,13.28559056,388800,7.248969437,388800,13.33930051,388800,31.56626628,388800,21.53606805,388800,21.54675824,388800,9.977827357,388800,9.111324586,388800,9.138706938,388800,33.50522857,388800,0,388800,0,388800,0,388800,0,388800,0,388800,0,388800,0,388800,0
390000,13.25578939,390000,7.225665162,390000,13.33064811,390000,31.56375686,390000,21.51379801,390000,21.52455147,390000,9.949842958,390000,9.082406091,390000,9.109897485,390000,33.47785876,390000,0,390000,0,390000,0,390000,0,390000,0,390000,0,390000,0,390000,0
391200,13.22952637,391200,7.282070248,391200,13.32319331,391200,31.56376005,391200,21.5033121,391200,21.51412217,391200,9.933310643,391200,9.068121976,391200,9.095660086,391200,33.4648466,391200,0,391200,0,391200,0,391200,0,391200,0,391200,0,391200,0,391200,0
392400,13.19624749,392400,7.293885498,392400,13.29407161,392400,31.56287529,392400,21.4784683,392400,21.48931937,392400,9.899590095,392400,9.033624063,392400,9.061206375,392400,33.43369634,392400,0,392400,0,392400,0,392400,0,392400,0,392400,0,392400,0,392400,0
393600,13.15093314,393600,7.176644808,393600,13.24901171,393600,31.55975272,393600,21.45333739,393600,21.46413241,393600,9.867586168,393600,9.000120541,393600,9.027733594,393600,33.40232302,393600,0,393600,0,393600,0,393600,0,393600,0,393600,0,393600,0,393600,0
394800,13.13927435,394800,7.142458017,394800,13.23961331,394800,31.55879148,394800,21.44853189,394800,21.45929583,394800,9.862118136,394800,8.993952697,394800,9.021582322,394800,33.39643603,394800,0,394800,0,394800,0,394800,0,394800,0,394800,0,394800,0,394800,0
396000,13.11384508,396000,7.107202064,396000,13.23158252,396000,31.55622238,396000,21.42942036,396000,21.44026853,396000,9.836761891,396000,8.969018245,396000,8.99672001,396000,33.37283752,396000,0,396000,0,396000,0,396000,0,396000,0,396000,0,396000,0,396000,0
397200,13.08651888,397200,7.169465471,397200,13.22339645,397200,31.55616169,397200,21.41666587,397200,21.42767821,397200,9.817068558,397200,8.95174182,397200,8.97948818,397200,33.35692226,397200,0,397200,0,397200,0,397200,0,397200,0,397200,0,397200,0,397200,0
398400,13.0520675,398400,7.174286354,398400,13.19441171,398400,31.55498735,398400,21.39182731,398400,21.40307079,398400,9.782824966,398400,8.917485526,398400,8.945266841,398400,33.32561385,398400,0,398400,0,398400,0,398400,0,398400,0,398400,0,398400,0,398400,0
399600,13.00854242,399600,7.102913269,399600,13.16713888,399600,31.55197635,399600,21.36689558,399600,21.37829111,399600,9.751489929,399600,8.884260858,399600,8.912071544,399600,33.29411537,399600,0,399600,0,399600,0,399600,0,399600,0,399600,0,399600,0,399600,0
400800,12.98451298,400800,7.094529374,400800,13.16107118,400800,31.55015029,400800,21.35324385,400800,21.36466494,400800,9.734874842,400800,8.866387129,400800,8.894238752,400800,33.27679764,400800,0,400800,0,400800,0,400800,0,400800,0,400800,0,400800,0,400800,0
402000,12.9744782,402000,7.110031347,402000,13.15739971,402000,31.54968994,402000,21.34866742,402000,21.36007384,402000,9.727504145,402000,8.860248809,402000,8.888112254,402000,33.27094793,402000,0,402000,0,402000,0,402000,0,402000,0,402000,0,402000,0,402000,0
403200,12.94169257,403200,7.122780255,403200,13.12614769,403200,31.54735128,403200,21.32420432,403200,21.33546213,403200,9.698653505,403200,8.827704563,403200,8.855610659,403200,33.23980323,403200,0,403200,0,403200,0,403200,0,403200,0,403200,0,403200,0,403200,0
404400,12.89843327,404400,6.989509052,404400,13.08137934,404400,31.54348188,404400,21.29945751,404400,21.31050548,404400,9.669846403,404400,8.796066329,404400,8.824010356,404400,33.20919171,404400,0,404400,0,404400,0,404400,0,404400,0,404400,0,404400,0,404400,0
405600,12.88614481,405600,6.953748805,405600,13.07033725,405600,31.54230123,405600,21.29419036,405600,21.30520722,405600,9.664422483,405600,8.78957365,405600,8.81753531,405600,33.20293605,405600,0,405600,0,405600,0,405600,0,405600,0,405600,0,405600,0,405600,0
406800,12.85637178,406800,6.936442658,406800,13.06239649,406800,31.53883547,406800,21.27133864,406800,21.28239553,406800,9.635836688,406800,8.760791711,406800,8.788847145,406800,33.17553627,406800,0,406800,0,406800,0,406800,0,406800,0,406800,0,406800,0,406800,0
408000,12.83093389,408000,6.997893109,408000,13.05552785,408000,31.53842661,408000,21.26107589,408000,21.2721628,408000,9.62000209,408000,8.747157937,408000,8.775250123,408000,33.16306643,408000,0,408000,0,408000,0,408000,0,408000,0,408000,0,408000,0,408000,0
409200,12.79948934,409200,7.013420339,409200,13.02770628,409200,31.5365669,409200,21.23678392,409200,21.24784673,409200,9.587275384,409200,8.714213408,409200,8.742320388,409200,33.13317057,409200,0,409200,0,409200,0,409200,0,409200,0,409200,0,409200,0,409200,0
410400,12.75642807,410400,6.897440655,410400,12.98370466,410400,31.53253992,410400,21.21221334,410400,21.22318668,410400,9.556943732,410400,8.682347256,410400,8.710457032,410400,33.10300875,410400,0,410400,0,410400,0,410400,0,410400,0,410400,0,410400,0,410400,0
411600,12.74548865,411600,6.863870726,411600,12.9745686,411600,31.53141892,411600,21.20751176,411600,21.2184532,411600,9.551707655,411600,8.676506886,411600,8.704629778,411600,33.09735087,411600,0,411600,0,411600,0,411600,0,411600,0,411600,0,411600,0,411600,0
412800,12.71977008,412800,6.835571437,412800,12.9672478,412800,31.52801086,412800,21.1875763,412800,21.19858949,412800,9.526542342,412800,8.651359797,412800,8.679547417,412800,33.07318522,412800,0,412800,0,412800,0,412800,0,412800,0,412800,0,412800,0,412800,0
414000,12.69455029,414000,6.896379283,414000,12.96043616,414000,31.52749398,414000,21.17611783,414000,21.18725009,414000,9.509237288,414000,8.636314179,414000,8.664536228,414000,33.0591597,414000,0,414000,0,414000,0,414000,0,414000,0,414000,0,414000,0,414000,0
415200,12.66261807,415200,6.907088276,415200,12.93275842,415200,31.52544732,415200,21.15188612,415200,21.16318697,415200,9.477392205,415200,8.603978665,415200,8.632221768,415200,33.02927067,415200,0,415200,0,415200,0,415200,0,415200,0,415200,0,415200,0,415200,0
416400,12.62193538,416400,6.838369974,416400,12.90747814,416400,31.52175491,416400,21.12830678,416400,21.1397339,416400,9.448926095,416400,8.573685448,416400,8.60194567,416400,33.00022839,416400,0,416400,0,416400,0,416400,0,416400,0,416400,0,416400,0,416400,0
417600,12.59858402,417600,6.833309524,417600,12.90221766,417600,31.51934205,417600,21.11401173,417600,21.1254763,417600,9.432948858,417600,8.555747067,417600,8.584047337,417600,32.98263141,417600,0,417600,0,417600,0,417600,0,417600,0,417600,0,417600,0,417600,0
418800,12.58936732,418800,6.847910745,418800,12.89951164,418800,31.51883776,418800,21.11027299,418800,21.12172597,418800,9.426753067,418800,8.550949969,418800,8.579259802,418800,32.97800395,418800,0,418800,0,418800,0,418800,0,418800,0,418800,0,418800,0,418800,0
420000,12.57832545,420000,6.871413151,420000,12.89200748,420000,31.51789713,420000,21.10176574,420000,21.11323138,420000,9.417183911,420000,8.539962005,420000,8.568287955,420000,32.9674662,420000,0,420000,0,420000,0,420000,0,420000,0,420000,0,420000,0,420000,0
421200,12.54394806,421200,6.879847306,421200,12.86687889,421200,31.51547646,421200,21.07816245,421200,21.089636,421200,9.390094249,421200,8.50991714,421200,8.538269747,421200,32.9383714,421200,0,421200,0,421200,0,421200,0,421200,0,421200,0,421200,0,421200,0
422400,12.50576433,422400,6.802037931,422400,12.84187412,422400,31.51116162,422400,21.05451726,422400,21.06589727,422400,9.36801353,422400,8.481201381,422400,8.509590003,422400,32.90997832,422400,0,422400,0,422400,0,422400,0,422400,0,422400,0,422400,0,422400,0
423600,12.48650001,423600,6.793186996,423600,12.83902835,423600,31.5091854,423600,21.0444236,423600,21.05573939,423600,9.357059465,423600,8.469207535,423600,8.497629993,423600,32.89811616,423600,0,423600,0,423600,0,423600,0,423600,0,423600,0,423600,0,423600,0
424800,12.47418847,424800,6.815039172,424800,12.8337389,424800,31.50798379,424800,21.03632043,424800,21.04758929,424800,9.348728824,424800,8.459411051,424800,8.487860177,424800,32.88862348,424800,0,424800,0,424800,0,424800,0,424800,0,424800,0,424800,0,424800,0
426000,12.44159837,426000,6.814792352,426000,12.80801439,426000,31.50500827,426000,21.01313246,426000,21.02429039,426000,9.325053097,426000,8.431550349,426000,8.460058186,426000,32.86180055,426000,0,426000,0,426000,0,426000,0,426000,0,426000,0,426000,0,426000,0
427200,12.40359035,427200,6.691591152,427200,12.76519961,427200,31.5001835,427200,20.98961291,427200,21.00062691,427200,9.303719094,427200,8.404513794,427200,8.433086179,427200,32.83579749,427200,0,427200,0,427200,0,427200,0,427200,0,427200,0,427200,0,427200,0
428400,12.39218503,428400,6.658398781,428400,12.75628186,428400,31.49892204,428400,20.98511057,428400,20.99608567,428400,9.29859621,428400,8.399517917,428400,8.428111671,428400,32.8310394,428400,0,428400,0,428400,0,428400,0,428400,0,428400,0,428400,0,428400,0
429600,12.36665893,429600,6.631478458,429600,12.75173264,429600,31.49472194,429600,20.96436321,429600,20.97537598,429600,9.277041113,429600,8.376001229,429600,8.404704039,429600,32.80900802,429600,0,429600,0,429600,0,429600,0,429600,0,429600,0,429600,0,429600,0
430800,12.34067373,430800,6.697649893,430800,12.74492967,430800,31.49382558,430800,20.95251184,430800,20.96359713,430800,9.260040241,430800,8.361741339,430800,8.390498927,430800,32.79629199,430800,0,430800,0,430800,0,430800,0,430800,0,430800,0,430800,0,430800,0
432000,12.31097591,432000,6.704087165,432000,12.72099282,432000,31.49113632,432000,20.92944472,432000,20.94060758,432000,9.232379488,432000,8.333260196,432000,8.362057813,432000,32.77120806,432000,0,432000,0,432000,0,432000,0,432000,0,432000,0,432000,0,432000,0
433200,12.27213136,433200,6.598327644,433200,12.67862461,433200,31.48621521,433200,20.90609198,433200,20.9172099,433200,9.205751403,433200,8.305735794,433200,8.334568685,433200,32.74577799,433200,0,433200,0,433200,0,433200,0,433200,0,433200,0,433200,0,433200,0
434400,12.26179741,434400,6.564497598,434400,12.67045976,434400,31.48491161,434400,20.90161415,434400,20.91269646,434400,9.201654048,434400,8.300689599,434400,8.329539861,434400,32.74099177,434400,0,434400,0,434400,0,434400,0,434400,0,434400,0,434400,0,434400,0
435600,12.23855514,435600,6.531831611,435600,12.66567128,435600,31.48090181,435600,20.88290471,435600,20.89407008,435600,9.179225637,435600,8.279162362,435600,8.308089647,435600,32.72078896,435600,0,435600,0,435600,0,435600,0,435600,0,435600,0,435600,0,435600,0
436800,12.21217883,436800,6.604555568,436800,12.65999988,436800,31.47999747,436800,20.86942096,436800,20.88080864,436800,9.160745879,436800,8.262933397,436800,8.291909634,436800,32.70607515,436800,0,436800,0,436800,0,436800,0,436800,0,436800,0,436800,0,436800,0
438000,12.18184908,438000,6.610629713,438000,12.63523568,438000,31.47724487,438000,20.84642654,438000,20.85811225,438000,9.131753852,438000,8.234596019,438000,8.263603781,438000,32.68058864,438000,0,438000,0,438000,0,438000,0,438000,0,438000,0,438000,0,438000,0
439200,12.14451459,439200,6.547817641,439200,12.61239682,439200,31.47256461,439200,20.82333382,439200,20.8351987,439200,9.106442928,439200,8.207394643,439200,8.236433021,439200,32.65483986,439200,0,439200,0,439200,0,439200,0,439200,0,439200,0,439200,0,439200,0
440400,12.12476108,440400,6.540536914,440400,12.60797817,440400,31.47004309,440400,20.81164171,440400,20.82352551,440400,9.093743289,440400,8.193931009,440400,8.223007957,440400,32.64172993,440400,0,440400,0,440400,0,440400,0,440400,0,440400,0,440400,0,440400,0
441600,12.11537295,441600,6.559639846,441600,12.6062172,441600,31.46910682,441600,20.80648803,441600,20.81835988,441600,9.087034304,441600,8.187871596,441600,8.216963256,441600,32.6359355,441600,0,441600,0,441600,0,441600,0,441600,0,441600,0,441600,0,441600,0
442800,12.08640847,442800,6.5748159,442800,12.57878382,442800,31.46530976,442800,20.78388041,442800,20.79565588,442800,9.063452021,442800,8.161483361,442800,8.190620302,442800,32.61064904,442800,0,442800,0,442800,0,442800,0,442800,0,442800,0,442800,0,442800,0
444000,12.04946664,444000,6.448851982,444000,12.53805842,444000,31.45989753,444000,20.76095783,444000,20.77257143,444000,9.040915755,444000,8.135947086,444000,8.165126136,444000,32.58593951,444000,0,444000,0,444000,0,444000,0,444000,0,444000,0,444000,0,444000,0
445200,12.03809543,445200,6.410708099,445200,12.52695503,445200,31.45825876,445200,20.75561118,445200,20.76718965,445200,9.035881911,445200,8.130223616,445200,8.159423197,445200,32.58042183,445200,0,445200,0,445200,0,445200,0,445200,0,445200,0,445200,0,445200,0
446400,12.0132307,446400,6.396337355,446400,12.52280799,446400,31.45356284,446400,20.73533659,446400,20.74696764,446400,9.013501054,446400,8.10803632,446400,8.137328915,446400,32.55940989,446400,0,446400,0,446400,0,446400,0,446400,0,446400,0,446400,0,446400,0
447600,11.99156893,447600,6.454058963,447600,12.51725609,447600,31.45252918,447600,20.72581933,447600,20.73750569,447600,9.000098363,447600,8.096944351,447600,8.12627418,447600,32.54942614,447600,0,447600,0,447600,0,447600,0,447600,0,447600,0,447600,0,447600,0
448800,11.96406826,448800,6.469881967,448800,12.49245987,448800,31.44914228,448800,20.70325799,448800,20.71497989,448800,8.972560915,448800,8.070025026,448800,8.099377906,448800,32.52546891,448800,0,448800,0,448800,0,448800,0,448800,0,448800,0,448800,0,448800,0
450000,11.92687407,450000,6.359606459,450000,12.45108765,450000,31.44357333,450000,20.6804316,450000,20.692085,450000,8.946964103,450000,8.043957504,450000,8.073320405,450000,32.50118587,450000,0,450000,0,450000,0,450000,0,450000,0,450000,0,450000,0,450000,0
451200,11.91729676,451200,6.326149369,451200,12.44269757,451200,31.44214546,451200,20.67604769,451200,20.68766519,451200,8.942580968,451200,8.039178177,451200,8.068553822,451200,32.49660789,451200,0,451200,0,451200,0,451200,0,451200,0,451200,0,451200,0,451200,0
452400,11.89626111,452400,6.295928623,452400,12.43862486,452400,31.43777712,452400,20.65866598,452400,20.67035782,452400,8.922039807,452400,8.019804518,452400,8.049237376,452400,32.47824972,452400,0,452400,0,452400,0,452400,0,452400,0,452400,0,452400,0,452400,0
453600,11.87361556,453600,6.36089361,453600,12.4330205,453600,31.43648675,453600,20.64706809,453600,20.65891842,453600,8.905769737,453600,8.006260734,453600,8.03572745,453600,32.46585599,453600,0,453600,0,453600,0,453600,0,453600,0,453600,0,453600,0,453600,0
454800,11.84521527,454800,6.371439245,454800,12.4080262,454800,31.43293992,454800,20.62452734,454800,20.63660088,454800,8.877570533,454800,7.979268744,454800,8.008750173,454800,32.44141633,454800,0,454800,0,454800,0,454800,0,454800,0,454800,0,454800,0,454800,0
456000,11.80947081,456000,6.305920195,456000,12.38481997,456000,31.42755549,456000,20.60188078,456000,20.6140896,456000,8.852279135,456000,7.953178622,456000,7.982668051,456000,32.41669137,456000,0,456000,0,456000,0,456000,0,456000,0,456000,0,456000,0,456000,0
457200,11.78973629,457200,6.301853265,457200,12.38116206,457200,31.42446041,457200,20.58949816,457200,20.60172267,457200,8.839028853,457200,7.939208219,457200,7.968726857,457200,32.40304829,457200,0,457200,0,457200,0,457200,0,457200,0,457200,0,457200,0,457200,0
458400,11.78145874,458400,6.319829423,458400,12.37875244,458400,31.42355468,458400,20.58534183,458400,20.59754737,458400,8.833078133,458400,7.934404768,458400,7.963931466,458400,32.39844123,458400,0,458400,0,458400,0,458400,0,458400,0,458400,0,458400,0,458400,0
459600,11.75450712,459600,6.337794967,459600,12.35220408,459600,31.41892677,459600,20.56318086,459600,20.5752252,459600,8.810078352,459600,7.9089299,459600,7.938478955,459600,32.37392859,459600,0,459600,0,459600,0,459600,0,459600,0,459600,0,459600,0,459600,0
460800,11.71902335,460800,6.210159699,460800,12.31081866,460800,31.41278238,460800,20.54072188,460800,20.55254273,460800,8.787435931,460800,7.884244438,460800,7.913809892,460800,32.34986965,460800,0,460800,0,460800,0,460800,0,460800,0,460800,0,460800,0,460800,0
462000,11.70839975,462000,6.172345992,462000,12.30020564,462000,31.41099011,462000,20.53547484,462000,20.54725761,462000,8.782767804,462000,7.878706775,462000,7.908287377,462000,32.34447996,462000,0,462000,0,462000,0,462000,0,462000,0,462000,0,462000,0,462000,0
463200,11.68461371,463200,6.161394636,463200,12.29630473,463200,31.40569328,463200,20.51560125,463200,20.52741079,463200,8.760399254,463200,7.857224333,463200,7.886879442,463200,32.32393411,463200,0,463200,0,463200,0,463200,0,463200,0,463200,0,463200,0,463200,0
464400,11.66401303,464400,6.223288944,464400,12.29133432,464400,31.40434899,464400,20.50628545,464400,20.51812877,464400,8.747423599,464400,7.846467553,464400,7.876151264,464400,32.31415496,464400,0,464400,0,464400,0,464400,0,464400,0,464400,0,464400,0,464400,0
465600,11.63781056,465600,6.241932279,465600,12.26717794,465600,31.4002442,465600,20.48421574,465600,20.4960449,465600,8.720269456,465600,7.820350235,465600,7.850032765,465600,32.29066979,465600,0,465600,0,465600,0,465600,0,465600,0,465600,0,465600,0,465600,0
466800,11.60254203,466800,6.131245931,466800,12.22667904,466800,31.39402602,466800,20.46187749,466800,20.47362343,466800,8.695694405,466800,7.795116378,466800,7.824784188,466800,32.26684599,466800,0,466800,0,466800,0,466800,0,466800,0,466800,0,466800,0,466800,0
468000,11.59348729,468000,6.098305353,468000,12.21838812,468000,31.39248636,468000,20.45758407,468000,20.46929618,468000,8.691356642,468000,7.790506112,468000,7.820183447,468000,32.26235639,468000,0,468000,0,468000,0,468000,0,468000,0,468000,0,468000,0,468000,0
469200,11.57221763,469200,6.073499767,469200,12.21459602,469200,31.38735972,469200,20.43943562,469200,20.45122081,469200,8.670665015,469200,7.770593888,469200,7.800320775,469200,32.24316711,469200,0,469200,0,469200,0,469200,0,469200,0,469200,0,469200,0,469200,0
470400,11.5502089,470400,6.140634554,470400,12.20981043,470400,31.38571852,470400,20.42811814,470400,20.44003847,470400,8.654977724,470400,7.757536967,470400,7.787290451,470400,32.23105387,470400,0,470400,0,470400,0,470400,0,470400,0,470400,0,470400,0,470400,0
471600,11.52353615,471600,6.152793856,471600,12.18608299,471600,31.38156945,471600,20.40614129,471600,20.41825081,471600,8.628397549,471600,7.731565579,471600,7.761317995,471600,32.20721158,471600,0,471600,0,471600,0,471600,0,471600,0,471600,0,471600,0,471600,0
472800,11.48963644,472800,6.090217264,472800,12.16366416,472800,31.37565097,472800,20.38406554,472800,20.39631309,472800,8.604696288,472800,7.706639667,472800,7.73639055,472800,32.18317769,472800,0,472800,0,472800,0,472800,0,472800,0,472800,0,472800,0,472800,0
474000,11.470096,474000,6.087819859,474000,12.16054937,474000,31.37202222,474000,20.3711036,474000,20.38338605,474000,8.591874973,474000,7.692420966,474000,7.722201894,474000,32.16902001,474000,0,474000,0,474000,0,474000,0,474000,0,474000,0,474000,0,474000,0
475200,11.46295047,475200,6.102516129,475200,12.15893174,475200,31.37123308,475200,20.36792606,475200,20.3801957,475200,8.587156609,475200,7.688859548,475200,7.718646773,475200,32.16554231,475200,0,475200,0,475200,0,475200,0,475200,0,475200,0,475200,0,475200,0
476400,11.4530717,476400,6.130556688,476400,12.15361476,476400,31.369434,476400,20.35958254,476400,20.37186593,476400,8.578781481,476400,7.679406604,476400,7.709204645,476400,32.15637024,476400,0,476400,0,476400,0,476400,0,476400,0,476400,0,476400,0,476400,0
477600,11.42460804,477600,6.14480977,477600,12.13211938,477600,31.36498309,477600,20.33823359,477600,20.35052608,477600,8.557318282,477600,7.655613556,477600,7.685420075,477600,32.13307425,477600,0,477600,0,477600,0,477600,0,477600,0,477600,0,477600,0,477600,0
478800,11.39356119,478800,6.072993104,478800,12.11084254,478800,31.35866545,478800,20.31686629,478800,20.32906149,478800,8.540528841,478800,7.633062028,478800,7.662885949,478800,32.11042102,478800,0,478800,0,478800,0,478800,0,478800,0,478800,0,478800,0,478800,0
480000,11.3777619,480000,6.06625534,480000,12.10920574,480000,31.3558269,480000,20.30773798,480000,20.3198625,480000,8.532210316,480000,7.623722819,480000,7.653573039,480000,32.10100147,480000,0,480000,0,480000,0,480000,0,480000,0,480000,0,480000,0,480000,0
481200,11.36769945,481200,6.090095959,481200,12.1064135,481200,31.35394775,481200,20.30043328,481200,20.31250906,481200,8.525897533,481200,7.616096985,481200,7.645968305,481200,32.09348986,481200,0,481200,0,481200,0,481200,0,481200,0,481200,0,481200,0,481200,0
482400,11.34101323,482400,6.094498675,482400,12.0837143,482400,31.34900313,482400,20.27950882,482400,20.29146612,482400,8.507834537,482400,7.59440513,482400,7.624319803,482400,32.07235561,482400,0,482400,0,482400,0,482400,0,482400,0,482400,0,482400,0,482400,0
483600,11.30999553,483600,5.976463557,483600,12.04471194,483600,31.34225295,483600,20.25827609,483600,20.2700797,483600,8.49186558,483600,7.573448153,483600,7.603411808,483600,32.05201871,483600,0,483600,0,483600,0,483600,0,483600,0,483600,0,483600,0,483600,0
484800,11.30067922,484800,5.944485086,484800,12.03635615,484800,31.34062137,484800,20.25419251,484800,20.26595264,484800,8.487954936,484800,7.569592521,484800,7.599574803,484800,32.04831483,484800,0,484800,0,484800,0,484800,0,484800,0,484800,0,484800,0,484800,0
486000,11.28059613,486000,5.920687806,486000,12.03533654,486000,31.33500048,486000,20.23629077,486000,20.24808243,486000,8.471713569,486000,7.552208501,486000,7.582283119,486000,32.0319801,486000,0,486000,0,486000,0,486000,0,486000,0,486000,0,486000,0,486000,0
487200,11.25949398,487200,5.989201818,487200,12.03121415,487200,31.33310623,487200,20.22556475,487200,20.23743372,487200,8.457954309,487200,7.541035107,487200,7.571157804,487200,32.02211763,487200,0,487200,0,487200,0,487200,0,487200,0,487200,0,487200,0,487200,0
488400,11.23491381,488400,5.999934053,488400,12.01034545,488400,31.32851843,488400,20.20472902,488400,20.21668641,488400,8.435339448,488400,7.518576663,488400,7.548729133,488400,32.00264566,488400,0,488400,0,488400,0,488400,0,488400,0,488400,0,488400,0,488400,0
489600,11.20782093,489600,5.947259807,489600,11.99268035,489600,31.32360129,489600,20.18797329,489600,20.20001471,489600,8.41750591,489600,7.501181655,489600,7.531348091,489600,31.9867949,489600,0,489600,0,489600,0,489600,0,489600,0,489600,0,489600,0,489600,0
490800,11.19193316,490800,5.944551418,490800,11.99132874,490800,31.32003534,490800,20.17608141,490800,20.18817703,490800,8.406976519,490800,7.489125344,490800,7.51932717,490800,31.97539378,490800,0,490800,0,490800,0,490800,0,490800,0,490800,0,490800,0,490800,0
492000,11.18360065,492000,5.963970847,492000,11.98989577,492000,31.31898839,492000,20.17223978,492000,20.18431922,492000,8.401368358,492000,7.485155656,492000,7.515368854,492000,31.97167109,492000,0,492000,0,492000,0,492000,0,492000,0,492000,0,492000,0,492000,0
493200,11.17668725,493200,5.985544681,493200,11.9868816,493200,31.31749048,493200,20.16616331,493200,20.1782519,493200,8.396206772,493200,7.478816946,493200,7.509043895,493200,31.96576136,493200,0,493200,0,493200,0,493200,0,493200,0,493200,0,493200,0,493200,0
494400,11.15100769,494400,6.001958427,494400,11.96717675,494400,31.31266058,494400,20.14584449,494400,20.15792114,494400,8.376997615,494400,7.458012538,494400,7.488266969,494400,31.94607692,494400,0,494400,0,494400,0,494400,0,494400,0,494400,0,494400,0,494400,0
495600,11.12553574,495600,5.9382943,495600,11.95032405,495600,31.30733105,495600,20.12895713,495600,20.14096705,495600,8.364664114,495600,7.44163668,495600,7.471915506,495600,31.93010499,495600,0,495600,0,495600,0,495600,0,495600,0,495600,0,495600,0,495600,0
496800,11.11223402,496800,5.931644473,496800,11.94981953,496800,31.30440416,496800,20.12006426,496800,20.13202618,496800,8.357158185,496800,7.43325763,496800,7.463566146,496800,31.92185828,496800,0,496800,0,496800,0,496800,0,496800,0,496800,0,496800,0,496800,0
498000,11.10437587,498000,5.949240187,498000,11.94892576,498000,31.30301047,498000,20.11511899,498000,20.12705085,498000,8.35329739,498000,7.428523199,498000,7.458849655,498000,31.91728482,498000,0,498000,0,498000,0,498000,0,498000,0,498000,0,498000,0,498000,0
499200,11.08085205,499200,5.958786246,499200,11.9281304,499200,31.29756954,499200,20.09515557,499200,20.10692456,499200,8.33762687,499200,7.409576213,499200,7.439961088,499200,31.89910864,499200,0,499200,0,499200,0,499200,0,499200,0,499200,0,499200,0,499200,0
500400,11.05126734,500400,5.836946316,500400,11.89056983,500400,31.29064432,500400,20.07486455,500400,20.08644944,500400,8.323455238,500400,7.391242827,500400,7.421685685,500400,31.8816379,500400,0,500400,0,500400,0,500400,0,500400,0,500400,0,500400,0,500400,0
501600,11.0468664,501600,5.705272357,501600,11.85827804,501600,31.2819915,501600,20.0537723,501600,20.06511301,501600,19.26635594,501600,7.373376888,501600,7.40395207,501600,31.86469512,501600,0,501600,0.519999636,501600,0,501600,0,501600,0,501600,0,501600,0,501600,0
502800,11.09011308,502800,5.724568719,502800,11.85250996,502800,31.27540339,502800,20.03255749,502800,20.04381938,502800,33.03131448,502800,7.357503877,502800,7.388392923,502800,31.84837991,502800,0,502800,0.519999636,502800,0,502800,0,502800,0,502800,0,502800,0,502800,0
504000,11.13479579,504000,5.803506363,504000,11.84798962,504000,31.27099135,504000,20.01198302,504000,20.02329935,504000,30.18305435,504000,7.349912388,504000,7.381452649,504000,31.83268054,504000,0,504000,0,504000,0,504000,0,504000,0,504000,0,504000,0,504000,0
505200,11.1253257,505200,5.810260762,505200,11.8296121,505200,31.26581141,505200,19.99176892,505200,20.00322275,505200,23.83274756,505200,7.353922447,505200,7.386450746,505200,31.81697788,505200,0,505200,0,505200,0,505200,0,505200,0,505200,0,505200,0,505200,0
506400,11.10445717,506400,5.723560617,506400,11.78978253,506400,31.25871245,506400,19.97118137,506400,19.98266665,506400,25.89160125,506400,7.363359564,506400,7.396959178,506400,31.80094835,506400,0,506400,0.519999636,506400,0,506400,0,506400,0,506400,0,506400,0,506400,0
507600,11.12442867,507600,5.600194874,507600,11.75726713,507600,31.2497713,507600,19.94996739,507600,19.96124117,507600,35.97491506,507600,7.371796583,507600,7.406393781,507600,31.78530186,507600,0,507600,0.519999636,507600,0,507600,0,507600,0,507600,0,507600,0,507600,0
508800,11.154981,508800,5.6291246,508800,11.75143118,508800,31.24306754,508800,19.92870812,508800,19.93994949,508800,32.63839991,508800,7.380319467,508800,7.4159454,508800,31.77083415,508800,0,508800,0,508800,0,508800,0,508800,0,508800,0,508800,0,508800,0
510000,11.14016693,510000,5.711758497,510000,11.74583998,510000,31.23900162,510000,19.90808879,510000,19.91961929,510000,25.40725419,510000,7.391000189,510000,7.427665995,510000,31.75709784,510000,0,510000,0,510000,0,510000,0,510000,0,510000,0,510000,0,510000,0
511200,11.11425479,511200,5.72812109,511200,11.72647422,511200,31.23373103,511200,19.88784491,511200,19.89972273,511200,26.68758629,511200,7.400786275,511200,7.438295475,511200,31.74284223,511200,0,511200,0.519999636,511200,0,511200,0,511200,0,511200,0,511200,0,511200,0
512400,11.13157201,512400,5.684444879,512400,11.70449558,512400,31.22695482,512400,19.86749934,512400,19.87962154,512400,36.23111602,512400,7.407192092,512400,7.445344917,512400,31.72792756,512400,0,512400,0.519999636,512400,0,512400,0,512400,0,512400,0,512400,0,512400,0
513600,11.16235479,513600,5.710610217,513600,11.70312601,513600,31.22002011,513600,19.84738354,513600,19.85953251,513600,33.05573829,513600,7.413918438,513600,7.452732021,513600,31.71371924,513600,0,513600,0,513600,0,513600,0,513600,0,513600,0,513600,0,513600,0
514800,11.14873525,514800,5.810540153,514800,11.70538953,514800,31.21468869,514800,19.82813107,514800,19.84008756,514800,25.51714877,514800,7.423979628,514800,7.463504622,514800,31.70108011,514800,0,514800,0,514800,0,514800,0,514800,0,514800,0,514800,0,514800,0
516000,11.12329274,516000,5.826558836,516000,11.69333675,516000,31.20953873,516000,19.80945295,516000,19.82125728,516000,26.84024775,516000,7.4339208,516000,7.473992642,516000,31.68959908,516000,0,516000,0.519999636,516000,0,516000,0,516000,0,516000,0,516000,0,516000,0
517200,11.14151407,517200,5.747509384,517200,11.65976503,517200,31.20272871,517200,19.79054959,517200,19.80224293,517200,36.23511357,517200,7.441099315,517200,7.48155883,517200,31.679149,517200,0,517200,0.519999636,517200,0,517200,0,517200,0,517200,0,517200,0,517200,0
518400,11.17316136,518400,5.637329998,518400,11.63210344,518400,31.19424187,518400,19.77100666,518400,19.78250596,518400,33.22791111,518400,7.449079266,518400,7.490027087,518400,31.67067278,518400,0,518400,0,518400,0,518400,0,518400,0,518400,0,518400,0,518400,0
519600,11.15853055,519600,5.677987327,519600,11.6310369,519600,31.18767183,519600,19.75144207,519600,19.76290674,519600,25.50411035,519600,7.459690936,519600,7.50123758,519600,31.66453913,519600,0,519600,0,519600,0,519600,0,519600,0,519600,0,519600,0,519600,0
520800,11.13451939,520800,5.711977781,520800,11.62837128,520800,31.18613018,520800,19.74503677,520800,19.75650245,520800,26.52429024,520800,7.462696768,520800,7.504396377,520800,31.66282215,520800,0,520800,0.519999636,520800,0,520800,0,520800,0,520800,0,520800,0,520800,0
522000,11.148215,522000,5.740656087,522000,11.60702191,522000,31.18078306,522000,19.72615815,522000,19.73760936,522000,36.11020563,522000,7.468429433,522000,7.510408544,522000,31.65758323,522000,0,522000,0.519999636,522000,0,522000,0,522000,0,522000,0,522000,0,522000,0
523200,11.1774441,523200,5.641947907,523200,11.57038759,523200,31.17333092,523200,19.70694995,523200,19.71831655,523200,33.28331536,523200,7.473555263,523200,7.515793608,523200,31.65221401,523200,0,523200,0,523200,0,523200,0,523200,0,523200,0,523200,0,523200,0
524400,11.16361853,524400,5.52120399,524400,11.53898471,524400,31.16400371,524400,19.68695038,524400,19.69809365,524400,25.41016559,524400,7.480938143,524400,7.523560895,524400,31.64688214,524400,0,524400,0,524400,0,524400,0,524400,0,524400,0,524400,0,524400,0
525600,11.13412694,525600,5.535935038,525600,11.53466915,525600,31.15844094,525600,19.67184987,525600,19.68296258,525600,26.80852278,525600,7.484627936,525600,7.527470636,525600,31.64284724,525600,0,525600,0.519999636,525600,0,525600,0,525600,0,525600,0,525600,0,525600,0
526800,11.14679349,526800,5.612897574,526800,11.52985565,526800,31.15367155,526800,19.65220547,526800,19.66356023,526800,36.08018345,526800,7.4832221,526800,7.52610645,526800,31.63668855,526800,0,526800,0.519999636,526800,0,526800,0,526800,0,526800,0,526800,0,526800,0
528000,11.17537135,528000,5.624217313,528000,11.51100341,528000,31.14784885,528000,19.63289364,528000,19.64455558,528000,33.32185254,528000,7.480102257,528000,7.522981409,528000,31.62924775,528000,0,528000,0,528000,0,528000,0,528000,0,528000,0,528000,0,528000,0
529200,11.16104642,529200,5.580328034,529200,11.49093778,529200,31.14056069,529200,19.61339309,529200,19.62530632,529200,25.34663824,529200,7.480813726,529200,7.523833411,529200,31.62066444,529200,0,529200,0,529200,0,529200,0,529200,0,529200,0,529200,0,529200,0
530400,11.13342527,530400,5.589680632,530400,11.49038466,530400,31.13553904,530400,19.60042007,530400,19.6124123,530400,26.7687731,530400,7.481426689,530400,7.524522612,530400,31.61451506,530400,0,530400,0.519999636,530400,0,530400,0,530400,0,530400,0,530400,0,530400,0
531600,11.1471005,531600,5.68251846,531600,11.49207755,531600,31.12935374,531600,19.58168894,531600,19.59359463,531600,36.0342121,531600,7.478493409,531600,7.521532363,531600,31.6051903,531600,0,531600,0.519999636,531600,0,531600,0,531600,0,531600,0,531600,0,531600,0
532800,11.17656545,532800,5.733553419,532800,11.49808584,532800,31.12422371,532800,19.5636818,532800,19.57564127,532800,33.34618785,532800,7.475503269,532800,7.518477003,532800,31.59621046,532800,0,532800,0,532800,0,532800,0,532800,0,532800,0,532800,0,532800,0
534000,11.16400303,534000,5.777264642,534000,11.48951049,534000,31.11915293,534000,19.54607521,534000,19.55829592,534000,25.31976268,534000,7.477532925,534000,7.520603473,534000,31.58801772,534000,0,534000,0,534000,0,534000,0,534000,0,534000,0,534000,0,534000,0
535200,11.13776544,535200,5.736257718,535200,11.47684514,535200,31.11236567,535200,19.52859944,535200,19.54090087,535200,26.97830657,535200,7.481429488,535200,7.524605478,535200,31.58103097,535200,0,535200,0.519999636,535200,0,535200,0,535200,0,535200,0,535200,0,535200,0
536400,11.15403705,536400,5.75994301,536400,11.48485639,536400,31.10553682,536400,19.51143963,536400,19.52364264,536400,36.11764026,536400,7.482697907,536400,7.525851687,536400,31.57581957,536400,0,536400,0.519999636,536400,0,536400,0,536400,0,536400,0,536400,0,536400,0
537600,11.18495844,537600,5.85542372,537600,11.49490099,537600,31.10059036,537600,19.49509152,537600,19.50714095,537600,33.44112007,537600,7.484428481,537600,7.527611808,537600,31.57292265,537600,0,537600,0,537600,0,537600,0,537600,0,537600,0,537600,0,537600,0
538800,11.17298248,538800,5.877797565,538800,11.49178049,538800,31.09592141,538800,19.47926054,538800,19.4913128,538800,25.3832018,538800,7.491101667,538800,7.534444949,538800,31.57221136,538800,0,538800,0,538800,0,538800,0,538800,0,538800,0,538800,0,538800,0
540000,11.14801688,540000,5.802083491,540000,11.46533153,540000,31.08932771,540000,19.46321287,540000,19.47523075,540000,27.04575427,540000,7.499659891,540000,7.543165921,540000,31.57310306,540000,0,540000,0.519999636,540000,0,540000,0,540000,0,540000,0,540000,0,540000,0
541200,11.16498144,541200,5.688397622,541200,11.44653033,541200,31.08094565,541200,19.44655622,541200,19.45835547,541200,36.17097833,541200,7.505374734,541200,7.548964485,541200,31.57562436,541200,0,541200,0.519999636,541200,0,541200,0,541200,0,541200,0,541200,0,541200,0
542400,11.19470575,542400,5.724942174,542400,11.45127178,542400,31.07463907,542400,19.42985419,542400,19.44158622,542400,33.50342724,542400,7.51019721,542400,7.553927429,542400,31.58004591,542400,0,542400,0,542400,0,542400,0,542400,0,542400,0,542400,0,542400,0
543600,11.17991988,543600,5.807688495,543600,11.45860745,543600,31.070591,543600,19.41379045,543600,19.42564047,543600,25.41636449,543600,7.516958082,543600,7.560891734,543600,31.58550154,543600,0,543600,0,543600,0,543600,0,543600,0,543600,0,543600,0,543600,0
544800,11.15298017,544800,5.824445631,544800,11.45003719,544800,31.06573027,544800,19.39806408,544800,19.41012263,544800,27.0744248,544800,7.522979906,544800,7.566984909,544800,31.59035815,544800,0,544800,0.519999636,544800,0,544800,0,544800,0,544800,0,544800,0,544800,0
546000,11.17007485,546000,5.779369578,546000,11.43883754,546000,31.05945701,546000,19.38213062,546000,19.39438596,546000,36.17056161,546000,7.52583723,546000,7.569789499,546000,31.59412434,546000,0,546000,0.519999636,546000,0,546000,0,546000,0,546000,0,546000,0,546000,0
547200,11.20129413,547200,5.807149521,547200,11.44640092,547200,31.05310678,547200,19.36631576,547200,19.37863354,547200,33.51549333,547200,7.529357644,547200,7.57334885,547200,31.59791572,547200,0,547200,0,547200,0,547200,0,547200,0,547200,0,547200,0,547200,0
548400,11.18787178,548400,5.906362325,548400,11.45824025,548400,31.04808546,548400,19.35128782,548400,19.36339847,548400,25.4222817,548400,7.536640849,548400,7.580788721,548400,31.60244595,548400,0,548400,0,548400,0,548400,0,548400,0,548400,0,548400,0,548400,0
549600,11.16553623,549600,5.920777618,549600,11.46258888,549600,31.04662585,549600,19.34656203,549600,19.35862748,549600,26.72501281,549600,7.539232704,549600,7.583402199,549600,31.60400392,549600,0,549600,0.519999636,549600,0,549600,0,549600,0,549600,0,549600,0,549600,0
550800,11.18142919,550800,5.946997165,550800,11.45794898,550800,31.04194431,550800,19.33219059,550800,19.34415157,550800,36.12274058,550800,7.545583558,550800,7.589738447,550800,31.60869806,550800,0,550800,0.519999636,550800,0,550800,0,550800,0,550800,0,550800,0,550800,0
552000,11.21331999,552000,5.906667347,552000,11.45132479,552000,31.03588746,552000,19.31781531,552000,19.32964981,552000,33.53712368,552000,7.553325742,552000,7.597555701,552000,31.61400215,552000,0,552000,0,552000,0,552000,0,552000,0,552000,0,552000,0,552000,0
553200,11.20220042,553200,5.930467116,553200,11.46328075,553200,31.02979098,553200,19.30361245,553200,19.31523896,553200,25.4223253,553200,7.564913876,553200,7.609369218,553200,31.62069836,553200,0,553200,0,553200,0,553200,0,553200,0,553200,0,553200,0,553200,0
554400,11.17972516,554400,5.965376224,554400,11.46785368,554400,31.02835569,554400,19.29929105,554400,19.31083581,554400,26.77031968,554400,7.568636457,554400,7.613145526,554400,31.62317648,554400,0,554400,0.519999636,554400,0,554400,0,554400,0,554400,0,554400,0,554400,0
555600,11.19559453,555600,5.999429891,555600,11.46366691,555600,31.02373478,555600,19.2857687,555600,19.29707515,555600,36.15870588,555600,7.578074363,555600,7.622630506,555600,31.63131568,555600,0,555600,0.519999636,555600,0,555600,0,555600,0,555600,0,555600,0,555600,0
556800,11.22745874,556800,5.901408277,556800,11.43903038,556800,31.01740959,556800,19.27196572,556800,19.28305772,556800,33.60694319,556800,7.587810437,556800,7.632445229,556800,31.64033653,556800,0,556800,0,556800,0,556800,0,556800,0,556800,0,556800,0,556800,0
558000,11.21605472,558000,5.785923749,558000,11.41988786,558000,31.00932508,558000,19.25735715,558000,19.26818926,558000,25.45286336,558000,7.600539238,558000,7.645424222,558000,31.65023074,558000,0,558000,0,558000,0,558000,0,558000,0,558000,0,558000,0,558000,0
559200,11.18855897,559200,5.799681897,559200,11.42471474,559200,31.00507912,559200,19.24746045,559200,19.25825325,559200,27.01331241,559200,7.607842025,559200,7.652857656,559200,31.65710586,559200,0,559200,0.519999636,559200,0,559200,0,559200,0,559200,0,559200,0,559200,0
560400,11.20325894,560400,5.877413386,560400,11.43072705,560400,31.00102358,560400,19.23313532,560400,19.24403165,560400,36.17410189,560400,7.612974007,560400,7.657956301,560400,31.66678449,560400,0,560400,0.519999636,560400,0,560400,0,560400,0,560400,0,560400,0,560400,0
561600,11.2340327,561600,5.88206513,561600,11.42092872,561600,30.99626448,561600,19.21908676,561600,19.23017694,561600,33.60990407,561600,7.616259613,561600,7.661161665,561600,31.67515542,561600,0,561600,0,561600,0,561600,0,561600,0,561600,0,561600,0,561600,0
562800,11.22178895,562800,5.795815756,562800,11.39128789,562800,30.98953174,562800,19.20455272,562800,19.21574176,562800,25.43919336,562800,7.623040805,562800,7.668011929,562800,31.68198108,562800,0,562800,0,562800,0,562800,0,562800,0,562800,0,562800,0,562800,0
564000,11.19865927,564000,5.744016936,564000,11.38145884,564000,30.98661095,564000,19.19944511,564000,19.21060414,564000,26.80247722,564000,7.625435397,564000,7.670433144,564000,31.68388719,564000,0,564000,0.519999636,564000,0,564000,0,564000,0,564000,0,564000,0,564000,0
565200,11.21174117,565200,5.741456346,565200,11.39024447,565200,30.98007065,565200,19.18445849,565200,19.1957895,565200,36.13453404,565200,7.629266522,565200,7.674244727,565200,31.68893847,565200,0,565200,0.519999636,565200,0,565200,0,565200,0,565200,0,565200,0,565200,0
566400,11.23966212,566400,5.857114333,566400,11.39519065,566400,30.97670254,566400,19.1700497,566400,19.18180413,566400,33.59055199,566400,7.630655951,566400,7.675593074,566400,31.69303587,566400,0,566400,0,566400,0,566400,0,566400,0,566400,0,566400,0,566400,0
567600,11.22670775,567600,5.863164485,567600,11.3878577,567600,30.97207533,567600,19.15605422,567600,19.1682268,567600,25.40381979,567600,7.633864675,567600,7.678792747,567600,31.69585605,567600,0,567600,0,567600,0,567600,0,567600,0,567600,0,567600,0,567600,0
568800,11.19989061,568800,5.826382068,568800,11.3757713,568800,30.96592193,568800,19.14191132,568800,19.15440624,568800,27.14505414,568800,7.637498121,568800,7.682381875,568800,31.6971463,568800,0,568800,0.519999636,568800,0,568800,0,568800,0,568800,0,568800,0,568800,0
570000,11.21602993,570000,5.847927512,570000,11.38498209,570000,30.95961235,570000,19.12796751,570000,19.14052716,570000,36.19181241,570000,7.637433494,570000,7.682151299,570000,31.69761808,570000,0,570000,0.519999636,570000,0,570000,0,570000,0,570000,0,570000,0,570000,0
571200,11.24679176,571200,5.949946227,571200,11.39591273,571200,30.95489276,571200,19.11481907,571200,19.12723466,571200,33.61792396,571200,7.637123764,571200,7.681699847,571200,31.69836667,571200,0,571200,0,571200,0,571200,0,571200,0,571200,0,571200,0,571200,0
572400,11.23454401,572400,5.965308013,572400,11.39335631,572400,30.95037152,572400,19.10218807,572400,19.11448276,572400,25.44265837,572400,7.641352328,572400,7.685916226,572400,31.69960499,572400,0,572400,0,572400,0,572400,0,572400,0,572400,0,572400,0,572400,0
573600,11.2093356,573600,5.887641775,573600,11.36730819,573600,30.94414862,573600,19.08927536,573600,19.10147919,573600,27.1679239,573600,7.647175934,573600,7.691733167,573600,31.70113058,573600,0,573600,0.519999636,573600,0,573600,0,573600,0,573600,0,573600,0,573600,0
574800,11.2261951,574800,5.772727783,574800,11.34811535,574800,30.93624319,574800,19.07566968,574800,19.08767683,574800,36.2280797,574800,7.650027611,574800,7.694519953,574800,31.70329497,574800,0,574800,0.519999636,574800,0,574800,0,574800,0,574800,0,574800,0,574800,0
576000,11.25587673,576000,5.8120936,576000,11.35338626,576000,30.9302323,576000,19.06198405,576000,19.07394941,576000,33.63488314,576000,7.651907397,576000,7.696401958,576000,31.70662982,576000,0,576000,0,576000,0,576000,0,576000,0,576000,0,576000,0,576000,0
577200,11.24074171,577200,5.89544119,577200,11.360429,577200,30.92626443,577200,19.04896563,577200,19.0609538,577200,25.46751977,577200,7.655725473,577200,7.700290433,577200,31.71049588,577200,0,577200,0,577200,0,577200,0,577200,0,577200,0,577200,0,577200,0
578400,11.21347194,578400,5.908318816,578400,11.35236475,578400,30.92158242,578400,19.03629321,578400,19.04838739,578400,27.16620331,578400,7.658754512,578400,7.70325948,578400,31.71339809,578400,0,578400,0.519999636,578400,0,578400,0,578400,0,578400,0,578400,0,578400,0
579600,11.23035352,579600,5.823185423,579600,11.32299772,579600,30.91503111,579600,19.02319518,579600,19.03531374,579600,36.22170557,579600,7.6586124,579600,7.702947315,579600,31.71495189,579600,0,579600,0.519999636,579600,0,579600,0,579600,0,579600,0,579600,0,579600,0
580800,11.26095519,580800,5.706058437,580800,11.29980928,580800,30.90660251,580800,19.00939617,580800,19.02132253,580800,33.61709973,580800,7.658948137,580800,7.703237557,580800,31.71630699,580800,0,580800,0,580800,0,580800,0,580800,0,580800,0,580800,0,580800,0
582000,11.2449776,582000,5.734846255,582000,11.3032439,582000,30.90032122,582000,18.99547519,582000,19.00736336,582000,25.46193269,582000,7.661805416,582000,7.706206896,582000,31.71803689,582000,0,582000,0,582000,0,582000,0,582000,0,582000,0,582000,0,582000,0
583200,11.21750234,583200,5.780400116,583200,11.30280954,583200,30.89838836,583200,18.98865175,583200,19.00064443,583200,26.89294578,583200,7.662223867,583200,7.706623261,583200,31.71864888,583200,0,583200,0.519999636,583200,0,583200,0,583200,0,583200,0,583200,0,583200,0
584400,11.23136798,584400,5.804643743,584400,11.28791388,584400,30.8935256,584400,18.97532885,584400,18.98750144,584400,36.124467,584400,7.659278534,584400,7.70350305,584400,31.71865301,584400,0,584400,0.519999636,584400,0,584400,0,584400,0,584400,0,584400,0,584400,0
585600,11.26055589,585600,5.752838375,585600,11.27303393,585600,30.88696008,585600,18.96181532,585600,18.97413188,585600,33.55059323,585600,7.656352636,585600,7.700451515,585600,31.71712764,585600,0,585600,0,585600,0,585600,0,585600,0,585600,0,585600,0,585600,0
586800,11.24592646,586800,5.776237178,586800,11.27782773,586800,30.88024298,586800,18.94832735,586800,18.96064289,586800,25.3965152,586800,7.656769967,586800,7.700900632,586800,31.7147821,586800,0,586800,0,586800,0,586800,0,586800,0,586800,0,586800,0,586800,0
588000,11.22176659,588000,5.813631543,588000,11.27936906,588000,30.87847627,588000,18.94410459,588000,18.95635673,588000,26.73789248,588000,7.656802073,588000,7.700923685,588000,31.71388133,588000,0,588000,0.519999636,588000,0,588000,0,588000,0,588000,0,588000,0,588000,0
589200,11.23503557,589200,5.883364556,589200,11.28563368,589200,30.87368205,589200,18.93147324,589200,18.94367516,589200,36.09766131,589200,7.654473547,589200,7.698437909,589200,31.71080663,589200,0,589200,0.519999636,589200,0,589200,0,589200,0,589200,0,589200,0,589200,0
590400,11.2643426,590400,5.906382779,590400,11.27989129,590400,30.86912045,590400,18.91924061,590400,18.93158393,590400,33.55533884,590400,7.652731593,590400,7.696567341,590400,31.7075887,590400,0,590400,0,590400,0,590400,0,590400,0,590400,0,590400,0,590400,0
591600,11.25224996,591600,5.863332747,591600,11.26950708,591600,30.86261384,591600,18.90697403,591600,18.91932745,591600,25.3892371,591600,7.655372895,591600,7.699251462,591600,31.7048732,591600,0,591600,0,591600,0,591600,0,591600,0,591600,0,591600,0,591600,0
592800,11.22742441,592800,5.862388147,592800,11.27440357,592800,30.85972239,592800,18.90178661,592800,18.91410166,592800,26.82807104,592800,7.656960998,592800,7.700858846,592800,31.7040556,592800,0,592800,0.519999636,592800,0,592800,0,592800,0,592800,0,592800,0,592800,0
594000,11.2420969,594000,5.929719099,594000,11.28492495,594000,30.85450164,594000,18.89007015,594000,18.90229183,594000,36.12408382,594000,7.657994759,594000,7.701824641,594000,31.70271737,594000,0,594000,0.519999636,594000,0,594000,0,594000,0,594000,0,594000,0,594000,0
595200,11.27237433,595200,5.945034263,595200,11.27913574,595200,30.85007578,595200,18.87877453,595200,18.8910494,595200,33.59944453,595200,7.658970109,595200,7.702750755,595200,31.70265511,595200,0,595200,0,595200,0,595200,0,595200,0,595200,0,595200,0,595200,0
596400,11.26046793,596400,5.861205029,596400,11.25360116,596400,30.84358185,596400,18.86714805,596400,18.87943067,596400,25.41772591,596400,7.66406109,596400,7.707947766,596400,31.70379763,596400,0,596400,0,596400,0,596400,0,596400,0,596400,0,596400,0,596400,0
597600,11.23757161,597600,5.812873211,597600,11.24589072,597600,30.84085355,597600,18.86316369,597600,18.87540312,597600,26.80412738,597600,7.66605615,597600,7.709988497,597600,31.70442067,597600,0,597600,0.519999636,597600,0,597600,0,597600,0,597600,0,597600,0,597600,0
598800,11.25079434,598800,5.814975596,598800,11.25828783,598800,30.83455388,598800,18.85115544,598800,18.86347943,598800,36.14653882,598800,7.669341168,598800,7.713324053,598800,31.70665517,598800,0,598800,0.519999636,598800,0,598800,0,598800,0,598800,0,598800,0,598800,0
600000,11.27875507,600000,5.931809183,600000,11.26646685,600000,30.8311317,600000,18.83978914,600000,18.8523347,600000,33.62611263,600000,7.67074736,600000,7.71476165,600000,31.7096059,600000,0,600000,0,600000,0,600000,0,600000,0,600000,0,600000,0,600000,0
601200,11.26593944,601200,5.934980118,601200,11.26244673,601200,30.82680725,601200,18.8288293,601200,18.8416134,601200,25.42356273,601200,7.674363181,601200,7.718439752,601200,31.71260887,601200,0,601200,0,601200,0,601200,0,601200,0,601200,0,601200,0,601200,0
602400,11.23923731,602400,5.896253783,602400,11.25255674,602400,30.82109279,602400,18.81766158,602400,18.83069132,602400,27.1850984,602400,7.678685245,602400,7.72279587,602400,31.71506452,602400,0,602400,0.519999636,602400,0,602400,0,602400,0,602400,0,602400,0,602400,0
603600,11.2555354,603600,5.916636011,603600,11.26362304,603600,30.81527664,603600,18.80660078,603600,18.81969091,603600,36.22619713,603600,7.679540215,603600,7.723570574,603600,31.71739156,603600,0,603600,0.519999636,603600,0,603600,0,603600,0,603600,0,603600,0,603600,0
604800,11.28626547,604800,6.016729748,604800,11.27657186,604800,30.810814,604800,18.79630441,604800,18.80919763,604800,33.66695004,604800,7.680264212,604800,7.724232553,604800,31.72046204,604800,0,604800,0,604800,0,604800,0,604800,0,604800,0,604800,0,604800,0
606000,11.27391537,606000,6.063891745,606000,11.29455991,606000,30.80710104,606000,18.78666306,606000,18.7994773,606000,25.47834158,606000,7.685500537,606000,7.729523165,606000,31.72429664,606000,0,606000,0,606000,0,606000,0,606000,0,606000,0,606000,0,606000,0
607200,11.24922176,607200,6.10798319,607200,11.29510558,607200,30.80358279,607200,18.7773587,607200,18.79031828,607200,27.21751895,607200,7.692440437,607200,7.736502655,607200,31.72854092,607200,0,607200,0.519999636,607200,0,607200,0,607200,0,607200,0,607200,0,607200,0
608400,11.26823824,608400,6.063720344,608400,11.29317224,608400,30.79837319,608400,18.76805697,608400,18.78101513,608400,36.28568828,608400,7.697564622,608400,7.7415861,608400,31.73360916,608400,0,608400,0.519999636,608400,0,608400,0,608400,0,608400,0,608400,0,608400,0
609600,11.30147236,609600,6.089636267,609600,11.3089231,609600,30.79311339,609600,18.75897013,609600,18.77178331,609600,33.71313255,609600,7.704265733,609600,7.748344024,609600,31.74054948,609600,0,609600,0,609600,0,609600,0,609600,0,609600,0,609600,0,609600,0
610800,11.28991915,610800,6.180971062,610800,11.32845755,610800,30.78961514,610800,18.75058632,610800,18.76315545,610800,25.55075942,610800,7.71535359,610800,7.759639916,610800,31.74963134,610800,0,610800,0,610800,0,610800,0,610800,0,610800,0,610800,0,610800,0
612000,11.26577147,612000,6.20250399,612000,11.33262291,612000,30.78636296,612000,18.74263385,612000,18.75510575,612000,27.27465258,612000,7.727027849,612000,7.771429628,612000,31.75997967,612000,0,612000,0.519999636,612000,0,612000,0,612000,0,612000,0,612000,0,612000,0
613200,11.28577407,613200,6.122308801,613200,11.31454664,613200,30.78126495,613200,18.73432456,613200,18.74668454,613200,36.35700568,613200,7.7363367,613200,7.780749346,613200,31.77101838,613200,0,613200,0.519999636,613200,0,613200,0,613200,0,613200,0,613200,0,613200,0
614400,11.31965092,614400,6.011236498,614400,11.30180751,614400,30.77440013,614400,18.72528807,614400,18.7374061,614400,33.76791423,614400,7.746687061,614400,7.791246961,614400,31.78334291,614400,0,614400,0,614400,0,614400,0,614400,0,614400,0,614400,0,614400,0
615600,11.30673277,615600,6.04494524,615600,11.31404129,615600,30.76951852,615600,18.71607713,615600,18.7280888,615600,25.61479792,615600,7.759894326,615600,7.804754352,615600,31.79707954,615600,0,615600,0,615600,0,615600,0,615600,0,615600,0,615600,0,615600,0
616800,11.28329863,616800,6.076727112,616800,11.3176414,616800,30.76858957,616800,18.7131276,616800,18.72514611,616800,26.95249564,616800,7.763808315,616800,7.808729845,616800,31.8017602,616800,0,616800,0.519999636,616800,0,616800,0,616800,0,616800,0,616800,0,616800,0
618000,11.29844652,618000,6.1015187,618000,11.31082628,618000,30.76500439,618000,18.7043665,618000,18.7163725,618000,36.2985961,618000,7.772221311,618000,7.817171583,618000,31.81487683,618000,0,618000,0.519999636,618000,0,618000,0,618000,0,618000,0,618000,0,618000,0
619200,11.3296687,619200,6.001313679,619200,11.28415791,619200,30.75919796,619200,18.69515796,619200,18.70705907,619200,33.74269299,619200,7.779929567,619200,7.82491579,619200,31.82662552,619200,0,619200,0,619200,0,619200,0,619200,0,619200,0,619200,0,619200,0
620400,11.31719579,620400,5.875276732,620400,11.26360669,620400,30.75145278,620400,18.68503501,620400,18.69664018,620400,25.57600251,620400,7.789763459,620400,7.83492608,620400,31.83712481,620400,0,620400,0,620400,0,620400,0,620400,0,620400,0,620400,0,620400,0
621600,11.28850443,621600,5.888807232,621600,11.26826825,621600,30.74690404,621600,18.67674132,621600,18.68828452,621600,27.20195647,621600,7.795437726,621600,7.840677173,621600,31.84446776,621600,0,621600,0.519999636,621600,0,621600,0,621600,0,621600,0,621600,0,621600,0
622800,11.30261204,622800,5.966928073,622800,11.27275798,622800,30.74396655,622800,18.6667254,622800,18.67853701,622800,36.29233254,622800,7.795792346,622800,7.840883328,622800,31.85170144,622800,0,622800,0.519999636,622800,0,622800,0,622800,0,622800,0,622800,0,622800,0
624000,11.33297783,624000,5.976267965,624000,11.26235424,624000,30.73979702,624000,18.65691558,624000,18.66907632,624000,33.71501063,624000,7.794349005,624000,7.839262652,624000,31.85632178,624000,0,624000,0,624000,0,624000,0,624000,0,624000,0,624000,0,624000,0
625200,11.31990907,625200,5.929251875,625200,11.2501919,625200,30.73402067,625200,18.6468116,625200,18.65919777,625200,25.54097807,625200,7.796750637,625200,7.841648562,625200,31.85860621,625200,0,625200,0,625200,0,625200,0,625200,0,625200,0,625200,0,625200,0
626400,11.29385062,626400,5.932089453,626400,11.25421832,626400,30.73068373,626400,18.6412904,626400,18.65372422,626400,27.02724012,626400,7.79818627,626400,7.843067946,626400,31.85899962,626400,0,626400,0.519999636,626400,0,626400,0,626400,0,626400,0,626400,0,626400,0
627600,11.30849123,627600,6.013158596,627600,11.26305735,627600,30.72594433,627600,18.63170558,627600,18.64406213,627600,36.23709171,627600,7.797192344,627600,7.841899884,627600,31.85891376,627600,0,627600,0.519999636,627600,0,627600,0,627600,0,627600,0,627600,0,627600,0
628800,11.33902377,628800,6.024650696,628800,11.25552569,628800,30.72178895,628800,18.62254522,628800,18.63485615,628800,33.68173659,628800,7.795789863,628800,7.840327311,628800,31.85817962,628800,0,628800,0,628800,0,628800,0,628800,0,628800,0,628800,0,628800,0
630000,11.32675248,630000,5.93888588,630000,11.22829474,630000,30.71579216,630000,18.61298892,630000,18.62526711,630000,25.51495818,630000,7.798574691,630000,7.843109229,630000,31.85721385,630000,0,630000,0,630000,0,630000,0,630000,0,630000,0,630000,0,630000,0
631200,11.3039788,631200,5.891363655,631200,11.21941793,631200,30.71326261,631200,18.609668,631200,18.62191349,631200,26.87663165,631200,7.799803028,631200,7.84435199,631200,31.85687489,631200,0,631200,0.519999636,631200,0,631200,0,631200,0,631200,0,631200,0,631200,0
632400,11.31700321,632400,5.899185876,632400,11.23034726,632400,30.70741149,632400,18.59969505,632400,18.61202507,632400,36.22625478,632400,7.800735612,632400,7.845243779,632400,31.85586261,632400,0,632400,0.519999636,632400,0,632400,0,632400,0,632400,0,632400,0,632400,0
633600,11.34482017,633600,6.018626739,633600,11.23707739,633600,30.70421791,633600,18.59043743,633600,18.60287304,633600,33.68755226,633600,7.79981543,633600,7.844264938,633600,31.85509452,633600,0,633600,0,633600,0,633600,0,633600,0,633600,0,633600,0,633600,0
634800,11.33176763,634800,6.020278214,634800,11.23253746,634800,30.70020551,634800,18.58160632,634800,18.59415439,634800,25.50134388,634800,7.801099619,634800,7.845518832,634800,31.85413236,634800,0,634800,0,634800,0,634800,0,634800,0,634800,0,634800,0,634800,0
636000,11.3050123,636000,5.94468702,636000,11.20354253,636000,30.69433048,636000,18.5723719,636000,18.58498944,636000,27.24860407,636000,7.80310023,636000,7.847471522,636000,31.85253123,636000,0,636000,0.519999636,636000,0,636000,0,636000,0,636000,0,636000,0,636000,0
637200,11.32066991,637200,5.820561992,637200,11.18357505,637200,30.68654523,637200,18.56243275,637200,18.57485034,637200,36.29369107,637200,7.801502889,637200,7.845740787,637200,31.85077739,637200,0,637200,0.519999636,637200,0,637200,0,637200,0,637200,0,637200,0,637200,0
638400,11.34910519,638400,5.854818498,638400,11.18695219,638400,30.68092533,638400,18.55238365,638400,18.5647725,638400,33.71761505,638400,7.798546712,638400,7.842707075,638400,31.84960879,638400,0,638400,0,638400,0,638400,0,638400,0,638400,0,638400,0,638400,0
639600,11.3329495,639600,5.934145315,639600,11.1931288,639600,30.67778007,639600,18.54286368,639600,18.55547707,639600,25.52630162,639600,7.797374012,639600,7.8415413,639600,31.84848021,639600,0,639600,0,639600,0,639600,0,639600,0,639600,0,639600,0,639600,0
640800,11.30458495,640800,5.952566829,640800,11.18278555,640800,30.67356535,640800,18.5336339,640800,18.54654802,640800,27.2383123,640800,7.795462115,640800,7.839520526,640800,31.84607093,640800,0,640800,0.519999636,640800,0,640800,0,640800,0,640800,0,640800,0,640800,0
642000,11.32028408,642000,5.905653136,642000,11.17129319,642000,30.66784493,642000,18.52416199,642000,18.53727561,642000,36.27425398,642000,7.79049644,642000,7.834335329,642000,31.84217558,642000,0,642000,0.519999636,642000,0,642000,0,642000,0,642000,0,642000,0,642000,0
643200,11.35026337,643200,5.933220263,643200,11.17781365,643200,30.66199104,643200,18.51481606,643200,18.52794298,643200,33.6819011,643200,7.786309789,643200,7.830030607,643200,31.83813341,643200,0,643200,0,643200,0,643200,0,643200,0,643200,0,643200,0,643200,0
644400,11.33544818,644400,6.029397946,644400,11.18954212,644400,30.65764857,644400,18.50619686,644400,18.5190907,644400,25.51821831,644400,7.786105997,644400,7.829845234,644400,31.83482556,644400,0,644400,0,644400,0,644400,0,644400,0,644400,0,644400,0,644400,0
645600,11.30815295,645600,6.044403534,645600,11.18498715,645600,30.65348228,645600,18.498073,645600,18.51077096,645600,27.22359601,645600,7.786375922,645600,7.830041456,645600,31.83184563,645600,0,645600,0.519999636,645600,0,645600,0,645600,0,645600,0,645600,0,645600,0
646800,11.32507063,646800,5.960976412,646800,11.160099,646800,30.64764611,646800,18.48958934,646800,18.50212071,646800,36.29156828,646800,7.784360339,646800,7.827860381,646800,31.82907367,646800,0,646800,0.519999636,646800,0,646800,0,646800,0,646800,0,646800,0,646800,0
648000,11.35592208,648000,5.85001352,648000,11.13905913,648000,30.64020315,648000,18.48036803,648000,18.49268564,648000,33.69157742,648000,7.783610427,648000,7.827107955,648000,31.82747128,648000,0,648000,0,648000,0,648000,0,648000,0,648000,0,648000,0,648000,0
649200,11.33999596,649200,5.887340369,649200,11.14570063,649200,30.6345944,649200,18.47098492,649200,18.48323211,649200,25.54048658,649200,7.786033407,649200,7.829699416,649200,31.82744736,649200,0,649200,0,649200,0,649200,0,649200,0,649200,0,649200,0,649200,0
650400,11.31508896,650400,5.921421076,650400,11.1458763,650400,30.63336331,650400,18.46800661,650400,18.48023999,650400,26.86884265,650400,7.786383726,650400,7.830069962,650400,31.82758479,650400,0,650400,0.519999636,650400,0,650400,0,650400,0,650400,0,650400,0,650400,0
651600,11.32778156,651600,5.946242163,651600,11.13286631,651600,30.62893463,651600,18.45917857,651600,18.47133413,651600,36.21099249,651600,7.784468177,651600,7.82806443,651600,31.82748929,651600,0,651600,0.519999636,651600,0,651600,0,651600,0,651600,0,651600,0,651600,0
652800,11.35580457,652800,5.843911177,652800,11.10124419,652800,30.6224929,652800,18.44993168,652800,18.4619726,652800,33.64808422,652800,7.782342912,652800,7.825872656,652800,31.82658994,652800,0,652800,0,652800,0,652800,0,652800,0,652800,0,652800,0,652800,0
654000,11.34073686,654000,5.720360379,654000,11.07578772,654000,30.61417662,654000,18.43975214,654000,18.45155694,654000,25.4846217,654000,7.782817423,654000,7.826447016,654000,31.82508882,654000,0,654000,0,654000,0,654000,0,654000,0,654000,0,654000,0,654000,0
655200,11.31018809,655200,5.732250596,655200,11.07572808,655200,30.60957946,655200,18.43237182,655200,18.44414056,655200,27.05824584,655200,7.781646149,655200,7.82530584,655200,31.82359329,655200,0,655200,0.519999636,655200,0,655200,0,655200,0,655200,0,655200,0,655200,0
656400,11.32163083,656400,5.807334009,656400,11.0768931,656400,30.60559127,656400,18.42236566,656400,18.43430413,656400,36.18253298,656400,7.774031613,656400,7.817509173,656400,31.82030176,656400,0,656400,0.519999636,656400,0,656400,0,656400,0,656400,0,656400,0,656400,0
657600,11.34881605,657600,5.813511199,657600,11.06213584,657600,30.60070898,657600,18.41261396,657600,18.42479735,657600,33.60848105,657600,7.764863894,657600,7.808133401,657600,31.81522837,657600,0,657600,0,657600,0,657600,0,657600,0,657600,0,657600,0,657600,0
658800,11.33316253,658800,5.765258462,658800,11.04708655,658800,30.59438801,658800,18.40253244,658800,18.41493607,658800,25.43453312,658800,7.759619426,658800,7.802846915,658800,31.80849459,658800,0,658800,0,658800,0,658800,0,658800,0,658800,0,658800,0,658800,0
660000,11.30461009,660000,5.772182031,660000,11.04852986,660000,30.59028804,660000,18.39621114,660000,18.40869527,660000,26.96534643,660000,7.756544554,660000,7.799743644,660000,31.80358081,660000,0,660000,0.519999636,660000,0,660000,0,660000,0,660000,0,660000,0,660000,0
661200,11.3169735,661200,5.861813569,661200,11.05646581,661200,30.58501395,661200,18.38671467,661200,18.39910053,661200,36.13793468,661200,7.748034344,661200,7.791034488,661200,31.79528595,661200,0,661200,0.519999636,661200,0,661200,0,661200,0,661200,0,661200,0,661200,0
662400,11.34495876,662400,5.907330958,662400,11.06456483,662400,30.58081156,662400,18.37788389,662400,18.39029608,662400,33.57665193,662400,7.739598937,662400,7.782406543,662400,31.78689351,662400,0,662400,0,662400,0,662400,0,662400,0,662400,0,662400,0,662400,0
663600,11.33093381,663600,5.94725341,663600,11.0614725,663600,30.57667912,663600,18.36933734,663600,18.38198455,663600,25.41255652,663600,7.73621301,663600,7.779001935,663600,31.77887728,663600,0,663600,0,663600,0,663600,0,663600,0,663600,0,663600,0,663600,0
664800,11.30305609,664800,5.902434603,664800,11.05065566,664800,30.57089975,664800,18.36084222,664800,18.37357198,664800,27.14264033,664800,7.734779806,664800,7.777573626,664800,31.77167892,664800,0,664800,0.519999636,664800,0,664800,0,664800,0,664800,0,664800,0,664800,0
666000,11.31783187,666000,5.926383509,666000,11.0637343,666000,30.56506076,666000,18.35254572,666000,18.36518009,666000,36.21572938,666000,7.730810518,666000,7.77349323,666000,31.76589616,666000,0,666000,0.519999636,666000,0,666000,0,666000,0,666000,0,666000,0,666000,0
667200,11.34747973,667200,6.020361615,667200,11.07563104,667200,30.56103553,667200,18.3450096,667200,18.35746563,667200,33.63085942,667200,7.727421569,667200,7.770053568,667200,31.76211453,667200,0,667200,0,667200,0,667200,0,667200,0,667200,0,667200,0,667200,0
668400,11.33391312,668400,6.037987911,668400,11.07715687,668400,30.55726338,668400,18.3378927,668400,18.35029622,668400,25.47697707,668400,7.729134889,668400,7.771854567,668400,31.76025364,668400,0,668400,0,668400,0,668400,0,668400,0,668400,0,668400,0,668400,0
669600,11.30742486,669600,5.959203607,669600,11.05255203,669600,30.55167604,669600,18.33049162,669600,18.34283285,669600,27.19246087,669600,7.732883063,669600,7.775704711,669600,31.75977401,669600,0,669600,0.519999636,669600,0,669600,0,669600,0,669600,0,669600,0,669600,0
670800,11.32289197,670800,5.842891718,670800,11.03778052,670800,30.54432138,670800,18.3223628,670800,18.33447947,670800,36.26888838,670800,7.733913541,670800,7.776769727,670800,31.76074115,670800,0,670800,0.519999636,670800,0,670800,0,670800,0,670800,0,670800,0,670800,0
672000,11.35133224,672000,5.877125231,672000,11.0446831,672000,30.53900511,672000,18.31412772,672000,18.32617174,672000,33.66572143,672000,7.734187975,672000,7.777143511,672000,31.76345923,672000,0,672000,0,672000,0,672000,0,672000,0,672000,0,672000,0,672000,0
673200,11.33492945,673200,5.957391472,673200,11.05587893,673200,30.53584967,673200,18.30643973,673200,18.3185535,673200,25.51137734,673200,7.736530065,673200,7.779653646,673200,31.76708841,673200,0,673200,0,673200,0,673200,0,673200,0,673200,0,673200,0,673200,0
674400,11.30645983,674400,5.970443449,674400,11.04934098,674400,30.53197308,674400,18.29903708,674400,18.3113211,674400,27.20186488,674400,7.738230476,674400,7.781393078,674400,31.77000938,674400,0,674400,0.519999636,674400,0,674400,0,674400,0,674400,0,674400,0,674400,0
675600,11.32201884,675600,5.885257586,675600,11.0238284,675600,30.52610876,675600,18.29116186,675600,18.30347764,675600,36.26544913,675600,7.736835102,675600,7.779919378,675600,31.77173131,675600,0,675600,0.519999636,675600,0,675600,0,675600,0,675600,0,675600,0,675600,0
676800,11.35132901,676800,5.765579541,676800,11.00283041,676800,30.51837944,676800,18.28258183,676800,18.29467055,676800,33.65320582,676800,7.735966602,676800,7.779084087,676800,31.77333619,676800,0,676800,0,676800,0,676800,0,676800,0,676800,0,676800,0,676800,0
678000,11.33408129,678000,5.793415241,678000,11.01039503,678000,30.51292034,678000,18.27381847,678000,18.2858633,678000,25.50599634,678000,7.737621277,678000,7.780923867,678000,31.77532285,678000,0,678000,0,678000,0,678000,0,678000,0,678000,0,678000,0,678000,0
679200,11.30521942,679200,5.845334728,679200,11.01139823,679200,30.51136346,679200,18.26901462,679200,18.28122715,679200,26.97026967,679200,7.737374389,679200,7.780713397,679200,31.77613445,679200,0,679200,0.519999636,679200,0,679200,0,679200,0,679200,0,679200,0,679200,0
680400,11.31825041,680400,5.867913746,680400,11.00081015,680400,30.50737818,680400,18.26078629,680400,18.27326118,680400,36.17261738,680400,7.733001143,680400,7.776221323,680400,31.77619652,680400,0,680400,0.519999636,680400,0,680400,0,680400,0,680400,0,680400,0,680400,0
681600,11.34650223,681600,5.817733805,681600,10.98830719,681600,30.50160685,681600,18.25236079,681600,18.2650021,681600,33.58745344,681600,7.72887178,681600,7.772023293,681600,31.77469457,681600,0,681600,0,681600,0,681600,0,681600,0,681600,0,681600,0,681600,0
682800,11.33065725,682800,5.837835878,682800,10.99662043,682800,30.49565672,682800,18.24394307,682800,18.25655429,682800,25.44192576,682800,7.728338078,682800,7.771578297,682800,31.77243477,682800,0,682800,0,682800,0,682800,0,682800,0,682800,0,682800,0,682800,0
684000,11.30608102,684000,5.873766776,684000,10.99896469,684000,30.49419488,684000,18.2413762,684000,18.25392706,684000,26.77386937,684000,7.728094478,684000,7.771343771,684000,31.7715775,684000,0,684000,0.519999636,684000,0,684000,0,684000,0,684000,0,684000,0,684000,0
685200,11.31843536,685200,5.904550598,685200,10.98966421,685200,30.48958918,685200,18.23356612,685200,18.24591,685200,36.13955844,685200,7.724965042,685200,7.768117085,685200,31.76864363,685200,0,685200,0.519999636,685200,0,685200,0,685200,0,685200,0,685200,0,685200,0
686400,11.34592595,686400,5.801889058,686400,10.96098191,686400,30.48338094,686400,18.22544338,686400,18.23758066,686400,33.58905317,686400,7.72225464,686400,7.765350057,686400,31.76553483,686400,0,686400,0,686400,0,686400,0,686400,0,686400,0,686400,0,686400,0
687600,11.33057349,687600,5.684492694,687600,10.93779321,687600,30.47545155,687600,18.21645652,687600,18.22834966,687600,25.42307648,687600,7.722674188,687600,7.765898356,687600,31.76265838,687600,0,687600,0,687600,0,687600,0,687600,0,687600,0,687600,0,687600,0
688800,11.29967622,688800,5.700898752,688800,10.94027054,688800,30.47107778,688800,18.20996394,688800,18.22181829,688800,27.0065761,688800,7.721753272,688800,7.76503657,688800,31.76068638,688800,0,688800,0.519999636,688800,0,688800,0,688800,0,688800,0,688800,0,688800,0
690000,11.31069904,690000,5.781565227,690000,10.94343156,690000,30.46713644,690000,18.20128034,690000,18.21320193,690000,36.13558715,690000,7.714753406,690000,7.757891438,690000,31.75725198,690000,0,690000,0.519999636,690000,0,690000,0,690000,0,690000,0,690000,0,690000,0
691200,11.3374019,691200,5.785468916,691200,10.93158818,691200,30.46249054,691200,18.19290078,691200,18.20496041,691200,33.56909051,691200,7.706399576,691200,7.749358847,691200,31.75261041,691200,0,691200,0,691200,0,691200,0,691200,0,691200,0,691200,0,691200,0
692400,11.3213714,692400,5.69912361,692400,10.89984662,692400,30.45593944,692400,18.18400081,692400,18.19611907,692400,25.39162753,692400,7.702116837,692400,7.74506836,692400,31.7467525,692400,0,692400,0,692400,0,692400,0,692400,0,692400,0,692400,0,692400,0
693600,11.29644727,693600,5.646884499,693600,10.88930729,693600,30.45308976,693600,18.18080257,693600,18.19288193,693600,26.75520818,693600,7.700903446,693600,7.743861325,693600,31.744516,693600,0,693600,0.519999636,693600,0,693600,0,693600,0,693600,0,693600,0,693600,0
694800,11.30646812,694800,5.642810315,694800,10.89608353,694800,30.44672578,694800,18.17142839,694800,18.18364175,694800,36.07865548,694800,7.694368834,694800,7.737255996,694800,31.73759595,694800,0,694800,0.519999636,694800,0,694800,0,694800,0,694800,0,694800,0,694800,0
696000,11.3302595,696000,5.756539061,696000,10.89977606,696000,30.4434906,696000,18.16265698,696000,18.17522434,696000,33.53384264,696000,7.685967992,696000,7.728779165,696000,31.73036737,696000,0,696000,0,696000,0,696000,0,696000,0,696000,0,696000,0,696000,0
697200,11.31380257,697200,5.761480724,697200,10.89158251,697200,30.43907504,697200,18.15426995,697200,18.1671852,697200,25.34405359,697200,7.679842478,697200,7.722622207,697200,31.72254262,697200,0,697200,0,697200,0,697200,0,697200,0,697200,0,697200,0,697200,0
698400,11.28327777,698400,5.723452727,698400,10.87848153,698400,30.43321048,698400,18.14572806,698400,18.15891781,698400,27.08334129,698400,7.67459668,698400,7.717323232,698400,31.71386477,698400,0,698400,0.519999636,698400,0,698400,0,698400,0,698400,0,698400,0,698400,0
699600,11.29587273,699600,5.744328134,699600,10.88706414,699600,30.42721473,699600,18.13732928,699600,18.1505562,699600,36.12561632,699600,7.666113625,699600,7.708677631,699600,31.70502429,699600,0,699600,0.519999636,699600,0,699600,0,699600,0,699600,0,699600,0,699600,0
700800,11.32303199,700800,5.845473464,700800,10.89752028,700800,30.42278099,700800,18.12971772,700800,18.14276644,700800,33.55113291,700800,7.657811482,700800,7.700245073,700800,31.69709744,700800,0,700800,0,700800,0,700800,0,700800,0,700800,0,700800,0,700800,0
702000,11.30726511,702000,5.858781466,702000,10.89496729,702000,30.41853769,702000,18.12258558,702000,18.13546368,702000,25.37384505,702000,7.654434742,702000,7.696872915,702000,31.69026801,702000,0,702000,0,702000,0,702000,0,702000,0,702000,0,702000,0,702000,0
703200,11.27859431,703200,5.779492284,703200,10.86903848,703200,30.41265125,703200,18.1151628,703200,18.1279068,703200,27.09721686,703200,7.653013179,703200,7.695467528,703200,31.6842887,703200,0,703200,0.519999636,703200,0,703200,0,703200,0,703200,0,703200,0,703200,0
704400,11.29202392,704400,5.663571884,704400,10.85006699,704400,30.40515017,704400,18.10698484,704400,18.11951285,704400,36.15378061,704400,7.648975026,704400,7.691395068,704400,31.67946578,704400,0,704400,0.519999636,704400,0,704400,0,704400,0,704400,0,704400,0,704400,0
705600,11.31832464,705600,5.704481593,705600,10.85595443,705600,30.39951632,705600,18.09871015,705600,18.11117488,705600,33.56012715,705600,7.644311894,705600,7.686769843,705600,31.67629275,705600,0,705600,0,705600,0,705600,0,705600,0,705600,0,705600,0,705600,0
706800,11.2998567,706800,5.788387839,706800,10.86406632,706800,30.39586298,706800,18.09106387,706800,18.10349266,706800,25.39125133,706800,7.641918336,706800,7.684483953,706800,31.67410116,706800,0,706800,0,706800,0,706800,0,706800,0,706800,0,706800,0,706800,0
708000,11.2693232,708000,5.800057906,708000,10.85700598,708000,30.39158999,708000,18.08375434,708000,18.0962306,708000,27.08823807,708000,7.639060622,708000,7.681604094,708000,31.67136919,708000,0,708000,0.519999636,708000,0,708000,0,708000,0,708000,0,708000,0,708000,0
709200,11.28298957,709200,5.714271104,709200,10.82892951,709200,30.38551925,709200,18.07595875,709200,18.08843216,709200,36.14155662,709200,7.633352616,709200,7.675768752,709200,31.66768774,709200,0,709200,0.519999636,709200,0,709200,0,709200,0,709200,0,709200,0,709200,0
710400,11.31045732,710400,5.596881183,710400,10.80687948,710400,30.37762061,710400,18.06744353,710400,18.07971835,710400,33.53672711,710400,7.628445322,710400,7.670864568,710400,31.66418811,710400,0,710400,0,710400,0,710400,0,710400,0,710400,0,710400,0,710400,0
711600,11.29138394,711600,5.62648853,711600,10.81162103,711600,30.37184228,711600,18.05876222,711600,18.07098222,711600,25.3805517,711600,7.626371899,711600,7.668954842,711600,31.66142998,711600,0,711600,0,711600,0,711600,0,711600,0,711600,0,711600,0,711600,0
712800,11.26258803,712800,5.668381336,712800,10.81188853,712800,30.3702799,712800,18.05493852,712800,18.0672318,712800,26.78704396,712800,7.624571677,712800,7.667177831,712800,31.66004322,712800,0,712800,0.519999636,712800,0,712800,0,712800,0,712800,0,712800,0,712800,0
714000,11.27362865,714000,5.691592373,714000,10.79844173,714000,30.36592136,714000,18.04681192,714000,18.05922907,714000,36.03769553,714000,7.617269169,714000,7.659759064,714000,31.65613923,714000,0,714000,0.519999636,714000,0,714000,0,714000,0,714000,0,714000,0,714000,0
715200,11.29936409,715200,5.636700757,715200,10.78483312,715200,30.35990936,715200,18.03847506,715200,18.05100559,715200,33.46594455,715200,7.610152469,715200,7.652571781,715200,31.65100678,715200,0,715200,0,715200,0,715200,0,715200,0,715200,0,715200,0,715200,0
716400,11.28195466,716400,5.661078224,716400,10.79108418,716400,30.35376487,716400,18.03008314,716400,18.042612,716400,25.30973167,716400,7.606451101,716400,7.648955629,716400,31.64526422,716400,0,716400,0,716400,0,716400,0,716400,0,716400,0,716400,0,716400,0
717600,11.25631383,717600,5.69835343,717600,10.79329909,717600,30.35217936,717600,18.02752921,717600,18.03999391,717600,26.65298301,717600,7.605159136,717600,7.647671606,717600,31.6433011,717600,0,717600,0.519999636,717600,0,717600,0,717600,0,717600,0,717600,0,717600,0
718800,11.2672262,718800,5.765007097,718800,10.80150481,718800,30.34791853,718800,18.01994272,718800,18.03234816,718800,36.00918279,718800,7.59888014,718800,7.641284203,718800,31.63706618,718800,0,718800,0.519999636,718800,0,718800,0,718800,0,718800,0,718800,0,718800,0
720000,11.29327103,720000,5.785137619,720000,10.79722219,720000,30.34391435,720000,18.0127413,720000,18.02527387,720000,33.46827896,720000,7.593366299,720000,7.63568973,720000,31.63085112,720000,0,720000,0,720000,0,720000,0,720000,0,720000,0,720000,0,720000,0
721200,11.27851075,721200,5.740765569,721200,10.78841528,721200,30.33803785,721200,18.00544422,721200,18.01799204,721200,25.2989333,721200,7.592367733,721200,7.634783874,721200,31.62528424,721200,0,721200,0,721200,0,721200,0,721200,0,721200,0,721200,0,721200,0
722400,11.25189733,722400,5.739936156,722400,10.79450358,722400,30.33536769,722400,18.00231161,722400,18.01482428,722400,26.74475742,722400,7.59243586,722400,7.634893636,722400,31.62324998,722400,0,722400,0.519999636,722400,0,722400,0,722400,0,722400,0,722400,0,722400,0
723600,11.26427584,723600,5.810196475,723600,10.80681353,723600,30.33077976,723600,17.99553347,723600,18.00794648,723600,36.03114914,723600,7.589972029,723600,7.632408378,723600,31.61925471,723600,0,723600,0.519999636,723600,0,723600,0,723600,0,723600,0,723600,0,723600,0
724800,11.29154619,724800,5.822703298,724800,10.80307633,724800,30.32698241,724800,17.98917533,724800,18.00161808,724800,33.50676909,724800,7.58762905,724800,7.630059659,724800,31.6166509,724800,0,724800,0,724800,0,724800,0,724800,0,724800,0,724800,0,724800,0
726000,11.2770807,726000,5.738989719,726000,10.77927614,726000,30.32117883,726000,17.98243642,726000,17.99487901,726000,25.32323819,726000,7.589596936,726000,7.632178365,726000,31.6153685,726000,0,726000,0,726000,0,726000,0,726000,0,726000,0,726000,0,726000,0
727200,11.25289682,727200,5.689969358,727200,10.77256619,727200,30.31869292,727200,17.98005395,727200,17.99245457,727200,26.70943899,727200,7.590609539,727200,7.633252346,727200,31.61523236,727200,0,727200,0.519999636,727200,0,727200,0,727200,0,727200,0,727200,0,727200,0
728400,11.26400713,728400,5.69401885,728400,10.78739673,728400,30.31306763,728400,17.97289507,728400,17.98536721,728400,36.05011437,728400,7.590996575,728400,7.633737411,728400,31.61521727,728400,0,728400,0.519999636,728400,0,728400,0,728400,0,728400,0,728400,0,728400,0
729600,11.28902564,729600,5.812306446,729600,10.7975476,729600,30.31025036,729600,17.96638888,729600,17.97902126,729600,33.5299886,729600,7.589685483,729600,7.632502995,729600,31.6160579,729600,0,729600,0,729600,0,729600,0,729600,0,729600,0,729600,0,729600,0
730800,11.27380818,730800,5.813738467,730800,10.79572535,730800,30.30664806,730800,17.96024773,730800,17.97306939,730800,25.32645744,730800,7.590733945,730800,7.633654831,730800,31.61708776,730800,0,730800,0,730800,0,730800,0,730800,0,730800,0,730800,0,730800,0
732000,11.24447327,732000,5.738319517,732000,10.77033762,732000,30.30107077,732000,17.95371769,732000,17.9666162,732000,27.08674283,732000,7.59263041,732000,7.635627906,732000,31.61770197,732000,0,732000,0.519999636,732000,0,732000,0,732000,0,732000,0,732000,0,732000,0
733200,11.25773993,733200,5.612946343,733200,10.75367311,733200,30.29359535,733200,17.94648228,733200,17.95914156,733200,36.12253941,733200,7.590978016,733200,7.633953154,733200,31.61827283,733200,0,733200,0.519999636,733200,0,733200,0,733200,0,733200,0,733200,0,733200,0
734400,11.28376023,734400,5.646741319,734400,10.76134852,734400,30.28843812,734400,17.93913053,734400,17.95174769,734400,33.55863363,734400,7.587987187,734400,7.630986797,734400,31.61943752,734400,0,734400,0,734400,0,734400,0,734400,0,734400,0,734400,0,734400,0
735600,11.26543725,735600,5.73007386,735600,10.77004756,735600,30.28596727,735600,17.93224395,735600,17.94515526,735600,25.35490843,735600,7.586830875,735600,7.629936681,735600,31.62057458,735600,0,735600,0,735600,0,735600,0,735600,0,735600,0,735600,0,735600,0
736800,11.23483036,736800,5.747346183,736800,10.7632433,736800,30.28222244,736800,17.92562972,736800,17.93889807,736800,27.07508622,736800,7.585037008,736800,7.62812757,736800,31.62034001,736800,0,736800,0.519999636,736800,0,736800,0,736800,0,736800,0,736800,0,736800,0
738000,11.24826713,738000,5.701090307,738000,10.75467774,738000,30.2768769,738000,17.91877381,738000,17.93223533,738000,36.10476888,738000,7.580258479,738000,7.623212899,738000,31.61853251,738000,0,738000,0.519999636,738000,0,738000,0,738000,0,738000,0,738000,0,738000,0
739200,11.27601625,739200,5.726157047,739200,10.76483251,739200,30.2713984,739200,17.91205666,739200,17.9254907,739200,33.52109468,739200,7.576243426,739200,7.61915298,739200,31.61648779,739200,0,739200,0,739200,0,739200,0,739200,0,739200,0,739200,0,739200,0
740400,11.25916998,740400,5.822128954,740400,10.77918499,740400,30.26758712,740400,17.90600697,740400,17.9192278,740400,25.34847423,740400,7.576200176,740400,7.619197142,740400,31.61505902,740400,0,740400,0,740400,0,740400,0,740400,0,740400,0,740400,0,740400,0
741600,11.22986166,741600,5.837911665,741600,10.77771827,741600,30.2640187,741600,17.90041841,741600,17.9135104,741600,27.05892555,741600,7.576661995,741600,7.619654689,741600,31.61382096,741600,0,741600,0.519999636,741600,0,741600,0,741600,0,741600,0,741600,0,741600,0
742800,11.24473399,742800,5.756559609,742800,10.75514683,742800,30.25867913,742800,17.89445621,742800,17.90742086,742800,36.12346335,742800,7.574880876,742800,7.617772746,742800,31.61266762,742800,0,742800,0.519999636,742800,0,742800,0,742800,0,742800,0,742800,0,742800,0
744000,11.27354077,744000,5.645195744,744000,10.73755436,744000,30.2516478,744000,17.88780216,744000,17.90052363,744000,33.52899768,744000,7.574372749,744000,7.61731678,744000,31.61257661,744000,0,744000,0,744000,0,744000,0,744000,0,744000,0,744000,0,744000,0
745200,11.25570127,745200,5.681791884,745200,10.74663094,745200,30.2465493,745200,17.88098385,745200,17.89359943,745200,25.37174575,745200,7.5770186,745200,7.62017852,745200,31.61395992,745200,0,745200,0,745200,0,745200,0,745200,0,745200,0,745200,0,745200,0
746400,11.22995397,746400,5.714450114,746400,10.74832397,746400,30.24554839,746400,17.87886738,746400,17.89147824,746400,26.70469852,746400,7.577447039,746400,7.620643123,746400,31.61454223,746400,0,746400,0.519999636,746400,0,746400,0,746400,0,746400,0,746400,0,746400,0
747600,11.24113959,747600,5.739596846,747600,10.73792026,747600,30.24172641,747600,17.87255832,747600,17.885123,747600,36.04340623,747600,7.575778884,747600,7.618933431,747600,31.61571359,747600,0,747600,0.519999636,747600,0,747600,0,747600,0,747600,0,747600,0,747600,0
748800,11.26711006,748800,5.639403172,748800,10.70880461,748800,30.23577201,748800,17.86584616,748800,17.87828447,748800,33.4848669,748800,7.573919642,748800,7.617054268,748800,31.61598751,748800,0,748800,0,748800,0,748800,0,748800,0,748800,0,748800,0,748800,0
750000,11.25032775,750000,5.514334162,750000,10.68587449,750000,30.22790323,750000,17.85821365,750000,17.870358,750000,25.31696647,750000,7.574646846,750000,7.617918467,750000,31.61557882,750000,0,750000,0,750000,0,750000,0,750000,0,750000,0,750000,0,750000,0
751200,11.2061822,751200,5.535058965,751200,10.68946789,751200,30.22227087,751200,17.85038525,751200,17.86244114,751200,22.10608359,751200,7.57269599,751200,7.616020858,751200,31.61438329,751200,0,751200,0,751200,0,751200,0,751200,0,751200,0,751200,0,751200,0
752400,11.16557297,752400,5.612106191,752400,10.69360975,752400,30.21922379,752400,17.84299761,752400,17.85528031,752400,17.73251359,752400,7.562001714,752400,7.60502921,752400,31.61131485,752400,0,752400,0,752400,0,752400,0,752400,0,752400,0,752400,0,752400,0
753600,11.12729524,753600,5.623212682,753600,10.68351973,753600,30.21503698,753600,17.83588228,753600,17.8484672,753600,16.18747925,753600,7.543254604,753600,7.585665428,753600,31.60533506,753600,0,753600,0,753600,0,753600,0,753600,0,753600,0,753600,0,753600,0
754800,11.09148227,754800,5.574122487,754800,10.67093688,754800,30.20934733,754800,17.82849929,754800,17.84128544,754800,13.47236353,754800,7.51929508,754800,7.56092693,754800,31.59656311,754800,0,754800,0,754800,0,754800,0,754800,0,754800,0,754800,0,754800,0
756000,11.05566759,756000,5.594192898,756000,10.67828557,756000,30.20356233,756000,17.82126253,756000,17.83405852,756000,12.82178198,756000,7.491275713,756000,7.532034706,756000,31.5861028,756000,0,756000,0,756000,0,756000,0,756000,0,756000,0,756000,0,756000,0
757200,11.03344839,757200,5.642867928,757200,10.68252827,757200,30.20151769,757200,17.8181428,757200,17.83083817,757200,11.474807,757200,7.476529756,757200,7.516834928,757200,31.5808364,757200,0,757200,0,757200,0,757200,0,757200,0,757200,0,757200,0,757200,0
758400,11.00476072,758400,5.665023962,758400,10.67442033,758400,30.19710423,758400,17.81170865,758400,17.82419222,758400,11.20350598,758400,7.44346348,758400,7.48273988,758400,31.56913081,758400,0,758400,0,758400,0,758400,0,758400,0,758400,0,758400,0,758400,0
759600,10.97031725,759600,5.561458549,759600,10.64682069,759600,30.19112015,759600,17.8049294,759600,17.81721018,759600,9.922510015,759600,7.410619865,759600,7.4489163,759600,31.55690653,759600,0,759600,0,759600,0,759600,0,759600,0,759600,0,759600,0,759600,0
760800,10.95955951,760800,5.531753428,760800,10.64170653,760800,30.18967782,760800,17.80356078,760800,17.81580985,760800,10.4150374,760800,7.404439225,760800,7.442568357,760800,31.55458951,760800,0,760800,0,760800,0,760800,0,760800,0,760800,0,760800,0,760800,0
762000,10.93593444,762000,5.524625434,762000,10.65369237,762000,30.18430917,762000,17.79705597,762000,17.80934296,762000,9.46719226,762000,7.373867228,762000,7.411210833,762000,31.54336982,762000,0,762000,0,762000,0,762000,0,762000,0,762000,0,762000,0,762000,0
763200,10.91581766,763200,5.585164029,763200,10.65496052,763200,30.18316835,763200,17.7945776,763200,17.80689478,763200,9.728297973,763200,7.360882802,763200,7.397914425,763200,31.53879213,763200,0,763200,0,763200,0,763200,0,763200,0,763200,0,763200,0,763200,0
764400,10.89083115,764400,5.615540992,764400,10.64550044,764400,30.17929459,764400,17.78814001,764400,17.80045305,764400,8.999653622,764400,7.326183313,764400,7.36236197,764400,31.52658587,764400,0,764400,0,764400,0,764400,0,764400,0,764400,0,764400,0,764400,0
765600,10.85597106,765600,5.510076947,765600,10.61633826,765600,30.17333426,765600,17.78140837,765600,17.79364783,765600,9.004731465,765600,7.292845251,765600,7.328233996,765600,31.51406209,765600,0,765600,0,765600,0,765600,0,765600,0,765600,0,765600,0,765600,0
766800,10.84693462,766800,5.478367377,766800,10.61156245,766800,30.17185122,766800,17.78000459,766800,17.79221689,766800,8.632617614,766800,7.28675857,766800,7.322020404,766800,31.51166697,766800,0,766800,0,766800,0,766800,0,766800,0,766800,0,766800,0,766800,0
768000,10.82663924,768000,5.455782805,768000,10.62082642,768000,30.16715423,768000,17.77453009,768000,17.78683596,768000,8.728441879,768000,7.261875595,768000,7.296646343,768000,31.50192153,768000,0,768000,0,768000,0,768000,0,768000,0,768000,0,768000,0,768000,0
769200,10.80610756,769200,5.521747606,769200,10.6234392,769200,30.16571891,769200,17.77122057,769200,17.78367723,769200,8.388248452,769200,7.246001216,769200,7.280481097,769200,31.49580128,769200,0,769200,0,769200,0,769200,0,769200,0,769200,0,769200,0,769200,0
770400,10.77993007,770400,5.539969689,770400,10.61139179,770400,30.16183775,770400,17.76453278,770400,17.77722111,770400,8.436524883,770400,7.212792292,770400,7.246654329,770400,31.48283895,770400,0,770400,0,770400,0,770400,0,770400,0,770400,0,770400,0,770400,0
771600,10.74665937,771600,5.478064468,771600,10.59979408,771600,30.15621752,771600,17.75761019,771600,17.77047617,771600,8.139879009,771600,7.181069706,771600,7.214373812,771600,31.46938717,771600,0,771600,0,771600,0,771600,0,771600,0,771600,0,771600,0,771600,0
772800,10.72744034,772800,5.478070125,772800,10.60417737,772800,30.15277738,772800,17.75352817,772800,17.7664472,772800,8.254105768,772800,7.163045748,772800,7.196080032,772800,31.46123444,772800,0,772800,0,772800,0,772800,0,772800,0,772800,0,772800,0,772800,0
774000,10.72040853,774000,5.49304857,774000,10.60601247,774000,30.15203701,774000,17.75253942,774000,17.76545085,774000,8.067390128,774000,7.158558783,774000,7.191528308,774000,31.4592117,774000,0,774000,0,774000,0,774000,0,774000,0,774000,0,774000,0,774000,0
775200,10.71066119,775200,5.522064081,775200,10.60700094,775200,30.15036712,775200,17.75001686,775200,17.76295672,775200,8.180262998,775200,7.146684928,775200,7.179480989,775200,31.45385781,775200,0,775200,0,775200,0,775200,0,775200,0,775200,0,775200,0,775200,0
776400,10.6828809,776400,5.53725239,776400,10.59760824,776400,30.14635154,776400,17.74357316,776400,17.75657847,776400,7.993419818,776400,7.116958138,776400,7.149319246,776400,31.440124,776400,0,776400,0,776400,0,776400,0,776400,0,776400,0,776400,0,776400,0
777600,10.65266289,777600,5.4677887,777600,10.58469207,777600,30.14041778,777600,17.73703071,777600,17.74997746,777600,8.037742373,777600,7.088966924,777600,7.120953767,777600,31.42649565,777600,0,777600,0,777600,0,777600,0,777600,0,777600,0,777600,0,777600,0
778800,10.63717088,778800,5.461869179,778800,10.59032099,778800,30.13775279,778800,17.73418887,778800,17.747081,778800,7.914104844,778800,7.077443251,778800,7.109304461,778800,31.42073791,778800,0,778800,0,778800,0,778800,0,778800,0,778800,0,778800,0,778800,0
780000,10.62736285,780000,5.487363989,780000,10.59185559,780000,30.13601587,780000,17.73199558,780000,17.74484787,780000,7.990056102,780000,7.068094834,780000,7.099859179,780000,31.4161224,780000,0,780000,0,780000,0,780000,0,780000,0,780000,0,780000,0,780000,0
781200,10.6013949,781200,5.492441076,781200,10.58081349,781200,30.1314842,781200,17.72566629,781200,17.7384328,781200,7.877245924,781200,7.041705047,781200,7.073196184,781200,31.40304655,781200,0,781200,0,781200,0,781200,0,781200,0,781200,0,781200,0,781200,0
782400,10.57133147,782400,5.377037861,782400,10.54945244,782400,30.12519343,782400,17.71894768,782400,17.7315822,782400,7.907147693,782400,7.016492559,782400,7.047755672,782400,31.39024036,782400,0,782400,0,782400,0,782400,0,782400,0,782400,0,782400,0,782400,0
783600,10.56225274,783600,5.344880797,783600,10.54400943,783600,30.12365416,783600,17.7175478,783600,17.73014299,783600,7.832998058,783600,7.011895806,783600,7.043130739,783600,31.38786499,783600,0,783600,0,783600,0,783600,0,783600,0,783600,0,783600,0,783600,0
784800,10.54273828,784800,5.322261769,784800,10.55370197,784800,30.11843373,784800,17.71158688,784800,17.72422895,784800,7.861647034,784800,6.991337312,784800,7.022466408,784800,31.3773019,784800,0,784800,0,784800,0,784800,0,784800,0,784800,0,784800,0,784800,0
786000,10.52219951,786000,5.3915363,786000,10.55441101,786000,30.11678407,786000,17.70811566,786000,17.72084534,786000,7.793415528,786000,6.978354547,786000,7.009421724,786000,31.37079542,786000,0,786000,0,786000,0,786000,0,786000,0,786000,0,786000,0,786000,0
787200,10.49841602,787200,5.404151325,787200,10.54352876,787200,30.11269559,787200,17.70151984,787200,17.71435289,787200,7.806251158,787200,6.952571919,787200,6.983471649,787200,31.35763816,787200,0,787200,0,787200,0,787200,0,787200,0,787200,0,787200,0,787200,0
788400,10.47217365,788400,5.352801265,788400,10.53257897,788400,30.10820879,788400,17.69604745,788400,17.70897385,788400,7.747573523,788400,6.932773104,788400,6.963548904,788400,31.34650475,788400,0,788400,0,788400,0,788400,0,788400,0,788400,0,788400,0,788400,0
789600,10.45642929,789600,5.351692568,789600,10.53821573,789600,30.10484663,789600,17.69202807,789600,17.70501175,789600,7.770442463,789600,6.918660132,789600,6.949381179,789600,31.33799502,789600,0,789600,0,789600,0,789600,0,789600,0,789600,0,789600,0,789600,0
790800,10.44916697,790800,5.367381618,790800,10.53860134,790800,30.10410916,790800,17.69105565,790800,17.70402698,790800,7.730605009,790800,6.915162114,790800,6.945870849,790800,31.33586727,790800,0,790800,0,790800,0,790800,0,790800,0,790800,0,790800,0,790800,0
792000,10.44267076,792000,5.391696903,792000,10.54001467,792000,30.10272881,792000,17.68908566,792000,17.70206783,792000,7.754772182,792000,6.907815594,792000,6.93849561,792000,31.33139476,792000,0,792000,0,792000,0,792000,0,792000,0,792000,0,792000,0,792000,0
793200,10.41752222,793200,5.410715034,793200,10.52952528,793200,30.0985715,793200,17.68270114,793200,17.69569084,793200,7.71104905,793200,6.884581044,793200,6.915158908,793200,31.31686713,793200,0,793200,0,793200,0,793200,0,793200,0,793200,0,793200,0,793200,0
794400,10.39125411,794400,5.342095802,794400,10.51755351,794400,30.09319209,794400,17.67673413,794400,17.68965009,794400,7.717534343,794400,6.864462464,794400,6.894964332,794400,31.30359227,794400,0,794400,0,794400,0,794400,0,794400,0,794400,0,794400,0,794400,0
795600,10.37740853,795600,5.336537785,795600,10.52203987,795600,30.09045099,795600,17.67379015,795600,17.68665188,795600,7.689192434,795600,6.855039609,795600,6.88552877,795600,31.29721531,795600,0,795600,0,795600,0,795600,0,795600,0,795600,0,795600,0,795600,0
796800,10.36971562,796800,5.355407863,796800,10.52398772,796800,30.08911086,796800,17.6721249,796800,17.6849492,796800,7.70399729,796800,6.849420836,796800,6.879904888,796800,31.29346543,796800,0,796800,0,796800,0,796800,0,796800,0,796800,0,796800,0,796800,0
798000,10.34668739,798000,5.365569541,798000,10.51202984,798000,30.08436449,798000,17.66583385,798000,17.67850476,798000,7.673346269,798000,6.828687601,798000,6.859142986,798000,31.27963803,798000,0,798000,0,798000,0,798000,0,798000,0,798000,0,798000,0,798000,0
799200,10.31845847,799200,5.245720377,799200,10.48066321,799200,30.07810322,799200,17.6591439,799200,17.67163349,799200,7.672121904,799200,6.808748169,799200,6.83918724,799200,31.26618383,799200,0,799200,0,799200,0,799200,0,799200,0,799200,0,799200,0,799200,0
800400,10.3099345,800400,5.211045548,800400,10.47434205,800400,30.07641805,800400,17.65759438,800400,17.67004079,800400,7.654820259,800400,6.804697521,800400,6.835144746,800400,31.26343396,800400,0,800400,0,800400,0,800400,0,800400,0,800400,0,800400,0,800400,0
801600,10.29071307,801600,5.192110109,801600,10.48335197,801600,30.07103568,801600,17.65135124,801600,17.6638257,801600,7.65039876,801600,6.78741585,801600,6.817912922,801600,31.25187821,801600,0,801600,0,801600,0,801600,0,801600,0,801600,0,801600,0,801600,0
802800,10.27285658,802800,5.255328195,802800,10.48337273,802800,30.06958208,802800,17.64830796,802800,17.66083246,802800,7.629093137,802800,6.77804341,802800,6.808560775,802800,31.24590563,802800,0,802800,0,802800,0,802800,0,802800,0,802800,0,802800,0,802800,0
804000,10.25129668,804000,5.27489899,804000,10.47147138,804000,30.06554786,804000,17.64173024,804000,17.65429932,804000,7.617048883,804000,6.756683076,804000,6.78718374,804000,31.23224761,804000,0,804000,0,804000,0,804000,0,804000,0,804000,0,804000,0,804000,0
805200,10.22260308,805200,5.169376538,805200,10.439984,805200,30.05934496,805200,17.63472429,805200,17.64723711,805200,7.590848995,805200,6.736109463,805200,6.766585096,805200,31.21780198,805200,0,805200,0,805200,0,805200,0,805200,0,805200,0,805200,0,805200,0
806400,10.21475236,806400,5.134455303,806400,10.4342582,806400,30.05766371,806400,17.63315274,806400,17.64562732,806400,7.595303238,806400,6.73196176,806400,6.762445106,806400,31.21468961,806400,0,806400,0,806400,0,806400,0,806400,0,806400,0,806400,0,806400,0
807600,10.19726082,807600,5.111340072,807600,10.44161851,807600,30.05267093,807600,17.62722374,807600,17.63977848,807600,7.572377719,807600,6.715923394,807600,6.746444173,807600,31.20272894,807600,0,807600,0,807600,0,807600,0,807600,0,807600,0,807600,0,807600,0
808800,10.17840622,808800,5.183588315,808800,10.44282106,808800,30.05103095,808800,17.62331476,808800,17.63604982,808800,7.564561225,808800,6.704306867,808800,6.734847202,808800,31.19432017,808800,0,808800,0,808800,0,808800,0,808800,0,808800,0,808800,0,808800,0
810000,10.15621029,810000,5.196457586,810000,10.42958295,810000,30.0469938,810000,17.61634028,810000,17.62932772,810000,7.537676158,810000,6.682787536,810000,6.713312833,810000,31.17864724,810000,0,810000,0,810000,0,810000,0,810000,0,810000,0,810000,0,810000,0
811200,10.12885192,811200,5.140068022,811200,10.41637705,811200,30.04121699,811200,17.60919026,811200,17.62234643,811200,7.523143575,811200,6.662284005,811200,6.692796961,811200,31.1623021,811200,0,811200,0,811200,0,811200,0,811200,0,811200,0,811200,0,811200,0
812400,10.1134265,812400,5.138573346,812400,10.41993432,812400,30.0378446,812400,17.60516222,812400,17.61834371,812400,7.509196342,812400,6.651256882,812400,6.681791123,812400,31.15296092,812400,0,812400,0,812400,0,812400,0,812400,0,812400,0,812400,0,812400,0
813600,10.10610861,813600,5.16101482,813600,10.42155731,813600,30.03668949,813600,17.60362077,813600,17.61678308,813600,7.508142115,813600,6.64674334,813600,6.677284272,813600,31.14918931,813600,0,813600,0,813600,0,813600,0,813600,0,813600,0,813600,0,813600,0
814800,10.08511398,814800,5.183370216,814800,10.40711411,814800,30.03176908,814800,17.59677261,814800,17.60980381,814800,7.488521538,814800,6.627109154,814800,6.657659973,814800,31.13269012,814800,0,814800,0,814800,0,814800,0,814800,0,814800,0,814800,0,814800,0
816000,10.05814021,816000,5.064262084,816000,10.37561376,816000,30.0253874,816000,17.58957053,816000,17.60241339,816000,7.475724431,816000,6.60831841,816000,6.638878012,816000,31.11647523,816000,0,816000,0,816000,0,816000,0,816000,0,816000,0,816000,0,816000,0
817200,10.04998305,817200,5.027730848,817200,10.36801116,817200,30.02353861,817200,17.58775126,817200,17.60055866,817200,7.469727261,817200,6.604157095,817200,6.63473138,817200,31.11284242,817200,0,817200,0,817200,0,817200,0,817200,0,817200,0,817200,0,817200,0
818400,10.03159385,818400,5.021490772,818400,10.37570069,818400,30.01806254,818400,17.58105681,818400,17.59390991,818400,7.456034706,818400,6.587984071,818400,6.618631848,818400,31.09900898,818400,0,818400,0,818400,0,818400,0,818400,0,818400,0,818400,0,818400,0
819600,10.01513796,819600,5.087858813,819600,10.37563208,819600,30.01655252,819600,17.57786945,819600,17.59076604,819600,7.443854546,819600,6.579402437,819600,6.610079559,819600,31.09211196,819600,0,819600,0,819600,0,819600,0,819600,0,819600,0,819600,0,819600,0
820800,9.994840173,820800,5.109681954,820800,10.36261831,820800,30.01227269,820800,17.57082502,820800,17.58373379,820800,7.425469772,820800,6.559454058,820800,6.590131068,820800,31.07623314,820800,0,820800,0,820800,0,820800,0,820800,0,820800,0,820800,0,820800,0
822000,9.96797295,822000,5.007395035,822000,10.33081002,822000,30.00591784,822000,17.56337443,822000,17.57621836,822000,7.406548202,822000,6.540405368,822000,6.57107205,822000,31.05992561,822000,0,822000,0,822000,0,822000,0,822000,0,822000,0,822000,0,822000,0
823200,9.961063136,823200,4.975252506,823200,10.3252145,823200,30.00437172,823200,17.56187597,823200,17.57468703,823200,7.405136058,823200,6.536969209,823200,6.567646545,823200,31.05682794,823200,0,823200,0,823200,0,823200,0,823200,0,823200,0,823200,0,823200,0
824400,9.944830279,824400,4.954529271,824400,10.33216384,824400,29.99922031,824400,17.55561971,824400,17.56851323,824400,7.388980766,824400,6.522289406,824400,6.553020479,824400,31.0437567,824400,0,824400,0,824400,0,824400,0,824400,0,824400,0,824400,0,824400,0
825600,9.927843796,825600,5.024216219,825600,10.3327782,825600,29.99754141,825600,17.55180352,825600,17.56484231,825600,7.37839244,825600,6.51244451,825600,6.543204872,825600,31.03539995,825600,0,825600,0,825600,0,825600,0,825600,0,825600,0,825600,0,825600,0
826800,9.907336528,826800,5.041886667,826800,10.31922033,826800,29.99331225,826800,17.54445908,826800,17.55770396,826800,7.357449531,826800,6.492781146,826800,6.523547895,826800,31.0188981,826800,0,826800,0,826800,0,826800,0,826800,0,826800,0,826800,0,826800,0
828000,9.881521452,828000,4.98500685,828000,10.3052929,828000,29.98737174,828000,17.5369589,828000,17.55034852,828000,7.341298115,828000,6.474102892,828000,6.504873864,828000,31.00211363,828000,0,828000,0,828000,0,828000,0,828000,0,828000,0,828000,0,828000,0
829200,9.866635761,829200,4.986774682,829200,10.30942897,829200,29.98373123,829200,17.53250128,829200,17.54592249,829200,7.331454946,829200,6.463578873,829200,6.494382661,829200,30.99217183,829200,0,829200,0,829200,0,829200,0,829200,0,829200,0,829200,0,829200,0
830400,9.861145903,830400,5.002271689,830400,10.30972987,830400,29.98295287,830400,17.53145903,830400,17.54486599,830400,7.3289066,830400,6.46094385,830400,6.491754736,830400,30.98973347,830400,0,830400,0,830400,0,830400,0,830400,0,830400,0,830400,0,830400,0
831600,9.8532164,831600,5.033885371,831600,10.31036686,831600,29.98107063,831600,17.52854094,831600,17.54196636,831600,7.321980831,831600,6.453590234,831600,6.484414838,831600,30.98297775,831600,0,831600,0,831600,0,831600,0,831600,0,831600,0,831600,0,831600,0
832800,9.831442928,832800,5.051857152,832800,10.29923253,832800,29.97677312,832800,17.52157709,832800,17.53503846,832800,7.30777098,832800,6.436072859,832800,6.466910566,832800,30.96671495,832800,0,832800,0,832800,0,832800,0,832800,0,832800,0,832800,0,832800,0
834000,9.808099735,834000,4.986683071,834000,10.28569653,834000,29.97053213,834000,17.51447646,834000,17.5278494,834000,7.296654996,834000,6.41974631,834000,6.450606157,834000,30.95097933,834000,0,834000,0,834000,0,834000,0,834000,0,834000,0,834000,0,834000,0
835200,9.796158466,835200,4.982522823,835200,10.28997238,835200,29.96775298,835200,17.51145006,835200,17.52475152,835200,7.291879367,835200,6.413089422,835200,6.44397763,835200,30.94448487,835200,0,835200,0,835200,0,835200,0,835200,0,835200,0,835200,0,835200,0
836400,9.788539038,836400,5.009218039,836400,10.29158557,836400,29.96590755,836400,17.50905261,836400,17.52230419,836400,7.287414351,836400,6.407658273,836400,6.438569368,836400,30.93933667,836400,0,836400,0,836400,0,836400,0,836400,0,836400,0,836400,0,836400,0
837600,9.768347742,837600,5.017518748,837600,10.27921317,837600,29.96110728,837600,17.50226426,837600,17.51539799,837600,7.276164925,837600,6.392212108,837600,6.423171008,837600,30.92495395,837600,0,837600,0,837600,0,837600,0,837600,0,837600,0,837600,0,837600,0
838800,9.745031472,838800,4.90601362,838800,10.24749407,838800,29.95452635,838800,17.49504385,838800,17.5080149,838800,7.266047811,838800,6.377427724,838800,6.40843828,838800,30.91127211,838800,0,838800,0,838800,0,838800,0,838800,0,838800,0,838800,0,838800,0
840000,9.738032894,840000,4.874391958,840000,10.24177799,840000,29.95294382,840000,17.49358996,840000,17.50651378,840000,7.263876619,840000,6.374732284,840000,6.405761965,840000,30.90879629,840000,0,840000,0,840000,0,840000,0,840000,0,840000,0,840000,0,840000,0
841200,9.722502038,841200,4.854664551,841200,10.25028852,841200,29.94743502,841200,17.4871463,841200,17.50009429,841200,7.252288617,841200,6.36234724,841200,6.393472689,841200,30.89777065,841200,0,841200,0,841200,0,841200,0,841200,0,841200,0,841200,0,841200,0
842400,9.70625114,842400,4.925257795,842400,10.25074048,842400,29.94570398,842400,17.48348169,842400,17.49651419,842400,7.242440181,842400,6.354298233,842400,6.385472258,842400,30.89120761,842400,0,842400,0,842400,0,842400,0,842400,0,842400,0,842400,0,842400,0
843600,9.68765605,843600,4.94175821,843600,10.23879105,843600,29.94141467,843600,17.47642385,843600,17.48956361,843600,7.22543342,843600,6.337948476,843600,6.369154368,843600,30.87816406,843600,0,843600,0,843600,0,843600,0,843600,0,843600,0,843600,0,843600,0
844800,9.665228135,844800,4.886689999,844800,10.22629399,844800,29.9359953,844800,17.46976975,844800,17.48300256,844800,7.211573737,844800,6.323561969,844800,6.354786988,844800,30.8657407,844800,0,844800,0,844800,0,844800,0,844800,0,844800,0,844800,0,844800,0
846000,9.65219444,846000,4.888563912,846000,10.23160311,846000,29.93243023,846000,17.46545294,846000,17.47872702,846000,7.203785055,846000,6.314718036,846000,6.345983619,846000,30.85761093,846000,0,846000,0,846000,0,846000,0,846000,0,846000,0,846000,0,846000,0
847200,9.646856331,847200,4.904886425,847200,10.23188783,847200,29.93166222,847200,17.4644459,847200,17.47770452,847200,7.200656519,847200,6.312500182,847200,6.343775091,847200,30.85560377,847200,0,847200,0,847200,0,847200,0,847200,0,847200,0,847200,0,847200,0
848400,9.641544951,848400,4.930448814,848400,10.23296107,848400,29.93020314,848400,17.46230708,848400,17.4755718,848400,7.19667805,848400,6.307821709,848400,6.339111825,848400,30.85140289,848400,0,848400,0,848400,0,848400,0,848400,0,848400,0,848400,0,848400,0
849600,9.622050021,849600,4.951892345,849600,10.22188687,849600,29.92569591,849600,17.45550339,849600,17.4687412,849600,7.183352593,849600,6.292972613,849600,6.324290051,849600,30.83788873,849600,0,849600,0,849600,0,849600,0,849600,0,849600,0,849600,0,849600,0
850800,9.602066529,850800,4.88819217,850800,10.21017254,850800,29.92022604,850800,17.44930125,850800,17.46244392,850800,7.174614662,850800,6.28057911,850800,6.311917399,850800,30.82614347,850800,0,850800,0,850800,0,850800,0,850800,0,850800,0,850800,0,850800,0
852000,9.591543857,852000,4.88382175,852000,10.21468901,852000,29.91737771,852000,17.44619139,852000,17.45927044,852000,7.169678126,852000,6.274605506,852000,6.305971601,852000,30.8203762,852000,0,852000,0,852000,0,852000,0,852000,0,852000,0,852000,0,852000,0
853200,9.585397337,853200,4.904560904,853200,10.216459,853200,29.91595545,853200,17.44437777,853200,17.45741745,853200,7.166759685,853200,6.271023509,853200,6.302407294,853200,30.81700623,853200,0,853200,0,853200,0,853200,0,853200,0,853200,0,853200,0,853200,0
854400,9.567541846,854400,4.917056947,854400,10.20456053,854400,29.91097265,854400,17.43768154,854400,17.45055812,854400,7.156141943,854400,6.257721129,854400,6.289154785,854400,30.80466845,854400,0,854400,0,854400,0,854400,0,854400,0,854400,0,854400,0,854400,0
855600,9.545582249,855600,4.801334007,855600,10.17316628,855600,29.90443772,855600,17.43053888,855600,17.44322521,855600,7.146777211,855600,6.244900805,855600,6.27638254,855600,30.79285497,855600,0,855600,0,855600,0,855600,0,855600,0,855600,0,855600,0,855600,0
856800,9.538983042,856800,4.767196829,856800,10.16697823,856800,29.90270741,856800,17.42893622,856800,17.44157425,856800,7.144326409,856800,6.242296028,856800,6.273797461,856800,30.79047102,856800,0,856800,0,856800,0,856800,0,856800,0,856800,0,856800,0,856800,0
858000,9.523778972,858000,4.753026284,858000,10.17603772,858000,29.89708549,858000,17.42231276,858000,17.4349655,858000,7.13267911,858000,6.231006258,858000,6.262602345,858000,30.78050878,858000,0,858000,0,858000,0,858000,0,858000,0,858000,0,858000,0,858000,0
859200,9.509266427,859200,4.82091525,859200,10.17624142,859200,29.89545761,859200,17.41898203,859200,17.43167945,859200,7.123534945,859200,6.22435396,859200,6.255990746,859200,30.77518143,859200,0,859200,0,859200,0,859200,0,859200,0,859200,0,859200,0,859200,0
860400,9.49219868,860400,4.840152459,860400,10.16474282,860400,29.89116379,860400,17.41199801,860400,17.42473313,860400,7.106864466,860400,6.20956305,860400,6.24121836,860400,30.76355493,860400,0,860400,0,860400,0,860400,0,860400,0,860400,0,860400,0,860400,0
861600,9.469914961,861600,4.740688281,861600,10.13359427,861600,29.88472632,861600,17.40465959,861600,17.41732606,861600,7.092038776,861600,6.195369753,861600,6.22702932,861600,30.75128094,861600,0,861600,0,861600,0,861600,0,861600,0,861600,0,861600,0,861600,0
862800,9.464104974,862800,4.708828947,862800,10.12850196,862800,29.88315551,862800,17.40314779,862800,17.4157786,862800,7.089711304,862800,6.192804532,862800,6.224475809,862800,30.74890171,862800,0,862800,0,862800,0,862800,0,862800,0,862800,0,862800,0,862800,0
864000,9.450398019,864000,4.685233686,864000,10.1367906,864000,29.87798264,864000,17.39698352,864000,17.40969215,864000,7.076538629,864000,6.18172406,864000,6.213450761,864000,30.73880951,864000,0,864000,0,864000,0,864000,0,864000,0,864000,0,864000,0,864000,0
865200,9.434838578,865200,4.762963787,865200,10.13842882,865200,29.87616774,865200,17.39263986,865200,17.40555458,865200,7.064868543,865200,6.173042578,865200,6.204801048,865200,30.7313764,865200,0,865200,0,865200,0,865200,0,865200,0,865200,0,865200,0,865200,0
866400,9.417286613,866400,4.779232784,866400,10.12630224,866400,29.87199259,866400,17.3854012,866400,17.39859451,866400,7.046923105,866400,6.157579212,866400,6.189339274,866400,30.71828638,866400,0,866400,0,866400,0,866400,0,866400,0,866400,0,866400,0,866400,0
867600,9.396075586,867600,4.726584198,867600,10.11391925,867600,29.86599632,867600,17.37794903,867600,17.39132182,867600,7.03251336,867600,6.143000369,867600,6.174759486,867600,30.70467119,867600,0,867600,0,867600,0,867600,0,867600,0,867600,0,867600,0,867600,0
868800,9.384168996,868800,4.727101568,868800,10.11810536,868800,29.86258922,868800,17.37388828,868800,17.38728264,868800,7.025209875,868800,6.135386631,868800,6.167170886,868800,30.69707274,868800,0,868800,0,868800,0,868800,0,868800,0,868800,0,868800,0,868800,0
870000,9.379174996,870000,4.746382459,870000,10.11926959,870000,29.8615817,870000,17.37254429,870000,17.38592416,870000,7.021981548,870000,6.132766658,870000,6.164557862,870000,30.69451889,870000,0,870000,0,870000,0,870000,0,870000,0,870000,0,870000,0,870000,0
871200,9.362898593,871200,4.774442667,871200,10.10631469,871200,29.85643589,871200,17.3654579,871200,17.37870164,871200,7.009462679,871200,6.118876706,871200,6.150685375,871200,30.68099832,871200,0,871200,0,871200,0,871200,0,871200,0,871200,0,871200,0,871200,0
872400,9.34169202,872400,4.656668429,872400,10.07455164,872400,29.84984268,872400,17.35797137,872400,17.37101473,872400,6.997975576,872400,6.105593609,872400,6.137411142,872400,30.66787539,872400,0,872400,0,872400,0,872400,0,872400,0,872400,0,872400,0,872400,0
873600,9.33535562,873600,4.620842595,873600,10.06767979,873600,29.84795363,873600,17.35612612,873600,17.36912972,873600,6.995617312,873600,6.102660605,873600,6.134491524,873600,30.66495756,873600,0,873600,0,873600,0,873600,0,873600,0,873600,0,873600,0,873600,0
874800,9.320707227,874800,4.616905092,874800,10.07585203,874800,29.8422937,874800,17.34918332,874800,17.36222637,874800,6.98289508,874800,6.091133698,874800,6.123033156,874800,30.6538756,874800,0,874800,0,874800,0,874800,0,874800,0,874800,0,874800,0,874800,0
876000,9.307903227,876000,4.681247837,876000,10.07615888,876000,29.84077751,876000,17.34606344,876000,17.35914661,876000,6.97490007,876000,6.085126703,876000,6.117051379,876000,30.64862234,876000,0,876000,0,876000,0,876000,0,876000,0,876000,0,876000,0,876000,0
877200,9.291928522,877200,4.709292597,877200,10.0635251,877200,29.83629119,877200,17.33872324,877200,17.35181749,877200,6.958079156,877200,6.070296579,877200,6.102215128,877200,30.63592769,877200,0,877200,0,877200,0,877200,0,877200,0,877200,0,877200,0,877200,0
878400,9.270741603,878400,4.608099931,878400,10.03234192,878400,29.82973646,878400,17.33105278,878400,17.34406795,878400,6.943878917,878400,6.056153477,878400,6.088049525,878400,30.62280291,878400,0,878400,0,878400,0,878400,0,878400,0,878400,0,878400,0,878400,0
879600,9.265350109,879600,4.577032378,879600,10.02689502,879600,29.82814313,879600,17.3294786,879600,17.34245963,879600,6.941471732,879600,6.053619084,879600,6.085522725,879600,30.62029494,879600,0,879600,0,879600,0,879600,0,879600,0,879600,0,879600,0,879600,0
880800,9.252994101,880800,4.557174483,880800,10.03417924,880800,29.82307061,880800,17.32338383,880800,17.33643372,880800,6.929672529,880800,6.043268063,880800,6.075210764,880800,30.61024642,880800,0,880800,0,880800,0,880800,0,880800,0,880800,0,880800,0,880800,0
882000,9.23962913,882000,4.627811702,882000,10.03536975,882000,29.82126117,882000,17.31940064,882000,17.3325979,882000,6.919702126,882000,6.035815856,882000,6.067779637,882000,30.60347296,882000,0,882000,0,882000,0,882000,0,882000,0,882000,0,882000,0,882000,0
883200,9.223185971,883200,4.646999833,883200,10.02192466,883200,29.81681907,883200,17.31181309,883200,17.32521705,883200,6.902652106,883200,6.020743542,883200,6.052698032,883200,30.59007213,883200,0,883200,0,883200,0,883200,0,883200,0,883200,0,883200,0,883200,0
884400,9.20286762,884400,4.592572011,884400,10.00882469,884400,29.81064048,884400,17.30401508,884400,17.3175576,884400,6.888591427,884400,6.006441818,884400,6.038380841,884400,30.57635471,884400,0,884400,0,884400,0,884400,0,884400,0,884400,0,884400,0,884400,0
885600,9.191020372,885600,4.595052398,885600,10.01332646,885600,29.80688181,885600,17.29943825,885600,17.3130017,885600,6.8811337,885600,5.998421733,885600,6.030380438,885600,30.5681872,885600,0,885600,0,885600,0,885600,0,885600,0,885600,0,885600,0,885600,0
886800,9.186319037,886800,4.613479858,886800,10.01373771,886800,29.80595382,886800,17.29817989,886800,17.31172534,886800,6.878090146,886800,5.996125115,886800,6.028088143,886800,30.56590807,886800,0,886800,0,886800,0,886800,0,886800,0,886800,0,886800,0,886800,0
888000,9.171096662,888000,4.657427448,888000,10.00695271,888000,29.80074638,888000,17.29080867,888000,17.30423134,888000,6.866053758,888000,5.982464534,888000,6.014432398,888000,30.55238271,888000,0,888000,0,888000,0,888000,0,888000,0,888000,0,888000,0,888000,0
889200,9.151058446,889200,4.585374591,889200,9.98415003,889200,29.79480993,889200,17.28330311,889200,17.29660601,889200,6.855252571,889200,5.969485217,889200,6.001443047,889200,30.53928898,889200,0,889200,0,889200,0,889200,0,889200,0,889200,0,889200,0,889200,0
890400,9.147442882,890400,4.573535975,890400,9.98151822,890400,29.79408472,890400,17.28255003,890400,17.2958449,890400,6.854839416,890400,5.96830409,890400,6.000264941,890400,30.5380637,890400,0,890400,0,890400,0,890400,0,890400,0,890400,0,890400,0,890400,0
891600,9.136773476,891600,4.559134875,891600,9.991181366,891600,29.78926754,891600,17.27679819,891600,17.29012442,891600,6.847076276,891600,5.959138726,891600,5.991137649,891600,30.52858786,891600,0,891600,0,891600,0,891600,0,891600,0,891600,0,891600,0,891600,0
892800,9.128069431,892800,4.599746379,892800,9.99191231,892800,29.78807681,892800,17.27488114,892800,17.2882078,892800,6.843752844,892800,5.955825976,892800,5.987842944,892800,30.52531183,892800,0,892800,0,892800,0,892800,0,892800,0,892800,0,892800,0,892800,0
894000,9.11418733,894000,4.643108332,894000,9.980019059,894000,29.78355541,894000,17.26775354,894000,17.28103478,894000,6.832872378,894000,5.943400537,894000,5.975450378,894000,30.51330523,894000,0,894000,0,894000,0,894000,0,894000,0,894000,0,894000,0,894000,0
895200,9.094350798,895200,4.527625494,895200,9.9491121,895200,29.77703249,895200,17.2603739,895200,17.27351018,895200,6.824128764,895200,5.931687508,895200,5.963748805,895200,30.50176246,895200,0,895200,0,895200,0,895200,0,895200,0,895200,0,895200,0,895200,0
896400,9.089605602,896400,4.498270142,896400,9.943960958,896400,29.77545138,896400,17.25885298,896400,17.27195352,896400,6.822574451,896400,5.929619022,896400,5.961692837,896400,30.49966038,896400,0,896400,0,896400,0,896400,0,896400,0,896400,0,896400,0,896400,0
897600,9.077304785,897600,4.482302297,897600,9.95283698,897600,29.77013911,897600,17.25259551,897600,17.26574015,897600,6.813516299,897600,5.920568717,897600,5.952710703,897600,30.49077781,897600,0,897600,0,897600,0,897600,0,897600,0,897600,0,897600,0,897600,0
898800,9.064062778,898800,4.558565415,898800,9.954288132,898800,29.76816856,898800,17.24850263,898800,17.26175368,898800,6.804982068,898800,5.913824902,898800,5.946006564,898800,30.48485106,898800,0,898800,0,898800,0,898800,0,898800,0,898800,0,898800,0,898800,0
900000,9.048778132,900000,4.575232972,900000,9.943434168,900000,29.76372137,900000,17.24130038,900000,17.25467302,900000,6.791171413,900000,5.901065238,900000,5.933257611,900000,30.47406,900000,0,900000,0,900000,0,900000,0,900000,0,900000,0,900000,0,900000,0
901200,9.031855345,901200,4.528071498,901200,9.932360415,901200,29.75844302,901200,17.23476414,901200,17.24823782,901200,6.781166333,901200,5.890501228,901200,5.922696822,901200,30.46434049,901200,0,901200,0,901200,0,901200,0,901200,0,901200,0,901200,0,901200,0
902400,9.02160896,902400,4.531657154,902400,9.938329867,902400,29.75482766,902400,17.23040665,902400,17.24391712,902400,6.775401403,902400,5.883824791,902400,5.916051328,902400,30.45776207,902400,0,902400,0,902400,0,902400,0,902400,0,902400,0,902400,0,902400,0
903600,9.016728787,903600,4.553146331,903600,9.939240697,903600,29.75382624,903600,17.229068,903600,17.24256103,903600,6.772718984,903600,5.881698738,903600,5.913934375,903600,30.4557096,903600,0,903600,0,903600,0,903600,0,903600,0,903600,0,903600,0,903600,0
904800,9.012193381,904800,4.579034784,904800,9.940890445,904800,29.75231331,904800,17.22686458,904800,17.24035955,904800,6.769632227,904800,5.878072864,904800,5.910319243,904800,30.45225054,904800,0,904800,0,904800,0,904800,0,904800,0,904800,0,904800,0,904800,0
906000,8.996931651,906000,4.603914434,906000,9.931552962,906000,29.74772666,906000,17.21995509,906000,17.23342642,906000,6.760516281,906000,5.867030079,906000,5.899289846,906000,30.44158448,906000,0,906000,0,906000,0,906000,0,906000,0,906000,0,906000,0,906000,0
907200,8.980667554,907200,4.542392443,907200,9.920444831,907200,29.74185846,907200,17.21338203,907200,17.22674275,907200,6.755066182,907200,5.857612274,907200,5.889887064,907200,30.43201094,907200,0,907200,0,907200,0,907200,0,907200,0,907200,0,907200,0,907200,0
908400,8.972538071,908400,4.539699866,908400,9.926329077,908400,29.73906701,908400,17.21035773,908400,17.22365196,908400,6.752374129,908400,5.853631034,908400,5.885930966,908400,30.42786309,908400,0,908400,0,908400,0,908400,0,908400,0,908400,0,908400,0,908400,0
909600,8.967046318,909600,4.565394746,909600,9.928347192,909600,29.73730497,909600,17.20815361,909600,17.22139381,909600,6.750199041,909600,5.850572822,909600,5.88289299,909600,30.42479775,909600,0,909600,0,909600,0,909600,0,909600,0,909600,0,909600,0,909600,0
910800,8.952688115,910800,4.580106928,910800,9.918269528,910800,29.73232348,910800,17.20140941,910800,17.21449851,910800,6.743756724,910800,5.841305151,910800,5.873669256,910800,30.41582351,910800,0,910800,0,910800,0,910800,0,910800,0,910800,0,910800,0,910800,0
912000,8.93581318,912000,4.46990749,912000,9.888107042,912000,29.72571382,912000,17.19429339,912000,17.20719899,912000,6.738550297,912000,5.832522879,912000,5.864929944,912000,30.40749653,912000,0,912000,0,912000,0,912000,0,912000,0,912000,0,912000,0,912000,0
913200,8.930579082,913200,4.436468592,913200,9.882411568,913200,29.72395679,913200,17.19266346,913200,17.20552057,913200,6.737075247,913200,5.830769848,913200,5.863196142,913200,30.40585067,913200,0,913200,0,913200,0,913200,0,913200,0,913200,0,913200,0,913200,0
914400,8.918538592,914400,4.424529158,914400,9.892934531,914400,29.71826261,914400,17.18608067,914400,17.1989456,914400,6.728998494,914400,5.823066173,914400,5.855584662,914400,30.39903015,914400,0,914400,0,914400,0,914400,0,914400,0,914400,0,914400,0,914400,0
915600,8.90692577,915600,4.494166413,915600,9.894048103,915600,29.71658244,915600,17.1827249,915600,17.19563559,915600,6.722095727,915600,5.818340915,915600,5.850898139,915600,30.3954275,915600,0,915600,0,915600,0,915600,0,915600,0,915600,0,915600,0,915600,0
916800,8.893473941,916800,4.517481836,916800,9.883911469,916800,29.71220331,916800,17.17578636,916800,17.18873086,916800,6.709282285,916800,5.80765412,916800,5.84022711,916800,30.38752864,916800,0,916800,0,916800,0,916800,0,916800,0,916800,0,916800,0,916800,0
918000,8.876083161,918000,4.421208488,918000,9.854273254,918000,29.70565837,918000,17.16844411,918000,17.18131076,918000,6.698544785,918000,5.797517157,918000,5.83009034,918000,30.37903343,918000,0,918000,0,918000,0,918000,0,918000,0,918000,0,918000,0,918000,0
919200,8.871560284,919200,4.389993922,919200,9.849463097,919200,29.70407666,919200,17.16696987,919200,17.17979601,919200,6.696876516,919200,5.795714536,919200,5.828298592,919200,30.37736404,919200,0,919200,0,919200,0,919200,0,919200,0,919200,0,919200,0,919200,0
920400,8.860655272,920400,4.368634759,920400,9.859093146,920400,29.69882969,920400,17.16081395,920400,17.17370551,920400,6.6868651,920400,5.787855357,920400,5.820491711,920400,30.37028202,920400,0,920400,0,920400,0,920400,0,920400,0,920400,0,920400,0,920400,0
921600,8.848228899,921600,4.447593349,921600,9.861708071,921600,29.69700073,921600,17.15653365,921600,17.16962131,921600,6.677534939,921600,5.781511198,921600,5.814176617,921600,30.36505771,921600,0,921600,0,921600,0,921600,0,921600,0,921600,0,921600,0,921600,0
922800,8.834397525,922800,4.466770273,922800,9.850909698,922800,29.69271334,922800,17.14932121,922800,17.16267225,922800,6.663229767,922800,5.770046185,922800,5.802708852,922800,30.35577987,922800,0,922800,0,922800,0,922800,0,922800,0,922800,0,922800,0,922800,0
924000,8.817828362,924000,4.416618676,924000,9.839917388,924000,29.68663944,924000,17.14196244,924000,17.15547298,924000,6.652343526,924000,5.759387343,924000,5.792043271,924000,30.34595417,924000,0,924000,0,924000,0,924000,0,924000,0,924000,0,924000,0,924000,0
925200,8.808512058,925200,4.417962862,925200,9.845171533,925200,29.68317881,925200,17.13790923,925200,17.15143278,925200,6.646969746,925200,5.753909997,925200,5.786587293,925200,30.34041718,925200,0,925200,0,925200,0,925200,0,925200,0,925200,0,925200,0,925200,0
926400,8.804542505,926400,4.437236316,926400,9.846547797,926400,29.68216421,926400,17.13660789,926400,17.15011317,926400,6.644517179,926400,5.752018016,926400,5.784701089,926400,30.33856004,926400,0,926400,0,926400,0,926400,0,926400,0,926400,0,926400,0,926400,0
927600,8.791764324,927600,4.467844946,927600,9.835037468,927600,29.67694173,927600,17.1295587,927600,17.14292137,927600,6.635184567,927600,5.74196625,927600,5.774660732,927600,30.32875247,927600,0,927600,0,927600,0,927600,0,927600,0,927600,0,927600,0,927600,0
928800,8.775160787,928800,4.352575716,928800,9.804504241,928800,29.67028549,928800,17.12217651,928800,17.13532996,928800,6.626911084,928800,5.732407991,928800,5.76510373,928800,30.31927581,928800,0,928800,0,928800,0,928800,0,928800,0,928800,0,928800,0,928800,0
930000,8.770210128,930000,4.317575345,930000,9.798013551,930000,29.66837151,930000,17.12032017,930000,17.13343275,930000,6.625233546,930000,5.73031504,930000,5.763022143,930000,30.31717153,930000,0,930000,0,930000,0,930000,0,930000,0,930000,0,930000,0,930000,0
931200,8.758493884,931200,4.315164012,931200,9.807797643,931200,29.6626648,931200,17.11348291,931200,17.12662708,931200,6.615190973,931200,5.721979243,931200,5.754746984,931200,30.30918315,931200,0,931200,0,931200,0,931200,0,931200,0,931200,0,931200,0,931200,0
932400,8.748210062,932400,4.380542821,932400,9.808626659,932400,29.66112775,932400,17.11037138,932400,17.12355548,932400,6.60859332,932400,5.717480843,932400,5.750269525,932400,30.30538968,932400,0,932400,0,932400,0,932400,0,932400,0,932400,0,932400,0,932400,0
933600,8.735525459,933600,4.410396173,933600,9.797426426,933600,29.65656847,933600,17.10315348,933600,17.11634075,933600,6.594605478,933600,5.706209148,933600,5.738981942,933600,30.29614063,933600,0,933600,0,933600,0,933600,0,933600,0,933600,0,933600,0,933600,0
934800,8.718897923,934800,4.311803606,934800,9.767390889,934800,29.64994765,934800,17.09555113,934800,17.10865324,934800,6.583285302,934800,5.69552555,934800,5.728265074,934800,30.28637389,934800,0,934800,0,934800,0,934800,0,934800,0,934800,0,934800,0,934800,0
936000,8.714667749,936000,4.280875115,936000,9.762270904,936000,29.64835125,936000,17.09402725,936000,17.10709169,936000,6.581396132,936000,5.693632722,936000,5.726377676,936000,30.28447962,936000,0,936000,0,936000,0,936000,0,936000,0,936000,0,936000,0,936000,0
937200,8.704777166,937200,4.261707708,937200,9.771069027,937200,29.64323534,937200,17.08799266,937200,17.1011187,937200,6.571732231,937200,5.68584111,937200,5.718616556,937200,30.2768772,937200,0,937200,0,937200,0,937200,0,937200,0,937200,0,937200,0,937200,0
938400,8.694023093,938400,4.333679571,938400,9.772529487,938400,29.64143293,938400,17.08410456,938400,17.09737172,938400,6.563298669,938400,5.680094163,938400,5.712884617,938400,30.27173263,938400,0,938400,0,938400,0,938400,0,938400,0,938400,0,938400,0,938400,0
939600,8.680965097,939600,4.355619219,939600,9.760650401,939600,29.63691887,939600,17.0766144,939600,17.09007931,939600,6.548881992,939600,5.668313773,939600,5.701083229,939600,30.26148123,939600,0,939600,0,939600,0,939600,0,939600,0,939600,0,939600,0,939600,0
940800,8.664968293,940800,4.30278496,940800,9.748290274,940800,29.63070174,940800,17.06898013,940800,17.08257049,940800,6.537475887,940800,5.657211157,940800,5.689951768,940800,30.25082433,940800,0,940800,0,940800,0,940800,0,940800,0,940800,0,940800,0,940800,0
942000,8.655619199,942000,4.306744712,942000,9.753334189,942000,29.62691142,942000,17.06445678,942000,17.07806227,942000,6.5315475,942000,5.651050898,942000,5.683802888,942000,30.24441364,942000,0,942000,0,942000,0,942000,0,942000,0,942000,0,942000,0,942000,0
943200,8.651585429,943200,4.327287699,943200,9.754477507,943200,29.6258756,943200,17.06310594,943200,17.0766891,943200,6.528848961,943200,5.649065071,943200,5.681819331,943200,30.24240807,943200,0,943200,0,943200,0,943200,0,943200,0,943200,0,943200,0,943200,0
944400,8.639461273,944400,4.358299644,944400,9.742336457,944400,29.62047965,944400,17.05580604,944400,17.06921755,944400,6.519217382,944400,5.638509878,944400,5.671254908,944400,30.23180476,944400,0,944400,0,944400,0,944400,0,944400,0,944400,0,944400,0,944400,0
945600,8.62356431,945600,4.242168354,945600,9.711437295,945600,29.6136478,945600,17.04819472,945600,17.06137125,945600,6.510550408,945600,5.628488219,945600,5.661214387,945600,30.22153745,945600,0,945600,0,945600,0,945600,0,945600,0,945600,0,945600,0,945600,0
946800,8.618896275,946800,4.207273774,946800,9.704748666,946800,29.61170766,946800,17.04628391,946800,17.05942085,946800,6.508945278,946800,5.626298516,946800,5.659032641,946800,30.21925751,946800,0,946800,0,946800,0,946800,0,946800,0,946800,0,946800,0,946800,0
948000,8.607176832,948000,4.209121815,948000,9.714839569,948000,29.60563517,948000,17.03893371,948000,17.05209015,948000,6.498321532,948000,5.617206579,948000,5.649992245,948000,30.21021802,948000,0,948000,0,948000,0,948000,0,948000,0,948000,0,948000,0,948000,0
949200,8.596752655,949200,4.280663003,949200,9.715703274,949200,29.6039044,949200,17.03552818,949200,17.04870396,949200,6.491361621,949200,5.612198743,949200,5.645000111,949200,30.20583637,949200,0,949200,0,949200,0,949200,0,949200,0,949200,0,949200,0,949200,0
950400,8.58464679,950400,4.309407548,950400,9.70552275,950400,29.59921473,950400,17.02818859,950400,17.04132014,950400,6.477566519,950400,5.600560855,950400,5.633326349,950400,30.19590668,950400,0,950400,0,950400,0,950400,0,950400,0,950400,0,950400,0,950400,0
951600,8.569008465,951600,4.213058606,951600,9.675750255,951600,29.59251402,951600,17.02047746,951600,17.03350843,951600,6.466962469,951600,5.589689736,951600,5.622408567,951600,30.18552497,951600,0,951600,0,951600,0,951600,0,951600,0,951600,0,951600,0,951600,0
952800,8.565068757,952800,4.182217084,952800,9.670842328,952800,29.59091079,952800,17.01893443,952800,17.03192925,952800,6.465221536,952800,5.587787084,952800,5.620510573,952800,30.1835361,952800,0,952800,0,952800,0,952800,0,952800,0,952800,0,952800,0,952800,0
954000,8.55523915,954000,4.168054591,954000,9.680099014,954000,29.58549859,954000,17.01250576,954000,17.02555843,954000,6.456001552,954000,5.579586931,954000,5.61234065,954000,30.17517849,954000,0,954000,0,954000,0,954000,0,954000,0,954000,0,954000,0,954000,0
955200,8.544871198,955200,4.242576636,955200,9.681960697,955200,29.58362522,955200,17.00859462,955200,17.02176752,955200,6.448243973,955200,5.57388274,955200,5.606650376,955200,30.16988033,955200,0,955200,0,955200,0,955200,0,955200,0,955200,0,955200,0,955200,0
956400,8.532654582,956400,4.266613864,956400,9.671027802,956400,29.57905587,956400,17.00108492,956400,17.01441814,956400,6.435279693,956400,5.562298469,956400,5.595041823,956400,30.15944347,956400,0,956400,0,956400,0,956400,0,956400,0,956400,0,956400,0,956400,0
957600,8.518292486,957600,4.217257325,957600,9.659742069,957600,29.57322827,957600,16.99390692,957600,17.00736014,957600,6.425919824,957600,5.552196179,957600,5.584912653,957600,30.1494346,957600,0,957600,0,957600,0,957600,0,957600,0,957600,0,957600,0,957600,0
958800,8.509867927,958800,4.222079473,958800,9.665473548,958800,29.56946515,958800,16.98938271,958800,17.00287591,958800,6.421138828,958800,5.546328174,958800,5.579059735,958800,30.14313778,958800,0,958800,0,958800,0,958800,0,958800,0,958800,0,958800,0,958800,0
960000,8.506462125,960000,4.238944522,960000,9.666611628,960000,29.56864856,960000,16.98832465,960000,17.00180337,960000,6.41918726,960000,5.544863268,960000,5.577598312,960000,30.14160712,960000,0,960000,0,960000,0,960000,0,960000,0,960000,0,960000,0,960000,0
961200,8.502417479,961200,4.270726283,961200,9.66846655,961200,29.56686282,961200,16.98572527,961200,16.99921603,961200,6.416322038,961200,5.541275067,961200,5.574013923,961200,30.13790642,961200,0,961200,0,961200,0,961200,0,961200,0,961200,0,961200,0,961200,0
962400,8.489876509,962400,4.298325403,962400,9.659363944,962400,29.56219563,962400,16.97864475,962400,16.99214504,962400,6.408805014,962400,5.531604438,962400,5.564333001,962400,30.12786505,962400,0,962400,0,962400,0,962400,0,962400,0,962400,0,962400,0,962400,0
963600,8.47637673,963600,4.236376556,963600,9.647886093,963600,29.55572054,963600,16.9714437,963600,16.98484702,963600,6.404777962,963600,5.522971806,963600,5.555693982,963600,30.11840657,963600,0,963600,0,963600,0,963600,0,963600,0,963600,0,963600,0,963600,0
964800,8.469127482,964800,4.235941282,964800,9.653583582,964800,29.55257986,964800,16.96809125,964800,16.98141836,964800,6.402658346,964800,5.519296057,964800,5.552036829,964800,30.1142601,964800,0,964800,0,964800,0,964800,0,964800,0,964800,0,964800,0,964800,0
966000,8.464769925,966000,4.263445584,966000,9.656097572,966000,29.55082704,966000,16.96588356,966000,16.97915885,966000,6.401158624,966000,5.51678817,966000,5.549542469,966000,30.11157341,966000,0,966000,0,966000,0,966000,0,966000,0,966000,0,966000,0,966000,0
967200,8.453256909,967200,4.27998743,967200,9.646032781,967200,29.54570027,967200,16.95904488,967200,16.97216334,967200,6.396349079,967200,5.50894235,967200,5.541720536,967200,30.1035217,967200,0,967200,0,967200,0,967200,0,967200,0,967200,0,967200,0,967200,0
968400,8.43975962,968400,4.172300759,968400,9.616600835,968400,29.53890906,968400,16.95179852,968400,16.96472977,968400,6.392887102,968400,5.501603345,968400,5.534406043,968400,30.09616997,968400,0,968400,0,968400,0,968400,0,968400,0,968400,0,968400,0,968400,0
969600,8.435695403,969600,4.140405059,969600,9.61116526,969600,29.53720759,969600,16.95025971,969600,16.9631423,969600,6.391851794,969600,5.500229785,969600,5.533047647,969600,30.09480372,969600,0,969600,0,969600,0,969600,0,969600,0,969600,0,969600,0,969600,0
970800,8.425897502,970800,4.128351733,970800,9.622187618,970800,29.5313638,970800,16.94357396,970800,16.9564731,970800,6.385453599,970800,5.493849349,970800,5.526746401,970800,30.08888657,970800,0,970800,0,970800,0,970800,0,970800,0,970800,0,970800,0,970800,0
972000,8.41588396,972000,4.203295649,972000,9.623974304,972000,29.52948838,972000,16.93992264,972000,16.95288126,972000,6.379137885,972000,5.48950455,972000,5.522436935,972000,30.08553246,972000,0,972000,0,972000,0,972000,0,972000,0,972000,0,972000,0,972000,0
973200,8.404895022,973200,4.226179282,973200,9.614844335,973200,29.52493262,973200,16.9329074,973200,16.94592147,973200,6.368281665,973200,5.480378743,973200,5.513314555,973200,30.07877107,973200,0,973200,0,973200,0,973200,0,973200,0,973200,0,973200,0,973200,0
974400,8.391122696,974400,4.135303547,974400,9.585879698,974400,29.51826505,974400,16.92556216,974400,16.93850837,974400,6.359821236,974400,5.471903101,974400,5.504833386,974400,30.07148806,974400,0,974400,0,974400,0,974400,0,974400,0,974400,0,974400,0,974400,0
975600,8.387485728,975600,4.104658872,975600,9.581321963,975600,29.51665563,975600,16.92405763,975600,16.93696463,975600,6.358564006,975600,5.470427223,975600,5.503367754,975600,30.07006206,975600,0,975600,0,975600,0,975600,0,975600,0,975600,0,975600,0,975600,0
976800,8.378592311,976800,4.085247681,976800,9.592001446,976800,29.51132474,976800,16.91792611,976800,16.93089929,976800,6.350499052,976800,5.463976019,976800,5.496965903,976800,30.06404781,976800,0,976800,0,976800,0,976800,0,976800,0,976800,0,976800,0,976800,0
978000,8.368416236,978000,4.166815371,978000,9.594914992,978000,29.50943521,978000,16.91361712,978000,16.9267938,978000,6.342703589,978000,5.458690394,978000,5.491707208,978000,30.0596615,978000,0,978000,0,978000,0,978000,0,978000,0,978000,0,978000,0,978000,0
979200,8.35725894,979200,4.187296346,979200,9.585162976,979200,29.50505092,979200,16.90644675,979200,16.91989043,979200,6.330865787,979200,5.449103014,979200,5.482115348,979200,30.05191432,979200,0,979200,0,979200,0,979200,0,979200,0,979200,0,979200,0,979200,0
980400,8.344046749,980400,4.140576735,980400,9.574927863,980400,29.49886382,980400,16.89909207,980400,16.91269282,980400,6.322480692,980400,5.440370135,980400,5.473374897,980400,30.0437329,980400,0,980400,0,980400,0,980400,0,980400,0,980400,0,980400,0,980400,0
981600,8.336592387,981600,4.142156199,981600,9.580043706,981600,29.49535392,981600,16.89509347,981600,16.90870024,981600,6.318504494,981600,5.435978694,981600,5.469004799,981600,30.03914984,981600,0,981600,0,981600,0,981600,0,981600,0,981600,0,981600,0,981600,0
982800,8.332942894,982800,4.165020824,982800,9.583108256,982800,29.49410395,982800,16.89349126,982800,16.90707874,982800,6.316306217,982800,5.43413716,982800,5.467170354,982800,30.03729698,982800,0,982800,0,982800,0,982800,0,982800,0,982800,0,982800,0,982800,0
984000,8.322578331,984000,4.194930903,984000,9.572096555,984000,29.48891199,984000,16.88654421,984000,16.9000068,984000,6.309376308,984000,5.426107727,984000,5.45915236,984000,30.02932175,984000,0,984000,0,984000,0,984000,0,984000,0,984000,0,984000,0,984000,0
985200,8.309492792,985200,4.08461042,985200,9.543446084,985200,29.48219415,985200,16.87921835,985200,16.89249275,985200,6.303752154,985200,5.418612177,985200,5.451661338,985200,30.02174625,985200,0,985200,0,985200,0,985200,0,985200,0,985200,0,985200,0,985200,0
986400,8.305532738,986400,4.049773586,986400,9.536888518,986400,29.48027661,986400,16.87741641,986400,16.89064792,986400,6.30264841,986400,5.417003948,986400,5.450065742,986400,30.02008695,986400,0,986400,0,986400,0,986400,0,986400,0,986400,0,986400,0,986400,0
987600,8.296024233,987600,4.04887462,987600,9.547806272,987600,29.47450854,987600,16.87064952,987600,16.88390831,987600,6.294958366,987600,5.410541134,987600,5.44366774,987600,30.01383304,987600,0,987600,0,987600,0,987600,0,987600,0,987600,0,987600,0,987600,0
988800,8.287588061,988800,4.114129228,988800,9.549171237,988800,29.47294921,988800,16.86761827,988800,16.88091333,988800,6.28959952,988800,5.406952108,988800,5.440101303,988800,30.01089646,988800,0,988800,0,988800,0,988800,0,988800,0,988800,0,988800,0,988800,0
990000,8.277357961,990000,4.145624917,990000,9.539028862,990000,29.46836831,990000,16.86049687,990000,16.87379789,990000,6.278133978,990000,5.397865444,990000,5.431004336,990000,30.00373337,990000,0,990000,0,990000,0,990000,0,990000,0,990000,0,990000,0,990000,0
991200,8.264078683,991200,4.049401745,991200,9.510003549,991200,29.46171811,991200,16.85306344,991200,16.86627436,991200,6.269332869,991200,5.389350566,991200,5.422461683,991200,29.99610223,991200,0,991200,0,991200,0,991200,0,991200,0,991200,0,991200,0,991200,0
992400,8.260722927,992400,4.018892421,992400,9.505154951,992400,29.46010728,992400,16.8515382,992400,16.86471157,992400,6.267892798,992400,5.387866124,992400,5.420983523,992400,29.99461158,992400,0,992400,0,992400,0,992400,0,992400,0,992400,0,992400,0,992400,0
993600,8.252635216,993600,3.999869888,993600,9.515074132,993600,29.45497523,993600,16.84563448,993600,16.85887092,993600,6.26006389,993600,5.381714861,993600,5.41486601,993600,29.98863543,993600,0,993600,0,993600,0,993600,0,993600,0,993600,0,993600,0,993600,0
994800,8.243506707,994800,4.075893642,994800,9.517306858,994800,29.453045,994800,16.84156113,994800,16.85495571,994800,6.252560775,994800,5.376794814,994800,5.409963643,994800,29.98435712,994800,0,994800,0,994800,0,994800,0,994800,0,994800,0,994800,0,994800,0
996000,8.23285611,996000,4.098073439,996000,9.506808245,996000,29.44850313,996000,16.83425834,996000,16.84786129,996000,6.240418979,996000,5.367158869,996000,5.400309112,996000,29.97627109,996000,0,996000,0,996000,0,996000,0,996000,0,996000,0,996000,0,996000,0
997200,8.22018252,997200,4.047944651,997200,9.495570003,997200,29.44224822,997200,16.82676246,997200,16.84049482,997200,6.231395851,997200,5.358214603,997200,5.391339236,997200,29.96776214,997200,0,997200,0,997200,0,997200,0,997200,0,997200,0,997200,0,997200,0
998400,8.213068178,998400,4.051336436,998400,9.500956819,998400,29.43870272,998400,16.82267471,998400,16.83641794,998400,6.22712672,998400,5.353667679,998400,5.386804756,998400,29.96296776,998400,0,998400,0,998400,0,998400,0,998400,0,998400,0,998400,0,998400,0
999600,8.209962834,999600,4.071702759,999600,9.502709345,999600,29.43764626,999600,16.82132523,999600,16.83504896,999600,6.225037417,999600,5.352093456,999600,5.385233549,999600,29.96136243,999600,0,999600,0,999600,0,999600,0,999600,0,999600,0,999600,0,999600,0
1000800,8.20013659,1000800,4.104082881,1000800,9.491729747,1000800,29.43221677,1000800,16.81421585,1000800,16.8277733,1000800,6.217524426,1000800,5.34372064,1000800,5.376856334,1000800,29.95290558,1000800,0,1000800,0,1000800,0,1000800,0,1000800,0,1000800,0,1000800,0,1000800,0
1002000,8.187468625,1002000,3.989792317,1002000,9.461687102,1002000,29.42536297,1002000,16.80673897,1002000,16.82006703,1002000,6.21108419,1002000,5.335813587,1002000,5.368933857,1002000,29.94478184,1002000,0,1002000,0,1002000,0,1002000,0,1002000,0,1002000,0,1002000,0,1002000,0
1003200,8.183702687,1003200,3.955082372,1003200,9.455326571,1003200,29.42342561,1003200,16.80489718,1003200,16.81818266,1003200,6.209874139,1003200,5.33409986,1003200,5.367228342,1003200,29.94298573,1003200,0,1003200,0,1003200,0,1003200,0,1003200,0,1003200,0,1003200,0,1003200,0
1004400,8.174119583,1004400,3.957973468,1004400,9.466003339,1004400,29.41733438,1004400,16.79767742,1004400,16.81098146,1004400,6.201143298,1004400,5.32689885,1004400,5.360079617,1004400,29.93587297,1004400,0,1004400,0,1004400,0,1004400,0,1004400,0,1004400,0,1004400,0,1004400,0
1005600,8.165401209,1005600,4.030808703,1005600,9.467578574,1005600,29.4155706,1005600,16.79430688,1005600,16.80762989,1005600,6.194990982,1005600,5.322713904,1005600,5.355910585,1005600,29.93234629,1005600,0,1005600,0,1005600,0,1005600,0,1005600,0,1005600,0,1005600,0,1005600,0
1006800,8.155542005,1006800,4.060476952,1006800,9.458213746,1006800,29.41086901,1006800,16.78712454,1006800,16.80040801,1006800,6.183075499,1006800,5.313089342,1006800,5.346249572,1006800,29.92446459,1006800,0,1006800,0,1006800,0,1006800,0,1006800,0,1006800,0,1006800,0,1006800,0
1008000,8.14302569,1008000,3.96649925,1008000,9.429421613,1008000,29.40417167,1008000,16.77963495,1008000,16.79281464,1008000,6.174321821,1008000,5.30419794,1008000,5.337311316,1008000,29.91607641,1008000,0,1008000,0,1008000,0,1008000,0,1008000,0,1008000,0,1008000,0,1008000,0
1009200,8.139878312,1009200,3.936147289,1009200,9.42471595,1009200,29.40256082,1009200,16.77810122,1009200,16.79124467,1009200,6.172940236,1009200,5.302665124,1009200,5.335782991,1009200,29.91445305,1009200,0,1009200,0,1009200,0,1009200,0,1009200,0,1009200,0,1009200,0,1009200,0
1010400,8.13180963,1010400,3.922770541,1010400,9.434909316,1010400,29.39715849,1010400,16.77186022,1010400,16.785057,1010400,6.165158199,1010400,5.296025121,1010400,5.329172293,1010400,29.90763418,1010400,0,1010400,0,1010400,0,1010400,0,1010400,0,1010400,0,1010400,0,1010400,0
1011600,8.123268301,1011600,3.997994625,1011600,9.437286434,1011600,29.39528628,1011600,16.76802269,1011600,16.78134331,1011600,6.158432274,1011600,5.291316797,1011600,5.324477036,1011600,29.90331369,1011600,0,1011600,0,1011600,0,1011600,0,1011600,0,1011600,0,1011600,0,1011600,0
1012800,8.113345547,1012800,4.023797347,1012800,9.42735524,1012800,29.39073546,1012800,16.76074656,1012800,16.77422903,1012800,6.147201504,1012800,5.281675089,1012800,5.314810128,1012800,29.8947793,1012800,0,1012800,0,1012800,0,1012800,0,1012800,0,1012800,0,1012800,0,1012800,0
1014000,8.101486823,1014000,3.974611397,1014000,9.416528367,1014000,29.38464774,1014000,16.75344094,1014000,16.76704309,1014000,6.139321246,1014000,5.273033808,1014000,5.306140238,1014000,29.88617697,1014000,0,1014000,0,1014000,0,1014000,0,1014000,0,1014000,0,1014000,0,1014000,0
1015200,8.094579358,1015200,3.980336346,1015200,9.422413189,1015200,29.38087814,1015200,16.74907147,1015200,16.76270065,1015200,6.135561447,1015200,5.268310122,1015200,5.301431459,1015200,29.88097145,1015200,0,1015200,0,1015200,0,1015200,0,1015200,0,1015200,0,1015200,0,1015200,0
1016400,8.091862349,1016400,3.997188355,1016400,9.423878693,1016400,29.38005553,1016400,16.7480168,1016400,16.76163245,1016400,6.133998937,1016400,5.267127323,1016400,5.300251915,1016400,29.87971162,1016400,0,1016400,0,1016400,0,1016400,0,1016400,0,1016400,0,1016400,0,1016400,0
1017600,8.088351519,1017600,4.030004239,1017600,9.426724832,1017600,29.37820464,1017600,16.74538507,1017600,16.75900812,1017600,6.13156374,1017600,5.264063798,1017600,5.297191709,1017600,29.87650231,1017600,0,1017600,0,1017600,0,1017600,0,1017600,0,1017600,0,1017600,0,1017600,0
1018800,8.078243161,1018800,4.058066638,1018800,9.418150616,1018800,29.37352271,1018800,16.73850745,1018800,16.75212905,1018800,6.125823548,1018800,5.256276594,1018800,5.289391901,1018800,29.86830561,1018800,0,1018800,0,1018800,0,1018800,0,1018800,0,1018800,0,1018800,0,1018800,0
1020000,8.067531886,1020000,3.998447403,1020000,9.407954159,1020000,29.36706666,1020000,16.73157081,1020000,16.74508123,1020000,6.123374095,1020000,5.249480167,1020000,5.28258725,1020000,29.86065218,1020000,0,1020000,0,1020000,0,1020000,0,1020000,0,1020000,0,1020000,0,1020000,0
1021200,8.062103307,1021200,3.997358073,1021200,9.413310266,1021200,29.36419012,1021200,16.7285806,1021200,16.74201939,1021200,6.122206965,1021200,5.246897819,1021200,5.280020514,1021200,29.85761561,1021200,0,1021200,0,1021200,0,1021200,0,1021200,0,1021200,0,1021200,0,1021200,0
1022400,8.058437916,1022400,4.026962713,1022400,9.417337703,1022400,29.36227269,1022400,16.7262699,1022400,16.73965275,1022400,6.121150258,1022400,5.244787107,1022400,5.277923403,1022400,29.85527316,1022400,0,1022400,0,1022400,0,1022400,0,1022400,0,1022400,0,1022400,0,1022400,0
1023600,8.04907646,1023600,4.04280626,1023600,9.407492191,1023600,29.35723946,1023600,16.71963574,1023600,16.73288927,1023600,6.11799287,1023600,5.23873876,1023600,5.271895883,1023600,29.84894835,1023600,0,1023600,0,1023600,0,1023600,0,1023600,0,1023600,0,1023600,0,1023600,0
1024800,8.038447185,1024800,3.937632572,1024800,9.379540115,1024800,29.35048406,1024800,16.71265954,1024800,16.72574206,1024800,6.116122132,1024800,5.233154485,1024800,5.266333583,1024800,29.84328802,1024800,0,1024800,0,1024800,0,1024800,0,1024800,0,1024800,0,1024800,0,1024800,0
1026000,8.035172064,1026000,3.905971093,1026000,9.373996096,1026000,29.3487825,1026000,16.71114323,1026000,16.72417873,1026000,6.115450815,1026000,5.232124828,1026000,5.265318586,1026000,29.84224959,1026000,0,1026000,0,1026000,0,1026000,0,1026000,0,1026000,0,1026000,0,1026000,0
1027200,8.0271644,1027200,3.894540095,1027200,9.386371822,1027200,29.34297428,1027200,16.70471189,1027200,16.71776272,1027200,6.110405899,1027200,5.227252179,1027200,5.260522289,1027200,29.83777337,1027200,0,1027200,0,1027200,0,1027200,0,1027200,0,1027200,0,1027200,0,1027200,0
1028400,8.018909612,1028400,3.969997895,1028400,9.388431088,1028400,29.34111438,1028400,16.70116578,1028400,16.71427916,1028400,6.10502502,1028400,5.223775893,1028400,5.257079323,1028400,29.83524833,1028400,0,1028400,0,1028400,0,1028400,0,1028400,0,1028400,0,1028400,0,1028400,0
1029600,8.010019278,1029600,3.994290615,1029600,9.380827946,1029600,29.33661019,1029600,16.6944442,1029600,16.7076139,1029600,6.09567823,1029600,5.216343278,1029600,5.249647424,1029600,29.83009719,1029600,0,1029600,0,1029600,0,1029600,0,1029600,0,1029600,0,1029600,0,1029600,0
1030800,7.99903617,1030800,3.905940254,1030800,9.352456558,1030800,29.3299806,1030800,16.68734764,1030800,16.70044703,1030800,6.088839881,1030800,5.209529676,1030800,5.24282505,1030800,29.82439326,1030800,0,1030800,0,1030800,0,1030800,0,1030800,0,1030800,0,1030800,0,1030800,0
1032000,7.996135778,1032000,3.87574672,1032000,9.348323358,1032000,29.32838919,1032000,16.68592604,1032000,16.69898307,1032000,6.087851944,1032000,5.208363919,1032000,5.24166869,1032000,29.82325789,1032000,0,1032000,0,1032000,0,1032000,0,1032000,0,1032000,0,1032000,0,1032000,0
1033200,7.988844894,1033200,3.857582524,1033200,9.359969218,1033200,29.32309985,1033200,16.67999579,1033200,16.69311497,1033200,6.081099123,1033200,5.203221922,1033200,5.236572342,1033200,29.81846826,1033200,0,1033200,0,1033200,0,1033200,0,1033200,0,1033200,0,1033200,0,1033200,0
1034400,7.980473998,1034400,3.938663405,1034400,9.363301208,1034400,29.32125325,1034400,16.67588523,1034400,16.68920531,1034400,6.07431842,1034400,5.198889479,1034400,5.232263958,1034400,29.81496954,1034400,0,1034400,0,1034400,0,1034400,0,1034400,0,1034400,0,1034400,0,1034400,0
1035600,7.971463131,1035600,3.960300011,1035600,9.354533708,1035600,29.31691784,1035600,16.66898405,1035600,16.68256988,1035600,6.064093661,1035600,5.190937372,1035600,5.22430358,1035600,29.8087431,1035600,0,1035600,0,1035600,0,1035600,0,1035600,0,1035600,0,1035600,0,1035600,0
1036800,7.960924249,1036800,3.914539823,1036800,9.344986349,1036800,29.3107831,1036800,16.66196676,1036800,16.6756981,1036800,6.057297627,1036800,5.183805164,1036800,5.217160106,1036800,29.80206464,1036800,0,1036800,0,1036800,0,1036800,0,1036800,0,1036800,0,1036800,0,1036800,0
1038000,7.955284771,1038000,3.915340339,1038000,9.350388901,1038000,29.30753907,1038000,16.65838893,1038000,16.67212511,1038000,6.054425349,1038000,5.180540736,1038000,5.21391318,1038000,29.79857134,1038000,0,1038000,0,1038000,0,1038000,0,1038000,0,1038000,0,1038000,0,1038000,0
1039200,7.952428135,1039200,3.937770905,1039200,9.353774179,1039200,29.30629528,1039200,16.65687867,1039200,16.67059678,1039200,6.052663724,1039200,5.179060376,1039200,5.212439126,1039200,29.79704952,1039200,0,1039200,0,1039200,0,1039200,0,1039200,0,1039200,0,1039200,0,1039200,0
1040400,7.944017128,1040400,3.967841405,1040400,9.343378755,1040400,29.30111999,1040400,16.65018407,1040400,16.66378784,1040400,6.04715471,1040400,5.172589437,1040400,5.205976912,1040400,29.79052199,1040400,0,1040400,0,1040400,0,1040400,0,1040400,0,1040400,0,1040400,0,1040400,0
1041600,7.933541001,1041600,3.858521493,1041600,9.315295344,1041600,29.29444878,1041600,16.64316519,1041600,16.65658523,1041600,6.042908793,1041600,5.166569108,1041600,5.199957224,1041600,29.7843647,1041600,0,1041600,0,1041600,0,1041600,0,1041600,0,1041600,0,1041600,0,1041600,0
1042800,7.930334594,1042800,3.823999808,1042800,9.308913267,1042800,29.29253214,1042800,16.64139981,1042800,16.65477785,1042800,6.04206404,1042800,5.165285373,1042800,5.198684737,1042800,29.78301989,1042800,0,1042800,0,1042800,0,1042800,0,1042800,0,1042800,0,1042800,0,1042800,0
1044000,7.92248202,1044000,3.823952705,1044000,9.320494573,1044000,29.28681379,1044000,16.63490715,1044000,16.64831497,1044000,6.035455182,1044000,5.160043111,1044000,5.193501593,1044000,29.77795102,1044000,0,1044000,0,1044000,0,1044000,0,1044000,0,1044000,0,1044000,0,1044000,0
1045200,7.915455668,1045200,3.889847109,1045200,9.322149588,1045200,29.2852792,1045200,16.63196592,1045200,16.64541373,1045200,6.030636685,1045200,5.15702364,1045200,5.19050164,1045200,29.77556316,1045200,0,1045200,0,1045200,0,1045200,0,1045200,0,1045200,0,1045200,0,1045200,0
1046400,7.907074155,1046400,3.921751158,1046400,9.312618357,1046400,29.28072842,1046400,16.62515659,1046400,16.63860833,1046400,6.020311909,1046400,5.149272849,1046400,5.182733402,1046400,29.76967642,1046400,0,1046400,0,1046400,0,1046400,0,1046400,0,1046400,0,1046400,0,1046400,0
1047600,7.896349272,1047600,3.82740559,1047600,9.284173355,1047600,29.27411385,1047600,16.61798529,1047600,16.63133899,1047600,6.012657708,1047600,5.142053192,1047600,5.175478669,1047600,29.76326093,1047600,0,1047600,0,1047600,0,1047600,0,1047600,0,1047600,0,1047600,0,1047600,0
1048800,7.89363891,1048800,3.796745338,1048800,9.279473778,1048800,29.272518,1048800,16.6165441,1048800,16.62985602,1048800,6.011438955,1048800,5.14080855,1048800,5.174238838,1048800,29.76198939,1048800,0,1048800,0,1048800,0,1048800,0,1048800,0,1048800,0,1048800,0,1048800,0
1050000,7.886757895,1050000,3.780109606,1050000,9.290358785,1050000,29.26730372,1050000,16.61068688,1050000,16.62405408,1050000,6.004306174,1050000,5.135472269,1050000,5.168931074,1050000,29.75674738,1050000,0,1050000,0,1050000,0,1050000,0,1050000,0,1050000,0,1050000,0,1050000,0
1051200,7.878994505,1051200,3.859859278,1051200,9.293072795,1051200,29.26539782,1051200,16.60673819,1051200,16.62026007,1051200,5.997369354,1051200,5.131137143,1051200,5.164608877,1051200,29.75301117,1051200,0,1051200,0,1051200,0,1051200,0,1051200,0,1051200,0,1051200,0,1051200,0
1052400,7.870299832,1052400,3.882601555,1052400,9.283576525,1052400,29.26092342,1052400,16.59972838,1052400,16.61345325,1052400,5.986489893,1052400,5.122744321,1052400,5.156187669,1052400,29.74603139,1052400,0,1052400,0,1052400,0,1052400,0,1052400,0,1052400,0,1052400,0,1052400,0
1053600,7.860109521,1053600,3.836553928,1053600,9.27324396,1053600,29.25474409,1053600,16.59259411,1053600,16.60643422,1053600,5.978928576,1053600,5.11510863,1053600,5.148519442,1053600,29.73860657,1053600,0,1053600,0,1053600,0,1053600,0,1053600,0,1053600,0,1053600,0,1053600,0
1054800,7.854385511,1054800,3.840205391,1054800,9.279317793,1054800,29.25122909,1054800,16.58866927,1054800,16.60251089,1054800,5.9755586,1054800,5.111312927,1054800,5.144733283,1054800,29.73441896,1054800,0,1054800,0,1054800,0,1054800,0,1054800,0,1054800,0,1054800,0,1054800,0
1056000,7.851836753,1056000,3.861696038,1056000,9.281044946,1056000,29.25019518,1056000,16.58741391,1056000,16.60123123,1056000,5.973858571,1056000,5.110002567,1056000,5.143425034,1056000,29.73302508,1056000,0,1056000,0,1056000,0,1056000,0,1056000,0,1056000,0,1056000,0,1056000,0
1057200,7.843886509,1057200,3.89534109,1057200,9.271100167,1057200,29.24484576,1057200,16.58062975,1057200,16.59426778,1057200,5.968013393,1057200,5.103054595,1057200,5.136468911,1057200,29.72572598,1057200,0,1057200,0,1057200,0,1057200,0,1057200,0,1057200,0,1057200,0,1057200,0
1058400,7.833695235,1058400,3.78323517,1058400,9.241730533,1058400,29.23809323,1058400,16.57354219,1058400,16.58693775,1058400,5.963366108,1058400,5.09660455,1058400,5.130001236,1058400,29.71882292,1058400,0,1058400,0,1058400,0,1058400,0,1058400,0,1058400,0,1058400,0,1058400,0
1059600,7.83067759,1059600,3.748870539,1059600,9.235707811,1059600,29.23616846,1059600,16.57175618,1059600,16.58510742,1059600,5.962563293,1059600,5.095233296,1059600,5.128638004,1059600,29.71731645,1059600,0,1059600,0,1059600,0,1059600,0,1059600,0,1059600,0,1059600,0,1059600,0
1060800,7.822657877,1060800,3.753221012,1060800,9.247147326,1060800,29.23011071,1060800,16.56482624,1060800,16.57818328,1060800,5.955398116,1060800,5.089349917,1060800,5.122807002,1060800,29.71132593,1060800,0,1060800,0,1060800,0,1060800,0,1060800,0,1060800,0,1060800,0,1060800,0
1062000,7.815362522,1062000,3.826548341,1062000,9.249146983,1062000,29.22839161,1062000,16.56159822,1062000,16.57497378,1062000,5.950156102,1062000,5.085861868,1062000,5.119334519,1062000,29.70842025,1062000,0,1062000,0,1062000,0,1062000,0,1062000,0,1062000,0,1062000,0,1062000,0
1063200,7.807302638,1063200,3.856877421,1063200,9.240571019,1063200,29.22380377,1063200,16.55481557,1063200,16.56814971,1063200,5.939946137,1063200,5.077774324,1063200,5.111211195,1063200,29.70192283,1063200,0,1063200,0,1063200,0,1063200,0,1063200,0,1063200,0,1063200,0,1063200,0
1064400,7.797215255,1064400,3.764722201,1064400,9.212585402,1064400,29.21719931,1064400,16.54767482,1064400,16.56090233,1064400,5.932934116,1064400,5.070433858,1064400,5.103826032,1064400,29.69496119,1064400,0,1064400,0,1064400,0,1064400,0,1064400,0,1064400,0,1064400,0,1064400,0
1065600,7.794695926,1065600,3.734361594,1065600,9.208020239,1065600,29.21561321,1065600,16.54624092,1065600,16.5594289,1065600,5.931863519,1065600,5.069195189,1065600,5.102592242,1065600,29.69360998,1065600,0,1065600,0,1065600,0,1065600,0,1065600,0,1065600,0,1065600,0,1065600,0
1066800,7.787929499,1066800,3.721636626,1066800,9.219385131,1066800,29.21022946,1066800,16.54019827,1066800,16.55343654,1066800,5.925343713,1066800,5.063730018,1066800,5.097158269,1066800,29.68788152,1066800,0,1066800,0,1066800,0,1066800,0,1066800,0,1066800,0,1066800,0,1066800,0
1068000,7.78078776,1068000,3.796423505,1068000,9.221980427,1068000,29.2084292,1068000,16.53658316,1068000,16.54994504,1068000,5.91952392,1068000,5.059810869,1068000,5.093252825,1068000,29.68431977,1068000,0,1068000,0,1068000,0,1068000,0,1068000,0,1068000,0,1068000,0,1068000,0
1069200,7.772693163,1069200,3.823105703,1069200,9.213092497,1069200,29.20399056,1069200,16.5296594,1069200,16.54319026,1069200,5.909829181,1069200,5.051708768,1069200,5.085127579,1069200,29.67728315,1069200,0,1069200,0,1069200,0,1069200,0,1069200,0,1069200,0,1069200,0,1069200,0
1070400,7.762984492,1070400,3.775245037,1070400,9.20273209,1070400,29.19789136,1070400,16.52261797,1070400,16.53626789,1070400,5.903352518,1070400,5.044412586,1070400,5.077804696,1070400,29.66999993,1070400,0,1070400,0,1070400,0,1070400,0,1070400,0,1070400,0,1070400,0,1070400,0
1071600,7.757354793,1071600,3.782162649,1071600,9.209493944,1071600,29.1941706,1071600,16.51844734,1071600,16.53212065,1071600,5.900464697,1071600,5.040583549,1071600,5.07399128,1071600,29.66567151,1071600,0,1071600,0,1071600,0,1071600,0,1071600,0,1071600,0,1071600,0,1071600,0
1072800,7.755134421,1072800,3.799386615,1072800,9.211014448,1072800,29.19337097,1072800,16.51747742,1072800,16.53113468,1072800,5.8992086,1072800,5.039622569,1072800,5.073033563,1072800,29.6646293,1072800,0,1072800,0,1072800,0,1072800,0,1072800,0,1072800,0,1072800,0,1072800,0
1074000,7.752185722,1074000,3.833713556,1074000,9.214028542,1074000,29.1915182,1074000,16.51489824,1074000,16.52856715,1074000,5.897259903,1074000,5.037064875,1074000,5.070479226,1074000,29.66191128,1074000,0,1074000,0,1074000,0,1074000,0,1074000,0,1074000,0,1074000,0,1074000,0
1075200,7.744019801,1075200,3.861857559,1075200,9.207004021,1075200,29.18706377,1075200,16.5084491,1075200,16.5221346,1075200,5.893063834,1075200,5.030770701,1075200,5.064171673,1075200,29.65519519,1075200,0,1075200,0,1075200,0,1075200,0,1075200,0,1075200,0,1075200,0,1075200,0
1076400,7.735526286,1076400,3.804341355,1076400,9.197097092,1076400,29.18072206,1076400,16.50189961,1076400,16.5154831,1076400,5.892049043,1076400,5.025453036,1076400,5.058845419,1076400,29.64900047,1076400,0,1076400,0,1076400,0,1076400,0,1076400,0,1076400,0,1076400,0,1076400,0
1077600,7.731209964,1077600,3.803494982,1077600,9.203478071,1077600,29.17790381,1077600,16.49911704,1077600,16.51262611,1077600,5.891602765,1077600,5.023505783,1077600,5.056913667,1077600,29.64658225,1077600,0,1077600,0,1077600,0,1077600,0,1077600,0,1077600,0,1077600,0,1077600,0
1078800,7.728244173,1078800,3.833302669,1078800,9.20718975,1078800,29.17602666,1078800,16.49692251,1078800,16.51037899,1078800,5.891089036,1078800,5.021913982,1078800,5.05533531,1078800,29.64474054,1078800,0,1078800,0,1078800,0,1078800,0,1078800,0,1078800,0,1078800,0,1078800,0
1080000,7.720738251,1080000,3.849880883,1080000,9.198916232,1080000,29.17113119,1080000,16.4907325,1080000,16.50406183,1080000,5.889450465,1080000,5.017339374,1080000,5.050781292,1080000,29.63984967,1080000,0,1080000,0,1080000,0,1080000,0,1080000,0,1080000,0,1080000,0,1080000,0
1081200,7.712292197,1081200,3.746316285,1081200,9.171033847,1081200,29.16450179,1081200,16.4841476,1081200,16.49730851,1081200,5.888993767,1081200,5.013202057,1081200,5.04666558,1081200,29.6356086,1081200,0,1081200,0,1081200,0,1081200,0,1081200,0,1081200,0,1081200,0,1081200,0
1082400,7.709752081,1082400,3.716207273,1082400,9.166264275,1082400,29.16291527,1082400,16.48281635,1082400,16.49592976,1082400,5.88867748,1082400,5.012495562,1082400,5.045972771,1082400,29.63488567,1082400,0,1082400,0,1082400,0,1082400,0,1082400,0,1082400,0,1082400,0,1082400,0
1083600,7.703417068,1083600,3.703412246,1083600,9.17955901,1083600,29.15738092,1083600,16.47693759,1083600,16.49007028,1083600,5.885042709,1083600,5.009018723,1083600,5.04256848,1083600,29.63173638,1083600,0,1083600,0,1083600,0,1083600,0,1083600,0,1083600,0,1083600,0,1083600,0
1084800,7.696653853,1084800,3.778537513,1084800,9.18211683,1084800,29.15561955,1084800,16.47362656,1084800,16.48683612,1084800,5.880567772,1084800,5.006300721,1084800,5.03988413,1084800,29.62991506,1084800,0,1084800,0,1084800,0,1084800,0,1084800,0,1084800,0,1084800,0,1084800,0
1086000,7.689392736,1086000,3.802842093,1086000,9.175122404,1086000,29.1512974,1086000,16.4672859,1086000,16.48058699,1086000,5.872587384,1086000,5.000330128,1086000,5.033916539,1086000,29.62615576,1086000,0,1086000,0,1086000,0,1086000,0,1086000,0,1086000,0,1086000,0,1086000,0
1087200,7.681499303,1087200,3.757430977,1087200,9.166396939,1087200,29.14619303,1087200,16.46164986,1087200,16.47503112,1087200,5.867707269,1087200,4.995581908,1087200,5.029158655,1087200,29.62241962,1087200,0,1087200,0,1087200,0,1087200,0,1087200,0,1087200,0,1087200,0,1087200,0
1088400,7.676685501,1088400,3.764933675,1088400,9.174888919,1088400,29.14255244,1088400,16.45767145,1088400,16.47109422,1088400,5.865190645,1088400,4.992610556,1088400,5.026209752,1088400,29.61958513,1088400,0,1088400,0,1088400,0,1088400,0,1088400,0,1088400,0,1088400,0,1088400,0
1089600,7.674190595,1089600,3.787099117,1089600,9.176536891,1089600,29.14158598,1089600,16.45653672,1089600,16.46993564,1089600,5.863841583,1089600,4.991686916,1089600,5.025292576,1089600,29.61872299,1089600,0,1089600,0,1089600,0,1089600,0,1089600,0,1089600,0,1089600,0,1089600,0
1090800,7.672141026,1090800,3.813924688,1090800,9.179754031,1090800,29.14014107,1090800,16.45466028,1090800,16.46805781,1090800,5.862567472,1090800,4.990152347,1090800,5.023764075,1090800,29.6173187,1090800,0,1090800,0,1090800,0,1090800,0,1090800,0,1090800,0,1090800,0,1090800,0
1092000,7.665056597,1092000,3.843162187,1092000,9.173389497,1092000,29.13569685,1092000,16.44871818,1092000,16.46207453,1092000,5.8590473,1092000,4.985404614,1092000,5.019014398,1092000,29.61286434,1092000,0,1092000,0,1092000,0,1092000,0,1092000,0,1092000,0,1092000,0,1092000,0
1093200,7.658254628,1093200,3.789067469,1093200,9.165779414,1093200,29.13052289,1093200,16.44350433,1093200,16.4567648,1093200,5.858564149,1093200,4.982043975,1093200,5.015650866,1093200,29.60925409,1093200,0,1093200,0,1093200,0,1093200,0,1093200,0,1093200,0,1093200,0,1093200,0
1094400,7.654730516,1094400,3.788089511,1094400,9.172665802,1094400,29.12779776,1094400,16.4408752,1094400,16.45407416,1094400,5.858408813,1094400,4.980619759,1094400,5.014243114,1094400,29.60755132,1094400,0,1094400,0,1094400,0,1094400,0,1094400,0,1094400,0,1094400,0,1094400,0
1095600,7.652418808,1095600,3.809791539,1095600,9.176223227,1095600,29.12641054,1095600,16.43931651,1095600,16.45247622,1095600,5.858213234,1095600,4.979752535,1095600,5.013387706,1095600,29.60658039,1095600,0,1095600,0,1095600,0,1095600,0,1095600,0,1095600,0,1095600,0,1095600,0
1096800,7.646012172,1096800,3.831868714,1096800,9.169097706,1096800,29.12154477,1096800,16.43358836,1096800,16.44657923,1096800,5.857227243,1096800,4.976499572,1096800,5.010164143,1096800,29.60323047,1096800,0,1096800,0,1096800,0,1096800,0,1096800,0,1096800,0,1096800,0,1096800,0
1098000,7.638320238,1098000,3.723440935,1098000,9.14166892,1098000,29.11517279,1098000,16.42745523,1098000,16.44025205,1098000,5.857207918,1098000,4.973566625,1098000,5.007256973,1098000,29.60041263,1098000,0,1098000,0,1098000,0,1098000,0,1098000,0,1098000,0,1098000,0,1098000,0
1099200,7.63587571,1099200,3.688317698,1099200,9.136284869,1099200,29.11331811,1099200,16.42592783,1099200,16.43867148,1099200,5.856935701,1099200,4.972963001,1099200,5.006670128,1099200,29.59983915,1099200,0,1099200,0,1099200,0,1099200,0,1099200,0,1099200,0,1099200,0,1099200,0
1100400,7.629717102,1100400,3.683967791,1100400,9.149664594,1100400,29.10786267,1100400,16.4201972,1100400,16.43295401,1100400,5.853153089,1100400,4.970266421,1100400,5.004051383,1100400,29.59771287,1100400,0,1100400,0,1100400,0,1100400,0,1100400,0,1100400,0,1100400,0,1100400,0
1101600,7.623751891,1101600,3.754166955,1101600,9.152186543,1101600,29.10628816,1101600,16.41735476,1101600,16.43014898,1101600,5.849015837,1101600,4.968188657,1101600,5.002003611,1101600,29.5965917,1101600,0,1101600,0,1101600,0,1101600,0,1101600,0,1101600,0,1101600,0,1101600,0
1102800,7.617165058,1102800,3.779415024,1102800,9.145009198,1102800,29.1021111,1102800,16.41142361,1102800,16.42424037,1102800,5.840987208,1102800,4.96309326,1102800,4.996904973,1102800,29.59391757,1102800,0,1102800,0,1102800,0,1102800,0,1102800,0,1102800,0,1102800,0,1102800,0
1104000,7.609125344,1104000,3.688354686,1104000,9.117808913,1104000,29.09587777,1104000,16.40515673,1104000,16.41790105,1104000,5.835303453,1104000,4.958415186,1104000,4.992208499,1104000,29.5905238,1104000,0,1104000,0,1104000,0,1104000,0,1104000,0,1104000,0,1104000,0,1104000,0
1105200,7.606905939,1105200,3.654339902,1105200,9.113300499,1105200,29.09418815,1105200,16.40371044,1105200,16.41641557,1105200,5.834334072,1105200,4.957542262,1105200,4.991344018,1105200,29.58971059,1105200,0,1105200,0,1105200,0,1105200,0,1105200,0,1105200,0,1105200,0,1105200,0
1106400,7.601377595,1106400,3.639569408,1106400,9.125432881,1106400,29.08929769,1106400,16.39854151,1106400,16.41131489,1106400,5.828364227,1106400,4.954037376,1106400,4.987877331,1106400,29.58664276,1106400,0,1106400,0,1106400,0,1106400,0,1106400,0,1106400,0,1106400,0,1106400,0
1107600,7.595181274,1107600,3.718021485,1107600,9.129123618,1107600,29.08762266,1107600,16.39502656,1107600,16.40797688,1107600,5.822311172,1107600,4.950950726,1107600,4.984808369,1107600,29.58438547,1107600,0,1107600,0,1107600,0,1107600,0,1107600,0,1107600,0,1107600,0,1107600,0
1108800,7.588375607,1108800,3.741307121,1108800,9.120746872,1108800,29.0835697,1108800,16.388872,1108800,16.4020647,1108800,5.812693579,1108800,4.944755524,1108800,4.978593088,1108800,29.57996704,1108800,0,1108800,0,1108800,0,1108800,0,1108800,0,1108800,0,1108800,0,1108800,0
1110000,7.580570792,1110000,3.695034849,1110000,9.111794334,1110000,29.07779142,1110000,16.38251746,1110000,16.39587279,1110000,5.806346531,1110000,4.939204122,1110000,4.973014846,1110000,29.57491028,1110000,0,1110000,0,1110000,0,1110000,0,1110000,0,1110000,0,1110000,0,1110000,0
1111200,7.576072585,1111200,3.699301495,1111200,9.118521209,1111200,29.0744427,1111200,16.37899563,1111200,16.39237122,1111200,5.803485166,1111200,4.93645178,1111200,4.970273314,1111200,29.57188212,1111200,0,1111200,0,1111200,0,1111200,0,1111200,0,1111200,0,1111200,0,1111200,0
1112400,7.574032788,1112400,3.719367954,1112400,9.120733444,1112400,29.07348198,1112400,16.37785984,1112400,16.39122145,1112400,5.802061169,1112400,4.935506362,1112400,4.969330201,1112400,29.57088695,1112400,0,1112400,0,1112400,0,1112400,0,1112400,0,1112400,0,1112400,0,1112400,0
1113600,7.567857998,1113600,3.754566051,1113600,9.111955207,1113600,29.0685563,1113600,16.37188914,1113600,16.38511462,1113600,5.797138493,1113600,4.930455778,1113600,4.964272145,1113600,29.56566153,1113600,0,1113600,0,1113600,0,1113600,0,1113600,0,1113600,0,1113600,0,1113600,0
1114800,7.560003433,1114800,3.642921941,1114800,9.083641318,1114800,29.06220796,1114800,16.36554524,1114800,16.37857468,1114800,5.793464003,1114800,4.925789706,1114800,4.959587106,1114800,29.56066985,1114800,0,1114800,0,1114800,0,1114800,0,1114800,0,1114800,0,1114800,0,1114800,0
1116000,7.557670455,1116000,3.608867712,1116000,9.077834997,1116000,29.060379,1116000,16.36396255,1116000,16.37695353,1116000,5.792837875,1116000,4.924810887,1116000,4.958615453,1116000,29.55956898,1116000,0,1116000,0,1116000,0,1116000,0,1116000,0,1116000,0,1116000,0,1116000,0
1117200,7.55155212,1117200,3.611353919,1117200,9.090174776,1117200,29.05494694,1117200,16.35803859,1117200,16.37107284,1117200,5.786869947,1117200,4.920732275,1117200,4.954582695,1117200,29.55541112,1117200,0,1117200,0,1117200,0,1117200,0,1117200,0,1117200,0,1117200,0,1117200,0
1118400,7.54581867,1118400,3.68391591,1118400,9.092595412,1118400,29.05342761,1118400,16.35522814,1118400,16.3683036,1118400,5.782212176,1118400,4.918085316,1118400,4.951950122,1118400,29.55329898,1118400,0,1118400,0,1118400,0,1118400,0,1118400,0,1118400,0,1118400,0,1118400,0
1119600,7.539357291,1119600,3.715196247,1119600,9.084366399,1119600,29.04919928,1119600,16.34911038,1119600,16.36219927,1119600,5.772892879,1119600,4.911643181,1119600,4.945472078,1119600,29.54838381,1119600,0,1119600,0,1119600,0,1119600,0,1119600,0,1119600,0,1119600,0,1119600,0
1120800,7.531484171,1120800,3.622786596,1120800,9.056951843,1120800,29.04295052,1120800,16.34267916,1120800,16.35569966,1120800,5.766650514,1120800,4.90579631,1120800,4.939575218,1120800,29.54291721,1120800,0,1120800,0,1120800,0,1120800,0,1120800,0,1120800,0,1120800,0,1120800,0
1122000,7.529505752,1122000,3.592426755,1122000,9.052499911,1122000,29.0414225,1122000,16.34134259,1122000,16.35433142,1122000,5.765689985,1122000,4.904820622,1122000,4.938602772,1122000,29.54182758,1122000,0,1122000,0,1122000,0,1122000,0,1122000,0,1122000,0,1122000,0,1122000,0
1123200,7.524063863,1123200,3.580143158,1123200,9.064318676,1123200,29.036375,1123200,16.33592995,1123200,16.34899493,1123200,5.759718889,1123200,4.900503002,1123200,4.934308789,1123200,29.53724046,1123200,0,1123200,0,1123200,0,1123200,0,1123200,0,1123200,0,1123200,0,1123200,0
1124400,7.518233272,1124400,3.656256615,1124400,9.067271521,1124400,29.03474307,1124400,16.33261957,1124400,16.34582799,1124400,5.754201369,1124400,4.897245775,1124400,4.931060145,1124400,29.53431647,1124400,0,1124400,0,1124400,0,1124400,0,1124400,0,1124400,0,1124400,0,1124400,0
1125600,7.511730335,1125600,3.68241349,1125600,9.058709645,1125600,29.03064384,1125600,16.32637389,1125600,16.33977981,1125600,5.745036829,1125600,4.890389339,1125600,4.92416977,1125600,29.52845595,1125600,0,1125600,0,1125600,0,1125600,0,1125600,0,1125600,0,1125600,0,1125600,0
1126800,7.504110425,1126800,3.635410374,1126800,9.048841302,1126800,29.02485223,1126800,16.31994964,1126800,16.33349443,1126800,5.739093172,1126800,4.884265859,1126800,4.918007877,1126800,29.52223494,1126800,0,1126800,0,1126800,0,1126800,0,1126800,0,1126800,0,1126800,0,1126800,0
1128000,7.499642007,1128000,3.642393007,1128000,9.05573981,1128000,29.02132089,1128000,16.31619002,1128000,16.3297596,1128000,5.736511369,1128000,4.88109753,1128000,4.914848036,1128000,29.51847999,1128000,0,1128000,0,1128000,0,1128000,0,1128000,0,1128000,0,1128000,0,1128000,0
1129200,7.497842296,1129200,3.659590208,1129200,9.057486596,1129200,29.02056109,1129200,16.31528666,1129200,16.32884283,1129200,5.735362938,1129200,4.880297667,1129200,4.914049593,1129200,29.51757425,1129200,0,1129200,0,1129200,0,1129200,0,1129200,0,1129200,0,1129200,0,1129200,0
1130400,7.495296148,1130400,3.695843543,1130400,9.061213689,1130400,29.0187168,1130400,16.31280821,1130400,16.32637945,1130400,5.733475401,1130400,4.877998768,1130400,4.911748968,1130400,29.5150298,1130400,0,1130400,0,1130400,0,1130400,0,1130400,0,1130400,0,1130400,0,1130400,0
1131600,7.488833324,1131600,3.722787272,1131600,9.054751851,1131600,29.01461251,1131600,16.30699022,1131600,16.32059848,1131600,5.729917883,1131600,4.872777512,1131600,4.906501813,1131600,29.50920472,1131600,0,1131600,0,1131600,0,1131600,0,1131600,0,1131600,0,1131600,0,1131600,0
1132800,7.482324714,1132800,3.666984657,1132800,9.045591207,1132800,29.00860268,1132800,16.30112848,1132800,16.31464624,1132800,5.729579274,1132800,4.868509828,1132800,4.902215786,1132800,29.50383693,1132800,0,1132800,0,1132800,0,1132800,0,1132800,0,1132800,0,1132800,0,1132800,0
1134000,7.478971854,1134000,3.666307475,1134000,9.052129365,1134000,29.00591711,1134000,16.29860134,1134000,16.31204984,1134000,5.72947131,1134000,4.867004595,1134000,4.900721934,1134000,29.5017582,1134000,0,1134000,0,1134000,0,1134000,0,1134000,0,1134000,0,1134000,0,1134000,0
1135200,7.476616392,1135200,3.697059046,1135200,9.05616266,1135200,29.00415722,1135200,16.29666478,1135200,16.31006166,1135200,5.729248042,1135200,4.865770237,1135200,4.899497481,1135200,29.5001887,1135200,0,1135200,0,1135200,0,1135200,0,1135200,0,1135200,0,1135200,0,1135200,0
1136400,7.470759657,1136400,3.7137871,1136400,9.048543459,1136400,28.99958039,1136400,16.29110547,1136400,16.30438583,1136400,5.728420575,1136400,4.862205339,1136400,4.89594319,1136400,29.4960685,1136400,0,1136400,0,1136400,0,1136400,0,1136400,0,1136400,0,1136400,0,1136400,0
1137600,7.464242091,1137600,3.611688234,1137600,9.021052363,1137600,28.99326698,1137600,16.28520769,1137600,16.29832027,1137600,5.728803218,1137600,4.859054763,1137600,4.892804543,1137600,29.49257647,1137600,0,1137600,0,1137600,0,1137600,0,1137600,0,1137600,0,1137600,0,1137600,0
1138800,7.462275317,1138800,3.581382388,1138800,9.016506919,1138800,28.99173184,1138800,16.28397157,1138800,16.29703821,1138800,5.728673732,1138800,4.858531834,1138800,4.892293505,1138800,29.49199107,1138800,0,1138800,0,1138800,0,1138800,0,1138800,0,1138800,0,1138800,0,1138800,0
1140000,7.457124735,1140000,3.567708741,1140000,9.029718517,1140000,28.98646369,1140000,16.27867101,1140000,16.2917563,1140000,5.725763226,1140000,4.855874144,1140000,4.889700348,1140000,29.48945863,1140000,0,1140000,0,1140000,0,1140000,0,1140000,0,1140000,0,1140000,0,1140000,0
1141200,7.451587532,1141200,3.641252404,1141200,9.032714351,1141200,28.98485943,1141200,16.27565967,1141200,16.28882962,1141200,5.721794504,1141200,4.853642776,1141200,4.887498078,1141200,29.48800715,1141200,0,1141200,0,1141200,0,1141200,0,1141200,0,1141200,0,1141200,0,1141200,0
1142400,7.445771376,1142400,3.667593758,1142400,9.02543764,1142400,28.98085417,1142400,16.26998542,1142400,16.28325816,1142400,5.71456925,1142400,4.848604522,1142400,4.882455859,1142400,29.48496902,1142400,0,1142400,0,1142400,0,1142400,0,1142400,0,1142400,0,1142400,0,1142400,0
1143600,7.439352255,1143600,3.619761345,1143600,9.016926287,1143600,28.97570901,1143600,16.26457286,1143600,16.27793675,1143600,5.710200364,1143600,4.84441176,1143600,4.878247209,1143600,29.48166205,1143600,0,1143600,0,1143600,0,1143600,0,1143600,0,1143600,0,1143600,0,1143600,0
1144800,7.435555234,1144800,3.627424432,1144800,9.025155641,1144800,28.97233749,1144800,16.26111132,1144800,16.27451161,1144800,5.708137927,1144800,4.842061852,1144800,4.875915276,1144800,29.479318,1144800,0,1144800,0,1144800,0,1144800,0,1144800,0,1144800,0,1144800,0,1144800,0
1146000,7.433979165,1146000,3.642321686,1146000,9.026333591,1146000,28.97170704,1146000,16.26039351,1146000,16.27378213,1146000,5.707252196,1146000,4.841545132,1146000,4.875402104,1146000,29.47881963,1146000,0,1146000,0,1146000,0,1146000,0,1146000,0,1146000,0,1146000,0,1146000,0
1147200,7.432255603,1147200,3.672995082,1147200,9.029763399,1147200,28.97026168,1147200,16.25860404,1147200,16.2719979,1147200,5.706027696,1147200,4.840185427,1147200,4.874047483,1147200,29.4775378,1147200,0,1147200,0,1147200,0,1147200,0,1147200,0,1147200,0,1147200,0,1147200,0
1148400,7.426526893,1148400,3.702667505,1148400,9.023514982,1148400,28.96611529,1148400,16.25319614,1148400,16.26657526,1148400,5.702840412,1148400,4.83620035,1148400,4.870054155,1148400,29.47372708,1148400,0,1148400,0,1148400,0,1148400,0,1148400,0,1148400,0,1148400,0,1148400,0
1149600,7.420933649,1149600,3.645550776,1149600,9.015201419,1149600,28.96078085,1149600,16.24814612,1149600,16.26143098,1149600,5.702465945,1149600,4.833198881,1149600,4.867040346,1149600,29.47041171,1149600,0,1149600,0,1149600,0,1149600,0,1149600,0,1149600,0,1149600,0,1149600,0
1150800,7.418024657,1150800,3.645068278,1150800,9.022117939,1150800,28.95813749,1150800,16.24571696,1150800,16.25894218,1150800,5.702336221,1150800,4.832034125,1150800,4.865887613,1150800,29.46894684,1150800,0,1150800,0,1150800,0,1150800,0,1150800,0,1150800,0,1150800,0,1150800,0
1152000,7.415987353,1152000,3.671091824,1152000,9.026128049,1152000,28.95662307,1152000,16.24411399,1152000,16.25729339,1152000,5.702051298,1152000,4.831199156,1152000,4.865062596,1152000,29.46798656,1152000,0,1152000,0,1152000,0,1152000,0,1152000,0,1152000,0,1152000,0,1152000,0
1153200,7.410802589,1153200,3.691169939,1153200,9.018854538,1153200,28.95208432,1153200,16.23888976,1153200,16.25192706,1153200,5.701013297,1153200,4.82842246,1153200,4.862300495,1153200,29.46511528,1153200,0,1153200,0,1153200,0,1153200,0,1153200,0,1153200,0,1153200,0,1153200,0
1154400,7.404830089,1154400,3.584887299,1154400,8.991750019,1154400,28.94595916,1154400,16.23330845,1154400,16.2461684,1154400,5.701030242,1154400,4.825936767,1154400,4.859826401,1154400,29.46266157,1154400,0,1154400,0,1154400,0,1154400,0,1154400,0,1154400,0,1154400,0,1154400,0
1155600,7.402865118,1155600,3.549543756,1155600,8.986294354,1155600,28.94415091,1155600,16.23187365,1155600,16.24468238,1155600,5.700796073,1155600,4.825432898,1155600,4.859336596,1155600,29.46215237,1155600,0,1155600,0,1155600,0,1155600,0,1155600,0,1155600,0,1155600,0,1155600,0
1156800,7.397780072,1156800,3.543305877,1156800,8.99978229,1156800,28.93890333,1156800,16.22662783,1156800,16.23944691,1156800,5.697141633,1156800,4.823109662,1156800,4.857080104,1156800,29.46025522,1156800,0,1156800,0,1156800,0,1156800,0,1156800,0,1156800,0,1156800,0,1156800,0
1158000,7.392781766,1158000,3.611338098,1158000,9.002351434,1158000,28.93744716,1158000,16.22400233,1158000,16.23686428,1158000,5.693113567,1158000,4.821227056,1158000,4.855221622,1158000,29.45924132,1158000,0,1158000,0,1158000,0,1158000,0,1158000,0,1158000,0,1158000,0,1158000,0
1159200,7.387400099,1159200,3.638383,1159200,8.99530007,1159200,28.93355992,1159200,16.21862115,1159200,16.2315135,1159200,5.685223203,1159200,4.816523827,1159200,4.850505227,1159200,29.45677666,1159200,0,1159200,0,1159200,0,1159200,0,1159200,0,1159200,0,1159200,0,1159200,0
1160400,7.38097795,1160400,3.546771626,1160400,8.968281324,1160400,28.92754604,1160400,16.21285281,1160400,16.22567127,1160400,5.679715659,1160400,4.812187886,1160400,4.846141259,1160400,29.45356158,1160400,0,1160400,0,1160400,0,1160400,0,1160400,0,1160400,0,1160400,0,1160400,0
1161600,7.379248324,1161600,3.515025201,1161600,8.964027362,1161600,28.9259882,1161600,16.2116077,1161600,16.22438516,1161600,5.678834913,1161600,4.811419833,1161600,4.84537894,1161600,29.45281807,1161600,0,1161600,0,1161600,0,1161600,0,1161600,0,1161600,0,1161600,0,1161600,0
1162800,7.374547682,1162800,3.498755846,1162800,8.976757346,1162800,28.92116754,1162800,16.20669219,1162800,16.21954325,1162800,5.672956718,1162800,4.808069576,1162800,4.842058767,1162800,29.44978126,1162800,0,1162800,0,1162800,0,1162800,0,1162800,0,1162800,0,1162800,0,1162800,0
1164000,7.369123201,1164000,3.580876133,1164000,8.980982664,1164000,28.91962615,1164000,16.20332253,1164000,16.21637353,1164000,5.666776016,1164000,4.804973598,1164000,4.838974846,1164000,29.44746417,1164000,0,1164000,0,1164000,0,1164000,0,1164000,0,1164000,0,1164000,0,1164000,0
1165200,7.36357969,1165200,3.605067982,1165200,8.973366699,1165200,28.91585679,1165200,16.19769736,1165200,16.21101645,1165200,5.657589933,1165200,4.799050898,1165200,4.833020387,1165200,29.4431263,1165200,0,1165200,0,1165200,0,1165200,0,1165200,0,1165200,0,1165200,0,1165200,0
1166400,7.357438397,1166400,3.560132497,1166400,8.96496411,1166400,28.91033665,1166400,16.19193622,1166400,16.20542245,1166400,5.651903541,1166400,4.793843543,1166400,4.827777595,1166400,29.43813357,1166400,0,1166400,0,1166400,0,1166400,0,1166400,0,1166400,0,1166400,0,1166400,0
1167600,7.35389818,1167600,3.565541198,1167600,8.972068133,1167600,28.90718532,1167600,16.18876789,1167600,16.20227278,1167600,5.649556217,1167600,4.791357954,1167600,4.825298672,1167600,29.43521143,1167600,0,1167600,0,1167600,0,1167600,0,1167600,0,1167600,0,1167600,0,1167600,0
1168800,7.352247497,1168800,3.586138419,1168800,8.974433149,1168800,28.90627357,1168800,16.18776682,1168800,16.20125475,1168800,5.648336249,1168800,4.790492406,1168800,4.82443423,1168800,29.43423928,1168800,0,1168800,0,1168800,0,1168800,0,1168800,0,1168800,0,1168800,0,1168800,0
1170000,7.347283978,1170000,3.621668334,1170000,8.966278776,1170000,28.90160308,1170000,16.18234157,1170000,16.19569226,1170000,5.644328019,1170000,4.785887269,1170000,4.819815821,1170000,29.42916306,1170000,0,1170000,0,1170000,0,1170000,0,1170000,0,1170000,0,1170000,0,1170000,0
1171200,7.341045395,1171200,3.511566081,1171200,8.93842883,1171200,28.89552219,1171200,16.17659933,1171200,16.18974526,1171200,5.64165904,1171200,4.781705406,1171200,4.81561063,1171200,29.42438893,1171200,0,1171200,0,1171200,0,1171200,0,1171200,0,1171200,0,1171200,0,1171200,0
1172400,7.339193515,1172400,3.477732679,1172400,8.932825941,1172400,28.89374657,1172400,16.17512018,1172400,16.18822694,1172400,5.641266294,1172400,4.780845161,1172400,4.814756845,1172400,29.42335068,1172400,0,1172400,0,1172400,0,1172400,0,1172400,0,1172400,0,1172400,0,1172400,0
1173600,7.334100856,1173600,3.480541993,1173600,8.945879776,1173600,28.88855208,1173600,16.16972482,1173600,16.18286649,1173600,5.636197,1173600,4.777233136,1173600,4.811188089,1173600,29.41945652,1173600,0,1173600,0,1173600,0,1173600,0,1173600,0,1173600,0,1173600,0,1173600,0
1174800,7.329399147,1174800,3.550248508,1174800,8.948178961,1174800,28.88722261,1174800,16.16725637,1174800,16.18043792,1174800,5.63223326,1174800,4.774945088,1174800,4.808912994,1174800,29.41759056,1174800,0,1174800,0,1174800,0,1174800,0,1174800,0,1174800,0,1174800,0,1174800,0
1176000,7.324106189,1176000,3.584099101,1176000,8.940365453,1176000,28.88324327,1176000,16.16171966,1176000,16.17490434,1176000,5.623825756,1176000,4.769079324,1176000,4.803012109,1176000,29.4130699,1176000,0,1176000,0,1176000,0,1176000,0,1176000,0,1176000,0,1176000,0,1176000,0
1177200,7.317730134,1177200,3.491552428,1177200,8.913056687,1177200,28.87724093,1177200,16.15581464,1177200,16.16891897,1177200,5.618397992,1177200,4.763777836,1177200,4.79765962,1177200,29.40805259,1177200,0,1177200,0,1177200,0,1177200,0,1177200,0,1177200,0,1177200,0,1177200,0
1178400,7.316144019,1178400,3.461285699,1178400,8.908764848,1178400,28.87576387,1178400,16.1546087,1178400,16.16767679,1178400,5.617575832,1178400,4.762903618,1178400,4.796788152,1178400,29.40705049,1178400,0,1178400,0,1178400,0,1178400,0,1178400,0,1178400,0,1178400,0,1178400,0
1179600,7.311726617,1179600,3.446900695,1179600,8.920599658,1179600,28.87106594,1179600,16.14979422,1179600,16.16292814,1179600,5.612370866,1179600,4.759165003,1179600,4.793070606,1179600,29.40299453,1179600,0,1179600,0,1179600,0,1179600,0,1179600,0,1179600,0,1179600,0,1179600,0
1180800,7.306845846,1180800,3.523345802,1180800,8.923967199,1180800,28.86957197,1180800,16.14678056,1180800,16.1600553,1180800,5.607238213,1180800,4.756192727,1180800,4.790106648,1180800,29.40030942,1180800,0,1180800,0,1180800,0,1180800,0,1180800,0,1180800,0,1180800,0,1180800,0
1182000,7.301403443,1182000,3.550501918,1182000,8.915308272,1182000,28.86567914,1182000,16.141023,1182000,16.15449549,1182000,5.598630349,1182000,4.74986727,1182000,4.783747646,1182000,29.39492562,1182000,0,1182000,0,1182000,0,1182000,0,1182000,0,1182000,0,1182000,0,1182000,0
1183200,7.295196462,1183200,3.503936129,1183200,8.905944682,1183200,28.86011417,1183200,16.13513198,1183200,16.14873391,1183200,5.5931882,1183200,4.744215684,1183200,4.778055256,1183200,29.38918024,1183200,0,1183200,0,1183200,0,1183200,0,1183200,0,1183200,0,1183200,0,1183200,0
1184400,7.291510721,1184400,3.511113001,1184400,8.913057711,1184400,28.8567126,1184400,16.13164208,1184400,16.14526377,1184400,5.590827492,1184400,4.741308168,1184400,4.775153831,1184400,29.38569174,1184400,0,1184400,0,1184400,0,1184400,0,1184400,0,1184400,0,1184400,0,1184400,0
1185600,7.289767008,1185600,3.532487664,1185600,8.915151254,1185600,28.85579782,1185600,16.13061809,1185600,16.14421838,1185600,5.589578762,1185600,4.740368257,1185600,4.774214892,1185600,29.38461813,1185600,0,1185600,0,1185600,0,1185600,0,1185600,0,1185600,0,1185600,0,1185600,0
1186800,7.28487239,1186800,3.568987765,1186800,8.906687773,1186800,28.85104716,1186800,16.12508217,1186800,16.13851459,1186800,5.5857431,1186800,4.735380833,1186800,4.769211902,1186800,29.37903677,1186800,0,1186800,0,1186800,0,1186800,0,1186800,0,1186800,0,1186800,0,1186800,0
1188000,7.278686986,1188000,3.457738972,1188000,8.87865326,1188000,28.8448804,1188000,16.11924929,1188000,16.13244923,1188000,5.583195707,1188000,4.730875085,1188000,4.764680274,1188000,29.37384711,1188000,0,1188000,0,1188000,0,1188000,0,1188000,0,1188000,0,1188000,0,1188000,0
1189200,7.276900997,1189200,3.424048878,1189200,8.872948661,1189200,28.84309819,1189200,16.1177465,1189200,16.13090809,1189200,5.582894502,1189200,4.729953009,1189200,4.76376494,1189200,29.37272903,1189200,0,1189200,0,1189200,0,1189200,0,1189200,0,1189200,0,1189200,0,1189200,0
1190400,7.271656404,1190400,3.430859135,1190400,8.886538032,1190400,28.83764275,1190400,16.11203462,1190400,16.12521357,1190400,5.577784862,1190400,4.725943961,1190400,4.759803783,1190400,29.36836831,1190400,0,1190400,0,1190400,0,1190400,0,1190400,0,1190400,0,1190400,0,1190400,0
1191600,7.26675597,1191600,3.506244685,1191600,8.889059788,1191600,28.83617777,1191600,16.10938925,1191600,16.12258144,1191600,5.573713828,1191600,4.723377391,1191600,4.757251165,1191600,29.36625762,1191600,0,1191600,0,1191600,0,1191600,0,1191600,0,1191600,0,1191600,0,1191600,0
1192800,7.261580915,1192800,3.539132908,1192800,8.882477821,1192800,28.83216475,1192800,16.10387819,1192800,16.11701634,1192800,5.565715464,1192800,4.717303347,1192800,4.751136779,1192800,29.36151617,1192800,0,1192800,0,1192800,0,1192800,0,1192800,0,1192800,0,1192800,0,1192800,0
1194000,7.255505579,1194000,3.448084111,1194000,8.855598508,1194000,28.82617576,1194000,16.09800584,1194000,16.11104259,1194000,5.56108912,1194000,4.711959434,1194000,4.74574193,1194000,29.3563407,1194000,0,1194000,0,1194000,0,1194000,0,1194000,0,1194000,0,1194000,0,1194000,0
1195200,7.254049009,1195200,3.418119059,1195200,8.851569663,1195200,28.82470943,1195200,16.0968068,1195200,16.10980788,1195200,5.5604532,1195200,4.711100185,1195200,4.744886908,1195200,29.35532666,1195200,0,1195200,0,1195200,0,1195200,0,1195200,0,1195200,0,1195200,0,1195200,0
1196400,7.249656896,1196400,3.408538534,1196400,8.864165061,1196400,28.81986421,1196400,16.09184568,1196400,16.10490092,1196400,5.555964118,1196400,4.707320463,1196400,4.741136327,1196400,29.35110415,1196400,0,1196400,0,1196400,0,1196400,0,1196400,0,1196400,0,1196400,0,1196400,0
1197600,7.244907234,1197600,3.486050303,1197600,8.867899123,1197600,28.81834284,1197600,16.08888538,1197600,16.10205189,1197600,5.551535311,1197600,4.704453174,1197600,4.738281752,1197600,29.34847476,1197600,0,1197600,0,1197600,0,1197600,0,1197600,0,1197600,0,1197600,0,1197600,0
1198800,7.239748706,1198800,3.515249012,1198800,8.860393996,1198800,28.81448418,1198800,16.08325281,1198800,16.09656657,1198800,5.544291458,1198800,4.698428146,1198800,4.732230151,1198800,29.34329594,1198800,0,1198800,0,1198800,0,1198800,0,1198800,0,1198800,0,1198800,0,1198800,0
1200000,7.234309213,1200000,3.472189013,1200000,8.85235045,1200000,28.80952037,1200000,16.0780187,1200000,16.09144544,1200000,5.540592016,1200000,4.693655134,1200000,4.727427273,1200000,29.33839503,1200000,0,1200000,0,1200000,0,1200000,0,1200000,0,1200000,0,1200000,0,1200000,0
1201200,7.231027244,1201200,3.480965074,1201200,8.860523292,1201200,28.80615598,1201200,16.07455475,1201200,16.08802559,1201200,5.53920199,1201200,4.690996093,1201200,4.724781126,1201200,29.33514184,1201200,0,1201200,0,1201200,0,1201200,0,1201200,0,1201200,0,1201200,0,1201200,0
1202400,7.229318893,1202400,3.503439151,1202400,8.862785092,1202400,28.80526132,1202400,16.07355859,1202400,16.08701037,1202400,5.538334342,1202400,4.690172675,1202400,4.723961683,1202400,29.33417129,1202400,0,1202400,0,1202400,0,1202400,0,1202400,0,1202400,0,1202400,0,1202400,0
1203600,7.227729771,1203600,3.533558642,1203600,8.866337572,1203600,28.8038345,1203600,16.07175755,1203600,16.08521497,1203600,5.537581537,1203600,4.688684501,1203600,4.722476013,1203600,29.33246144,1203600,0,1203600,0,1203600,0,1203600,0,1203600,0,1203600,0,1203600,0,1203600,0
1204800,7.22295239,1204800,3.565287155,1204800,8.86093233,1204800,28.79981473,1204800,16.06659232,1204800,16.08003316,1204800,5.536227609,1204800,4.684594791,1204800,4.718373803,1204800,29.32769042,1204800,0,1204800,0,1204800,0,1204800,0,1204800,0,1204800,0,1204800,0,1204800,0
1206000,7.21828998,1206000,3.511622367,1206000,8.852943719,1206000,28.79447753,1206000,16.06163532,1206000,16.07497583,1206000,5.537791751,1206000,4.681703541,1206000,4.71547575,1206000,29.32375523,1206000,0,1206000,0,1206000,0,1206000,0,1206000,0,1206000,0,1206000,0,1206000,0
1207200,7.21591166,1207200,3.512180271,1207200,8.860397363,1207200,28.7918918,1207200,16.05934761,1207200,16.07262199,1207200,5.53872859,1207200,4.680716457,1207200,4.714505632,1207200,29.32217943,1207200,0,1207200,0,1207200,0,1207200,0,1207200,0,1207200,0,1207200,0,1207200,0
1208400,7.214208947,1208400,3.53893336,1208400,8.864385314,1208400,28.79042317,1208400,16.05780183,1208400,16.07103145,1208400,5.539229607,1208400,4.680036822,1208400,4.713839589,1208400,29.32119103,1208400,0,1208400,0,1208400,0,1208400,0,1208400,0,1208400,0,1208400,0,1208400,0
1209600,7.20989118,1209600,3.561385718,1209600,8.857933166,1209600,28.78604722,1209600,16.05288325,1209600,16.06596956,1209600,5.540504126,1209600,4.677841369,1209600,4.711671956,1209600,29.31840194,1209600,0,1209600,0,1209600,0,1209600,0,1209600,0,1209600,0,1209600,0,1209600,0
1210800,7.205001762,1210800,3.457529611,1210800,8.831236562,1210800,28.78004267,1210800,16.04757249,1210800,16.06048283,1210800,5.542781278,1210800,4.676071682,1210800,4.709928704,1210800,29.31636069,1210800,0,1210800,0,1210800,0,1210800,0,1210800,0,1210800,0,1210800,0,1210800,0
1212000,7.203489716,1212000,3.425342614,1212000,8.82651668,1212000,28.77842199,1212000,16.04635483,1212000,16.05921601,1212000,5.543084686,1212000,4.675785774,1212000,4.709658897,1212000,29.31602913,1212000,0,1212000,0,1212000,0,1212000,0,1212000,0,1212000,0,1212000,0,1212000,0
1213200,7.199183585,1213200,3.417339682,1213200,8.840869821,1213200,28.77327141,1213200,16.0413652,1213200,16.05424145,1213200,5.541444163,1213200,4.674254105,1213200,4.70820798,1213200,29.31476546,1213200,0,1213200,0,1213200,0,1213200,0,1213200,0,1213200,0,1213200,0,1213200,0
1214400,7.194863375,1214400,3.487756193,1214400,8.843938405,1214400,28.7718943,1214400,16.03891636,1214400,16.05183887,1214400,5.538631614,1214400,4.672840105,1214400,4.706826968,1214400,29.31417599,1214400,0,1214400,0,1214400,0,1214400,0,1214400,0,1214400,0,1214400,0,1214400,0
1215600,7.190364531,1215600,3.518580983,1215600,8.837569044,1215600,28.76810628,1215600,16.033835,1215600,16.04679446,1215600,5.532818398,1215600,4.669191649,1215600,4.703185218,1215600,29.31274363,1215600,0,1215600,0,1215600,0,1215600,0,1215600,0,1215600,0,1215600,0,1215600,0
1216800,7.185112901,1216800,3.428845007,1216800,8.811327802,1216800,28.76222403,1216800,16.02842792,1216800,16.04130835,1216800,5.529521563,1216800,4.665989347,1216800,4.699973483,1216800,29.31074089,1216800,0,1216800,0,1216800,0,1216800,0,1216800,0,1216800,0,1216800,0,1216800,0
1218000,7.18367163,1218000,3.396500512,1218000,8.807045765,1218000,28.7606085,1218000,16.02716377,1218000,16.04000079,1218000,5.528991078,1218000,4.665435196,1218000,4.699429205,1218000,29.31023435,1218000,0,1218000,0,1218000,0,1218000,0,1218000,0,1218000,0,1218000,0,1218000,0
1219200,7.179609289,1219200,3.381701406,1219200,8.820508192,1219200,28.75590558,1219200,16.02254476,1219200,16.03544559,1219200,5.52473876,1219200,4.663066143,1219200,4.697104967,1219200,29.30828273,1219200,0,1219200,0,1219200,0,1219200,0,1219200,0,1219200,0,1219200,0,1219200,0
1220400,7.174948898,1220400,3.463247689,1220400,8.825094598,1220400,28.75443472,1220400,16.01934798,1220400,16.03244377,1220400,5.51973909,1220400,4.660702115,1220400,4.694763114,1220400,29.30680884,1220400,0,1220400,0,1220400,0,1220400,0,1220400,0,1220400,0,1220400,0,1220400,0
1221600,7.170287986,1221600,3.488618583,1221600,8.818241335,1221600,28.75077284,1221600,16.01408941,1221600,16.02743753,1221600,5.51232479,1221600,4.656067637,1221600,4.690114998,1221600,29.30398438,1221600,0,1221600,0,1221600,0,1221600,0,1221600,0,1221600,0,1221600,0,1221600,0
1222800,7.165261056,1222800,3.444910211,1222800,8.810547772,1222800,28.74538468,1222800,16.00864701,1222800,16.02215088,1222800,5.508271365,1222800,4.652152516,1222800,4.686181351,1222800,29.30056384,1222800,0,1222800,0,1222800,0,1222800,0,1222800,0,1222800,0,1222800,0,1222800,0
1224000,7.162336451,1224000,3.449549285,1224000,8.818178421,1224000,28.74231196,1224000,16.00569593,1224000,16.01920966,1224000,5.506767411,1224000,4.650380685,1224000,4.684424261,1224000,29.29852062,1224000,0,1224000,0,1224000,0,1224000,0,1224000,0,1224000,0,1224000,0,1224000,0
1225200,7.160756148,1225200,3.474124567,1225200,8.821675276,1225200,28.74124381,1225200,16.00453151,1225200,16.01802659,1225200,5.505744492,1225200,4.649625992,1225200,4.683674168,1225200,29.29770375,1225200,0,1225200,0,1225200,0,1225200,0,1225200,0,1225200,0,1225200,0,1225200,0
1226400,7.156609315,1226400,3.508653892,1226400,8.81397533,1226400,28.73684062,1226400,15.99951248,1226400,16.01287925,1226400,5.503107408,1226400,4.646321012,1226400,4.680368889,1226400,29.29424627,1226400,0,1226400,0,1226400,0,1226400,0,1226400,0,1226400,0,1226400,0,1226400,0
1227600,7.151609988,1227600,3.401747245,1227600,8.787627586,1227600,28.7309348,1227600,15.99413192,1227600,16.00730893,1227600,5.50195481,1227600,4.64345993,1227600,4.677498345,1227600,29.29107775,1227600,0,1227600,0,1227600,0,1227600,0,1227600,0,1227600,0,1227600,0,1227600,0
1228800,7.150112473,1228800,3.367869059,1228800,8.782022058,1228800,28.72920605,1228800,15.99277096,1228800,16.00590594,1228800,5.501886806,1228800,4.642909234,1228800,4.676957472,1228800,29.29040245,1228800,0,1228800,0,1228800,0,1228800,0,1228800,0,1228800,0,1228800,0,1228800,0
1230000,7.14578564,1230000,3.371321477,1230000,8.795923433,1230000,28.72415349,1230000,15.98769881,1230000,16.00086596,1230000,5.498141949,1230000,4.640488032,1230000,4.674591282,1230000,29.28790279,1230000,0,1230000,0,1230000,0,1230000,0,1230000,0,1230000,0,1230000,0,1230000,0
1231200,7.141787853,1231200,3.439293214,1231200,8.7987497,1231200,28.7229272,1231200,15.98548074,1231200,15.99868513,1231200,5.494954196,1231200,4.638829088,1231200,4.67295004,1231200,29.286752,1231200,0,1231200,0,1231200,0,1231200,0,1231200,0,1231200,0,1231200,0,1231200,0
1232400,7.137363189,1232400,3.47569556,1232400,8.791559106,1232400,28.71915392,1232400,15.98031303,1232400,15.9935266,1232400,5.487907124,1232400,4.634338519,1232400,4.668437601,1232400,29.28383943,1232400,0,1232400,0,1232400,0,1232400,0,1232400,0,1232400,0,1232400,0,1232400,0
1233600,7.132123173,1233600,3.383352418,1233600,8.765128642,1233600,28.71333762,1233600,15.97483983,1233600,15.98796784,1233600,5.483781066,1233600,4.630370172,1233600,4.664428908,1233600,29.28042146,1233600,0,1233600,0,1233600,0,1233600,0,1233600,0,1233600,0,1233600,0,1233600,0
1234800,7.130848053,1234800,3.353686324,1234800,8.760954506,1234800,28.71188786,1234800,15.97368395,1234800,15.98677587,1234800,5.483188189,1234800,4.629743906,1234800,4.663806963,1234800,29.27971353,1234800,0,1234800,0,1234800,0,1234800,0,1234800,0,1234800,0,1234800,0,1234800,0
1236000,7.127062266,1236000,3.339213189,1236000,8.773606513,1236000,28.70733674,1236000,15.96919704,1236000,15.98235573,1236000,5.478901317,1236000,4.627007795,1236000,4.661098135,1236000,29.27684467,1236000,0,1236000,0,1236000,0,1236000,0,1236000,0,1236000,0,1236000,0,1236000,0
1237200,7.122723595,1237200,3.417987481,1237200,8.777694159,1237200,28.70585435,1237200,15.96619474,1237200,15.97950827,1237200,5.474164491,1237200,4.624553737,1237200,4.658656537,1237200,29.2748244,1237200,0,1237200,0,1237200,0,1237200,0,1237200,0,1237200,0,1237200,0,1237200,0
1238400,7.118127774,1238400,3.443722168,1238400,8.770027822,1238400,28.70215427,1238400,15.96087788,1238400,15.97439685,1238400,5.466662349,1238400,4.619488759,1238400,4.653563667,1238400,29.27093183,1238400,0,1238400,0,1238400,0,1238400,0,1238400,0,1238400,0,1238400,0,1238400,0
1239600,7.113120084,1239600,3.398394763,1239600,8.761504997,1239600,28.69677364,1239600,15.95537997,1239600,15.96903001,1239600,5.462377062,1239600,4.615097265,1239600,4.649138376,1239600,29.26661855,1239600,0,1239600,0,1239600,0,1239600,0,1239600,0,1239600,0,1239600,0,1239600,0
1240276.875,7.110508377,1240276.875,3.406522907,1240276.875,8.769870404,1240276.875,28.69349045,1240276.875,15.95216628,1240276.875,15.96582904,1240276.875,5.460822314,1240276.875,4.612933976,1240276.875,4.646984406,1240276.875,29.26395777,1240276.875,0,1240276.875,0,1240276.875,0,1240276.875,0,1240276.875,0,1240276.875,0,1240276.875,0,1240276.875,0
