Type,Value,Type,Value,Type,Value,Type,Value,Type,Value,Type,Value
Data Source,Orbital_cold_case_9_12_25 : TMD : ACUBESAT_10_12_25_PLEASE,Data Source,Orbital_cold_case_9_12_25 : TMD : ACUBESAT_10_12_25_PLEASE,Data Source,Orbital_cold_case_9_12_25 : TMD : ACUBESAT_10_12_25_PLEASE,Data Source,Orbital_cold_case_9_12_25 : TMD : ACUBESAT_10_12_25_PLEASE,Data Source,Orbital_cold_case_9_12_25 : TMD : ACUBESAT_10_12_25_PLEASE,Data Source,Orbital_cold_case_9_12_25 : TMD : ACUBESAT_10_12_25_PLEASE
Element,Bag_2_P,Element,ISIS_BatteryPack,Element,H001_powerApplied,Element,H003_powerApplied,Element,H004_powerApplied,Element,H005_powerApplied
,,,,,,,,,,,
,,,,,,,,,,,
Time[s],Average Temperature,Time[s],Average Temperature,Time[s],Value,Time[s],Value,Time[s],Value,Time[s],Value
0.0,25.0,0.0,25.0,0.0,0.0,0.0,0.0,0.0,0.0,0.0,0.0
200.0,25.00049732664877,200.0,25.05624979740127,200.0,0.0,200.0,0.10099992930000004,200.0,0.0,200.0,0.0
400.0,25.00236771219837,400.0,25.19554194199634,400.0,0.0,400.0,0.10099992930000004,400.0,0.0,400.0,0.0
600.0,25.004865996431633,600.0,25.332845621110803,600.0,0.0,600.0,0.10099992930000004,600.0,0.0,600.0,0.0
800.0,25.00878400067308,800.0,25.514420494805233,800.0,0.0,800.0,0.10099992930000004,800.0,0.0,800.0,0.0
1000.0,25.013307412689738,1000.0,25.677809288280628,1000.0,0.0,1000.0,0.10099992930000004,1000.0,0.0,1000.0,0.0
1200.0,25.017573894576447,1200.0,25.83182573445118,1200.0,0.0,1200.0,0.10099992930000004,1200.0,0.0,1200.0,0.0
1400.0,25.023339448264657,1400.0,25.999771290842343,1400.0,0.0,1400.0,0.10099992930000004,1400.0,0.0,1400.0,0.0
1600.0,25.031975917947914,1600.0,26.10345435474145,1600.0,0.0,1600.0,0.10099992930000004,1600.0,0.0,1600.0,0.0
1800.0,25.040408801595753,1800.0,26.170952144898077,1800.0,0.0,1800.0,0.10099992930000004,1800.0,0.0,1800.0,0.0
2000.0,25.045466653007857,2000.0,26.213615013715916,2000.0,0.0,2000.0,0.10099992930000004,2000.0,0.0,2000.0,0.0
2200.0,25.0449797485947,2200.0,26.23967674594254,2200.0,0.0,2200.0,0.10099992930000004,2200.0,0.0,2200.0,0.0
2400.0,25.038717629229833,2400.0,26.288814423637422,2400.0,0.0,2400.0,0.10099992930000004,2400.0,0.0,2400.0,0.0
2600.0,25.028649107334104,2600.0,26.342423393183527,2600.0,0.0,2600.0,0.10099992930000004,2600.0,0.0,2600.0,0.0
2800.0,25.015648503978174,2800.0,26.39100182851666,2800.0,0.0,2800.0,0.10099992930000004,2800.0,0.0,2800.0,0.0
3000.0,24.9998202693223,3000.0,26.43323064763034,3000.0,0.0,3000.0,0.10099992930000004,3000.0,0.0,3000.0,0.0
3200.0,24.98136555273437,3200.0,26.47072034386859,3200.0,0.0,3200.0,0.10099992930000004,3200.0,0.0,3200.0,0.0
3400.0,24.960398078738706,3400.0,26.50249684730645,3400.0,0.0,3400.0,0.10099992930000004,3400.0,0.0,3400.0,0.0
3600.0,24.941553974155998,3600.0,26.551259477634165,3600.0,0.0,3600.0,0.10099992930000004,3600.0,0.0,3600.0,0.0
3800.0,24.91172567306745,3800.0,26.62105861769779,3800.0,0.0,3800.0,0.10099992930000004,3800.0,0.0,3800.0,0.0
4000.0,24.88597069201581,4000.0,26.6794402783153,4000.0,0.0,4000.0,0.10099992930000004,4000.0,0.0,4000.0,0.0
4200.0,24.869192053648458,4200.0,26.735370773612434,4200.0,0.0,4200.0,0.10099992930000004,4200.0,0.0,4200.0,0.0
4400.0,24.85523755580414,4400.0,26.79878916449252,4400.0,0.0,4400.0,0.10099992930000004,4400.0,0.0,4400.0,0.0
4600.0,24.842887412526306,4600.0,26.865054590673843,4600.0,0.0,4600.0,0.10099992930000004,4600.0,0.0,4600.0,0.0
4800.0,24.830838048534247,4800.0,26.932585717835444,4800.0,0.0,4800.0,0.10099992930000004,4800.0,0.0,4800.0,0.0
5000.0,24.81980985656462,5000.0,26.99838890618572,5000.0,0.0,5000.0,0.10099992930000004,5000.0,0.0,5000.0,0.0
5200.0,24.81051547291973,5200.0,27.051267000455105,5200.0,0.0,5200.0,0.10099992930000004,5200.0,0.0,5200.0,0.0
5400.0,24.80110767851955,5400.0,27.11571631318946,5400.0,0.0,5400.0,0.10099992930000004,5400.0,0.0,5400.0,0.0
5600.0,24.791114946453,5600.0,27.18753366994763,5600.0,0.0,5600.0,0.10099992930000004,5600.0,0.0,5600.0,0.0
5800.0,24.77977679095856,5800.0,27.25458628111092,5800.0,0.0,5800.0,0.10099992930000004,5800.0,0.0,5800.0,0.0
6000.0,24.76975289572597,6000.0,27.3103865625247,6000.0,0.0,6000.0,0.10099992930000004,6000.0,0.0,6000.0,0.0
6200.0,24.75974413773975,6200.0,27.372413494893323,6200.0,0.0,6200.0,0.10099992930000004,6200.0,0.0,6200.0,0.0
6400.0,24.748840661308368,6400.0,27.436358585352206,6400.0,0.0,6400.0,0.10099992930000004,6400.0,0.0,6400.0,0.0
6600.0,24.739511335723066,6600.0,27.47859627018558,6600.0,0.0,6600.0,0.10099992930000004,6600.0,0.0,6600.0,0.0
6800.0,24.73362446906524,6800.0,27.50886946105168,6800.0,0.0,6800.0,0.10099992930000004,6800.0,0.0,6800.0,0.0
7000.0,24.728149053387625,7000.0,27.551504566333293,7000.0,0.0,7000.0,0.10099992930000004,7000.0,0.0,7000.0,0.0
7200.0,24.699944362775206,7200.0,27.58430458129117,7200.0,0.0,7200.0,0.10099992930000004,7200.0,0.0,7200.0,0.0
7400.0,24.656866162491102,7400.0,27.550700996999105,7400.0,0.0,7400.0,0.10099992930000004,7400.0,0.0,7400.0,0.0
7600.0,24.60718074789086,7600.0,27.487664958441197,7600.0,0.0,7600.0,0.10099992930000004,7600.0,0.0,7600.0,0.0
7800.0,24.552065695005986,7800.0,27.408435633521737,7800.0,0.0,7800.0,0.10099992930000004,7800.0,0.0,7800.0,0.0
8000.0,24.502580871143994,8000.0,27.36642154190098,8000.0,0.0,8000.0,0.10099992930000004,8000.0,0.0,8000.0,0.0
8200.0,24.45845274276933,8200.0,27.330601078738294,8200.0,0.0,8200.0,0.10099992930000004,8200.0,0.0,8200.0,0.0
8400.0,24.414346988432666,8400.0,27.291199952843943,8400.0,0.0,8400.0,0.10099992930000004,8400.0,0.0,8400.0,0.0
8600.0,24.368103975956878,8600.0,27.246596573672168,8600.0,0.0,8600.0,0.10099992930000004,8600.0,0.0,8600.0,0.0
8800.0,24.32011334985966,8800.0,27.19953189632293,8800.0,0.0,8800.0,0.10099992930000004,8800.0,0.0,8800.0,0.0
9000.0,24.270553201994925,9000.0,27.149605546500105,9000.0,0.0,9000.0,0.10099992930000004,9000.0,0.0,9000.0,0.0
9200.0,24.219913130129186,9200.0,27.107041552470907,9200.0,0.0,9200.0,0.10099992930000004,9200.0,0.0,9200.0,0.0
9400.0,24.150561474508912,9400.0,27.092955640523957,9400.0,0.0,9400.0,0.10099992930000004,9400.0,0.0,9400.0,0.0
9600.0,24.09446801301402,9600.0,27.08810724682109,9600.0,0.0,9600.0,0.10099992930000004,9600.0,0.0,9600.0,0.0
9800.0,24.060949690811096,9800.0,27.086333317148394,9800.0,0.0,9800.0,0.10099992930000004,9800.0,0.0,9800.0,0.0
10000.0,24.034855998156992,10000.0,27.085811991980705,10000.0,0.0,10000.0,0.10099992930000004,10000.0,0.0,10000.0,0.0
10200.0,24.01342745790229,10200.0,27.08681490149375,10200.0,0.0,10200.0,0.10099992930000004,10200.0,0.0,10200.0,0.0
10400.0,23.992955256698302,10400.0,27.088742766989387,10400.0,0.0,10400.0,0.10099992930000004,10400.0,0.0,10400.0,0.0
10600.0,23.973236755843196,10600.0,27.091049146847737,10600.0,0.0,10600.0,0.10099992930000004,10600.0,0.0,10600.0,0.0
10800.0,23.955154661117085,10800.0,27.093735732826957,10800.0,0.0,10800.0,0.10099992930000004,10800.0,0.0,10800.0,0.0
11000.0,23.938531521768105,11000.0,27.096809687904788,11000.0,0.0,11000.0,0.10099992930000004,11000.0,0.0,11000.0,0.0
11200.0,23.917940349374394,11200.0,27.101750957365077,11200.0,0.0,11200.0,0.10099992930000004,11200.0,0.0,11200.0,0.0
11400.0,23.893526556307684,11400.0,27.107429440253863,11400.0,0.0,11400.0,0.10099992930000004,11400.0,0.0,11400.0,0.0
11600.0,23.871672421235694,11600.0,27.111447631085912,11600.0,0.0,11600.0,0.10099992930000004,11600.0,0.0,11600.0,0.0
11800.0,23.85108902150876,11800.0,27.114930223978437,11800.0,0.0,11800.0,0.10099992930000004,11800.0,0.0,11800.0,0.0
12000.0,23.831594337515202,12000.0,27.118502604590873,12000.0,0.0,12000.0,0.10099992930000004,12000.0,0.0,12000.0,0.0
12200.0,23.813781976871535,12200.0,27.121287122555014,12200.0,0.0,12200.0,0.10099992930000004,12200.0,0.0,12200.0,0.0
12400.0,23.80018625733471,12400.0,27.123172467346237,12400.0,0.0,12400.0,0.10099992930000004,12400.0,0.0,12400.0,0.0
12600.0,23.790730322732514,12600.0,27.124279203149644,12600.0,0.0,12600.0,0.10099992930000004,12600.0,0.0,12600.0,0.0
12800.0,23.76645558824318,12800.0,27.113201315331256,12800.0,0.0,12800.0,0.10099992930000004,12800.0,0.0,12800.0,0.0
13000.0,23.692905129418513,13000.0,27.04007248646959,13000.0,0.0,13000.0,0.10099992930000004,13000.0,0.0,13000.0,0.0
13200.0,23.603744336632978,13200.0,26.9394851777529,13200.0,0.0,13200.0,0.10099992930000004,13200.0,0.0,13200.0,0.0
13400.0,23.508043360749856,13400.0,26.82328147496565,13400.0,0.0,13400.0,0.10099992930000004,13400.0,0.0,13400.0,0.0
13600.0,23.41616923107633,13600.0,26.71885677613716,13600.0,0.0,13600.0,0.10099992930000004,13600.0,0.0,13600.0,0.0
13800.0,23.342235199288865,13800.0,26.641942230952477,13800.0,0.0,13800.0,0.10099992930000004,13800.0,0.0,13800.0,0.0
14000.0,23.275174741391915,14000.0,26.565347479333383,14000.0,0.0,14000.0,0.10099992930000004,14000.0,0.0,14000.0,0.0
14200.0,23.20867376916927,14200.0,26.486002936329815,14200.0,0.0,14200.0,0.10099992930000004,14200.0,0.0,14200.0,0.0
14400.0,23.141270841503445,14400.0,26.404467144254276,14400.0,0.0,14400.0,0.10099992930000004,14400.0,0.0,14400.0,0.0
14600.0,23.07348904053783,14600.0,26.32200438222057,14600.0,0.0,14600.0,0.10099992930000004,14600.0,0.0,14600.0,0.0
14800.0,23.004672088682646,14800.0,26.237023730720235,14800.0,0.0,14800.0,0.10099992930000004,14800.0,0.0,14800.0,0.0
15000.0,22.92563070777117,15000.0,26.186135661886993,15000.0,0.0,15000.0,0.10099992930000004,15000.0,0.0,15000.0,0.0
15200.0,22.83288325284206,15200.0,26.143317949069896,15200.0,0.0,15200.0,0.10099992930000004,15200.0,0.0,15200.0,0.0
15400.0,22.776787053655227,15400.0,26.117245335745658,15400.0,0.0,15400.0,0.10099992930000004,15400.0,0.0,15400.0,0.0
15600.0,22.739669689322476,15600.0,26.090518970424412,15600.0,0.0,15600.0,0.10099992930000004,15600.0,0.0,15600.0,0.0
15800.0,22.70942018222008,15800.0,26.06112562727552,15800.0,0.0,15800.0,0.10099992930000004,15800.0,0.0,15800.0,0.0
16000.0,22.67997608659261,16000.0,26.034108580471692,16000.0,0.0,16000.0,0.10099992930000004,16000.0,0.0,16000.0,0.0
16200.0,22.654795441016315,16200.0,26.01025613986267,16200.0,0.0,16200.0,0.10099992930000004,16200.0,0.0,16200.0,0.0
16400.0,22.630409696006023,16400.0,25.98675961631695,16400.0,0.0,16400.0,0.10099992930000004,16400.0,0.0,16400.0,0.0
16600.0,22.608878091395898,16600.0,25.966192074629227,16600.0,0.0,16600.0,0.10099992930000004,16600.0,0.0,16600.0,0.0
16800.0,22.58444336009009,16800.0,25.940084406547843,16800.0,0.0,16800.0,0.10099992930000004,16800.0,0.0,16800.0,0.0
17000.0,22.55029804743069,17000.0,25.916145924182278,17000.0,0.0,17000.0,0.10099992930000004,17000.0,0.0,17000.0,0.0
17200.0,22.5197812023305,17200.0,25.897106419659686,17200.0,0.0,17200.0,0.10099992930000004,17200.0,0.0,17200.0,0.0
17400.0,22.493255661241008,17400.0,25.876776525166445,17400.0,0.0,17400.0,0.10099992930000004,17400.0,0.0,17400.0,0.0
17600.0,22.467926159773548,17600.0,25.85722184150311,17600.0,0.0,17600.0,0.10099992930000004,17600.0,0.0,17600.0,0.0
17800.0,22.44434357367964,17800.0,25.83899592916642,17800.0,0.0,17800.0,0.10099992930000004,17800.0,0.0,17800.0,0.0
18000.0,22.425177344241995,18000.0,25.824781683130382,18000.0,0.0,18000.0,0.10099992930000004,18000.0,0.0,18000.0,0.0
18200.0,22.41258514632204,18200.0,25.813397920623412,18200.0,0.0,18200.0,0.10099992930000004,18200.0,0.0,18200.0,0.0
18400.0,22.37865030534762,18400.0,25.779287586904996,18400.0,0.0,18400.0,0.10099992930000004,18400.0,0.0,18400.0,0.0
18600.0,22.282173862728104,18600.0,25.68821032187233,18600.0,0.0,18600.0,0.10099992930000004,18600.0,0.0,18600.0,0.0
18800.0,22.167017358406163,18800.0,25.57404704164727,18800.0,0.0,18800.0,0.10099992930000004,18800.0,0.0,18800.0,0.0
19000.0,22.045500571594346,19000.0,25.446880103092536,19000.0,0.0,19000.0,0.10099992930000004,19000.0,0.0,19000.0,0.0
19200.0,21.931273038967728,19200.0,25.33126136307748,19200.0,0.0,19200.0,0.10099992930000004,19200.0,0.0,19200.0,0.0
19400.0,21.849350741913412,19400.0,25.2508431047154,19400.0,0.0,19400.0,0.10099992930000004,19400.0,0.0,19400.0,0.0
19600.0,21.775439909733215,19600.0,25.165561575569182,19600.0,0.0,19600.0,0.10099992930000004,19600.0,0.0,19600.0,0.0
19800.0,21.70007104852806,19800.0,25.075596741340057,19800.0,0.0,19800.0,0.10099992930000004,19800.0,0.0,19800.0,0.0
20000.0,21.622363857814584,20000.0,24.982997282305217,20000.0,0.0,20000.0,0.10099992930000004,20000.0,0.0,20000.0,0.0
20200.0,21.54451835651622,20200.0,24.890179235633585,20200.0,0.0,20200.0,0.10099992930000004,20200.0,0.0,20200.0,0.0
20400.0,21.46620261214181,20400.0,24.795425840638103,20400.0,0.0,20400.0,0.10099992930000004,20400.0,0.0,20400.0,0.0
20600.0,21.387628761780864,20600.0,24.70890846226914,20600.0,0.0,20600.0,0.10099992930000004,20600.0,0.0,20600.0,0.0
20800.0,21.277727409397123,20800.0,24.660378051112275,20800.0,0.0,20800.0,0.10099992930000004,20800.0,0.0,20800.0,0.0
21000.0,21.191363799400655,21000.0,24.617991896055436,21000.0,0.0,21000.0,0.10099992930000004,21000.0,0.0,21000.0,0.0
21200.0,21.139701015818684,21200.0,24.57984151825922,21200.0,0.0,21200.0,0.10099992930000004,21200.0,0.0,21200.0,0.0
21400.0,21.10358422764187,21400.0,24.54672379531508,21400.0,0.0,21400.0,0.10099992930000004,21400.0,0.0,21400.0,0.0
21600.0,21.0705374221596,21600.0,24.507149166813285,21600.0,0.0,21600.0,0.10099992930000004,21600.0,0.0,21600.0,0.0
21800.0,21.04022398916321,21800.0,24.472469423664972,21800.0,0.0,21800.0,0.10099992930000004,21800.0,0.0,21800.0,0.0
22000.0,21.010161559281045,22000.0,24.436146914820075,22000.0,0.0,22000.0,0.10099992930000004,22000.0,0.0,22000.0,0.0
22200.0,20.983604461378356,22200.0,24.407116262867625,22200.0,0.0,22200.0,0.10099992930000004,22200.0,0.0,22200.0,0.0
22400.0,20.95754268517475,22400.0,24.372848911521295,22400.0,0.0,22400.0,0.10099992930000004,22400.0,0.0,22400.0,0.0
22600.0,20.92353380675185,22600.0,24.33712994601234,22600.0,0.0,22600.0,0.10099992930000004,22600.0,0.0,22600.0,0.0
22800.0,20.88517154614862,22800.0,24.307727973395373,22800.0,0.0,22800.0,0.10099992930000004,22800.0,0.0,22800.0,0.0
23000.0,20.857074094652425,23000.0,24.28362897652867,23000.0,0.0,23000.0,0.10099992930000004,23000.0,0.0,23000.0,0.0
23200.0,20.829390972025976,23200.0,24.253934820954008,23200.0,0.0,23200.0,0.10099992930000004,23200.0,0.0,23200.0,0.0
23400.0,20.800735456742416,23400.0,24.226414650619343,23400.0,0.0,23400.0,0.10099992930000004,23400.0,0.0,23400.0,0.0
23600.0,20.778566844956153,23600.0,24.20654502972364,23600.0,0.0,23600.0,0.10099992930000004,23600.0,0.0,23600.0,0.0
23800.0,20.76258548107658,23800.0,24.187178718694824,23800.0,0.0,23800.0,0.10099992930000004,23800.0,0.0,23800.0,0.0
24000.0,20.751168257668382,24000.0,24.170371406881504,24000.0,0.0,24000.0,0.10099992930000004,24000.0,0.0,24000.0,0.0
24200.0,20.670482749829894,24200.0,24.09258189383372,24200.0,0.0,24200.0,0.10099992930000004,24200.0,0.0,24200.0,0.0
24400.0,20.548920718885476,24400.0,23.984101274594103,24400.0,0.0,24400.0,0.10099992930000004,24400.0,0.0,24400.0,0.0
24600.0,20.416375188111836,24600.0,23.862037687286627,24600.0,0.0,24600.0,0.10099992930000004,24600.0,0.0,24600.0,0.0
24800.0,20.282424591683867,24800.0,23.73515639673954,24800.0,0.0,24800.0,0.10099992930000004,24800.0,0.0,24800.0,0.0
25000.0,20.18044706491945,25000.0,23.64595599238995,25000.0,0.0,25000.0,0.10099992930000004,25000.0,0.0,25000.0,0.0
25200.0,20.098349979427113,25200.0,23.55992826569012,25200.0,0.0,25200.0,0.10099992930000004,25200.0,0.0,25200.0,0.0
25400.0,20.018684258636245,25400.0,23.47011914530134,25400.0,0.0,25400.0,0.10099992930000004,25400.0,0.0,25400.0,0.0
25600.0,19.937010287663405,25600.0,23.377310564442272,25600.0,0.0,25600.0,0.10099992930000004,25600.0,0.0,25600.0,0.0
25800.0,19.85487529686942,25800.0,23.283859118344868,25800.0,0.0,25800.0,0.10099992930000004,25800.0,0.0,25800.0,0.0
26000.0,19.772818412768387,26000.0,23.189239100240975,26000.0,0.0,26000.0,0.10099992930000004,26000.0,0.0,26000.0,0.0
26200.0,19.70222018519044,26200.0,23.12367153394952,26200.0,0.0,26200.0,0.10099992930000004,26200.0,0.0,26200.0,0.0
26400.0,19.61117287120735,26400.0,23.063728251988245,26400.0,0.0,26400.0,0.10099992930000004,26400.0,0.0,26400.0,0.0
26600.0,19.507675268476362,26600.0,23.015393395819903,26600.0,0.0,26600.0,0.10099992930000004,26600.0,0.0,26600.0,0.0
26800.0,19.450452702254598,26800.0,22.982806670588026,26800.0,0.0,26800.0,0.10099992930000004,26800.0,0.0,26800.0,0.0
27000.0,19.41014806537897,27000.0,22.940892984678893,27000.0,0.0,27000.0,0.10099992930000004,27000.0,0.0,27000.0,0.0
27200.0,19.37659492930367,27200.0,22.9020038453318,27200.0,0.0,27200.0,0.10099992930000004,27200.0,0.0,27200.0,0.0
27400.0,19.345110877836213,27400.0,22.86346129861774,27400.0,0.0,27400.0,0.10099992930000004,27400.0,0.0,27400.0,0.0
27600.0,19.314472699534402,27600.0,22.825017085724028,27600.0,0.0,27600.0,0.10099992930000004,27600.0,0.0,27600.0,0.0
27800.0,19.28631031433921,27800.0,22.794863706434587,27800.0,0.0,27800.0,0.10099992930000004,27800.0,0.0,27800.0,0.0
28000.0,19.261314052338296,28000.0,22.761551430413064,28000.0,0.0,28000.0,0.10099992930000004,28000.0,0.0,28000.0,0.0
28200.0,19.22865035587344,28200.0,22.72359495654199,28200.0,0.0,28200.0,0.10099992930000004,28200.0,0.0,28200.0,0.0
28400.0,19.191486343807213,28400.0,22.69119891519306,28400.0,0.0,28400.0,0.10099992930000004,28400.0,0.0,28400.0,0.0
28600.0,19.158264323270892,28600.0,22.662975975497883,28600.0,0.0,28600.0,0.10099992930000004,28600.0,0.0,28600.0,0.0
28800.0,19.12787024782839,28800.0,22.63357807906445,28800.0,0.0,28800.0,0.10099992930000004,28800.0,0.0,28800.0,0.0
29000.0,19.097527298441097,29000.0,22.604494031575985,29000.0,0.0,29000.0,0.10099992930000004,29000.0,0.0,29000.0,0.0
29200.0,19.06881893087086,29200.0,22.57782496911986,29200.0,0.0,29200.0,0.10099992930000004,29200.0,0.0,29200.0,0.0
29400.0,19.047229080743914,29400.0,22.559285328438644,29400.0,0.0,29400.0,0.10099992930000004,29400.0,0.0,29400.0,0.0
29600.0,19.033461884678676,29600.0,22.545088966590654,29600.0,0.0,29600.0,0.10099992930000004,29600.0,0.0,29600.0,0.0
29800.0,18.997805382512638,29800.0,22.507302374141904,29800.0,0.0,29800.0,0.10099992930000004,29800.0,0.0,29800.0,0.0
30000.0,18.886812973970766,30000.0,22.414095082855304,30000.0,0.0,30000.0,0.10099992930000004,30000.0,0.0,30000.0,0.0
30200.0,18.754095044113576,30200.0,22.303697037786176,30200.0,0.0,30200.0,0.10099992930000004,30200.0,0.0,30200.0,0.0
30400.0,18.615090602857137,30400.0,22.18260759336127,30400.0,0.0,30400.0,0.10099992930000004,30400.0,0.0,30400.0,0.0
30600.0,18.49134127264384,30600.0,22.07838256807729,30600.0,0.0,30600.0,0.10099992930000004,30600.0,0.0,30600.0,0.0
30800.0,18.398475073801713,30800.0,21.993962609395194,30800.0,0.0,30800.0,0.10099992930000004,30800.0,0.0,30800.0,0.0
31000.0,18.315810465402606,31000.0,21.908683416867103,31000.0,0.0,31000.0,0.10099992930000004,31000.0,0.0,31000.0,0.0
31200.0,18.233826946541512,31200.0,21.820269535454017,31200.0,0.0,31200.0,0.10099992930000004,31200.0,0.0,31200.0,0.0
31400.0,18.151093977904228,31400.0,21.730301112616818,31400.0,0.0,31400.0,0.10099992930000004,31400.0,0.0,31400.0,0.0
31600.0,18.068736217734692,31600.0,21.639823739600825,31600.0,0.0,31600.0,0.10099992930000004,31600.0,0.0,31600.0,0.0
31800.0,17.9865832379722,31800.0,21.547925246528536,31800.0,0.0,31800.0,0.10099992930000004,31800.0,0.0,31800.0,0.0
32000.0,17.891167706620625,32000.0,21.494315200207378,32000.0,0.0,32000.0,0.10099992930000004,32000.0,0.0,32000.0,0.0
32200.0,17.778146101253522,32200.0,21.450815802972002,32200.0,0.0,32200.0,0.10099992930000004,32200.0,0.0,32200.0,0.0
32400.0,17.711996617133984,32400.0,21.416664763438337,32400.0,0.0,32400.0,0.10099992930000004,32400.0,0.0,32400.0,0.0
32600.0,17.66900891872315,32600.0,21.378356942429587,32600.0,0.0,32600.0,0.10099992930000004,32600.0,0.0,32600.0,0.0
32800.0,17.631482205353404,32800.0,21.33777214409715,32800.0,0.0,32800.0,0.10099992930000004,32800.0,0.0,32800.0,0.0
33000.0,17.59516311357378,33000.0,21.301479014102217,33000.0,0.0,33000.0,0.10099992930000004,33000.0,0.0,33000.0,0.0
33200.0,17.565467433177258,33200.0,21.26837925448076,33200.0,0.0,33200.0,0.10099992930000004,33200.0,0.0,33200.0,0.0
33400.0,17.537133634781252,33400.0,21.235198674796145,33400.0,0.0,33400.0,0.10099992930000004,33400.0,0.0,33400.0,0.0
33600.0,17.51085845201795,33600.0,21.204260448306993,33600.0,0.0,33600.0,0.10099992930000004,33600.0,0.0,33600.0,0.0
33800.0,17.483239464860073,33800.0,21.17090488589793,33800.0,0.0,33800.0,0.10099992930000004,33800.0,0.0,33800.0,0.0
34000.0,17.44653497557249,34000.0,21.137569043952848,34000.0,0.0,34000.0,0.10099992930000004,34000.0,0.0,34000.0,0.0
34200.0,17.411399494577037,34200.0,21.111290351728755,34200.0,0.0,34200.0,0.10099992930000004,34200.0,0.0,34200.0,0.0
34400.0,17.379905097440904,34400.0,21.08338639923305,34400.0,0.0,34400.0,0.10099992930000004,34400.0,0.0,34400.0,0.0
34600.0,17.350561804271578,34600.0,21.057874129211267,34600.0,0.0,34600.0,0.10099992930000004,34600.0,0.0,34600.0,0.0
34800.0,17.32231299053992,34800.0,21.031581725906946,34800.0,0.0,34800.0,0.10099992930000004,34800.0,0.0,34800.0,0.0
35000.0,17.298290809970887,35000.0,21.01198304792094,35000.0,0.0,35000.0,0.10099992930000004,35000.0,0.0,35000.0,0.0
35200.0,17.280329544707786,35200.0,20.992097190992702,35200.0,0.0,35200.0,0.10099992930000004,35200.0,0.0,35200.0,0.0
35400.0,17.268288754977238,35400.0,20.97740952378049,35400.0,0.0,35400.0,0.10099992930000004,35400.0,0.0,35400.0,0.0
35600.0,17.18592504004872,35600.0,20.910502328326565,35600.0,0.0,35600.0,0.10099992930000004,35600.0,0.0,35600.0,0.0
35800.0,17.06156272470202,35800.0,20.81549904771438,35800.0,0.0,35800.0,0.10099992930000004,35800.0,0.0,35800.0,0.0
36000.0,16.926561881083952,36000.0,20.707827862287566,36000.0,0.0,36000.0,0.10099992930000004,36000.0,0.0,36000.0,0.0
36200.0,16.791312074939917,36200.0,20.595581923864525,36200.0,0.0,36200.0,0.10099992930000004,36200.0,0.0,36200.0,0.0
36400.0,16.685236739262827,36400.0,20.510684844799133,36400.0,0.0,36400.0,0.10099992930000004,36400.0,0.0,36400.0,0.0
36600.0,16.599660920143485,36600.0,20.430310480268805,36600.0,0.0,36600.0,0.10099992930000004,36600.0,0.0,36600.0,0.0
36800.0,16.51911036779376,36800.0,20.348156363600406,36800.0,0.0,36800.0,0.10099992930000004,36800.0,0.0,36800.0,0.0
37000.0,16.438250733499675,37000.0,20.263394017872102,37000.0,0.0,37000.0,0.10099992930000004,37000.0,0.0,37000.0,0.0
37200.0,16.35859247200935,37200.0,20.179018490691853,37200.0,0.0,37200.0,0.10099992930000004,37200.0,0.0,37200.0,0.0
37400.0,16.279284724081894,37400.0,20.09307076761341,37400.0,0.0,37400.0,0.10099992930000004,37400.0,0.0,37400.0,0.0
37600.0,16.19957578243573,37600.0,20.01465046221834,37600.0,0.0,37600.0,0.10099992930000004,37600.0,0.0,37600.0,0.0
37800.0,16.086412004005098,37800.0,19.98195464681321,37800.0,0.0,37800.0,0.10099992930000004,37800.0,0.0,37800.0,0.0
38000.0,15.998716829960745,38000.0,19.94711936949043,38000.0,0.0,38000.0,0.10099992930000004,38000.0,0.0,38000.0,0.0
38200.0,15.950184618716255,38200.0,19.91523789131731,38200.0,0.0,38200.0,0.10099992930000004,38200.0,0.0,38200.0,0.0
38400.0,15.913744841060042,38400.0,19.881268400811354,38400.0,0.0,38400.0,0.10099992930000004,38400.0,0.0,38400.0,0.0
38600.0,15.88157811764226,38600.0,19.84710811208668,38600.0,0.0,38600.0,0.10099992930000004,38600.0,0.0,38600.0,0.0
38800.0,15.853415729484393,38800.0,19.815220336769368,38800.0,0.0,38800.0,0.10099992930000004,38800.0,0.0,38800.0,0.0
39000.0,15.823362922945702,39000.0,19.781523805682497,39000.0,0.0,39000.0,0.10099992930000004,39000.0,0.0,39000.0,0.0
39200.0,15.795412990236224,39200.0,19.751586906317467,39200.0,0.0,39200.0,0.10099992930000004,39200.0,0.0,39200.0,0.0
39400.0,15.76683826886026,39400.0,19.721473074115185,39400.0,0.0,39400.0,0.10099992930000004,39400.0,0.0,39400.0,0.0
39600.0,15.7312990792178,39600.0,19.692459702870217,39600.0,0.0,39600.0,0.10099992930000004,39600.0,0.0,39600.0,0.0
39800.0,15.694000197879438,39800.0,19.66756365550023,39800.0,0.0,39800.0,0.10099992930000004,39800.0,0.0,39800.0,0.0
40000.0,15.66269006513725,40000.0,19.644021733877295,40000.0,0.0,40000.0,0.10099992930000004,40000.0,0.0,40000.0,0.0
40200.0,15.6311115276042,40200.0,19.619626946614584,40200.0,0.0,40200.0,0.10099992930000004,40200.0,0.0,40200.0,0.0
40400.0,15.602147908544302,40400.0,19.597399342181948,40400.0,0.0,40400.0,0.10099992930000004,40400.0,0.0,40400.0,0.0
40600.0,15.576020797492262,40600.0,19.576434953934594,40600.0,0.0,40600.0,0.10099992930000004,40600.0,0.0,40600.0,0.0
40800.0,15.557449750502201,40800.0,19.559979481510698,40800.0,0.0,40800.0,0.10099992930000004,40800.0,0.0,40800.0,0.0
41000.0,15.54189424139833,41000.0,19.54229047025162,41000.0,0.0,41000.0,0.10099992930000004,41000.0,0.0,41000.0,0.0
41200.0,15.460904925899957,41200.0,19.48619985469525,41200.0,0.0,41200.0,0.10099992930000004,41200.0,0.0,41200.0,0.0
41400.0,15.340747030231725,41400.0,19.40017851471433,41400.0,0.0,41400.0,0.10099992930000004,41400.0,0.0,41400.0,0.0
41600.0,15.210892904019236,41600.0,19.30078227777858,41600.0,0.0,41600.0,0.10099992930000004,41600.0,0.0,41600.0,0.0
41800.0,15.08162188425236,41800.0,19.196991467563002,41800.0,0.0,41800.0,0.10099992930000004,41800.0,0.0,41800.0,0.0
42000.0,14.986208190503072,42000.0,19.124219266392608,42000.0,0.0,42000.0,0.10099992930000004,42000.0,0.0,42000.0,0.0
42200.0,14.911760319068787,42200.0,19.053644051338313,42200.0,0.0,42200.0,0.10099992930000004,42200.0,0.0,42200.0,0.0
42400.0,14.838963737903114,42400.0,18.978497282137717,42400.0,0.0,42400.0,0.10099992930000004,42400.0,0.0,42400.0,0.0
42600.0,14.763874300145929,42600.0,18.900292147286436,42600.0,0.0,42600.0,0.10099992930000004,42600.0,0.0,42600.0,0.0
42800.0,14.688203468442063,42800.0,18.821279307628274,42800.0,0.0,42800.0,0.10099992930000004,42800.0,0.0,42800.0,0.0
43000.0,14.612747171946694,43000.0,18.741068885420642,43000.0,0.0,43000.0,0.10099992930000004,43000.0,0.0,43000.0,0.0
43200.0,14.536835072780075,43200.0,18.659120022877808,43200.0,0.0,43200.0,0.10099992930000004,43200.0,0.0,43200.0,0.0
43400.0,14.448270259568039,43400.0,18.61711818657008,43400.0,0.0,43400.0,0.10099992930000004,43400.0,0.0,43400.0,0.0
43600.0,14.342298586850973,43600.0,18.58724243769464,43600.0,0.0,43600.0,0.10099992930000004,43600.0,0.0,43600.0,0.0
43800.0,14.279160417856104,43800.0,18.55781410685378,43800.0,0.0,43800.0,0.10099992930000004,43800.0,0.0,43800.0,0.0
44000.0,14.237603660455367,44000.0,18.525995303167385,44000.0,0.0,44000.0,0.10099992930000004,44000.0,0.0,44000.0,0.0
44200.0,14.204379876312228,44200.0,18.49502213668211,44200.0,0.0,44200.0,0.10099992930000004,44200.0,0.0,44200.0,0.0
44400.0,14.175765201194258,44400.0,18.46676828262184,44400.0,0.0,44400.0,0.10099992930000004,44400.0,0.0,44400.0,0.0
44600.0,14.14721605646364,44600.0,18.43554738476537,44600.0,0.0,44600.0,0.10099992930000004,44600.0,0.0,44600.0,0.0
44800.0,14.116917233515181,44800.0,18.407264457249706,44800.0,0.0,44800.0,0.10099992930000004,44800.0,0.0,44800.0,0.0
45000.0,14.090270634968135,45000.0,18.38352350546156,45000.0,0.0,45000.0,0.10099992930000004,45000.0,0.0,45000.0,0.0
45200.0,14.060562104451753,45200.0,18.356429282635734,45200.0,0.0,45200.0,0.10099992930000004,45200.0,0.0,45200.0,0.0
45400.0,14.02345848659255,45400.0,18.333252118306067,45400.0,0.0,45400.0,0.10099992930000004,45400.0,0.0,45400.0,0.0
45600.0,13.989683978300254,45600.0,18.314015995715486,45600.0,0.0,45600.0,0.10099992930000004,45600.0,0.0,45600.0,0.0
45800.0,13.95995404831331,45800.0,18.293394831256492,45800.0,0.0,45800.0,0.10099992930000004,45800.0,0.0,45800.0,0.0
46000.0,13.930363256998547,46000.0,18.272706903482973,46000.0,0.0,46000.0,0.10099992930000004,46000.0,0.0,46000.0,0.0
46200.0,13.901675649167993,46200.0,18.25439375968584,46200.0,0.0,46200.0,0.10099992930000004,46200.0,0.0,46200.0,0.0
46400.0,13.880470576762704,46400.0,18.239247053960227,46400.0,0.0,46400.0,0.10099992930000004,46400.0,0.0,46400.0,0.0
46600.0,13.868653265132323,46600.0,18.230754268242187,46600.0,0.0,46600.0,0.10099992930000004,46600.0,0.0,46600.0,0.0
46800.0,13.834545139257866,46800.0,18.202156169387333,46800.0,0.0,46800.0,0.10099992930000004,46800.0,0.0,46800.0,0.0
47000.0,13.733848907830003,47000.0,18.13373569406875,47000.0,0.0,47000.0,0.10099992930000004,47000.0,0.0,47000.0,0.0
47200.0,13.614669869695167,47200.0,18.04732871827467,47200.0,0.0,47200.0,0.10099992930000004,47200.0,0.0,47200.0,0.0
47400.0,13.490583110418763,47400.0,17.949881103150403,47400.0,0.0,47400.0,0.10099992930000004,47400.0,0.0,47400.0,0.0
47600.0,13.383148900491076,47600.0,17.868032079262512,47600.0,0.0,47600.0,0.10099992930000004,47600.0,0.0,47600.0,0.0
47800.0,13.306282774365394,47800.0,17.80289847616634,47800.0,0.0,47800.0,0.10099992930000004,47800.0,0.0,47800.0,0.0
48000.0,13.2373538016204,48000.0,17.73445543751362,48000.0,0.0,48000.0,0.10099992930000004,48000.0,0.0,48000.0,0.0
48200.0,13.16755968140544,48200.0,17.662435931938386,48200.0,0.0,48200.0,0.10099992930000004,48200.0,0.0,48200.0,0.0
48400.0,13.09625044195288,48400.0,17.588330506642787,48400.0,0.0,48400.0,0.10099992930000004,48400.0,0.0,48400.0,0.0
48600.0,13.025229265072472,48600.0,17.513624862599,48600.0,0.0,48600.0,0.10099992930000004,48600.0,0.0,48600.0,0.0
48800.0,12.954031684484033,48800.0,17.437195143389534,48800.0,0.0,48800.0,0.10099992930000004,48800.0,0.0,48800.0,0.0
49000.0,12.893994761327471,49000.0,17.403746549988384,49000.0,0.0,49000.0,0.10099992930000004,49000.0,0.0,49000.0,0.0
49200.0,12.794287870194777,49200.0,17.377049855962486,49200.0,0.0,49200.0,0.10099992930000004,49200.0,0.0,49200.0,0.0
49400.0,12.72353587193642,49400.0,17.350287722802495,49400.0,0.0,49400.0,0.10099992930000004,49400.0,0.0,49400.0,0.0
49600.0,12.683273908722084,49600.0,17.32438113357789,49600.0,0.0,49600.0,0.10099992930000004,49600.0,0.0,49600.0,0.0
49800.0,12.651944904026353,49800.0,17.294655353085176,49800.0,0.0,49800.0,0.10099992930000004,49800.0,0.0,49800.0,0.0
50000.0,12.620362327778157,50000.0,17.266858762783418,50000.0,0.0,50000.0,0.10099992930000004,50000.0,0.0,50000.0,0.0
50200.0,12.593214096489053,50200.0,17.241778582045427,50200.0,0.0,50200.0,0.10099992930000004,50200.0,0.0,50200.0,0.0
50400.0,12.566693274023102,50400.0,17.218218804006295,50400.0,0.0,50400.0,0.10099992930000004,50400.0,0.0,50400.0,0.0
50600.0,12.541960257795072,50600.0,17.1957870197044,50600.0,0.0,50600.0,0.10099992930000004,50600.0,0.0,50600.0,0.0
50800.0,12.514923198714524,50800.0,17.171589675065725,50800.0,0.0,50800.0,0.10099992930000004,50800.0,0.0,50800.0,0.0
51000.0,12.482968279041355,51000.0,17.1512309949823,51000.0,0.0,51000.0,0.10099992930000004,51000.0,0.0,51000.0,0.0
51200.0,12.45059740782148,51200.0,17.134809185023403,51200.0,0.0,51200.0,0.10099992930000004,51200.0,0.0,51200.0,0.0
51400.0,12.422729943011106,51400.0,17.11785748280666,51400.0,0.0,51400.0,0.10099992930000004,51400.0,0.0,51400.0,0.0
51600.0,12.396579595223205,51600.0,17.100543627085784,51600.0,0.0,51600.0,0.10099992930000004,51600.0,0.0,51600.0,0.0
51800.0,12.368697424002416,51800.0,17.083901800343277,51800.0,0.0,51800.0,0.10099992930000004,51800.0,0.0,51800.0,0.0
52000.0,12.345320412893603,52000.0,17.071169168268845,52000.0,0.0,52000.0,0.10099992930000004,52000.0,0.0,52000.0,0.0
52200.0,12.329936927860098,52200.0,17.058597190103445,52200.0,0.0,52200.0,0.10099992930000004,52200.0,0.0,52200.0,0.0
52400.0,12.317877976252316,52400.0,17.046331070209227,52400.0,0.0,52400.0,0.10099992930000004,52400.0,0.0,52400.0,0.0
52600.0,12.24730890171978,52600.0,17.004004611583248,52600.0,0.0,52600.0,0.10099992930000004,52600.0,0.0,52600.0,0.0
52800.0,12.142312871071624,52800.0,16.93196652216803,52800.0,0.0,52800.0,0.10099992930000004,52800.0,0.0,52800.0,0.336
53000.0,12.02903435134096,53000.0,16.84649800464077,53000.0,0.0,53000.0,0.10099992930000004,53000.0,0.0,53000.0,0.0
53200.0,11.916723995591843,53200.0,16.756545200888805,53200.0,0.0,53200.0,0.10099992930000004,53200.0,0.0,53200.0,0.0
53400.0,11.831659706672236,53400.0,16.69082904556021,53400.0,0.0,53400.0,0.10099992930000004,53400.0,0.0,53400.0,0.0
53600.0,11.763423171376154,53600.0,16.627283698264698,53600.0,0.0,53600.0,0.10099992930000004,53600.0,0.0,53600.0,0.0
53800.0,11.698208775131452,53800.0,16.560705516801598,53800.0,0.0,53800.0,0.10099992930000004,53800.0,0.0,53800.0,0.0
54000.0,11.632509690516832,54000.0,16.491873274329425,54000.0,0.0,54000.0,0.10099992930000004,54000.0,0.0,54000.0,0.0
54200.0,11.567132685685717,54200.0,16.422330328370702,54200.0,0.0,54200.0,0.10099992930000004,54200.0,0.0,54200.0,0.0
54400.0,11.5018109947603,54400.0,16.351345865339947,54400.0,0.0,54400.0,0.10099992930000004,54400.0,0.0,54400.0,0.0
54600.0,11.435496173582479,54600.0,16.28761319904804,54600.0,0.0,54600.0,0.10099992930000004,54600.0,0.0,54600.0,0.0
54800.0,11.340216914948995,54800.0,16.273908136795608,54800.0,0.0,54800.0,0.10099992930000004,54800.0,0.0,54800.0,0.0
55000.0,11.266102582777464,55000.0,16.25155084705017,55000.0,0.0,55000.0,0.10099992930000004,55000.0,0.0,55000.0,0.0
55200.0,11.224175532293245,55200.0,16.227877755702252,55200.0,0.0,55200.0,0.10099992930000004,55200.0,0.0,55200.0,0.0
55400.0,11.193201664494328,55400.0,16.203166455125405,55400.0,0.0,55400.0,0.10099992930000004,55400.0,0.0,55400.0,0.0
55600.0,11.163260577168002,55600.0,16.178489086645914,55600.0,0.0,55600.0,0.10099992930000004,55600.0,0.0,55600.0,0.0
55800.0,11.137913721187505,55800.0,16.15679023790177,55800.0,0.0,55800.0,0.10099992930000004,55800.0,0.0,55800.0,0.0
56000.0,11.110553213602238,56000.0,16.133365322530015,56000.0,0.0,56000.0,0.10099992930000004,56000.0,0.0,56000.0,0.0
56200.0,11.085686490793265,56200.0,16.1148216969249,56200.0,0.0,56200.0,0.10099992930000004,56200.0,0.0,56200.0,0.0
56400.0,11.063327355211948,56400.0,16.096377410695986,56400.0,0.0,56400.0,0.10099992930000004,56400.0,0.0,56400.0,0.0
56600.0,11.034482318791635,56600.0,16.07800314921293,56600.0,0.0,56600.0,0.10099992930000004,56600.0,0.0,56600.0,0.0
56800.0,11.003205200945189,56800.0,16.064132778987993,56800.0,0.0,56800.0,0.10099992930000004,56800.0,0.0,56800.0,0.0
57000.0,10.976387857837658,57000.0,16.050592188652296,57000.0,0.0,57000.0,0.10099992930000004,57000.0,0.0,57000.0,0.0
57200.0,10.952012747134958,57200.0,16.03617793686396,57200.0,0.0,57200.0,0.10099992930000004,57200.0,0.0,57200.0,0.0
57400.0,10.929233615984456,57400.0,16.02281363576648,57400.0,0.0,57400.0,0.10099992930000004,57400.0,0.0,57400.0,0.0
57600.0,10.907671957058508,57600.0,16.00960323060416,57600.0,0.0,57600.0,0.10099992930000004,57600.0,0.0,57600.0,0.0
57800.0,10.891852076629608,57800.0,16.001589919340677,57800.0,0.0,57800.0,0.10099992930000004,57800.0,0.0,57800.0,0.0
58000.0,10.881875829146583,58000.0,15.991475542556405,58000.0,0.0,58000.0,0.10099992930000004,58000.0,0.0,58000.0,0.0
58200.0,10.851916737618655,58200.0,15.971425244088364,58200.0,0.0,58200.0,0.10099992930000004,58200.0,0.0,58200.0,0.0
58400.0,10.76601616616064,58400.0,15.916829381179861,58400.0,0.0,58400.0,0.10099992930000004,58400.0,0.0,58400.0,0.336
58600.0,10.664936657401984,58600.0,15.843364914206852,58600.0,0.0,58600.0,0.10099992930000004,58600.0,0.0,58600.0,0.0
58800.0,10.559857594973558,58800.0,15.758468381383272,58800.0,0.0,58800.0,0.10099992930000004,58800.0,0.84,58800.0,0.0
59000.0,10.466707079786492,59000.0,15.684223289268548,59000.0,0.0,59000.0,0.10099992930000004,59000.0,0.0,59000.0,0.0
59200.0,10.39700138194405,59200.0,15.623976375086714,59200.0,0.0,59200.0,0.10099992930000004,59200.0,0.0,59200.0,0.0
59400.0,10.335523683513593,59400.0,15.562610277248323,59400.0,0.0,59400.0,0.10099992930000004,59400.0,0.0,59400.0,0.0
59600.0,10.275442271466078,59600.0,15.49894025935577,59600.0,0.0,59600.0,0.10099992930000004,59600.0,0.0,59600.0,0.0
59800.0,10.215260513817332,59800.0,15.433686418191474,59800.0,0.0,59800.0,0.10099992930000004,59800.0,0.0,59800.0,0.0
60000.0,10.15529120389408,60000.0,15.367365906308619,60000.0,0.0,60000.0,0.10099992930000004,60000.0,0.0,60000.0,0.0
60200.0,10.095248154357833,60200.0,15.299453712379368,60200.0,0.0,60200.0,0.10099992930000004,60200.0,0.0,60200.0,0.0
60400.0,10.023756298483697,60400.0,15.271795668566,60400.0,0.0,60400.0,0.10099992930000004,60400.0,0.0,60400.0,0.0
60600.0,9.938502467983357,60600.0,15.2568026728213,60600.0,0.0,60600.0,0.10099992930000004,60600.0,0.0,60600.0,0.0
60800.0,9.888025700238066,60800.0,15.237920965805497,60800.0,0.0,60800.0,0.10099992930000004,60800.0,0.0,60800.0,0.0
61000.0,9.855022308107918,61000.0,15.215219002665009,61000.0,0.0,61000.0,0.10099992930000004,61000.0,0.0,61000.0,0.0
61200.0,9.828842047476856,61200.0,15.193769709585906,61200.0,0.0,61200.0,0.10099992930000004,61200.0,0.0,61200.0,0.0
61400.0,9.805766748767901,61400.0,15.172827454583162,61400.0,0.0,61400.0,0.10099992930000004,61400.0,0.0,61400.0,0.0
61600.0,9.784211350338058,61600.0,15.153890735824929,61600.0,0.0,61600.0,0.10099992930000004,61600.0,0.0,61600.0,0.0
61800.0,9.755544077481304,61800.0,15.135959823672888,61800.0,0.0,61800.0,0.10099992930000004,61800.0,0.0,61800.0,0.336
62000.0,9.723232353235817,62000.0,15.124512858499084,62000.0,0.0,62000.0,0.10099992930000004,62000.0,0.0,62000.0,0.0
62200.0,9.69795784271287,62200.0,15.108648323562015,62200.0,0.0,62200.0,0.10099992930000004,62200.0,0.0,62200.0,0.0
62400.0,9.669124082978975,62400.0,15.097066880917945,62400.0,0.0,62400.0,0.10099992930000004,62400.0,0.0,62400.0,0.0
62600.0,9.644684277369498,62600.0,15.087108136877188,62600.0,0.0,62600.0,0.10099992930000004,62600.0,0.0,62600.0,0.0
62800.0,9.622310604088085,62800.0,15.075105670695223,62800.0,0.0,62800.0,0.10099992930000004,62800.0,0.0,62800.0,0.0
63000.0,9.599956001078162,63000.0,15.064883257197614,63000.0,0.0,63000.0,0.10099992930000004,63000.0,0.0,63000.0,0.0
63200.0,9.579045360044544,63200.0,15.053952768698979,63200.0,0.0,63200.0,0.10099992930000004,63200.0,0.0,63200.0,0.0
63400.0,9.562521650662575,63400.0,15.044822576721895,63400.0,0.0,63400.0,0.10099992930000004,63400.0,0.0,63400.0,0.0
63600.0,9.551396071900207,63600.0,15.03649122874577,63600.0,0.0,63600.0,0.10099992930000004,63600.0,0.0,63600.0,0.0
63800.0,9.524050287317035,63800.0,15.021456486572403,63800.0,0.0,63800.0,0.10099992930000004,63800.0,0.0,63800.0,0.0
64000.0,9.446072898266534,64000.0,14.973097513334357,64000.0,0.0,64000.0,0.10099992930000004,64000.0,0.0,64000.0,0.0
64200.0,9.354552087289514,64200.0,14.905393718535434,64200.0,0.0,64200.0,0.10099992930000004,64200.0,0.84,64200.0,0.0
64400.0,9.259469896426669,64400.0,14.826047307753193,64400.0,0.0,64400.0,0.10099992930000004,64400.0,0.0,64400.0,0.0
64600.0,9.177703958943031,64600.0,14.760181961550007,64600.0,0.0,64600.0,0.10099992930000004,64600.0,0.0,64600.0,0.336
64800.0,9.120775426819566,64800.0,14.70948856778603,64800.0,0.0,64800.0,0.10099992930000004,64800.0,0.0,64800.0,0.336
65000.0,9.06959228001828,65000.0,14.654603689067402,65000.0,0.0,65000.0,0.10099992930000004,65000.0,0.0,65000.0,0.0
65200.0,9.0171510367839,65200.0,14.596171749017442,65200.0,0.0,65200.0,0.10099992930000004,65200.0,0.0,65200.0,0.0
65400.0,8.963068921226531,65400.0,14.535323254810637,65400.0,0.0,65400.0,0.10099992930000004,65400.0,0.0,65400.0,0.0
65600.0,8.908647966637329,65600.0,14.47350269366916,65600.0,0.0,65600.0,0.10099992930000004,65600.0,0.0,65600.0,0.0
65800.0,8.854109749985442,65800.0,14.410073952849569,65800.0,0.0,65800.0,0.10099992930000004,65800.0,0.0,65800.0,0.0
66000.0,8.798859011348148,66000.0,14.354393775324295,66000.0,0.0,66000.0,0.10099992930000004,66000.0,0.0,66000.0,0.0
66200.0,8.718793660042245,66200.0,14.350983661836112,66200.0,0.0,66200.0,0.10099992930000004,66200.0,0.0,66200.0,0.0
66400.0,8.656377092645382,66400.0,14.335073031909179,66400.0,0.0,66400.0,0.10099992930000004,66400.0,0.0,66400.0,0.0
66600.0,8.618843806783627,66600.0,14.3163923505771,66600.0,0.0,66600.0,0.10099992930000004,66600.0,0.0,66600.0,0.0
66800.0,8.59172505622275,66800.0,14.298309533741628,66800.0,0.0,66800.0,0.10099992930000004,66800.0,0.0,66800.0,0.0
67000.0,8.569283378182686,67000.0,14.280498786102552,67000.0,0.0,67000.0,0.10099992930000004,67000.0,0.0,67000.0,0.0
67200.0,8.549167101881396,67200.0,14.263371346208066,67200.0,0.0,67200.0,0.10099992930000004,67200.0,0.0,67200.0,0.0
67400.0,8.528967274952134,67400.0,14.24625448275214,67400.0,0.0,67400.0,0.10099992930000004,67400.0,0.0,67400.0,0.0
67600.0,8.509835496112583,67600.0,14.232727095927109,67600.0,0.0,67600.0,0.10099992930000004,67600.0,0.0,67600.0,0.0
67800.0,8.491037334844721,67800.0,14.218464650473646,67800.0,0.0,67800.0,0.10099992930000004,67800.0,0.0,67800.0,0.0
68000.0,8.465855361031831,68000.0,14.207289833344035,68000.0,0.0,68000.0,0.10099992930000004,68000.0,0.0,68000.0,0.336
68200.0,8.433765370684663,68200.0,14.20276861973415,68200.0,0.0,68200.0,0.10099992930000004,68200.0,0.0,68200.0,0.336
68400.0,8.409606876979215,68400.0,14.194697519215486,68400.0,0.0,68400.0,0.10099992930000004,68400.0,0.0,68400.0,0.0
68600.0,8.390156592311369,68600.0,14.18558049000207,68600.0,0.0,68600.0,0.10099992930000004,68600.0,0.0,68600.0,0.0
68800.0,8.352576096980984,68800.0,14.190263868674801,68800.0,0.0,68800.0,0.10099992930000004,68800.0,0.0,68800.0,0.0
69000.0,8.327312224691378,69000.0,14.185737256067299,69000.0,0.0,69000.0,0.10099992930000004,69000.0,0.0,69000.0,0.0
69200.0,8.313152672460806,69200.0,14.178793848945611,69200.0,0.0,69200.0,0.10099992930000004,69200.0,0.0,69200.0,0.0
69400.0,8.302556503576215,69400.0,14.171167948562953,69400.0,0.0,69400.0,0.10099992930000004,69400.0,0.0,69400.0,0.0
69600.0,8.24949462052126,69600.0,14.147459885763178,69600.0,0.0,69600.0,0.10099992930000004,69600.0,0.0,69600.0,0.0
69800.0,8.17197834520407,69800.0,14.093196785574087,69800.0,0.0,69800.0,0.10099992930000004,69800.0,0.0,69800.0,0.0
70000.0,8.088858687103304,70000.0,14.02506935876374,70000.0,0.0,70000.0,0.10099992930000004,70000.0,0.0,70000.0,0.0
70200.0,8.00626797563789,70200.0,13.951333967093793,70200.0,0.0,70200.0,0.10099992930000004,70200.0,0.0,70200.0,0.336
70400.0,7.944618886836736,70400.0,13.899862086455512,70400.0,0.0,70400.0,0.10099992930000004,70400.0,0.0,70400.0,0.336
70600.0,7.89547151772449,70600.0,13.849231180934083,70600.0,0.0,70600.0,0.10099992930000004,70600.0,0.0,70600.0,0.0
70800.0,7.848079854806899,70800.0,13.795515527046275,70800.0,0.0,70800.0,0.10099992930000004,70800.0,0.0,70800.0,0.0
71000.0,7.799668754637731,71000.0,13.738938819221877,71000.0,0.0,71000.0,0.10099992930000004,71000.0,0.0,71000.0,0.0
71200.0,7.749198659598602,71200.0,13.678668730080284,71200.0,0.0,71200.0,0.10099992930000004,71200.0,0.84,71200.0,0.0
71400.0,7.699026946192838,71400.0,13.619955851393321,71400.0,0.0,71400.0,0.10099992930000004,71400.0,0.0,71400.0,0.0
71600.0,7.657358449085535,71600.0,13.577695777792199,71600.0,0.0,71600.0,0.10099992930000004,71600.0,0.0,71600.0,0.0
71800.0,7.59377820323279,71800.0,13.566633893622814,71800.0,0.0,71800.0,0.10099992930000004,71800.0,0.0,71800.0,0.0
72000.0,7.532004461938641,72000.0,13.55476140438449,72000.0,0.0,72000.0,0.10099992930000004,72000.0,0.0,72000.0,0.0
72200.0,7.495580696365674,72200.0,13.538809769668118,72200.0,0.0,72200.0,0.10099992930000004,72200.0,0.0,72200.0,0.0
72400.0,7.470540376039028,72400.0,13.52226826691639,72400.0,0.0,72400.0,0.10099992930000004,72400.0,0.0,72400.0,0.0
72600.0,7.449510335906057,72600.0,13.506995052176245,72600.0,0.0,72600.0,0.10099992930000004,72600.0,0.0,72600.0,0.0
72800.0,7.433905357082848,72800.0,13.493867859135966,72800.0,0.0,72800.0,0.10099992930000004,72800.0,0.0,72800.0,0.0
73000.0,7.413507501831816,73000.0,13.47892350090027,73000.0,0.0,73000.0,0.10099992930000004,73000.0,0.0,73000.0,0.336
73200.0,7.3900272790630055,73200.0,13.46985556525387,73200.0,0.0,73200.0,0.10099992930000004,73200.0,0.0,73200.0,0.0
73400.0,7.3713886254376835,73400.0,13.458441643873917,73400.0,0.0,73400.0,0.10099992930000004,73400.0,0.0,73400.0,0.0
73600.0,7.34916827467093,73600.0,13.45035444190995,73600.0,0.0,73600.0,0.10099992930000004,73600.0,0.0,73600.0,0.0
73800.0,7.324563647793528,73800.0,13.445397396308483,73800.0,0.0,73800.0,0.10099992930000004,73800.0,0.0,73800.0,0.0
74000.0,7.304165572375145,74000.0,13.43968968805094,74000.0,0.0,74000.0,0.10099992930000004,74000.0,0.0,74000.0,0.0
74200.0,7.284315676080103,74200.0,13.433865972253583,74200.0,0.0,74200.0,0.10099992930000004,74200.0,0.0,74200.0,0.0
74400.0,7.266731512464476,74400.0,13.428281005012769,74400.0,0.0,74400.0,0.10099992930000004,74400.0,0.0,74400.0,0.0
74600.0,7.251146276442017,74600.0,13.42286754697354,74600.0,0.0,74600.0,0.10099992930000004,74600.0,0.0,74600.0,0.0
74800.0,7.239433633444572,74800.0,13.417739673753168,74800.0,0.0,74800.0,0.10099992930000004,74800.0,0.0,74800.0,0.0
75000.0,7.232199756957624,75000.0,13.413407847817327,75000.0,0.0,75000.0,0.10099992930000004,75000.0,0.0,75000.0,0.0
75200.0,7.211285274096527,75200.0,13.403763777282391,75200.0,0.0,75200.0,0.10099992930000004,75200.0,0.0,75200.0,0.0
75400.0,7.149084340199371,75400.0,13.364120909798677,75400.0,0.0,75400.0,0.10099992930000004,75400.0,0.0,75400.0,0.0
75600.0,7.0761243451548435,75600.0,13.30472639544449,75600.0,0.0,75600.0,0.10099992930000004,75600.0,0.0,75600.0,0.336
75800.0,7.000237427367912,75800.0,13.233513721677257,75800.0,0.0,75800.0,0.10099992930000004,75800.0,0.0,75800.0,0.0
76000.0,6.934651411758734,76000.0,13.174276290175579,76000.0,0.0,76000.0,0.10099992930000004,76000.0,0.0,76000.0,0.0
76200.0,6.886098900877942,76200.0,13.126048274475579,76200.0,0.0,76200.0,0.10099992930000004,76200.0,0.0,76200.0,0.0
76400.0,6.842400134538741,76400.0,13.075631658379589,76400.0,0.0,76400.0,0.10099992930000004,76400.0,0.0,76400.0,0.0
76600.0,6.798904418549324,76600.0,13.022739030419967,76600.0,0.0,76600.0,0.10099992930000004,76600.0,0.0,76600.0,0.0
76800.0,6.754623736614974,76800.0,12.967750519464838,76800.0,0.0,76800.0,0.10099992930000004,76800.0,0.0,76800.0,0.0
77000.0,6.71035413456085,77000.0,12.911939817631925,77000.0,0.0,77000.0,0.10099992930000004,77000.0,0.0,77000.0,0.0
77200.0,6.665705621773863,77200.0,12.854352394057065,77200.0,0.0,77200.0,0.10099992930000004,77200.0,0.0,77200.0,0.0
77400.0,6.6116636051901265,77400.0,12.837328904681891,77400.0,0.0,77400.0,0.10099992930000004,77400.0,0.0,77400.0,0.336
77600.0,6.547248152723485,77600.0,12.833444458310135,77600.0,0.0,77600.0,0.10099992930000004,77600.0,0.0,77600.0,0.336
77800.0,6.502152294680182,77800.0,12.823260375498146,77800.0,0.0,77800.0,0.10099992930000004,77800.0,0.84,77800.0,0.0
78000.0,6.462996424314714,78000.0,12.81668618558619,78000.0,0.0,78000.0,0.10099992930000004,78000.0,0.0,78000.0,0.0
78200.0,6.438534638012092,78200.0,12.804121263289494,78200.0,0.0,78200.0,0.10099992930000004,78200.0,0.0,78200.0,0.0
78400.0,6.418999632642068,78400.0,12.790925776044256,78400.0,0.0,78400.0,0.10099992930000004,78400.0,0.0,78400.0,0.0
78600.0,6.400734822549732,78600.0,12.779252763936405,78600.0,0.0,78600.0,0.10099992930000004,78600.0,0.0,78600.0,0.0
78800.0,6.383223172749566,78800.0,12.76945679774053,78800.0,0.0,78800.0,0.10099992930000004,78800.0,0.0,78800.0,0.0
79000.0,6.369046502824114,79000.0,12.760337648032172,79000.0,0.0,79000.0,0.10099992930000004,79000.0,0.0,79000.0,0.0
79200.0,6.351213652246253,79200.0,12.752940879667841,79200.0,0.0,79200.0,0.10099992930000004,79200.0,0.0,79200.0,0.0
79400.0,6.329909915060714,79400.0,12.749463147065539,79400.0,0.0,79400.0,0.10099992930000004,79400.0,0.0,79400.0,0.0
79600.0,6.310641120704661,79600.0,12.746540640242813,79600.0,0.0,79600.0,0.10099992930000004,79600.0,0.0,79600.0,0.0
79800.0,6.295166355755663,79800.0,12.741267991404522,79800.0,0.0,79800.0,0.10099992930000004,79800.0,0.0,79800.0,0.0
80000.0,6.280811210195607,80000.0,12.736694501350645,80000.0,0.0,80000.0,0.10099992930000004,80000.0,0.0,80000.0,0.0
80200.0,6.267179492077554,80200.0,12.732704848705376,80200.0,0.0,80200.0,0.10099992930000004,80200.0,0.0,80200.0,0.0
80400.0,6.256534597435914,80400.0,12.728662338147656,80400.0,0.0,80400.0,0.10099992930000004,80400.0,0.0,80400.0,0.0
80600.0,6.249498103651037,80600.0,12.724500972126146,80600.0,0.0,80600.0,0.10099992930000004,80600.0,0.0,80600.0,0.0
80800.0,6.243773334739611,80800.0,12.71907430385986,80800.0,0.0,80800.0,0.10099992930000004,80800.0,0.0,80800.0,0.0
81000.0,6.202132480036999,81000.0,12.701819341090022,81000.0,0.0,81000.0,0.10099992930000004,81000.0,0.0,81000.0,0.0
81200.0,6.140498403517377,81200.0,12.653983097862493,81200.0,0.0,81200.0,0.10099992930000004,81200.0,0.0,81200.0,0.336
81400.0,6.074328242096823,81400.0,12.592253989450526,81400.0,0.0,81400.0,0.10099992930000004,81400.0,0.84,81400.0,0.0
81600.0,6.008239932518465,81600.0,12.52456867307887,81600.0,0.0,81600.0,0.10099992930000004,81600.0,0.0,81600.0,0.0
81800.0,5.956969828714312,81800.0,12.475445465082224,81800.0,0.0,81800.0,0.10099992930000004,81800.0,0.0,81800.0,0.0
82000.0,5.915420654964497,82000.0,12.428080161566752,82000.0,0.0,82000.0,0.10099992930000004,82000.0,0.0,82000.0,0.0
82200.0,5.875933706996187,82200.0,12.378536935745261,82200.0,0.0,82200.0,0.10099992930000004,82200.0,0.0,82200.0,0.0
82400.0,5.83623814424808,82400.0,12.326958519338467,82400.0,0.0,82400.0,0.10099992930000004,82400.0,0.0,82400.0,0.0
82600.0,5.796375163179647,82600.0,12.274145160504945,82600.0,0.0,82600.0,0.10099992930000004,82600.0,0.0,82600.0,0.336
82800.0,5.756277423811004,82800.0,12.219897848136194,82800.0,0.0,82800.0,0.10099992930000004,82800.0,0.0,82800.0,0.0
83000.0,5.715135612152011,83000.0,12.172888225637447,83000.0,0.0,83000.0,0.10099992930000004,83000.0,0.0,83000.0,0.0
83200.0,5.65529942674163,83200.0,12.180101003376539,83200.0,0.0,83200.0,0.10099992930000004,83200.0,0.0,83200.0,0.0
83400.0,5.6073295750515735,83400.0,12.172985435646103,83400.0,0.0,83400.0,0.10099992930000004,83400.0,0.0,83400.0,0.0
83600.0,5.579880130387472,83600.0,12.1602272122188,83600.0,0.0,83600.0,0.10099992930000004,83600.0,0.0,83600.0,0.0
83800.0,5.559719447775757,83800.0,12.147932015429083,83800.0,0.0,83800.0,0.10099992930000004,83800.0,0.0,83800.0,0.0
84000.0,5.543113837169634,84000.0,12.136249521687969,84000.0,0.0,84000.0,0.10099992930000004,84000.0,0.0,84000.0,0.0
84200.0,5.522479157133374,84200.0,12.129043461526612,84200.0,0.0,84200.0,0.10099992930000004,84200.0,0.84,84200.0,0.0
84400.0,5.494436139650943,84400.0,12.127143812596291,84400.0,0.0,84400.0,0.10099992930000004,84400.0,0.0,84400.0,0.0
84600.0,5.478594432879808,84600.0,12.120473958615996,84600.0,0.0,84600.0,0.10099992930000004,84600.0,0.0,84600.0,0.0
84800.0,5.464120896066843,84800.0,12.112652066526033,84800.0,0.0,84800.0,0.10099992930000004,84800.0,0.0,84800.0,0.336
85000.0,5.443931937145133,85000.0,12.1113799734343,85000.0,0.0,85000.0,0.10099992930000004,85000.0,0.0,85000.0,0.336
85200.0,5.424136819475618,85200.0,12.111269002082086,85200.0,0.0,85200.0,0.10099992930000004,85200.0,0.0,85200.0,0.0
85400.0,5.410136940071359,85400.0,12.10813943507793,85400.0,0.0,85400.0,0.10099992930000004,85400.0,0.0,85400.0,0.0
85600.0,5.396275353073294,85600.0,12.105540365606545,85600.0,0.0,85600.0,0.10099992930000004,85600.0,0.0,85600.0,0.0
85800.0,5.3834883055034375,85800.0,12.102972800141302,85800.0,0.0,85800.0,0.10099992930000004,85800.0,0.0,85800.0,0.0
86000.0,5.371865824180371,86000.0,12.100731175959021,86000.0,0.0,86000.0,0.10099992930000004,86000.0,0.0,86000.0,0.0
86200.0,5.363767949572383,86200.0,12.097819679137466,86200.0,0.0,86200.0,0.10099992930000004,86200.0,0.0,86200.0,0.0
86400.0,5.357434044125892,86400.0,12.093979539399776,86400.0,0.0,86400.0,0.10099992930000004,86400.0,0.0,86400.0,0.0
86600.0,5.319937729343135,86600.0,12.081420973341233,86600.0,0.0,86600.0,0.10099992930000004,86600.0,0.0,86600.0,0.0
86800.0,5.265121400235481,86800.0,12.03721948050644,86800.0,0.0,86800.0,0.10099992930000004,86800.0,0.0,86800.0,0.0
87000.0,5.206470923996096,87000.0,11.978747225179266,87000.0,0.0,87000.0,0.10099992930000004,87000.0,0.84,87000.0,0.336
87200.0,5.148011871646513,87200.0,11.914485527937416,87200.0,0.0,87200.0,0.10099992930000004,87200.0,0.0,87200.0,0.336
87400.0,5.1058467800099105,87400.0,11.873596172816121,87400.0,0.0,87400.0,0.10099992930000004,87400.0,0.0,87400.0,0.0
87600.0,5.072684358553028,87600.0,11.832268877978809,87600.0,0.0,87600.0,0.10099992930000004,87600.0,0.0,87600.0,0.0
87800.0,5.039607823385422,87800.0,11.786732912974825,87800.0,0.0,87800.0,0.10099992930000004,87800.0,0.0,87800.0,0.0
88000.0,5.004920185725135,88000.0,11.738171979416526,88000.0,0.0,88000.0,0.10099992930000004,88000.0,0.0,88000.0,0.0
88200.0,4.969246982207141,88200.0,11.688025842168294,88200.0,0.0,88200.0,0.10099992930000004,88200.0,0.0,88200.0,0.0
88400.0,4.9333447237903005,88400.0,11.636770097466268,88400.0,0.0,88400.0,0.10099992930000004,88400.0,0.0,88400.0,0.0
88600.0,4.896823329547332,88600.0,11.583641331579816,88600.0,0.0,88600.0,0.10099992930000004,88600.0,0.0,88600.0,0.0
88800.0,4.852432790666226,88800.0,11.571866493762752,88800.0,0.0,88800.0,0.10099992930000004,88800.0,0.0,88800.0,0.0
89000.0,4.7991714070062645,89000.0,11.574541911555164,89000.0,0.0,89000.0,0.10099992930000004,89000.0,0.0,89000.0,0.336
89200.0,4.761307894491152,89200.0,11.56877965847046,89200.0,0.0,89200.0,0.10099992930000004,89200.0,0.84,89200.0,0.336
89400.0,4.729342032778073,89400.0,11.565391615059154,89400.0,0.0,89400.0,0.10099992930000004,89400.0,0.0,89400.0,0.0
89600.0,4.709252742335849,89600.0,11.55638844141658,89600.0,0.0,89600.0,0.10099992930000004,89600.0,0.0,89600.0,0.0
89800.0,4.693181484790833,89800.0,11.547015215644707,89800.0,0.0,89800.0,0.10099992930000004,89800.0,0.0,89800.0,0.0
90000.0,4.678044883856309,90000.0,11.53920169745669,90000.0,0.0,90000.0,0.10099992930000004,90000.0,0.0,90000.0,0.0
90200.0,4.66352653645147,90200.0,11.53305387767784,90200.0,0.0,90200.0,0.10099992930000004,90200.0,0.0,90200.0,0.0
90400.0,4.650694250043771,90400.0,11.527320839220716,90400.0,0.0,90400.0,0.10099992930000004,90400.0,0.0,90400.0,0.0
90600.0,4.635169466263006,90600.0,11.525572521230364,90600.0,0.0,90600.0,0.10099992930000004,90600.0,0.0,90600.0,0.0
90800.0,4.617403465764406,90800.0,11.527001404373964,90800.0,0.0,90800.0,0.10099992930000004,90800.0,0.0,90800.0,0.0
91000.0,4.603823739342593,91000.0,11.525231088563508,91000.0,0.0,91000.0,0.10099992930000004,91000.0,0.0,91000.0,0.0
91200.0,4.592367591227547,91200.0,11.523186551275055,91200.0,0.0,91200.0,0.10099992930000004,91200.0,0.0,91200.0,0.0
91400.0,4.580994203421387,91400.0,11.521946309305156,91400.0,0.0,91400.0,0.10099992930000004,91400.0,0.0,91400.0,0.0
91600.0,4.569312589585513,91600.0,11.521512982618933,91600.0,0.0,91600.0,0.10099992930000004,91600.0,0.0,91600.0,0.0
91800.0,4.560907963530743,91800.0,11.519963906967337,91800.0,0.0,91800.0,0.10099992930000004,91800.0,0.0,91800.0,0.0
92000.0,4.55438651314576,92000.0,11.517084322396101,92000.0,0.0,92000.0,0.10099992930000004,92000.0,0.0,92000.0,0.0
92200.0,4.53941028818405,92200.0,11.51569120371978,92200.0,0.0,92200.0,0.10099992930000004,92200.0,0.0,92200.0,0.0
92400.0,4.4957406813059375,92400.0,11.487024916772986,92400.0,0.0,92400.0,0.10099992930000004,92400.0,0.0,92400.0,0.336
92600.0,4.445063418884219,92600.0,11.437885609766367,92600.0,0.0,92600.0,0.10099992930000004,92600.0,0.84,92600.0,0.336
92800.0,4.392351728264659,92800.0,11.376604621912554,92800.0,0.0,92800.0,0.10099992930000004,92800.0,0.0,92800.0,0.0
93000.0,4.346278551481133,93000.0,11.32534437540351,93000.0,0.0,93000.0,0.10099992930000004,93000.0,0.0,93000.0,0.0
93200.0,4.31327739533063,93200.0,11.286345179822685,93200.0,0.0,93200.0,0.10099992930000004,93200.0,0.0,93200.0,0.0
93400.0,4.283164959546413,93400.0,11.24389715168839,93400.0,0.0,93400.0,0.10099992930000004,93400.0,0.0,93400.0,0.0
93600.0,4.252398460064883,93600.0,11.198364921434761,93600.0,0.0,93600.0,0.10099992930000004,93600.0,0.0,93600.0,0.0
93800.0,4.220508571108839,93800.0,11.15061550308331,93800.0,0.0,93800.0,0.10099992930000004,93800.0,0.0,93800.0,0.0
94000.0,4.188248540816688,94000.0,11.101901190053521,94000.0,0.0,94000.0,0.10099992930000004,94000.0,0.0,94000.0,0.0
94200.0,4.155403342621368,94200.0,11.051345138779048,94200.0,0.0,94200.0,0.10099992930000004,94200.0,0.0,94200.0,0.336
94400.0,4.1198177959408335,94400.0,11.035933223463955,94400.0,0.0,94400.0,0.10099992930000004,94400.0,0.0,94400.0,0.336
94600.0,4.070014224392265,94600.0,11.041180398254818,94600.0,0.0,94600.0,0.10099992930000004,94600.0,0.84,94600.0,0.0
94800.0,4.024182369267804,94800.0,11.05060589874668,94800.0,0.0,94800.0,0.10099992930000004,94800.0,0.0,94800.0,0.0
95000.0,3.984001350784955,95000.0,11.05812927602882,95000.0,0.0,95000.0,0.10099992930000004,95000.0,0.0,95000.0,0.0
95200.0,3.95156080350597,95200.0,11.058768153697045,95200.0,0.0,95200.0,0.10099992930000004,95200.0,0.0,95200.0,0.0
95400.0,3.9298178625550633,95400.0,11.055821663211292,95400.0,0.0,95400.0,0.10099992930000004,95400.0,0.0,95400.0,0.0
95600.0,3.9165379177183226,95600.0,11.05142182005345,95600.0,0.0,95600.0,0.10099992930000004,95600.0,0.0,95600.0,0.0
95800.0,3.903984799655217,95800.0,11.04782700269178,95800.0,0.0,95800.0,0.10099992930000004,95800.0,0.0,95800.0,0.0
96000.0,3.893973384505709,96000.0,11.044179942221767,96000.0,0.0,96000.0,0.10099992930000004,96000.0,0.0,96000.0,0.0
96200.0,3.8824830028123847,96200.0,11.042901738398685,96200.0,0.0,96200.0,0.10099992930000004,96200.0,0.0,96200.0,0.0
96400.0,3.8684838000472603,96400.0,11.046792523301804,96400.0,0.0,96400.0,0.10099992930000004,96400.0,0.0,96400.0,0.0
96600.0,3.8531082108404258,96600.0,11.05418112682925,96600.0,0.0,96600.0,0.10099992930000004,96600.0,0.0,96600.0,0.336
96800.0,4.15310278613184,96800.0,11.058906974753944,96800.0,0.436,96800.0,0.10099992930000004,96800.0,0.0,96800.0,0.336
97000.0,4.294224074102723,97000.0,11.061298176530222,97000.0,0.436,97000.0,0.10099992930000004,97000.0,0.0,97000.0,0.0
97200.0,4.363449113477062,97200.0,11.063375243120044,97200.0,0.436,97200.0,0.10099992930000004,97200.0,0.0,97200.0,0.0
97400.0,4.403428337879618,97400.0,11.064228470539739,97400.0,0.436,97400.0,0.10099992930000004,97400.0,0.0,97400.0,0.0
97600.0,4.4282913184638035,97600.0,11.063623522759773,97600.0,0.436,97600.0,0.10099992930000004,97600.0,0.0,97600.0,0.0
97800.0,4.4453925886594,97800.0,11.062744873877017,97800.0,0.436,97800.0,0.10099992930000004,97800.0,0.0,97800.0,0.0
98000.0,4.5506528267322315,98000.0,11.05854185288942,98000.0,0.436,98000.0,0.10099992930000004,98000.0,0.0,98000.0,0.0
98200.0,4.712471682365178,98200.0,11.02374888077315,98200.0,0.436,98200.0,0.10099992930000004,98200.0,0.0,98200.0,0.0
98400.0,4.887660467360588,98400.0,10.974739434306052,98400.0,0.436,98400.0,0.10099992930000004,98400.0,0.0,98400.0,0.336
98600.0,5.060409129939035,98600.0,10.916946163132184,98600.0,0.436,98600.0,0.10099992930000004,98600.0,0.0,98600.0,0.0
98800.0,5.182022510348952,98800.0,10.881132364378496,98800.0,0.436,98800.0,0.10099992930000004,98800.0,0.0,98800.0,0.0
99000.0,5.278523522748128,99000.0,10.841663589858936,99000.0,0.436,99000.0,0.10099992930000004,99000.0,0.0,99000.0,0.0
99200.0,5.363308099177215,99200.0,10.802635726985809,99200.0,0.436,99200.0,0.10099992930000004,99200.0,0.0,99200.0,0.0
99400.0,5.446484783205695,99400.0,10.759729906650737,99400.0,0.436,99400.0,0.10099992930000004,99400.0,0.0,99400.0,0.0
99600.0,5.527294621785421,99600.0,10.715458168066439,99600.0,0.436,99600.0,0.10099992930000004,99600.0,0.0,99600.0,0.0
99800.0,5.604947322480575,99800.0,10.669615205587531,99800.0,0.436,99800.0,0.10099992930000004,99800.0,0.0,99800.0,0.0
100000.0,5.681232946125902,100000.0,10.630942070773017,100000.0,0.436,100000.0,0.10099992930000004,100000.0,0.0,100000.0,0.0
100200.0,5.606581697977936,100200.0,10.647451925601539,100200.0,0.0,100200.0,0.10099992930000004,100200.0,0.0,100200.0,0.336
100400.0,5.422968657616204,100400.0,10.64725083554573,100400.0,0.0,100400.0,0.10099992930000004,100400.0,0.0,100400.0,0.336
100600.0,5.3511604451424954,100600.0,10.640854818937116,100600.0,0.0,100600.0,0.10099992930000004,100600.0,0.0,100600.0,0.0
100800.0,5.3145971630500055,100800.0,10.63502864119695,100800.0,0.0,100800.0,0.10099992930000004,100800.0,0.0,100800.0,0.0
101000.0,5.2765804701868,101000.0,10.639837525992581,101000.0,0.0,101000.0,0.10099992930000004,101000.0,0.0,101000.0,0.0
101200.0,5.251897620078959,101200.0,10.63710961106089,101200.0,0.0,101200.0,0.10099992930000004,101200.0,0.0,101200.0,0.0
101400.0,5.234203212393193,101400.0,10.633471067632394,101400.0,0.0,101400.0,0.10099992930000004,101400.0,0.0,101400.0,0.0
101600.0,5.2166306942810134,101600.0,10.632245678338986,101600.0,0.0,101600.0,0.10099992930000004,101600.0,0.0,101600.0,0.0
101800.0,5.201057833185502,101800.0,10.630731519603668,101800.0,0.0,101800.0,0.10099992930000004,101800.0,0.0,101800.0,0.0
102000.0,5.180227938373974,102000.0,10.63523778387263,102000.0,0.0,102000.0,0.10099992930000004,102000.0,0.0,102000.0,0.0
102200.0,5.157057043911162,102200.0,10.642284223185994,102200.0,0.0,102200.0,0.10099992930000004,102200.0,0.0,102200.0,0.0
102400.0,5.138720359720462,102400.0,10.64582846936181,102400.0,0.0,102400.0,0.10099992930000004,102400.0,0.0,102400.0,0.0
102600.0,5.122680774842998,102600.0,10.648996328547186,102600.0,0.0,102600.0,0.10099992930000004,102600.0,0.0,102600.0,0.0
102800.0,5.107867390063365,102800.0,10.652481080843852,102800.0,0.0,102800.0,0.10099992930000004,102800.0,0.0,102800.0,0.0
103000.0,5.095524494769441,103000.0,10.654433657827655,103000.0,0.0,103000.0,0.10099992930000004,103000.0,0.0,103000.0,0.0
103200.0,5.087210551936804,103200.0,10.654690182597083,103200.0,0.0,103200.0,0.10099992930000004,103200.0,0.0,103200.0,0.336
103400.0,5.073211039779597,103400.0,10.659419420503637,103400.0,0.0,103400.0,0.10099992930000004,103400.0,0.0,103400.0,0.336
103600.0,5.046873510085759,103600.0,10.665760366144537,103600.0,0.0,103600.0,0.10099992930000004,103600.0,0.0,103600.0,0.0
103800.0,4.98871286802499,103800.0,10.645581941177788,103800.0,0.0,103800.0,0.10099992930000004,103800.0,0.0,103800.0,0.0
104000.0,4.922844806633199,104000.0,10.604006823157563,104000.0,0.0,104000.0,0.10099992930000004,104000.0,0.0,104000.0,0.0
104200.0,4.855043431935376,104200.0,10.54971272378839,104200.0,0.0,104200.0,0.10099992930000004,104200.0,0.0,104200.0,0.336
104400.0,4.793552113523311,104400.0,10.499773201533927,104400.0,0.0,104400.0,0.10099992930000004,104400.0,0.0,104400.0,0.336
104600.0,4.747612703702613,104600.0,10.461913535198903,104600.0,0.0,104600.0,0.10099992930000004,104600.0,0.0,104600.0,0.0
104800.0,4.707650829138795,104800.0,10.423053574578814,104800.0,0.0,104800.0,0.10099992930000004,104800.0,0.0,104800.0,0.0
105000.0,4.668356475610336,105000.0,10.381341838573274,105000.0,0.0,105000.0,0.10099992930000004,105000.0,0.0,105000.0,0.0
105200.0,4.628933268547514,105200.0,10.338105236916958,105200.0,0.0,105200.0,0.10099992930000004,105200.0,0.0,105200.0,0.0
105400.0,4.589444792696753,105400.0,10.293495672753446,105400.0,0.0,105400.0,0.10099992930000004,105400.0,0.0,105400.0,0.0
105600.0,4.549538398487956,105600.0,10.246996522860695,105600.0,0.0,105600.0,0.10099992930000004,105600.0,0.0,105600.0,0.0
105800.0,4.5011547287816045,105800.0,10.242037996614746,105800.0,0.0,105800.0,0.10099992930000004,105800.0,0.84,105800.0,0.336
106000.0,4.437256605047369,106000.0,10.25968298482933,106000.0,0.0,106000.0,0.10099992930000004,106000.0,0.0,106000.0,0.336
106200.0,4.380628883640232,106200.0,10.269169962083554,106200.0,0.0,106200.0,0.10099992930000004,106200.0,0.0,106200.0,0.0
106400.0,4.341120181723399,106400.0,10.270852759720226,106400.0,0.0,106400.0,0.10099992930000004,106400.0,0.0,106400.0,0.0
106600.0,4.314962956389608,106600.0,10.269353748345978,106600.0,0.0,106600.0,0.10099992930000004,106600.0,0.0,106600.0,0.0
106800.0,4.297019048890339,106800.0,10.266911921426988,106800.0,0.0,106800.0,0.10099992930000004,106800.0,0.0,106800.0,0.0
107000.0,4.2818420852051515,107000.0,10.264597281762722,107000.0,0.0,107000.0,0.10099992930000004,107000.0,0.0,107000.0,0.0
107200.0,4.267030348800333,107200.0,10.264086631306979,107200.0,0.0,107200.0,0.10099992930000004,107200.0,0.0,107200.0,0.0
107400.0,4.254268066614888,107400.0,10.263370953917265,107400.0,0.0,107400.0,0.10099992930000004,107400.0,0.0,107400.0,0.0
107600.0,4.238128316584215,107600.0,10.268439041098446,107600.0,0.0,107600.0,0.10099992930000004,107600.0,0.0,107600.0,0.0
107800.0,4.2196320981478745,107800.0,10.276771444557783,107800.0,0.0,107800.0,0.10099992930000004,107800.0,0.0,107800.0,0.0
108000.0,4.203681777551116,108000.0,10.281980612834678,108000.0,0.0,108000.0,0.10099992930000004,108000.0,0.0,108000.0,0.0
108200.0,4.191249346786589,108200.0,10.284820490891654,108200.0,0.0,108200.0,0.10099992930000004,108200.0,0.0,108200.0,0.0
108400.0,4.179389845710043,108400.0,10.288938358157095,108400.0,0.0,108400.0,0.10099992930000004,108400.0,0.0,108400.0,0.0
108600.0,4.168376660215221,108600.0,10.292987525009881,108600.0,0.0,108600.0,0.10099992930000004,108600.0,0.0,108600.0,0.0
108800.0,4.1604212947441725,108800.0,10.294595845846352,108800.0,0.0,108800.0,0.10099992930000004,108800.0,0.0,108800.0,0.0
109000.0,4.154809107494032,109000.0,10.295314195502092,109000.0,0.0,109000.0,0.10099992930000004,109000.0,0.0,109000.0,0.0
109200.0,4.138958953675749,109200.0,10.29979391252463,109200.0,0.0,109200.0,0.10099992930000004,109200.0,0.0,109200.0,0.0
109400.0,4.092929941274742,109400.0,10.280650338187968,109400.0,0.0,109400.0,0.10099992930000004,109400.0,0.0,109400.0,0.336
109600.0,4.039649233861162,109600.0,10.240467713362431,109600.0,0.0,109600.0,0.10099992930000004,109600.0,0.0,109600.0,0.0
109800.0,3.9844073264683395,109800.0,10.18778719928348,109800.0,0.0,109800.0,0.10099992930000004,109800.0,0.0,109800.0,0.0
110000.0,3.9341313575264154,110000.0,10.139737539245269,110000.0,0.0,110000.0,0.10099992930000004,110000.0,0.84,110000.0,0.0
110200.0,3.9002705103994195,110200.0,10.110592065386667,110200.0,0.0,110200.0,0.10099992930000004,110200.0,0.0,110200.0,0.0
110400.0,3.872329391902057,110400.0,10.077839248921261,110400.0,0.0,110400.0,0.10099992930000004,110400.0,0.0,110400.0,0.0
110600.0,4.01902876595007,110600.0,10.039203236802038,110600.0,0.436,110600.0,0.10099992930000004,110600.0,0.0,110600.0,0.0
110800.0,4.262826077534923,110800.0,9.99749065198282,110800.0,0.436,110800.0,0.10099992930000004,110800.0,0.0,110800.0,0.336
111000.0,4.396726282800903,111000.0,9.954748125060204,111000.0,0.436,111000.0,0.10099992930000004,111000.0,0.0,111000.0,0.336
111200.0,4.494957791088085,111200.0,9.91043650553719,111200.0,0.436,111200.0,0.10099992930000004,111200.0,0.0,111200.0,0.0
111400.0,4.581935684481935,111400.0,9.873357232760211,111400.0,0.436,111400.0,0.10099992930000004,111400.0,0.0,111400.0,0.0
111600.0,4.702964150913392,111600.0,9.892598264544876,111600.0,0.436,111600.0,0.10099992930000004,111600.0,0.0,111600.0,0.0
111800.0,4.819179651755695,111800.0,9.91000887748338,111800.0,0.436,111800.0,0.10099992930000004,111800.0,0.84,111800.0,0.0
112000.0,4.91086052159063,112000.0,9.919144667991896,112000.0,0.436,112000.0,0.10099992930000004,112000.0,0.0,112000.0,0.0
112200.0,5.003384073847703,112200.0,9.933382998885968,112200.0,0.436,112200.0,0.10099992930000004,112200.0,0.0,112200.0,0.336
112400.0,5.069685824015531,112400.0,9.93815095500928,112400.0,0.436,112400.0,0.10099992930000004,112400.0,0.0,112400.0,0.336
112600.0,5.1143811678172275,112600.0,9.940010368148748,112600.0,0.436,112600.0,0.10099992930000004,112600.0,0.0,112600.0,0.0
112800.0,5.1504367545011,112800.0,9.941664115302457,112800.0,0.436,112800.0,0.10099992930000004,112800.0,0.0,112800.0,0.0
113000.0,5.179979683026515,113000.0,9.94239309060261,113000.0,0.436,113000.0,0.10099992930000004,113000.0,0.0,113000.0,0.0
113200.0,5.210606640788351,113200.0,9.945394119454516,113200.0,0.436,113200.0,0.10099992930000004,113200.0,0.0,113200.0,0.0
113400.0,5.252159110659699,113400.0,9.955587946468347,113400.0,0.436,113400.0,0.10099992930000004,113400.0,0.0,113400.0,0.0
113600.0,5.295978710311247,113600.0,9.965492148021472,113600.0,0.436,113600.0,0.10099992930000004,113600.0,0.0,113600.0,0.0
113800.0,5.3265285600800425,113800.0,9.968847690588538,113800.0,0.436,113800.0,0.10099992930000004,113800.0,0.0,113800.0,0.0
114000.0,5.35304063175368,114000.0,9.972265974087886,114000.0,0.436,114000.0,0.10099992930000004,114000.0,0.0,114000.0,0.0
114200.0,5.38205004151491,114200.0,9.978107021947121,114200.0,0.436,114200.0,0.10099992930000004,114200.0,0.0,114200.0,0.0
114400.0,5.408458598038015,114400.0,9.981854445163595,114400.0,0.436,114400.0,0.10099992930000004,114400.0,0.0,114400.0,0.0
114600.0,5.426861789978295,114600.0,9.983432352027199,114600.0,0.436,114600.0,0.10099992930000004,114600.0,0.0,114600.0,0.0
114800.0,5.44151277262195,114800.0,9.984620083212805,114800.0,0.436,114800.0,0.10099992930000004,114800.0,0.0,114800.0,0.0
115000.0,5.532214158396165,115000.0,9.987865894589836,115000.0,0.436,115000.0,0.10099992930000004,115000.0,0.0,115000.0,0.0
115200.0,5.670078437963776,115200.0,9.958956686579032,115200.0,0.436,115200.0,0.10099992930000004,115200.0,0.0,115200.0,0.336
115400.0,5.443803954760907,115400.0,9.915324094512474,115400.0,0.0,115400.0,0.10099992930000004,115400.0,0.0,115400.0,0.0
115600.0,5.301788649495265,115600.0,9.861966544604348,115600.0,0.0,115600.0,0.10099992930000004,115600.0,0.0,115600.0,0.0
115800.0,5.221318570928358,115800.0,9.827433391899037,115800.0,0.0,115800.0,0.10099992930000004,115800.0,0.0,115800.0,0.0
116000.0,5.172787675713938,116000.0,9.799610033909158,116000.0,0.0,116000.0,0.10099992930000004,116000.0,0.0,116000.0,0.0
116200.0,5.129120071538265,116200.0,9.76504710226858,116200.0,0.0,116200.0,0.10099992930000004,116200.0,0.0,116200.0,0.0
116400.0,5.083742887597014,116400.0,9.72651337566668,116400.0,0.0,116400.0,0.10099992930000004,116400.0,0.0,116400.0,0.0
116600.0,5.037639427599685,116600.0,9.68646432747875,116600.0,0.0,116600.0,0.10099992930000004,116600.0,0.0,116600.0,0.0
116800.0,4.991614638118555,116800.0,9.644993809889737,116800.0,0.0,116800.0,0.10099992930000004,116800.0,0.0,116800.0,0.336
117000.0,4.946889381574562,117000.0,9.610115590646158,117000.0,0.0,117000.0,0.10099992930000004,117000.0,0.0,117000.0,0.336
117200.0,4.880137861473945,117200.0,9.629011033994752,117200.0,0.0,117200.0,0.10099992930000004,117200.0,0.0,117200.0,0.0
117400.0,4.811791995719732,117400.0,9.647905243235448,117400.0,0.0,117400.0,0.10099992930000004,117400.0,0.84,117400.0,0.0
117600.0,4.757998071690415,117600.0,9.658000229807547,117600.0,0.0,117600.0,0.10099992930000004,117600.0,0.0,117600.0,0.0
117800.0,4.704495928906616,117800.0,9.674055794332915,117800.0,0.0,117800.0,0.10099992930000004,117800.0,0.0,117800.0,0.0
118000.0,4.6658694189278185,118000.0,9.681375114168684,118000.0,0.0,118000.0,0.10099992930000004,118000.0,0.0,118000.0,0.0
118200.0,4.640694331475308,118200.0,9.684363320051625,118200.0,0.0,118200.0,0.10099992930000004,118200.0,0.0,118200.0,0.0
118400.0,4.620180041557383,118400.0,9.688732288463141,118400.0,0.0,118400.0,0.10099992930000004,118400.0,0.0,118400.0,0.336
118600.0,4.6006527140483575,118600.0,9.69413461724041,118600.0,0.0,118600.0,0.10099992930000004,118600.0,0.0,118600.0,0.336
118800.0,4.584653254216862,118800.0,9.698867190530484,118800.0,0.0,118800.0,0.10099992930000004,118800.0,0.0,118800.0,0.0
119000.0,4.565191846903553,119000.0,9.710369760540766,119000.0,0.0,119000.0,0.10099992930000004,119000.0,0.0,119000.0,0.0
119200.0,4.544283234061278,119200.0,9.723545228752632,119200.0,0.0,119200.0,0.10099992930000004,119200.0,0.0,119200.0,0.0
119400.0,4.528836653209238,119400.0,9.729739402329612,119400.0,0.0,119400.0,0.10099992930000004,119400.0,0.0,119400.0,0.0
119600.0,4.518221445754056,119600.0,9.7341577759092,119600.0,0.0,119600.0,0.10099992930000004,119600.0,0.0,119600.0,0.0
119800.0,4.507026249735814,119800.0,9.740398009587881,119800.0,0.0,119800.0,0.10099992930000004,119800.0,0.0,119800.0,0.0
120000.0,4.494484947928248,120000.0,9.748868588016151,120000.0,0.0,120000.0,0.10099992930000004,120000.0,0.0,120000.0,0.0
120200.0,4.484714068960918,120200.0,9.753089209046683,120200.0,0.0,120200.0,0.10099992930000004,120200.0,0.0,120200.0,0.0
120400.0,4.479070507846923,120400.0,9.75531607709135,120400.0,0.0,120400.0,0.10099992930000004,120400.0,0.0,120400.0,0.0
120600.0,4.461715305218975,120600.0,9.763938020380301,120600.0,0.0,120600.0,0.10099992930000004,120600.0,0.0,120600.0,0.0
120800.0,4.409783138081094,120800.0,9.751400928171691,120800.0,0.0,120800.0,0.10099992930000004,120800.0,0.0,120800.0,0.0
121000.0,4.34942675816834,121000.0,9.717445140547527,121000.0,0.0,121000.0,0.10099992930000004,121000.0,0.0,121000.0,0.336
121200.0,4.286943148886271,121200.0,9.670609764659652,121200.0,0.0,121200.0,0.10099992930000004,121200.0,0.0,121200.0,0.0
121400.0,4.22927506895518,121400.0,9.625874345725435,121400.0,0.0,121400.0,0.10099992930000004,121400.0,0.84,121400.0,0.0
121600.0,4.181416902484129,121600.0,9.588570505196941,121600.0,0.0,121600.0,0.10099992930000004,121600.0,0.0,121600.0,0.0
121800.0,4.139096128780214,121800.0,9.543925514840195,121800.0,0.0,121800.0,0.10099992930000004,121800.0,0.0,121800.0,0.0
122000.0,4.1028131034034825,122000.0,9.511471083680535,122000.0,0.0,122000.0,0.10099992930000004,122000.0,0.0,122000.0,0.0
122200.0,4.075426122926701,122200.0,9.485600215901691,122200.0,0.0,122200.0,0.10099992930000004,122200.0,0.0,122200.0,0.0
122400.0,4.045978445627365,122400.0,9.450028207007913,122400.0,0.0,122400.0,0.10099992930000004,122400.0,0.0,122400.0,0.0
122600.0,4.010646293109226,122600.0,9.408025841119203,122600.0,0.0,122600.0,0.10099992930000004,122600.0,0.0,122600.0,0.336
122800.0,3.96587705000884,122800.0,9.408616391084763,122800.0,0.0,122800.0,0.10099992930000004,122800.0,0.0,122800.0,0.336
123000.0,3.9121012154906234,123000.0,9.422170005062377,123000.0,0.0,123000.0,0.10099992930000004,123000.0,0.0,123000.0,0.0
123200.0,3.8798254120364346,123200.0,9.421575828440005,123200.0,0.0,123200.0,0.10099992930000004,123200.0,0.0,123200.0,0.0
123400.0,3.8586606268386867,123400.0,9.419340913275725,123400.0,0.0,123400.0,0.10099992930000004,123400.0,0.0,123400.0,0.0
123600.0,3.8417575335518612,123600.0,9.417673305225053,123600.0,0.0,123600.0,0.10099992930000004,123600.0,0.0,123600.0,0.0
123800.0,3.825342919049388,123800.0,9.417757916434892,123800.0,0.0,123800.0,0.10099992930000004,123800.0,0.0,123800.0,0.0
124000.0,4.119801553879042,124000.0,9.418586226004381,124000.0,0.436,124000.0,0.10099992930000004,124000.0,0.0,124000.0,0.0
124200.0,4.257430796125388,124200.0,9.42111039404234,124200.0,0.436,124200.0,0.10099992930000004,124200.0,0.0,124200.0,0.0
124400.0,4.317872468712203,124400.0,9.422366519513258,124400.0,0.436,124400.0,0.10099992930000004,124400.0,0.0,124400.0,0.0
124600.0,4.362276791527836,124600.0,9.427877660216286,124600.0,0.436,124600.0,0.10099992930000004,124600.0,0.0,124600.0,0.0
124800.0,4.406746713259958,124800.0,9.43702385440134,124800.0,0.436,124800.0,0.10099992930000004,124800.0,0.0,124800.0,0.0
125000.0,4.447363882726335,125000.0,9.444907095634367,125000.0,0.436,125000.0,0.10099992930000004,125000.0,0.0,125000.0,0.0
125200.0,4.483204490640793,125200.0,9.45200922098248,125200.0,0.436,125200.0,0.10099992930000004,125200.0,0.0,125200.0,0.0
125400.0,4.516740997310766,125400.0,9.457894299067563,125400.0,0.436,125400.0,0.10099992930000004,125400.0,0.0,125400.0,0.0
125600.0,4.553009505498047,125600.0,9.465713209115252,125600.0,0.436,125600.0,0.10099992930000004,125600.0,0.0,125600.0,0.0
125800.0,4.579915622372704,125800.0,9.469503246394208,125800.0,0.436,125800.0,0.10099992930000004,125800.0,0.0,125800.0,0.0
126000.0,4.598759220647195,126000.0,9.471544201525004,126000.0,0.436,126000.0,0.10099992930000004,126000.0,0.0,126000.0,0.336
126200.0,4.629092900946128,126200.0,9.479213069645365,126200.0,0.436,126200.0,0.10099992930000004,126200.0,0.0,126200.0,0.336
126400.0,4.733312761101338,126400.0,9.482616818676654,126400.0,0.436,126400.0,0.10099992930000004,126400.0,0.0,126400.0,0.0
126600.0,4.881806037580311,126600.0,9.451917010306397,126600.0,0.436,126600.0,0.10099992930000004,126600.0,0.0,126600.0,0.0
126800.0,5.040445598682416,126800.0,9.405966188733267,126800.0,0.436,126800.0,0.10099992930000004,126800.0,0.0,126800.0,0.0
127000.0,5.194794921037687,127000.0,9.352470146774076,127000.0,0.436,127000.0,0.10099992930000004,127000.0,0.0,127000.0,0.336
127200.0,5.310336981110113,127200.0,9.315623988512623,127200.0,0.436,127200.0,0.10099992930000004,127200.0,0.0,127200.0,0.336
127400.0,5.398142029851397,127400.0,9.280896943755724,127400.0,0.436,127400.0,0.10099992930000004,127400.0,0.0,127400.0,0.0
127600.0,5.476819645163395,127600.0,9.24380101442275,127600.0,0.436,127600.0,0.10099992930000004,127600.0,0.0,127600.0,0.0
127800.0,5.552206106321469,127800.0,9.204524790741495,127800.0,0.436,127800.0,0.10099992930000004,127800.0,0.0,127800.0,0.0
128000.0,5.6245033206427895,128000.0,9.16374920410152,128000.0,0.436,128000.0,0.10099992930000004,128000.0,0.0,128000.0,0.0
128200.0,5.692959653964481,128200.0,9.121962186570032,128200.0,0.436,128200.0,0.10099992930000004,128200.0,0.0,128200.0,0.0
128400.0,5.423332109276157,128400.0,9.086988514177667,128400.0,0.0,128400.0,0.10099992930000004,128400.0,0.0,128400.0,0.336
128600.0,5.262349079626231,128600.0,9.108273312606268,128600.0,0.0,128600.0,0.10099992930000004,128600.0,0.0,128600.0,0.336
128800.0,5.1765251280297955,128800.0,9.110805958992163,128800.0,0.0,128800.0,0.10099992930000004,128800.0,0.0,128800.0,0.0
129000.0,5.133275850582818,129000.0,9.107686618432577,129000.0,0.0,129000.0,0.10099992930000004,129000.0,0.0,129000.0,0.0
129200.0,5.104569825395595,129200.0,9.105174332106486,129200.0,0.0,129200.0,0.10099992930000004,129200.0,0.0,129200.0,0.0
129400.0,5.081197730575655,129400.0,9.103141844093878,129400.0,0.0,129400.0,0.10099992930000004,129400.0,0.0,129400.0,0.0
129600.0,5.058246279893229,129600.0,9.10291809033446,129600.0,0.0,129600.0,0.10099992930000004,129600.0,0.0,129600.0,0.0
129800.0,5.035949595740505,129800.0,9.104136337223045,129800.0,0.0,129800.0,0.10099992930000004,129800.0,0.0,129800.0,0.0
130000.0,5.016174277521328,130000.0,9.10527010823516,130000.0,0.0,130000.0,0.10099992930000004,130000.0,0.0,130000.0,0.0
130200.0,4.973686452651021,130200.0,9.136370630402352,130200.0,0.0,130200.0,0.10099992930000004,130200.0,0.84,130200.0,0.0
130400.0,4.925111524360468,130400.0,9.16322627926458,130400.0,0.0,130400.0,0.10099992930000004,130400.0,0.0,130400.0,0.0
130600.0,4.871300030541802,130600.0,9.198920027727036,130600.0,0.0,130600.0,0.10099992930000004,130600.0,0.0,130600.0,0.336
130800.0,4.834084027307312,130800.0,9.217515250559408,130800.0,0.0,130800.0,0.10099992930000004,130800.0,0.0,130800.0,0.336
131000.0,4.812908370210719,131000.0,9.226277265643498,131000.0,0.0,131000.0,0.10099992930000004,131000.0,0.0,131000.0,0.0
131200.0,4.798856829260279,131200.0,9.23375314756972,131200.0,0.0,131200.0,0.10099992930000004,131200.0,0.0,131200.0,0.0
131400.0,4.787435756877056,131400.0,9.240225647624168,131400.0,0.0,131400.0,0.10099992930000004,131400.0,0.0,131400.0,0.0
131600.0,4.7797700698063945,131600.0,9.244169070763348,131600.0,0.0,131600.0,0.10099992930000004,131600.0,0.0,131600.0,0.0
131800.0,4.773333416250878,131800.0,9.24795743676694,131800.0,0.0,131800.0,0.10099992930000004,131800.0,0.0,131800.0,0.0
132000.0,4.727825608417369,132000.0,9.256534850274814,132000.0,0.0,132000.0,0.10099992930000004,132000.0,0.0,132000.0,0.0
132200.0,4.660682969655943,132200.0,9.232647391710087,132200.0,0.0,132200.0,0.10099992930000004,132200.0,0.0,132200.0,0.0
132400.0,4.589070279793195,132400.0,9.193846242490787,132400.0,0.0,132400.0,0.10099992930000004,132400.0,0.0,132400.0,0.336
132600.0,4.518260026796573,132600.0,9.14801435941101,132600.0,0.0,132600.0,0.10099992930000004,132600.0,0.0,132600.0,0.0
132800.0,4.467218661556016,132800.0,9.121090317294627,132800.0,0.0,132800.0,0.10099992930000004,132800.0,0.0,132800.0,0.0
133000.0,4.427663684252896,133000.0,9.093814240190763,133000.0,0.0,133000.0,0.10099992930000004,133000.0,0.0,133000.0,0.0
133200.0,4.388574383990499,133200.0,9.062283705637704,133200.0,0.0,133200.0,0.10099992930000004,133200.0,0.84,133200.0,0.0
133400.0,4.348247417454923,133400.0,9.028078457642382,133400.0,0.0,133400.0,0.10099992930000004,133400.0,0.0,133400.0,0.0
133600.0,4.307150221615948,133600.0,8.991853279529618,133600.0,0.0,133600.0,0.10099992930000004,133600.0,0.0,133600.0,0.0
133800.0,4.2658461774865755,133800.0,8.954097270792628,133800.0,0.0,133800.0,0.10099992930000004,133800.0,0.0,133800.0,0.0
134000.0,4.224129104250987,134000.0,8.91433648609504,134000.0,0.0,134000.0,0.10099992930000004,134000.0,0.0,134000.0,0.0
134200.0,4.1735674932948195,134200.0,8.916795840071686,134200.0,0.0,134200.0,0.10099992930000004,134200.0,0.0,134200.0,0.336
134400.0,4.112944700484141,134400.0,8.933474989653227,134400.0,0.0,134400.0,0.10099992930000004,134400.0,0.0,134400.0,0.0
134600.0,4.075688066591029,134600.0,8.93399379688715,134600.0,0.0,134600.0,0.10099992930000004,134600.0,0.0,134600.0,0.0
134800.0,4.046453230562796,134800.0,8.939055139293334,134800.0,0.0,134800.0,0.10099992930000004,134800.0,0.84,134800.0,0.0
135000.0,4.0174097266685616,135000.0,8.944871007860797,135000.0,0.0,135000.0,0.10099992930000004,135000.0,0.0,135000.0,0.0
135200.0,3.999306465625844,135200.0,8.945307128180016,135200.0,0.0,135200.0,0.10099992930000004,135200.0,0.0,135200.0,0.0
135400.0,3.9841267504290605,135400.0,8.946447370871802,135400.0,0.0,135400.0,0.10099992930000004,135400.0,0.0,135400.0,0.0
135600.0,3.9686878683514655,135600.0,8.950035935668314,135600.0,0.0,135600.0,0.10099992930000004,135600.0,0.0,135600.0,0.0
135800.0,3.9550855331712547,135800.0,8.953204600122225,135800.0,0.0,135800.0,0.10099992930000004,135800.0,0.0,135800.0,0.0
136000.0,3.9372463066993775,136000.0,8.962674002449235,136000.0,0.0,136000.0,0.10099992930000004,136000.0,0.0,136000.0,0.0
136200.0,3.9163621043740227,136200.0,8.975996279760716,136200.0,0.0,136200.0,0.10099992930000004,136200.0,0.0,136200.0,0.0
136400.0,3.899507173438251,136400.0,8.984187050755702,136400.0,0.0,136400.0,0.10099992930000004,136400.0,0.0,136400.0,0.0
136600.0,3.8851530353652586,136600.0,8.992134702511816,136600.0,0.0,136600.0,0.10099992930000004,136600.0,0.0,136600.0,0.0
136800.0,3.8704331576749675,136800.0,9.001783395965717,136800.0,0.0,136800.0,0.10099992930000004,136800.0,0.0,136800.0,0.0
137000.0,3.8564108970847513,137000.0,9.011365332512192,137000.0,0.0,137000.0,0.10099992930000004,137000.0,0.0,137000.0,0.336
137200.0,3.8429583907073948,137200.0,9.020151792665583,137200.0,0.0,137200.0,0.10099992930000004,137200.0,0.0,137200.0,0.336
137400.0,3.832533556714207,137400.0,9.025925426663756,137400.0,0.0,137400.0,0.10099992930000004,137400.0,0.0,137400.0,0.336
137600.0,3.8136830837813216,137600.0,9.035444455258494,137600.0,0.0,137600.0,0.10099992930000004,137600.0,0.0,137600.0,0.0
137800.0,4.139008251034008,137800.0,9.021877361255626,137800.0,0.436,137800.0,0.10099992930000004,137800.0,0.84,137800.0,0.0
138000.0,4.372952556498506,138000.0,8.986420387978987,138000.0,0.436,138000.0,0.10099992930000004,138000.0,0.0,138000.0,0.0
138200.0,4.560158419964121,138200.0,8.938132627271385,138200.0,0.436,138200.0,0.10099992930000004,138200.0,0.0,138200.0,0.336
138400.0,4.707071110874158,138400.0,8.897633649731734,138400.0,0.436,138400.0,0.10099992930000004,138400.0,0.0,138400.0,0.0
138600.0,4.805919843202469,138600.0,8.86839414557925,138600.0,0.436,138600.0,0.10099992930000004,138600.0,0.0,138600.0,0.0
138800.0,4.888741679981045,138800.0,8.836400927743192,138800.0,0.436,138800.0,0.10099992930000004,138800.0,0.0,138800.0,0.0
139000.0,4.968022599286843,139000.0,8.801254539203354,139000.0,0.436,139000.0,0.10099992930000004,139000.0,0.0,139000.0,0.0
139200.0,5.045671526637123,139200.0,8.763762646564581,139200.0,0.436,139200.0,0.10099992930000004,139200.0,0.0,139200.0,0.0
139400.0,5.133693702303681,139400.0,8.71184615627325,139400.0,0.436,139400.0,0.10099992930000004,139400.0,0.84,139400.0,0.0
139600.0,5.212055856472967,139600.0,8.670608347079597,139600.0,0.436,139600.0,0.10099992930000004,139600.0,0.0,139600.0,0.336
139800.0,5.308838519919353,139800.0,8.663336898354888,139800.0,0.436,139800.0,0.10099992930000004,139800.0,0.0,139800.0,0.0
140000.0,5.409589074366642,140000.0,8.675693546313608,140000.0,0.436,140000.0,0.10099992930000004,140000.0,0.0,140000.0,0.0
140200.0,5.4640853452230465,140200.0,8.673471926816957,140200.0,0.436,140200.0,0.10099992930000004,140200.0,0.0,140200.0,0.0
140400.0,5.497861374220194,140400.0,8.670626772347688,140400.0,0.436,140400.0,0.10099992930000004,140400.0,0.0,140400.0,0.0
140600.0,5.524782432104614,140600.0,8.668340154623099,140600.0,0.436,140600.0,0.10099992930000004,140600.0,0.0,140600.0,0.0
140800.0,5.552133057503517,140800.0,8.667857382131382,140800.0,0.436,140800.0,0.10099992930000004,140800.0,0.0,140800.0,0.0
141000.0,5.579410386738307,141000.0,8.668188851884352,141000.0,0.436,141000.0,0.10099992930000004,141000.0,0.0,141000.0,0.0
141200.0,5.608551470792472,141200.0,8.671225596568494,141200.0,0.436,141200.0,0.10099992930000004,141200.0,0.0,141200.0,0.0
141400.0,5.633427830317143,141400.0,8.672876440068954,141400.0,0.436,141400.0,0.10099992930000004,141400.0,0.0,141400.0,0.0
141600.0,5.660658554668739,141600.0,8.678626598146272,141600.0,0.436,141600.0,0.10099992930000004,141600.0,0.0,141600.0,0.0
141800.0,5.522889712056119,141800.0,8.688551076672054,141800.0,0.0,141800.0,0.10099992930000004,141800.0,0.0,141800.0,0.0
142000.0,5.316645881937845,142000.0,8.700229746774234,142000.0,0.0,142000.0,0.10099992930000004,142000.0,0.0,142000.0,0.336
142200.0,5.238010607956751,142200.0,8.706830780644019,142200.0,0.0,142200.0,0.10099992930000004,142200.0,0.0,142200.0,0.336
142400.0,5.2001745593755935,142400.0,8.714148894982614,142400.0,0.0,142400.0,0.10099992930000004,142400.0,0.0,142400.0,0.336
142600.0,5.176225452223994,142600.0,8.720264170118199,142600.0,0.0,142600.0,0.10099992930000004,142600.0,0.0,142600.0,0.0
142800.0,5.158020417594206,142800.0,8.726003202053287,142800.0,0.0,142800.0,0.10099992930000004,142800.0,0.0,142800.0,0.0
143000.0,5.146928267521442,143000.0,8.72812872546648,143000.0,0.0,143000.0,0.10099992930000004,143000.0,0.0,143000.0,0.0
143200.0,5.138408099597351,143200.0,8.730293848930177,143200.0,0.0,143200.0,0.10099992930000004,143200.0,0.0,143200.0,0.0
143400.0,5.083665221043729,143400.0,8.733691082218531,143400.0,0.0,143400.0,0.10099992930000004,143400.0,0.0,143400.0,0.0
143600.0,5.0027455284856215,143600.0,8.703697160353963,143600.0,0.0,143600.0,0.10099992930000004,143600.0,0.0,143600.0,0.0
143800.0,4.916154407719564,143800.0,8.65881570003353,143800.0,0.0,143800.0,0.10099992930000004,143800.0,0.0,143800.0,0.336
144000.0,4.831098942184943,144000.0,8.608285697513363,144000.0,0.0,144000.0,0.10099992930000004,144000.0,0.0,144000.0,0.0
144200.0,4.768070914676358,144200.0,8.575480102874321,144200.0,0.0,144200.0,0.10099992930000004,144200.0,0.0,144200.0,0.0
144400.0,4.717495312697268,144400.0,8.542834252465754,144400.0,0.0,144400.0,0.10099992930000004,144400.0,0.0,144400.0,0.0
144600.0,4.669297234283456,144600.0,8.507484655073227,144600.0,0.0,144600.0,0.10099992930000004,144600.0,0.0,144600.0,0.0
144800.0,4.620533284681626,144800.0,8.469507676649222,144800.0,0.0,144800.0,0.10099992930000004,144800.0,0.0,144800.0,0.0
145000.0,4.571922706825225,145000.0,8.430574861734401,145000.0,0.0,145000.0,0.10099992930000004,145000.0,0.0,145000.0,0.0
145200.0,4.523248878250671,145200.0,8.389787161159877,145200.0,0.0,145200.0,0.10099992930000004,145200.0,0.0,145200.0,0.336
145400.0,4.465865350067717,145400.0,8.350918824507444,145400.0,0.0,145400.0,0.10099992930000004,145400.0,0.84,145400.0,0.336
145600.0,4.383982458019341,145600.0,8.370617476991713,145600.0,0.0,145600.0,0.10099992930000004,145600.0,0.0,145600.0,0.0
145800.0,4.3081198979623085,145800.0,8.386413574883226,145800.0,0.0,145800.0,0.10099992930000004,145800.0,0.0,145800.0,0.0
146000.0,4.25209027747458,146000.0,8.393072806954626,146000.0,0.0,146000.0,0.10099992930000004,146000.0,0.0,146000.0,0.0
146200.0,4.21458056103477,146200.0,8.395287185624472,146200.0,0.0,146200.0,0.10099992930000004,146200.0,0.0,146200.0,0.0
146400.0,4.1887653212414575,146400.0,8.396007098860755,146400.0,0.0,146400.0,0.10099992930000004,146400.0,0.0,146400.0,0.0
146600.0,4.166237332832731,146600.0,8.397898900997413,146600.0,0.0,146600.0,0.10099992930000004,146600.0,0.0,146600.0,0.0
146800.0,4.147790208031575,146800.0,8.399159812103095,146800.0,0.0,146800.0,0.10099992930000004,146800.0,0.0,146800.0,0.0
147000.0,4.128953888423191,147000.0,8.403514484557082,147000.0,0.0,147000.0,0.10099992930000004,147000.0,0.0,147000.0,0.336
147200.0,4.10965544870468,147200.0,8.408990954653607,147200.0,0.0,147200.0,0.10099992930000004,147200.0,0.0,147200.0,0.336
147400.0,4.087324686961311,147400.0,8.419565243729217,147400.0,0.0,147400.0,0.10099992930000004,147400.0,0.0,147400.0,0.0
147600.0,4.063531423127293,147600.0,8.432890584002212,147600.0,0.0,147600.0,0.10099992930000004,147600.0,0.0,147600.0,0.0
147800.0,4.045736748706781,147800.0,8.43944425108713,147800.0,0.0,147800.0,0.10099992930000004,147800.0,0.0,147800.0,0.0
148000.0,4.031314525630468,148000.0,8.445591541539478,148000.0,0.0,148000.0,0.10099992930000004,148000.0,0.0,148000.0,0.0
148200.0,4.017525974130493,148200.0,8.452678881127602,148200.0,0.0,148200.0,0.10099992930000004,148200.0,0.0,148200.0,0.0
148400.0,4.004031588341322,148400.0,8.459635360812674,148400.0,0.0,148400.0,0.10099992930000004,148400.0,0.0,148400.0,0.0
148600.0,3.9940071885028905,148600.0,8.463680298285563,148600.0,0.0,148600.0,0.10099992930000004,148600.0,0.0,148600.0,0.0
148800.0,3.9867997805805677,148800.0,8.46635182145542,148800.0,0.0,148800.0,0.10099992930000004,148800.0,0.0,148800.0,0.0
149000.0,3.9668359172145564,149000.0,8.475106340950145,149000.0,0.0,149000.0,0.10099992930000004,149000.0,0.0,149000.0,0.0
149200.0,3.9089145245225674,149200.0,8.462620856655562,149200.0,0.0,149200.0,0.10099992930000004,149200.0,0.0,149200.0,0.336
149400.0,3.8415802966522095,149400.0,8.428859301189775,149400.0,0.0,149400.0,0.10099992930000004,149400.0,0.0,149400.0,0.336
149600.0,4.147393038198958,149600.0,8.382530268303514,149600.0,0.436,149600.0,0.10099992930000004,149600.0,0.0,149600.0,0.0
149800.0,4.348884158925946,149800.0,8.341369860351824,149800.0,0.436,149800.0,0.10099992930000004,149800.0,0.0,149800.0,0.0
150000.0,4.468498489526715,150000.0,8.31049073892781,150000.0,0.436,150000.0,0.10099992930000004,150000.0,0.0,150000.0,0.0
150200.0,4.559382095714829,150200.0,8.277760500325437,150200.0,0.436,150200.0,0.10099992930000004,150200.0,0.0,150200.0,0.0
150400.0,4.640816391060139,150400.0,8.242786452171567,150400.0,0.436,150400.0,0.10099992930000004,150400.0,0.0,150400.0,0.0
150600.0,4.717987537758931,150600.0,8.205912307133135,150600.0,0.436,150600.0,0.10099992930000004,150600.0,0.0,150600.0,0.336
150800.0,4.791489909385444,150800.0,8.16761279077204,150800.0,0.436,150800.0,0.10099992930000004,150800.0,0.0,150800.0,0.336
151000.0,4.862354127491453,151000.0,8.1274045499789,151000.0,0.436,151000.0,0.10099992930000004,151000.0,0.0,151000.0,0.0
151200.0,4.94604166541129,151200.0,8.129455260603198,151200.0,0.436,151200.0,0.10099992930000004,151200.0,0.84,151200.0,0.0
151400.0,5.0430808441008015,151400.0,8.145580270270965,151400.0,0.436,151400.0,0.10099992930000004,151400.0,0.0,151400.0,0.0
151600.0,5.098324067920343,151600.0,8.145816929773607,151600.0,0.436,151600.0,0.10099992930000004,151600.0,0.0,151600.0,0.0
151800.0,5.133676697213679,151800.0,8.145242183085104,151800.0,0.436,151800.0,0.10099992930000004,151800.0,0.0,151800.0,0.0
152000.0,5.161697951056273,152000.0,8.144874416105308,152000.0,0.436,152000.0,0.10099992930000004,152000.0,0.0,152000.0,0.336
152200.0,5.190762340155279,152200.0,8.146631435207302,152200.0,0.436,152200.0,0.10099992930000004,152200.0,0.0,152200.0,0.336
152400.0,5.217926209762779,152400.0,8.148427894918099,152400.0,0.436,152400.0,0.10099992930000004,152400.0,0.0,152400.0,0.336
152600.0,5.244801844632476,152600.0,8.151753241047157,152600.0,0.436,152600.0,0.10099992930000004,152600.0,0.0,152600.0,0.0
152800.0,5.268652674404486,152800.0,8.154971596357054,152800.0,0.436,152800.0,0.10099992930000004,152800.0,0.0,152800.0,0.0
153000.0,5.29969344286026,153000.0,8.16409498295053,153000.0,0.436,153000.0,0.10099992930000004,153000.0,0.0,153000.0,0.0
153200.0,5.336443570861337,153200.0,8.175959265423712,153200.0,0.436,153200.0,0.10099992930000004,153200.0,0.0,153200.0,0.0
153400.0,5.369839028977618,153400.0,8.18517030476909,153400.0,0.436,153400.0,0.10099992930000004,153400.0,0.0,153400.0,0.0
153600.0,5.399913575761763,153600.0,8.192949942431394,153600.0,0.436,153600.0,0.10099992930000004,153600.0,0.0,153600.0,0.0
153800.0,5.42812912286787,153800.0,8.200804098682413,153800.0,0.436,153800.0,0.10099992930000004,153800.0,0.0,153800.0,0.0
154000.0,5.455849281772325,154000.0,8.209191034389152,154000.0,0.436,154000.0,0.10099992930000004,154000.0,0.0,154000.0,0.0
154200.0,5.477849865635137,154200.0,8.213673460768618,154200.0,0.436,154200.0,0.10099992930000004,154200.0,0.0,154200.0,0.0
154400.0,5.492875787403608,154400.0,8.216636922999795,154400.0,0.436,154400.0,0.10099992930000004,154400.0,0.0,154400.0,0.0
154600.0,5.529956817322603,154600.0,8.225554804521261,154600.0,0.436,154600.0,0.10099992930000004,154600.0,0.0,154600.0,0.0
154800.0,5.63496258348124,154800.0,8.211862758764639,154800.0,0.436,154800.0,0.10099992930000004,154800.0,0.84,154800.0,0.336
155000.0,5.38540724406386,155000.0,8.176279457246551,155000.0,0.0,155000.0,0.10099992930000004,155000.0,0.0,155000.0,0.0
155200.0,5.2229944499904075,155200.0,8.128110318371032,155200.0,0.0,155200.0,0.10099992930000004,155200.0,0.0,155200.0,0.0
155400.0,5.119941254836772,155400.0,8.090384063859293,155400.0,0.0,155400.0,0.10099992930000004,155400.0,0.0,155400.0,0.0
155600.0,5.056370440281582,155600.0,8.063572677923222,155600.0,0.0,155600.0,0.10099992930000004,155600.0,0.0,155600.0,0.0
155800.0,5.002717578770588,155800.0,8.03281195259968,155800.0,0.0,155800.0,0.10099992930000004,155800.0,0.0,155800.0,0.0
156000.0,4.948903964214586,156000.0,7.998316771302855,156000.0,0.0,156000.0,0.10099992930000004,156000.0,0.0,156000.0,0.336
156200.0,4.885447281518141,156200.0,7.949825661253681,156200.0,0.0,156200.0,0.10099992930000004,156200.0,0.84,156200.0,0.336
156400.0,4.825216791920435,156400.0,7.909911125454041,156400.0,0.0,156400.0,0.10099992930000004,156400.0,0.0,156400.0,0.0
156600.0,4.75721945677095,156600.0,7.8573380780377855,156600.0,0.0,156600.0,0.10099992930000004,156600.0,0.0,156600.0,0.0
156800.0,4.698943259276452,156800.0,7.824274120639116,156800.0,0.0,156800.0,0.10099992930000004,156800.0,0.0,156800.0,0.0
157000.0,4.617015554202443,157000.0,7.846839767982083,157000.0,0.0,157000.0,0.10099992930000004,157000.0,0.0,157000.0,0.0
157200.0,4.552047826260203,157200.0,7.852050174405965,157200.0,0.0,157200.0,0.10099992930000004,157200.0,0.0,157200.0,0.336
157400.0,4.513624708320122,157400.0,7.8494206720249595,157400.0,0.0,157400.0,0.10099992930000004,157400.0,0.0,157400.0,0.336
157600.0,4.485727003082554,157600.0,7.847795344842553,157600.0,0.0,157600.0,0.10099992930000004,157600.0,0.0,157600.0,0.336
157800.0,4.463274492439355,157800.0,7.846140455405165,157800.0,0.0,157800.0,0.10099992930000004,157800.0,0.0,157800.0,0.0
158000.0,4.44234008071126,158000.0,7.845405596023673,158000.0,0.0,158000.0,0.10099992930000004,158000.0,0.0,158000.0,0.0
158200.0,4.420333463186196,158200.0,7.84732030430072,158200.0,0.0,158200.0,0.10099992930000004,158200.0,0.0,158200.0,0.0
158400.0,4.401017363795224,158400.0,7.848556030822037,158400.0,0.0,158400.0,0.10099992930000004,158400.0,0.0,158400.0,0.0
158600.0,4.379483258742602,158600.0,7.854122335425413,158600.0,0.0,158600.0,0.10099992930000004,158600.0,0.0,158600.0,0.0
158800.0,4.352556414377422,158800.0,7.8644545950308276,158800.0,0.0,158800.0,0.10099992930000004,158800.0,0.0,158800.0,0.0
159000.0,4.324224963609676,159000.0,7.875969163324422,159000.0,0.0,159000.0,0.10099992930000004,159000.0,0.0,159000.0,0.0
159200.0,4.3031799239825,159200.0,7.882134020843183,159200.0,0.0,159200.0,0.10099992930000004,159200.0,0.0,159200.0,0.0
159400.0,4.282298555292683,159400.0,7.890380806383949,159400.0,0.0,159400.0,0.10099992930000004,159400.0,0.0,159400.0,0.0
159600.0,4.261723906491706,159600.0,7.898573391876574,159600.0,0.0,159600.0,0.10099992930000004,159600.0,0.0,159600.0,0.0
159800.0,4.24398734797775,159800.0,7.905685225696119,159800.0,0.0,159800.0,0.10099992930000004,159800.0,0.0,159800.0,0.336
160000.0,4.22869600911918,160000.0,7.911117559967783,160000.0,0.0,160000.0,0.10099992930000004,160000.0,0.0,160000.0,0.336
160200.0,4.217443162470007,160200.0,7.91439718063812,160200.0,0.0,160200.0,0.10099992930000004,160200.0,0.0,160200.0,0.336
160400.0,4.164794978559661,160400.0,7.9198146116643615,160400.0,0.0,160400.0,0.10099992930000004,160400.0,0.0,160400.0,0.0
160600.0,4.088434005060326,160600.0,7.8920404143980285,160600.0,0.0,160600.0,0.10099992930000004,160600.0,0.0,160600.0,0.0
160800.0,4.007023347943514,160800.0,7.849490775905918,160800.0,0.0,160800.0,0.10099992930000004,160800.0,0.0,160800.0,0.0
161000.0,3.9270914593291395,161000.0,7.8011910284362465,161000.0,0.0,161000.0,0.10099992930000004,161000.0,0.0,161000.0,0.336
161200.0,3.868901629494343,161200.0,7.77111112585194,161200.0,0.0,161200.0,0.10099992930000004,161200.0,0.0,161200.0,0.336
161400.0,3.8227030575149668,161400.0,7.740706479117369,161400.0,0.0,161400.0,0.10099992930000004,161400.0,0.0,161400.0,0.336
161600.0,3.9548869935770967,161600.0,7.707253618631073,161600.0,0.436,161600.0,0.10099992930000004,161600.0,0.0,161600.0,0.0
161800.0,4.196389716912046,161800.0,7.659639768487736,161800.0,0.436,161800.0,0.10099992930000004,161800.0,0.84,161800.0,0.0
162000.0,4.325211419486972,162000.0,7.6190258764794,162000.0,0.436,162000.0,0.10099992930000004,162000.0,0.0,162000.0,0.0
162200.0,4.432059216863044,162200.0,7.564878154396804,162200.0,0.436,162200.0,0.10099992930000004,162200.0,0.0,162200.0,0.0
162400.0,4.5119712966891985,162400.0,7.530503426298879,162400.0,0.436,162400.0,0.10099992930000004,162400.0,0.0,162400.0,0.336
162600.0,4.615604530951773,162600.0,7.553614001017908,162600.0,0.436,162600.0,0.10099992930000004,162600.0,0.0,162600.0,0.336
162800.0,4.693103831931513,162800.0,7.558623892903942,162800.0,0.436,162800.0,0.10099992930000004,162800.0,0.0,162800.0,0.0
163000.0,4.734178148005023,163000.0,7.555576483018046,163000.0,0.436,163000.0,0.10099992930000004,163000.0,0.0,163000.0,0.0
163200.0,4.765202667837259,163200.0,7.55395620678359,163200.0,0.436,163200.0,0.10099992930000004,163200.0,0.0,163200.0,0.0
163400.0,4.794582415861549,163400.0,7.553679686166312,163400.0,0.436,163400.0,0.10099992930000004,163400.0,0.0,163400.0,0.0
163600.0,4.819468979200291,163600.0,7.5529068004785875,163600.0,0.436,163600.0,0.10099992930000004,163600.0,0.0,163600.0,0.0
163800.0,4.8453663072054525,163800.0,7.554173866691849,163800.0,0.436,163800.0,0.10099992930000004,163800.0,0.0,163800.0,0.0
164000.0,4.87102127119127,164000.0,7.556342176241185,164000.0,0.436,164000.0,0.10099992930000004,164000.0,0.0,164000.0,0.0
164200.0,4.896824741717484,164200.0,7.560339956692584,164200.0,0.436,164200.0,0.10099992930000004,164200.0,0.0,164200.0,0.0
164400.0,4.928213837114177,164400.0,7.56770990834919,164400.0,0.436,164400.0,0.10099992930000004,164400.0,0.0,164400.0,0.0
164600.0,4.963979459297479,164600.0,7.579531485610212,164600.0,0.436,164600.0,0.10099992930000004,164600.0,0.0,164600.0,0.0
164800.0,4.994091596975498,164800.0,7.5861232833351,164800.0,0.436,164800.0,0.10099992930000004,164800.0,0.0,164800.0,0.0
165000.0,5.021408614213376,165000.0,7.592908917504925,165000.0,0.436,165000.0,0.10099992930000004,165000.0,0.0,165000.0,0.336
165200.0,5.04801243764271,165200.0,7.5996748985766756,165200.0,0.436,165200.0,0.10099992930000004,165200.0,0.0,165200.0,0.336
165400.0,5.074154212204598,165400.0,7.606591304679052,165400.0,0.436,165400.0,0.10099992930000004,165400.0,0.0,165400.0,0.336
165600.0,5.09397089096371,165600.0,7.609869993550197,165600.0,0.436,165600.0,0.10099992930000004,165600.0,0.0,165600.0,0.336
165800.0,5.108244014795664,165800.0,7.6119929356791705,165800.0,0.436,165800.0,0.10099992930000004,165800.0,0.0,165800.0,0.336
166000.0,5.1438527178775475,166000.0,7.620116379006429,166000.0,0.436,166000.0,0.10099992930000004,166000.0,0.0,166000.0,0.336
166200.0,5.246515522964719,166200.0,7.606171988349547,166200.0,0.436,166200.0,0.10099992930000004,166200.0,0.0,166200.0,0.0
166400.0,5.369825298430831,166400.0,7.570798656510905,166400.0,0.436,166400.0,0.10099992930000004,166400.0,0.0,166400.0,0.0
166600.0,5.496532652870145,166600.0,7.5231074054603875,166600.0,0.436,166600.0,0.10099992930000004,166600.0,0.0,166600.0,0.0
166800.0,5.6027601490374,166800.0,7.483779901389553,166800.0,0.436,166800.0,0.10099992930000004,166800.0,0.0,166800.0,0.336
167000.0,5.50096728824664,167000.0,7.453695462155142,167000.0,0.0,167000.0,0.10099992930000004,167000.0,0.0,167000.0,0.336
167200.0,5.28273980322504,167200.0,7.4104780501314504,167200.0,0.0,167200.0,0.10099992930000004,167200.0,0.84,167200.0,0.0
167400.0,5.1699520734392355,167400.0,7.372702421199633,167400.0,0.0,167400.0,0.10099992930000004,167400.0,0.0,167400.0,0.0
167600.0,5.0768742397678945,167600.0,7.3218420031938125,167600.0,0.0,167600.0,0.10099992930000004,167600.0,0.0,167600.0,0.0
167800.0,5.008347915848406,167800.0,7.284464973589887,167800.0,0.0,167800.0,0.10099992930000004,167800.0,0.0,167800.0,0.0
168000.0,4.960763462693722,168000.0,7.256905332779576,168000.0,0.0,168000.0,0.10099992930000004,168000.0,0.0,168000.0,0.0
168200.0,4.896293805742753,168200.0,7.2595901892700905,168200.0,0.0,168200.0,0.10099992930000004,168200.0,0.0,168200.0,0.0
168400.0,4.810117480529308,168400.0,7.2761662710594175,168400.0,0.0,168400.0,0.10099992930000004,168400.0,0.0,168400.0,0.336
168600.0,4.757003412040924,168600.0,7.276815135446768,168600.0,0.0,168600.0,0.10099992930000004,168600.0,0.0,168600.0,0.336
168800.0,4.721808060975244,168800.0,7.2759560537750145,168800.0,0.0,168800.0,0.10099992930000004,168800.0,0.0,168800.0,0.336
169000.0,4.693378622033121,169000.0,7.275681288795406,169000.0,0.0,169000.0,0.10099992930000004,169000.0,0.0,169000.0,0.336
169200.0,4.6678890389748995,169200.0,7.276142444414439,169200.0,0.0,169200.0,0.10099992930000004,169200.0,0.0,169200.0,0.0
169400.0,4.6436483386834295,169400.0,7.277563310450022,169400.0,0.0,169400.0,0.10099992930000004,169400.0,0.0,169400.0,0.0
169600.0,4.617822001822293,169600.0,7.281922109502138,169600.0,0.0,169600.0,0.10099992930000004,169600.0,0.0,169600.0,0.0
169800.0,4.596852760148132,169800.0,7.284478912647791,169800.0,0.0,169800.0,0.10099992930000004,169800.0,0.0,169800.0,0.0
170000.0,4.572409957138758,170000.0,7.292087853919483,170000.0,0.0,170000.0,0.10099992930000004,170000.0,0.0,170000.0,0.0
170200.0,4.540462761589463,170200.0,7.306132742662434,170200.0,0.0,170200.0,0.10099992930000004,170200.0,0.0,170200.0,0.0
170400.0,4.513240490265366,170400.0,7.314886220060596,170400.0,0.0,170400.0,0.10099992930000004,170400.0,0.0,170400.0,0.0
170600.0,4.490109603077361,170600.0,7.323341945230278,170600.0,0.0,170600.0,0.10099992930000004,170600.0,0.0,170600.0,0.0
170800.0,4.469882984481811,170800.0,7.330545626078406,170800.0,0.0,170800.0,0.10099992930000004,170800.0,0.0,170800.0,0.0
171000.0,4.4497081590809575,171000.0,7.3395069236311725,171000.0,0.0,171000.0,0.10099992930000004,171000.0,0.0,171000.0,0.0
171200.0,4.431300107087265,171200.0,7.346492505067036,171200.0,0.0,171200.0,0.10099992930000004,171200.0,0.0,171200.0,0.336
171400.0,4.408932484135856,171400.0,7.359061729050813,171400.0,0.0,171400.0,0.10099992930000004,171400.0,0.84,171400.0,0.336
171600.0,4.360010327955746,171600.0,7.393550191709669,171600.0,0.0,171600.0,0.10099992930000004,171600.0,0.0,171600.0,0.0
171800.0,4.2909883622761065,171800.0,7.4055055858571865,171800.0,0.0,171800.0,0.10099992930000004,171800.0,0.0,171800.0,0.0
172000.0,4.205063345666064,172000.0,7.384583215612208,172000.0,0.0,172000.0,0.10099992930000004,172000.0,0.0,172000.0,0.0
172200.0,4.116170196417256,172200.0,7.348514479839234,172200.0,0.0,172200.0,0.10099992930000004,172200.0,0.0,172200.0,0.336
172400.0,4.0265221853846125,172400.0,7.301342017653682,172400.0,0.0,172400.0,0.10099992930000004,172400.0,0.0,172400.0,0.0
172600.0,3.953203580375225,172600.0,7.266631335698039,172600.0,0.0,172600.0,0.10099992930000004,172600.0,0.0,172600.0,0.0
172800.0,3.8966205394367086,172800.0,7.236212068984829,172800.0,0.0,172800.0,0.10099992930000004,172800.0,0.0,172800.0,0.0
173000.0,3.845877046888493,173000.0,7.204497789812594,173000.0,0.0,173000.0,0.10099992930000004,173000.0,0.0,173000.0,0.0
173200.0,3.7961325482765576,173200.0,7.170507392415036,173200.0,0.0,173200.0,0.10099992930000004,173200.0,0.84,173200.0,0.0
173400.0,4.0757053031482595,173400.0,7.128379160642645,173400.0,0.436,173400.0,0.10099992930000004,173400.0,0.0,173400.0,0.336
173600.0,4.242959125036367,173600.0,7.071506062182995,173600.0,0.436,173600.0,0.10099992930000004,173600.0,0.0,173600.0,0.336
173800.0,4.348298533997033,173800.0,7.0361532022464175,173800.0,0.436,173800.0,0.10099992930000004,173800.0,0.0,173800.0,0.0
174000.0,4.458451112798737,174000.0,7.062388086285925,174000.0,0.436,174000.0,0.10099992930000004,174000.0,0.0,174000.0,0.0
174200.0,4.537700309438233,174200.0,7.069540061404243,174200.0,0.436,174200.0,0.10099992930000004,174200.0,0.0,174200.0,0.0
174400.0,4.580368885765803,174400.0,7.068430797222472,174400.0,0.436,174400.0,0.10099992930000004,174400.0,0.0,174400.0,0.0
174600.0,4.609212256547188,174600.0,7.067842398957879,174600.0,0.436,174600.0,0.10099992930000004,174600.0,0.0,174600.0,0.0
174800.0,4.632937292704902,174800.0,7.0675914649098734,174800.0,0.436,174800.0,0.10099992930000004,174800.0,0.0,174800.0,0.0
175000.0,4.657535059885071,175000.0,7.068973250000619,175000.0,0.436,175000.0,0.10099992930000004,175000.0,0.0,175000.0,0.0
175200.0,4.684640437408662,175200.0,7.073339931944322,175200.0,0.436,175200.0,0.10099992930000004,175200.0,0.0,175200.0,0.336
175400.0,4.708846168746093,175400.0,7.076074779568228,175400.0,0.436,175400.0,0.10099992930000004,175400.0,0.0,175400.0,0.336
175600.0,4.734185648115697,175600.0,7.0826462377806205,175600.0,0.436,175600.0,0.10099992930000004,175600.0,0.0,175600.0,0.336
175800.0,4.767602848990138,175800.0,7.094129386017257,175800.0,0.436,175800.0,0.10099992930000004,175800.0,0.0,175800.0,0.336
176000.0,4.802779383882614,176000.0,7.106016396514227,176000.0,0.436,176000.0,0.10099992930000004,176000.0,0.0,176000.0,0.0
176200.0,4.831371198434755,176200.0,7.113417887264617,176200.0,0.436,176200.0,0.10099992930000004,176200.0,0.0,176200.0,0.0
176400.0,4.8583120333043155,176400.0,7.122468136759924,176400.0,0.436,176400.0,0.10099992930000004,176400.0,0.0,176400.0,0.0
176600.0,4.8851205915830915,176600.0,7.130773376965877,176600.0,0.436,176600.0,0.10099992930000004,176600.0,0.0,176600.0,0.0
176800.0,4.9090631164903415,176800.0,7.137898689745564,176800.0,0.436,176800.0,0.10099992930000004,176800.0,0.0,176800.0,0.0
177000.0,4.928234406965983,177000.0,7.142160188848269,177000.0,0.436,177000.0,0.10099992930000004,177000.0,0.0,177000.0,0.0
177200.0,4.942475397702812,177200.0,7.145141837961965,177200.0,0.436,177200.0,0.10099992930000004,177200.0,0.0,177200.0,0.0
177400.0,5.017798420058293,177400.0,7.153121664337139,177400.0,0.436,177400.0,0.10099992930000004,177400.0,0.84,177400.0,0.0
177600.0,5.132476967517767,177600.0,7.127480598880925,177600.0,0.436,177600.0,0.10099992930000004,177600.0,0.0,177600.0,0.336
177800.0,5.2566694499620965,177800.0,7.0870098465537765,177800.0,0.436,177800.0,0.10099992930000004,177800.0,0.0,177800.0,0.0
178000.0,5.376144664354263,178000.0,7.040966718047753,178000.0,0.436,178000.0,0.10099992930000004,178000.0,0.0,178000.0,0.0
178200.0,5.458734859236078,178200.0,7.014076085332477,178200.0,0.436,178200.0,0.10099992930000004,178200.0,0.0,178200.0,0.0
178400.0,5.520711809261581,178400.0,6.986482743231749,178400.0,0.436,178400.0,0.10099992930000004,178400.0,0.84,178400.0,0.0
178600.0,5.589560349420109,178600.0,6.94832972274146,178600.0,0.436,178600.0,0.10099992930000004,178600.0,0.0,178600.0,0.336
178800.0,5.482531369308036,178800.0,6.895361851569003,178800.0,0.0,178800.0,0.10099992930000004,178800.0,0.0,178800.0,0.336
179000.0,5.267771774282965,179000.0,6.855248279907784,179000.0,0.0,179000.0,0.10099992930000004,179000.0,0.0,179000.0,0.0
179200.0,5.168542855984831,179200.0,6.8257757891406,179200.0,0.0,179200.0,0.10099992930000004,179200.0,0.0,179200.0,0.0
179400.0,5.1126550917663085,179400.0,6.800016398442097,179400.0,0.0,179400.0,0.10099992930000004,179400.0,0.0,179400.0,0.0
179600.0,5.040915330471017,179600.0,6.804516440620732,179600.0,0.0,179600.0,0.10099992930000004,179600.0,0.0,179600.0,0.0
179800.0,4.947273745955874,179800.0,6.8242988061104235,179800.0,0.0,179800.0,0.10099992930000004,179800.0,0.0,179800.0,0.0
180000.0,4.8888428059779425,180000.0,6.8265045913325055,180000.0,0.0,180000.0,0.10099992930000004,180000.0,0.0,180000.0,0.336
180200.0,4.851571502209779,180200.0,6.826800865491657,180200.0,0.0,180200.0,0.10099992930000004,180200.0,0.0,180200.0,0.336
180400.0,4.823617366382205,180400.0,6.826977557244669,180400.0,0.0,180400.0,0.10099992930000004,180400.0,0.0,180400.0,0.336
180600.0,4.797510442365677,180600.0,6.8287481644113575,180600.0,0.0,180600.0,0.10099992930000004,180600.0,0.0,180600.0,0.336
180800.0,4.770363952837708,180800.0,6.8320414184052485,180800.0,0.0,180800.0,0.10099992930000004,180800.0,0.0,180800.0,0.336
181000.0,4.7441906094988235,181000.0,6.836749690844475,181000.0,0.0,181000.0,0.10099992930000004,181000.0,0.0,181000.0,0.0
181200.0,4.722316543477933,181200.0,6.840487070403439,181200.0,0.0,181200.0,0.10099992930000004,181200.0,0.0,181200.0,0.0
181400.0,4.693418082192865,181400.0,6.8516859380682265,181400.0,0.0,181400.0,0.10099992930000004,181400.0,0.0,181400.0,0.0
181600.0,4.6618077959947195,181600.0,6.8639091117359685,181600.0,0.0,181600.0,0.10099992930000004,181600.0,0.0,181600.0,0.0
181800.0,4.635461411410502,181800.0,6.873022114222447,181800.0,0.0,181800.0,0.10099992930000004,181800.0,0.0,181800.0,0.0
182000.0,4.612301948482245,182000.0,6.881553315627188,182000.0,0.0,182000.0,0.10099992930000004,182000.0,0.0,182000.0,0.0
182200.0,4.590103162616164,182200.0,6.890566354826519,182200.0,0.0,182200.0,0.10099992930000004,182200.0,0.0,182200.0,0.0
182400.0,4.563293804149174,182400.0,6.905408778294874,182400.0,0.0,182400.0,0.10099992930000004,182400.0,0.84,182400.0,0.0
182600.0,4.50938345773559,182600.0,6.942474115154978,182600.0,0.0,182600.0,0.10099992930000004,182600.0,0.0,182600.0,0.336
182800.0,4.443335608690275,182800.0,6.992056779022911,182800.0,0.0,182800.0,0.10099992930000004,182800.0,0.0,182800.0,0.336
183000.0,4.372846925900726,183000.0,7.026303006506013,183000.0,0.0,183000.0,0.10099992930000004,183000.0,0.0,183000.0,0.0
183200.0,4.28419342586067,183200.0,7.025167605222413,183200.0,0.0,183200.0,0.10099992930000004,183200.0,0.0,183200.0,0.0
183400.0,4.192406795266967,183400.0,7.002498812984049,183400.0,0.0,183400.0,0.10099992930000004,183400.0,0.0,183400.0,0.0
183600.0,4.100553339020058,183600.0,6.9666185305137995,183600.0,0.0,183600.0,0.10099992930000004,183600.0,0.0,183600.0,0.336
183800.0,4.011859808279166,183800.0,6.9248623457331995,183800.0,0.0,183800.0,0.10099992930000004,183800.0,0.0,183800.0,0.0
184000.0,3.9362624200659537,184000.0,6.886351919028174,184000.0,0.0,184000.0,0.10099992930000004,184000.0,0.84,184000.0,0.0
184200.0,3.87575762786834,184200.0,6.855509091576518,184200.0,0.0,184200.0,0.10099992930000004,184200.0,0.0,184200.0,0.0
184400.0,3.809792921029912,184400.0,6.812470218653041,184400.0,0.0,184400.0,0.10099992930000004,184400.0,0.0,184400.0,0.0
184600.0,3.9301964683835218,184600.0,6.781670783351945,184600.0,0.436,184600.0,0.10099992930000004,184600.0,0.0,184600.0,0.0
184800.0,4.136848311212801,184800.0,6.759467497055033,184800.0,0.436,184800.0,0.10099992930000004,184800.0,0.0,184800.0,0.336
185000.0,4.2313095298205665,185000.0,6.732392073892245,185000.0,0.436,185000.0,0.10099992930000004,185000.0,0.0,185000.0,0.336
185200.0,4.319266688657814,185200.0,6.740556431429238,185200.0,0.436,185200.0,0.10099992930000004,185200.0,0.0,185200.0,0.0
185400.0,4.418203499816775,185400.0,6.762811398381886,185400.0,0.436,185400.0,0.10099992930000004,185400.0,0.0,185400.0,0.0
185600.0,4.473844534120207,185600.0,6.7670464437162545,185600.0,0.436,185600.0,0.10099992930000004,185600.0,0.0,185600.0,0.0
185800.0,4.50792971240612,185800.0,6.770050423602908,185800.0,0.436,185800.0,0.10099992930000004,185800.0,0.0,185800.0,0.0
186000.0,4.536589685476109,186000.0,6.77442148189377,186000.0,0.436,186000.0,0.10099992930000004,186000.0,0.0,186000.0,0.0
186200.0,4.565482865362575,186200.0,6.780399793770244,186200.0,0.436,186200.0,0.10099992930000004,186200.0,0.0,186200.0,0.0
186400.0,4.59584263806954,186400.0,6.788420676528153,186400.0,0.436,186400.0,0.10099992930000004,186400.0,0.0,186400.0,0.0
186600.0,4.625771781758453,186600.0,6.796827100200468,186600.0,0.436,186600.0,0.10099992930000004,186600.0,0.0,186600.0,0.0
186800.0,4.64972916975441,186800.0,6.80307839580226,186800.0,0.436,186800.0,0.10099992930000004,186800.0,0.0,186800.0,0.336
187000.0,4.677657186446577,187000.0,6.81540625225629,187000.0,0.436,187000.0,0.10099992930000004,187000.0,0.0,187000.0,0.336
187200.0,4.712696979503783,187200.0,6.8317447889350795,187200.0,0.436,187200.0,0.10099992930000004,187200.0,0.0,187200.0,0.336
187400.0,4.746020807689982,187400.0,6.845479055222802,187400.0,0.436,187400.0,0.10099992930000004,187400.0,0.0,187400.0,0.336
187600.0,4.773666451544173,187600.0,6.855715491350616,187600.0,0.436,187600.0,0.10099992930000004,187600.0,0.0,187600.0,0.336
187800.0,4.80084281035641,187800.0,6.867468245133973,187800.0,0.436,187800.0,0.10099992930000004,187800.0,0.0,187800.0,0.0
188000.0,4.858698693333853,188000.0,6.909776909227079,188000.0,0.436,188000.0,0.10099992930000004,188000.0,0.84,188000.0,0.0
188200.0,4.9266453051849535,188200.0,6.944368311523474,188200.0,0.436,188200.0,0.10099992930000004,188200.0,0.0,188200.0,0.0
188400.0,5.013904995112027,188400.0,6.993231871220894,188400.0,0.436,188400.0,0.10099992930000004,188400.0,0.0,188400.0,0.0
188600.0,5.0839611653380725,188600.0,7.024453906681049,188600.0,0.436,188600.0,0.10099992930000004,188600.0,0.0,188600.0,0.336
188800.0,5.184734157156801,188800.0,7.046595821057732,188800.0,0.436,188800.0,0.10099992930000004,188800.0,0.0,188800.0,0.336
189000.0,5.310072339199266,189000.0,7.035470964013626,189000.0,0.436,189000.0,0.10099992930000004,189000.0,0.0,189000.0,0.0
189200.0,5.440862078156675,189200.0,7.008772175103748,189200.0,0.436,189200.0,0.10099992930000004,189200.0,0.0,189200.0,0.0
189400.0,5.570291353419528,189400.0,6.970393286540347,189400.0,0.436,189400.0,0.10099992930000004,189400.0,0.0,189400.0,0.0
189600.0,5.501845046607558,189600.0,6.936278582555275,189600.0,0.0,189600.0,0.10099992930000004,189600.0,0.84,189600.0,0.336
189800.0,5.2950053757981586,189800.0,6.903814136718225,189800.0,0.0,189800.0,0.10099992930000004,189800.0,0.0,189800.0,0.0
190000.0,5.178788887931565,190000.0,6.862568786296739,190000.0,0.0,190000.0,0.10099992930000004,190000.0,0.0,190000.0,0.0
190200.0,5.096888175097797,190200.0,6.831953806213161,190200.0,0.0,190200.0,0.10099992930000004,190200.0,0.0,190200.0,0.0
190400.0,5.0412074258627175,190400.0,6.810274600810528,190400.0,0.0,190400.0,0.10099992930000004,190400.0,0.0,190400.0,0.0
190600.0,4.996987944537576,190600.0,6.787951692262777,190600.0,0.0,190600.0,0.10099992930000004,190600.0,0.0,190600.0,0.0
190800.0,4.94393425937722,190800.0,6.764964132431211,190800.0,0.0,190800.0,0.10099992930000004,190800.0,0.0,190800.0,0.336
191000.0,4.857573697208205,191000.0,6.797640874126164,191000.0,0.0,191000.0,0.10099992930000004,191000.0,0.0,191000.0,0.336
191200.0,4.7871673048303744,191200.0,6.811121459767503,191200.0,0.0,191200.0,0.10099992930000004,191200.0,0.0,191200.0,0.0
191400.0,4.747031358786788,191400.0,6.815469461094439,191400.0,0.0,191400.0,0.10099992930000004,191400.0,0.0,191400.0,0.0
191600.0,4.717733843781057,191600.0,6.820935645346236,191600.0,0.0,191600.0,0.10099992930000004,191600.0,0.0,191600.0,0.0
191800.0,4.690776842628896,191800.0,6.82814150378574,191800.0,0.0,191800.0,0.10099992930000004,191800.0,0.0,191800.0,0.0
192000.0,4.664934510609234,192000.0,6.836063774398879,192000.0,0.0,192000.0,0.10099992930000004,192000.0,0.0,192000.0,0.0
192200.0,4.637608680577808,192200.0,6.848188489947346,192200.0,0.0,192200.0,0.10099992930000004,192200.0,0.0,192200.0,0.0
192400.0,4.614173892800641,192400.0,6.856407730669358,192400.0,0.0,192400.0,0.10099992930000004,192400.0,0.0,192400.0,0.0
192600.0,4.591815121285391,192600.0,6.868080083927285,192600.0,0.0,192600.0,0.10099992930000004,192600.0,0.0,192600.0,0.0
192800.0,4.563419460273305,192800.0,6.885616708406863,192800.0,0.0,192800.0,0.10099992930000004,192800.0,0.0,192800.0,0.0
193000.0,4.534739043309288,193000.0,6.903000529597217,193000.0,0.0,193000.0,0.10099992930000004,193000.0,0.0,193000.0,0.0
193200.0,4.5130361135004895,193200.0,6.915013645363974,193200.0,0.0,193200.0,0.10099992930000004,193200.0,0.0,193200.0,0.336
193400.0,4.492788291016586,193400.0,6.928098011881396,193400.0,0.0,193400.0,0.10099992930000004,193400.0,0.0,193400.0,0.336
193600.0,4.472749833304547,193600.0,6.941723210848828,193600.0,0.0,193600.0,0.10099992930000004,193600.0,0.0,193600.0,0.336
193800.0,4.447647644919568,193800.0,6.96249466792749,193800.0,0.0,193800.0,0.10099992930000004,193800.0,0.84,193800.0,0.336
194000.0,4.398352742125872,194000.0,7.002086155924722,194000.0,0.0,194000.0,0.10099992930000004,194000.0,0.0,194000.0,0.0
194200.0,4.340531991206836,194200.0,7.053696477231108,194200.0,0.0,194200.0,0.10099992930000004,194200.0,0.0,194200.0,0.0
194400.0,4.2786094238059516,194400.0,7.090554387702904,194400.0,0.0,194400.0,0.10099992930000004,194400.0,0.0,194400.0,0.0
194600.0,4.19919699217059,194600.0,7.091978698298304,194600.0,0.0,194600.0,0.10099992930000004,194600.0,0.0,194600.0,0.0
194800.0,4.116686961362022,194800.0,7.0716550059713725,194800.0,0.0,194800.0,0.10099992930000004,194800.0,0.0,194800.0,0.336
195000.0,4.03392566338759,195000.0,7.0379300961869395,195000.0,0.0,195000.0,0.10099992930000004,195000.0,0.0,195000.0,0.0
195200.0,3.952675275781291,195200.0,6.996641171374694,195200.0,0.0,195200.0,0.10099992930000004,195200.0,0.0,195200.0,0.0
195400.0,3.887176170997884,195400.0,6.967474179266788,195400.0,0.0,195400.0,0.10099992930000004,195400.0,0.0,195400.0,0.0
195600.0,3.827649689558432,195600.0,6.930360411471164,195600.0,0.0,195600.0,0.10099992930000004,195600.0,0.84,195600.0,0.0
195800.0,3.959261989978031,195800.0,6.8995246404351,195800.0,0.436,195800.0,0.10099992930000004,195800.0,0.0,195800.0,0.0
196000.0,4.197796674469239,196000.0,6.857537498422814,196000.0,0.436,196000.0,0.10099992930000004,196000.0,0.0,196000.0,0.336
196200.0,4.312717371111775,196200.0,6.829744878741755,196200.0,0.436,196200.0,0.10099992930000004,196200.0,0.0,196200.0,0.336
196400.0,4.373855025286379,196400.0,6.8100019083591175,196400.0,0.436,196400.0,0.10099992930000004,196400.0,0.0,196400.0,0.0
196600.0,4.449546002659958,196600.0,6.820097109020187,196600.0,0.436,196600.0,0.10099992930000004,196600.0,0.0,196600.0,0.0
196800.0,4.54678762555868,196800.0,6.843861186019608,196800.0,0.436,196800.0,0.10099992930000004,196800.0,0.0,196800.0,0.0
197000.0,4.603773231692338,197000.0,6.8504789352768345,197000.0,0.436,197000.0,0.10099992930000004,197000.0,0.0,197000.0,0.0
197200.0,4.639100242627545,197200.0,6.855404025156625,197200.0,0.436,197200.0,0.10099992930000004,197200.0,0.0,197200.0,0.0
197400.0,4.666948472909051,197400.0,6.860980451247894,197400.0,0.436,197400.0,0.10099992930000004,197400.0,0.0,197400.0,0.0
197600.0,4.695584061911485,197600.0,6.868846972585909,197600.0,0.436,197600.0,0.10099992930000004,197600.0,0.0,197600.0,0.336
197800.0,4.724000428394566,197800.0,6.876939142234356,197800.0,0.436,197800.0,0.10099992930000004,197800.0,0.0,197800.0,0.336
198000.0,4.751012079015313,198000.0,6.88548938635288,198000.0,0.436,198000.0,0.10099992930000004,198000.0,0.0,198000.0,0.336
198200.0,4.77495669471815,198200.0,6.894688538670163,198200.0,0.436,198200.0,0.10099992930000004,198200.0,0.0,198200.0,0.336
198400.0,4.807103929624071,198400.0,6.910863019687479,198400.0,0.436,198400.0,0.10099992930000004,198400.0,0.0,198400.0,0.0
198600.0,4.844229154278411,198600.0,6.92984170494339,198600.0,0.436,198600.0,0.10099992930000004,198600.0,0.0,198600.0,0.0
198800.0,4.878767788329559,198800.0,6.944099498066089,198800.0,0.436,198800.0,0.10099992930000004,198800.0,0.0,198800.0,0.0
199000.0,4.907729690591049,199000.0,6.955828830952172,199000.0,0.436,199000.0,0.10099992930000004,199000.0,0.0,199000.0,0.0
199200.0,4.935922210882424,199200.0,6.969406555655335,199200.0,0.436,199200.0,0.10099992930000004,199200.0,0.0,199200.0,0.0
199400.0,4.963427316303108,199400.0,6.982449384608214,199400.0,0.436,199400.0,0.10099992930000004,199400.0,0.0,199400.0,0.0
199600.0,4.985083008308626,199600.0,6.9908289639641,199600.0,0.436,199600.0,0.10099992930000004,199600.0,0.0,199600.0,0.0
199800.0,5.000493997571684,199800.0,6.996013394408389,199800.0,0.436,199800.0,0.10099992930000004,199800.0,0.0,199800.0,0.0
200000.0,5.036706424801342,200000.0,7.010597131572175,200000.0,0.436,200000.0,0.10099992930000004,200000.0,0.0,200000.0,0.0
200200.0,5.141851086386603,200200.0,7.003363751392155,200200.0,0.436,200200.0,0.10099992930000004,200200.0,0.0,200200.0,0.336
200400.0,5.268113453865405,200400.0,6.973289389161375,200400.0,0.436,200400.0,0.10099992930000004,200400.0,0.0,200400.0,0.336
200600.0,5.397813085041426,200600.0,6.930269603476953,200600.0,0.436,200600.0,0.10099992930000004,200600.0,0.0,200600.0,0.0
200800.0,5.504458772608046,200800.0,6.897495961033456,200800.0,0.436,200800.0,0.10099992930000004,200800.0,0.0,200800.0,0.0
201000.0,5.575333785061052,201000.0,6.875493506776665,201000.0,0.436,201000.0,0.10099992930000004,201000.0,0.0,201000.0,0.0
201200.0,5.637108483868235,201200.0,6.849265956564582,201200.0,0.436,201200.0,0.10099992930000004,201200.0,0.84,201200.0,0.0
201400.0,5.369532219214427,201400.0,6.811526472301605,201400.0,0.0,201400.0,0.10099992930000004,201400.0,0.0,201400.0,0.336
201600.0,5.213723028015125,201600.0,6.762153539034223,201600.0,0.0,201600.0,0.10099992930000004,201600.0,0.0,201600.0,0.336
201800.0,5.118841099347067,201800.0,6.726065485346857,201800.0,0.0,201800.0,0.10099992930000004,201800.0,0.0,201800.0,0.0
202000.0,5.0594285873507685,202000.0,6.700293234564876,202000.0,0.0,202000.0,0.10099992930000004,202000.0,0.0,202000.0,0.0
202200.0,5.011970405454873,202200.0,6.681110599008666,202200.0,0.0,202200.0,0.10099992930000004,202200.0,0.0,202200.0,0.0
202400.0,4.9254298840432735,202400.0,6.710584760853099,202400.0,0.0,202400.0,0.10099992930000004,202400.0,0.0,202400.0,0.0
202600.0,4.85447249384939,202600.0,6.720936894927101,202600.0,0.0,202600.0,0.10099992930000004,202600.0,0.0,202600.0,0.0
202800.0,4.812475739047978,202800.0,6.723091786354379,202800.0,0.0,202800.0,0.10099992930000004,202800.0,0.0,202800.0,0.0
203000.0,4.782620994257487,203000.0,6.725670787299915,203000.0,0.0,203000.0,0.10099992930000004,203000.0,0.0,203000.0,0.336
203200.0,4.755309231189583,203200.0,6.729937197200631,203200.0,0.0,203200.0,0.10099992930000004,203200.0,0.0,203200.0,0.336
203400.0,4.729482551115958,203400.0,6.735084757407544,203400.0,0.0,203400.0,0.10099992930000004,203400.0,0.0,203400.0,0.336
203600.0,4.704819404518405,203600.0,6.74114120263026,203600.0,0.0,203600.0,0.10099992930000004,203600.0,0.0,203600.0,0.336
203800.0,4.684582835125493,203800.0,6.746177430297762,203800.0,0.0,203800.0,0.10099992930000004,203800.0,0.0,203800.0,0.0
204000.0,4.660636576280134,204000.0,6.756889675627537,204000.0,0.0,204000.0,0.10099992930000004,204000.0,0.0,204000.0,0.0
204200.0,4.632175994398249,204200.0,6.770496668694375,204200.0,0.0,204200.0,0.10099992930000004,204200.0,0.0,204200.0,0.0
204400.0,4.602068529839897,204400.0,6.785453153458061,204400.0,0.0,204400.0,0.10099992930000004,204400.0,0.0,204400.0,0.0
204600.0,4.577171160490717,204600.0,6.797437384271943,204600.0,0.0,204600.0,0.10099992930000004,204600.0,0.0,204600.0,0.0
204800.0,4.5548638906007035,204800.0,6.808418389660312,204800.0,0.0,204800.0,0.10099992930000004,204800.0,0.0,204800.0,0.0
205000.0,4.532206045566891,205000.0,6.820754702827278,205000.0,0.0,205000.0,0.10099992930000004,205000.0,0.0,205000.0,0.0
205200.0,4.513985406390306,205200.0,6.829091608234914,205200.0,0.0,205200.0,0.10099992930000004,205200.0,0.0,205200.0,0.0
205400.0,4.502900982422592,205400.0,6.833726998506016,205400.0,0.0,205400.0,0.10099992930000004,205400.0,0.0,205400.0,0.0
205600.0,4.494941353766949,205600.0,6.83752701080565,205600.0,0.0,205600.0,0.10099992930000004,205600.0,0.0,205600.0,0.0
205800.0,4.4366767560803995,205800.0,6.848394987506061,205800.0,0.0,205800.0,0.10099992930000004,205800.0,0.84,205800.0,0.336
206000.0,4.349672786981754,206000.0,6.824830341672069,206000.0,0.0,206000.0,0.10099992930000004,206000.0,0.0,206000.0,0.336
206200.0,4.256436073447402,206200.0,6.7860244392690445,206200.0,0.0,206200.0,0.10099992930000004,206200.0,0.0,206200.0,0.0
206400.0,4.165421089226874,206400.0,6.74188585045137,206400.0,0.0,206400.0,0.10099992930000004,206400.0,0.0,206400.0,0.0
206600.0,4.09958571795257,206600.0,6.71550777050115,206600.0,0.0,206600.0,0.10099992930000004,206600.0,0.0,206600.0,0.0
206800.0,4.0474886191835555,206800.0,6.688928264892969,206800.0,0.0,206800.0,0.10099992930000004,206800.0,0.0,206800.0,0.336
207000.0,3.997272653731335,207000.0,6.659132959299852,207000.0,0.0,207000.0,0.10099992930000004,207000.0,0.0,207000.0,0.336
207200.0,3.9458060973461975,207200.0,6.6263475336401,207200.0,0.0,207200.0,0.10099992930000004,207200.0,0.0,207200.0,0.336
207400.0,3.894031026729119,207400.0,6.592178751411132,207400.0,0.0,207400.0,0.10099992930000004,207400.0,0.0,207400.0,0.0
207600.0,3.842619591952789,207600.0,6.556687137427076,207600.0,0.0,207600.0,0.10099992930000004,207600.0,0.0,207600.0,0.0
207800.0,3.790345661238154,207800.0,6.528348355164466,207800.0,0.0,207800.0,0.10099992930000004,207800.0,0.0,207800.0,0.0
208000.0,3.8988309413583884,208000.0,6.557511091547929,208000.0,0.436,208000.0,0.10099992930000004,208000.0,0.0,208000.0,0.0
208200.0,4.123774827867274,208200.0,6.5825514723066005,208200.0,0.436,208200.0,0.10099992930000004,208200.0,0.84,208200.0,0.336
208400.0,4.243395815670608,208400.0,6.602176214359105,208400.0,0.436,208400.0,0.10099992930000004,208400.0,0.0,208400.0,0.336
208600.0,4.3461768445608175,208600.0,6.632028031785251,208600.0,0.436,208600.0,0.10099992930000004,208600.0,0.0,208600.0,0.0
208800.0,4.420644367874834,208800.0,6.650630523354889,208800.0,0.436,208800.0,0.10099992930000004,208800.0,0.0,208800.0,0.0
209000.0,4.470875216385008,209000.0,6.66229201388364,209000.0,0.436,209000.0,0.10099992930000004,209000.0,0.0,209000.0,0.0
209200.0,4.506051232897498,209200.0,6.671148327836277,209200.0,0.436,209200.0,0.10099992930000004,209200.0,0.0,209200.0,0.0
209400.0,4.534622373801393,209400.0,6.679996325161873,209400.0,0.436,209400.0,0.10099992930000004,209400.0,0.0,209400.0,0.0
209600.0,4.563792769860904,209600.0,6.6924887172215355,209600.0,0.436,209600.0,0.10099992930000004,209600.0,0.0,209600.0,0.0
209800.0,4.6011794051288835,209800.0,6.711518280030526,209800.0,0.436,209800.0,0.10099992930000004,209800.0,0.0,209800.0,0.0
210000.0,4.641980184066144,210000.0,6.731600778011636,210000.0,0.436,210000.0,0.10099992930000004,210000.0,0.0,210000.0,0.0
210200.0,4.670406282483681,210200.0,6.740351753811227,210200.0,0.436,210200.0,0.10099992930000004,210200.0,0.0,210200.0,0.0
210400.0,4.693692026768521,210400.0,6.750815967216333,210400.0,0.436,210400.0,0.10099992930000004,210400.0,0.0,210400.0,0.336
210600.0,4.720013561632648,210600.0,6.7644299383096245,210600.0,0.436,210600.0,0.10099992930000004,210600.0,0.0,210600.0,0.336
210800.0,4.744719040244711,210800.0,6.774823573520112,210800.0,0.436,210800.0,0.10099992930000004,210800.0,0.0,210800.0,0.336
211000.0,4.764365613200908,211000.0,6.782750066419226,211000.0,0.436,211000.0,0.10099992930000004,211000.0,0.0,211000.0,0.336
211200.0,4.778019300765659,211200.0,6.7879404817565945,211200.0,0.436,211200.0,0.10099992930000004,211200.0,0.0,211200.0,0.336
211400.0,4.813931741351832,211400.0,6.803594714273978,211400.0,0.436,211400.0,0.10099992930000004,211400.0,0.0,211400.0,0.0
211600.0,4.920912173568264,211600.0,6.80227222349159,211600.0,0.436,211600.0,0.10099992930000004,211600.0,0.0,211600.0,0.0
211800.0,5.049884267623321,211800.0,6.77890224485932,211800.0,0.436,211800.0,0.10099992930000004,211800.0,0.0,211800.0,0.0
212000.0,5.182635015571995,212000.0,6.742492130455214,212000.0,0.436,212000.0,0.10099992930000004,212000.0,0.0,212000.0,0.336
212200.0,5.298336142530625,212200.0,6.709420629863281,212200.0,0.436,212200.0,0.10099992930000004,212200.0,0.0,212200.0,0.0
212400.0,5.374204675466789,212400.0,6.689221691714998,212400.0,0.436,212400.0,0.10099992930000004,212400.0,0.0,212400.0,0.0
212600.0,5.4397183545653345,212600.0,6.665037206216133,212600.0,0.436,212600.0,0.10099992930000004,212600.0,0.0,212600.0,0.0
212800.0,5.503695415682345,212800.0,6.637196412667572,212800.0,0.436,212800.0,0.10099992930000004,212800.0,0.0,212800.0,0.0
213000.0,5.5659888872987135,213000.0,6.607364275285931,213000.0,0.436,213000.0,0.10099992930000004,213000.0,0.0,213000.0,0.0
213200.0,5.625131072786671,213200.0,6.576277755068054,213200.0,0.436,213200.0,0.10099992930000004,213200.0,0.0,213200.0,0.0
213400.0,5.346517574377635,213400.0,6.5431779259269875,213400.0,0.0,213400.0,0.10099992930000004,213400.0,0.84,213400.0,0.336
213600.0,5.1700475369046845,213600.0,6.54257729246226,213600.0,0.0,213600.0,0.10099992930000004,213600.0,0.0,213600.0,0.336
213800.0,5.036799767438069,213800.0,6.575586236527078,213800.0,0.0,213800.0,0.10099992930000004,213800.0,0.0,213800.0,0.0
214000.0,4.940867609973973,214000.0,6.596523366242312,214000.0,0.0,214000.0,0.10099992930000004,214000.0,0.0,214000.0,0.0
214200.0,4.876559150105082,214200.0,6.609835836718741,214200.0,0.0,214200.0,0.10099992930000004,214200.0,0.0,214200.0,0.0
214400.0,4.8348185179246475,214400.0,6.618203383697075,214400.0,0.0,214400.0,0.10099992930000004,214400.0,0.0,214400.0,0.0
214600.0,4.805001282781621,214600.0,6.625582103067099,214600.0,0.0,214600.0,0.10099992930000004,214600.0,0.0,214600.0,0.0
214800.0,4.781091709393413,214800.0,6.632586516520006,214800.0,0.0,214800.0,0.10099992930000004,214800.0,0.0,214800.0,0.0
215000.0,4.756747404479941,215000.0,6.643346955458112,215000.0,0.0,215000.0,0.10099992930000004,215000.0,0.0,215000.0,0.0
215200.0,4.735823734321339,215200.0,6.651683244605851,215200.0,0.0,215200.0,0.10099992930000004,215200.0,0.0,215200.0,0.0
215400.0,4.709700404958648,215400.0,6.668311863883538,215400.0,0.0,215400.0,0.10099992930000004,215400.0,0.0,215400.0,0.0
215600.0,4.679184093141952,215600.0,6.687974899720898,215600.0,0.0,215600.0,0.10099992930000004,215600.0,0.0,215600.0,0.336
215800.0,4.651872635837327,215800.0,6.704215958525874,215800.0,0.0,215800.0,0.10099992930000004,215800.0,0.0,215800.0,0.336
216000.0,4.632099564838169,216000.0,6.714187686364377,216000.0,0.0,216000.0,0.10099992930000004,216000.0,0.0,216000.0,0.336
216200.0,4.6135019146225495,216200.0,6.727287268802131,216200.0,0.0,216200.0,0.10099992930000004,216200.0,0.0,216200.0,0.336
216400.0,4.592863392024825,216400.0,6.742106439531368,216400.0,0.0,216400.0,0.10099992930000004,216400.0,0.0,216400.0,0.0
216600.0,4.578118354372523,216600.0,6.749978268657845,216600.0,0.0,216600.0,0.10099992930000004,216600.0,0.0,216600.0,0.0
216800.0,4.567530647441003,216800.0,6.757277608749747,216800.0,0.0,216800.0,0.10099992930000004,216800.0,0.0,216800.0,0.0
217000.0,4.5591515879343,217000.0,6.763529615371709,217000.0,0.0,217000.0,0.10099992930000004,217000.0,0.0,217000.0,0.0
217200.0,4.501657413391088,217200.0,6.780244731312571,217200.0,0.0,217200.0,0.10099992930000004,217200.0,0.0,217200.0,0.0
217400.0,4.416412675341923,217400.0,6.763002906999575,217400.0,0.0,217400.0,0.10099992930000004,217400.0,0.0,217400.0,0.336
217600.0,4.325238948304068,217600.0,6.730338469297403,217600.0,0.0,217600.0,0.10099992930000004,217600.0,0.0,217600.0,0.336
217800.0,4.234779835228698,217800.0,6.6897522407191365,217800.0,0.0,217800.0,0.10099992930000004,217800.0,0.0,217800.0,0.0
218000.0,4.165557391093421,218000.0,6.663820371617855,218000.0,0.0,218000.0,0.10099992930000004,218000.0,0.0,218000.0,0.0
218200.0,4.110781763135387,218200.0,6.638907239476181,218200.0,0.0,218200.0,0.10099992930000004,218200.0,0.0,218200.0,0.0
218400.0,4.059488362115246,218400.0,6.611456674290181,218400.0,0.0,218400.0,0.10099992930000004,218400.0,0.0,218400.0,0.0
218600.0,4.008317794900605,218600.0,6.581688404433885,218600.0,0.0,218600.0,0.10099992930000004,218600.0,0.0,218600.0,0.0
218800.0,3.9577115946299903,218800.0,6.550686629918998,218800.0,0.0,218800.0,0.10099992930000004,218800.0,0.0,218800.0,0.336
219000.0,3.898825857973035,219000.0,6.505504843151157,219000.0,0.0,219000.0,0.10099992930000004,219000.0,0.84,219000.0,0.336
219200.0,3.8412697783125926,219200.0,6.4823494023623764,219200.0,0.0,219200.0,0.10099992930000004,219200.0,0.0,219200.0,0.0
219400.0,3.943852220711912,219400.0,6.507776498784465,219400.0,0.436,219400.0,0.10099992930000004,219400.0,0.0,219400.0,0.0
219600.0,4.148085357932722,219600.0,6.5163870518451645,219600.0,0.436,219600.0,0.10099992930000004,219600.0,0.0,219600.0,0.0
219800.0,4.229916938152973,219800.0,6.518920026630773,219800.0,0.436,219800.0,0.10099992930000004,219800.0,0.0,219800.0,0.0
220000.0,4.27239571323343,220000.0,6.5219739702241535,220000.0,0.436,220000.0,0.10099992930000004,220000.0,0.0,220000.0,0.0
220200.0,4.304094365306341,220200.0,6.526438030704268,220200.0,0.436,220200.0,0.10099992930000004,220200.0,0.0,220200.0,0.336
220400.0,4.331932199840199,220400.0,6.531713533248542,220400.0,0.436,220400.0,0.10099992930000004,220400.0,0.0,220400.0,0.336
220600.0,4.362230818911641,220600.0,6.5402688557861035,220600.0,0.436,220600.0,0.10099992930000004,220600.0,0.0,220600.0,0.336
220800.0,4.387867857708512,220800.0,6.546001411457269,220800.0,0.436,220800.0,0.10099992930000004,220800.0,0.0,220800.0,0.336
221000.0,4.4128414952801025,221000.0,6.55422451118437,221000.0,0.436,221000.0,0.10099992930000004,221000.0,0.0,221000.0,0.0
221200.0,4.447352413217042,221200.0,6.570528214919429,221200.0,0.436,221200.0,0.10099992930000004,221200.0,0.0,221200.0,0.0
221400.0,4.485933618256503,221400.0,6.586915276872195,221400.0,0.436,221400.0,0.10099992930000004,221400.0,0.0,221400.0,0.0
221600.0,4.517557390902397,221600.0,6.597953565979588,221600.0,0.436,221600.0,0.10099992930000004,221600.0,0.0,221600.0,0.0
221800.0,4.54633648762387,221800.0,6.610158880198274,221800.0,0.436,221800.0,0.10099992930000004,221800.0,0.0,221800.0,0.0
222000.0,4.5752934775087395,222000.0,6.621788420662522,222000.0,0.436,222000.0,0.10099992930000004,222000.0,0.0,222000.0,0.0
222200.0,4.598572353111875,222200.0,6.6293859978030705,222200.0,0.436,222200.0,0.10099992930000004,222200.0,0.0,222200.0,0.0
222400.0,4.615649738513045,222400.0,6.635267107941591,222400.0,0.436,222400.0,0.10099992930000004,222400.0,0.0,222400.0,0.0
222600.0,4.630051960257271,222600.0,6.640891392821797,222600.0,0.436,222600.0,0.10099992930000004,222600.0,0.0,222600.0,0.0
222800.0,4.709992334745774,222800.0,6.653206219458829,222800.0,0.436,222800.0,0.10099992930000004,222800.0,0.0,222800.0,0.0
223000.0,4.8310716872539,223000.0,6.630728278661188,223000.0,0.436,223000.0,0.10099992930000004,223000.0,0.84,223000.0,0.336
223200.0,4.961990960203005,223200.0,6.592844642090192,223200.0,0.436,223200.0,0.10099992930000004,223200.0,0.0,223200.0,0.0
223400.0,5.087501337478909,223400.0,6.549538475735197,223400.0,0.436,223400.0,0.10099992930000004,223400.0,0.0,223400.0,0.0
223600.0,5.1738736279771285,223600.0,6.525445662823296,223600.0,0.436,223600.0,0.10099992930000004,223600.0,0.0,223600.0,0.0
223800.0,5.2391762369476,223800.0,6.50049626033227,223800.0,0.436,223800.0,0.10099992930000004,223800.0,0.0,223800.0,0.0
224000.0,5.300712000362028,224000.0,6.471980860476562,224000.0,0.436,224000.0,0.10099992930000004,224000.0,0.0,224000.0,0.336
224200.0,5.362180158565648,224200.0,6.440159566028574,224200.0,0.436,224200.0,0.10099992930000004,224200.0,0.0,224200.0,0.336
224400.0,5.431974112915052,224400.0,6.395035541724435,224400.0,0.436,224400.0,0.10099992930000004,224400.0,0.84,224400.0,0.336
224600.0,5.495937339011658,224600.0,6.356722889126664,224600.0,0.436,224600.0,0.10099992930000004,224600.0,0.0,224600.0,0.0
224800.0,5.569586563801046,224800.0,6.30267818169045,224800.0,0.436,224800.0,0.10099992930000004,224800.0,0.0,224800.0,0.0
225000.0,5.453660318344056,225000.0,6.304267912517571,225000.0,0.0,225000.0,0.10099992930000004,225000.0,0.0,225000.0,0.0
225200.0,5.220719344898373,225200.0,6.323380249502373,225200.0,0.0,225200.0,0.10099992930000004,225200.0,0.0,225200.0,0.336
225400.0,5.1200410492091475,225400.0,6.325422662741771,225400.0,0.0,225400.0,0.10099992930000004,225400.0,0.0,225400.0,0.336
225600.0,5.069619069510379,225600.0,6.325764476512093,225600.0,0.0,225600.0,0.10099992930000004,225600.0,0.0,225600.0,0.336
225800.0,5.036697453710497,225800.0,6.326360587535356,225800.0,0.0,225800.0,0.10099992930000004,225800.0,0.0,225800.0,0.336
226000.0,5.009111096124025,226000.0,6.32818266670369,226000.0,0.0,226000.0,0.10099992930000004,226000.0,0.0,226000.0,0.336
226200.0,4.981971569676623,226200.0,6.331639498661447,226200.0,0.0,226200.0,0.10099992930000004,226200.0,0.0,226200.0,0.0
226400.0,4.952710252407171,226400.0,6.338266950568167,226400.0,0.0,226400.0,0.10099992930000004,226400.0,0.0,226400.0,0.0
226600.0,4.928467000374919,226600.0,6.343423116122438,226600.0,0.0,226600.0,0.10099992930000004,226600.0,0.0,226600.0,0.0
226800.0,4.899042546467248,226800.0,6.354075824018012,226800.0,0.0,226800.0,0.10099992930000004,226800.0,0.0,226800.0,0.0
226989.9,4.866084931329461,226989.9,6.369064904975769,226989.9,0.0,226989.9,0.10099992930000004,226989.9,0.0,226989.9,0.0
227000.0,4.8636935418612826,227000.0,6.371082062149635,227000.0,0.0,227000.0,0.10099992930000004,227000.0,0.0,227000.0,0.0
227200.0,4.834628329079221,227200.0,6.380270522949069,227200.0,0.0,227200.0,0.10099992930000004,227200.0,0.0,227200.0,0.0
227400.0,4.818575635786539,227400.0,6.383963808397829,227400.0,0.0,227400.0,0.10099992930000004,227400.0,0.0,227400.0,0.0
227600.0,4.8090914556252295,227600.0,6.385953936456203,227600.0,0.0,227600.0,0.10099992930000004,227600.0,0.0,227600.0,0.0
227800.0,4.802573388388811,227800.0,6.3874993463584255,227800.0,0.0,227800.0,0.10099992930000004,227800.0,0.0,227800.0,0.0
228000.0,4.797774979949558,228000.0,6.38866440766155,228000.0,0.0,228000.0,0.10099992930000004,228000.0,0.0,228000.0,0.0
228200.0,4.793917762055322,228200.0,6.389557833240746,228200.0,0.0,228200.0,0.10099992930000004,228200.0,0.0,228200.0,0.0
228400.0,4.791092372112353,228400.0,6.39017591623045,228400.0,0.0,228400.0,0.10099992930000004,228400.0,0.0,228400.0,0.0
228600.0,4.788615797528033,228600.0,6.390759444278736,228600.0,0.0,228600.0,0.10099992930000004,228600.0,0.0,228600.0,0.0
228800.0,4.786270282391731,228800.0,6.391325429714268,228800.0,0.0,228800.0,0.10099992930000004,228800.0,0.0,228800.0,0.0
229000.0,4.783975680563671,229000.0,6.391882587299949,229000.0,0.0,229000.0,0.10099992930000004,229000.0,0.0,229000.0,0.0
229200.0,4.781702111074147,229200.0,6.392437278822081,229200.0,0.0,229200.0,0.10099992930000004,229200.0,0.0,229200.0,0.0
229400.0,4.779438364473082,229400.0,6.392994635287715,229400.0,0.0,229400.0,0.10099992930000004,229400.0,0.0,229400.0,0.0
229600.0,4.777180226383177,229600.0,6.393558886230196,229600.0,0.0,229600.0,0.10099992930000004,229600.0,0.0,229600.0,0.0
229800.0,4.774926114308689,229800.0,6.394133534667369,229800.0,0.0,229800.0,0.10099992930000004,229800.0,0.0,229800.0,0.0
230000.0,4.772675437893462,230000.0,6.394721484543415,230000.0,0.0,230000.0,0.10099992930000004,230000.0,0.0,230000.0,0.0
230200.0,4.770427981174058,230200.0,6.395325142344173,230200.0,0.0,230200.0,0.10099992930000004,230200.0,0.0,230200.0,0.0
230400.0,4.76818366978493,230400.0,6.395946500013473,230400.0,0.0,230400.0,0.10099992930000004,230400.0,0.0,230400.0,0.0
230600.0,4.765942483296766,230600.0,6.396587203164218,230600.0,0.0,230600.0,0.10099992930000004,230600.0,0.0,230600.0,0.0
230800.0,4.763704422198696,230800.0,6.397248607458353,230800.0,0.0,230800.0,0.10099992930000004,230800.0,0.0,230800.0,0.0
231000.0,4.761469495390559,231000.0,6.397931825382522,231000.0,0.0,231000.0,0.10099992930000004,231000.0,0.0,231000.0,0.0
231200.0,4.759237715343719,231200.0,6.398637765178473,231200.0,0.0,231200.0,0.10099992930000004,231200.0,0.0,231200.0,0.0
231400.0,4.757009096125155,231400.0,6.3993671633368665,231400.0,0.0,231400.0,0.10099992930000004,231400.0,0.0,231400.0,0.0
231600.0,4.754783652498705,231600.0,6.4001206117840015,231600.0,0.0,231600.0,0.10099992930000004,231600.0,0.0,231600.0,0.0
231800.0,4.7525613994468605,231800.0,6.4008985806785095,231800.0,0.0,231800.0,0.10099992930000004,231800.0,0.0,231800.0,0.0
232000.0,4.75034235187201,232000.0,6.4017014375626715,232000.0,0.0,232000.0,0.10099992930000004,232000.0,0.0,232000.0,0.0
232200.0,4.748126524389147,232200.0,6.402529463477714,232200.0,0.0,232200.0,0.10099992930000004,232200.0,0.0,232200.0,0.0
232400.0,4.745913931175218,232400.0,6.403382866543709,232400.0,0.0,232400.0,0.10099992930000004,232400.0,0.0,232400.0,0.0
232600.0,4.74370458586006,232600.0,6.404261793417166,232600.0,0.0,232600.0,0.10099992930000004,232600.0,0.0,232600.0,0.0
232800.0,4.74149850145013,232800.0,6.4051663389680265,232800.0,0.0,232800.0,0.10099992930000004,232800.0,0.0,232800.0,0.0
233000.0,4.739295690278665,233000.0,6.406096554460478,233000.0,0.0,233000.0,0.10099992930000004,233000.0,0.0,233000.0,0.0
233200.0,4.737096163977347,233200.0,6.407052454473863,233200.0,0.0,233200.0,0.10099992930000004,233200.0,0.0,233200.0,0.0
233400.0,4.734899933465169,233400.0,6.4080340227614965,233400.0,0.0,233400.0,0.10099992930000004,233400.0,0.0,233400.0,0.0
233600.0,4.732707008950483,233600.0,6.409041217213152,233600.0,0.0,233600.0,0.10099992930000004,233600.0,0.0,233600.0,0.0
233800.0,4.730517399943338,233800.0,6.410073974059958,233800.0,0.0,233800.0,0.10099992930000004,233800.0,0.0,233800.0,0.0
234000.0,4.728331116059823,234000.0,6.411132211438427,234000.0,0.0,234000.0,0.10099992930000004,234000.0,0.0,234000.0,0.336
234200.0,4.719016960348656,234200.0,6.418499695864095,234200.0,0.0,234200.0,0.10099992930000004,234200.0,0.0,234200.0,0.336
234400.0,4.708243606299155,234400.0,6.424045282904517,234400.0,0.0,234400.0,0.10099992930000004,234400.0,0.0,234400.0,0.336
234600.0,4.6979900711910165,234600.0,6.42987698699944,234600.0,0.0,234600.0,0.10099992930000004,234600.0,0.0,234600.0,0.336
234800.0,4.689562761646291,234800.0,6.434246292199555,234800.0,0.0,234800.0,0.10099992930000004,234800.0,0.0,234800.0,0.336
235000.0,4.674528154491204,235000.0,6.448879313869738,235000.0,0.0,235000.0,0.10099992930000004,235000.0,0.84,235000.0,0.336
235200.0,4.624483901719094,235200.0,6.494673719582507,235200.0,0.0,235200.0,0.10099992930000004,235200.0,0.0,235200.0,0.0
235400.0,4.560889428116135,235400.0,6.561522283865164,235400.0,0.0,235400.0,0.10099992930000004,235400.0,0.0,235400.0,0.0
235600.0,4.503978856052891,235600.0,6.609101874347779,235600.0,0.0,235600.0,0.10099992930000004,235600.0,0.0,235600.0,0.0
235800.0,4.466904772935656,235800.0,6.6407270504996845,235800.0,0.0,235800.0,0.10099992930000004,235800.0,0.0,235800.0,0.0
236000.0,4.445785201783993,236000.0,6.6604520252330515,236000.0,0.0,236000.0,0.10099992930000004,236000.0,0.0,236000.0,0.0
236200.0,4.434688918224993,236200.0,6.672383921319462,236200.0,0.0,236200.0,0.10099992930000004,236200.0,0.0,236200.0,0.0
236400.0,4.429071122914284,236400.0,6.679753977902784,236400.0,0.0,236400.0,0.10099992930000004,236400.0,0.0,236400.0,0.0
236600.0,4.426420909191249,236600.0,6.683871247471488,236600.0,0.0,236600.0,0.10099992930000004,236600.0,0.0,236600.0,0.0
236800.0,4.4247361977387785,236800.0,6.688178708402044,236800.0,0.0,236800.0,0.10099992930000004,236800.0,0.0,236800.0,0.0
237000.0,4.423379347988917,237000.0,6.692632775680698,237000.0,0.0,237000.0,0.10099992930000004,237000.0,0.0,237000.0,0.0
237200.0,4.4221175578350245,237200.0,6.697197292317912,237200.0,0.0,237200.0,0.10099992930000004,237200.0,0.0,237200.0,0.0
237400.0,4.420868100936025,237400.0,6.701844415470332,237400.0,0.0,237400.0,0.10099992930000004,237400.0,0.0,237400.0,0.0
237600.0,4.4196032981586395,237600.0,6.706553198810441,237600.0,0.0,237600.0,0.10099992930000004,237600.0,0.0,237600.0,0.0
237800.0,4.418315549282906,237800.0,6.71130791354064,237800.0,0.0,237800.0,0.10099992930000004,237800.0,0.0,237800.0,0.0
238000.0,4.417004369920793,238000.0,6.71609671843754,238000.0,0.0,238000.0,0.10099992930000004,238000.0,0.0,238000.0,0.0
238200.0,4.415671596352943,238200.0,6.720910669549463,238200.0,0.0,238200.0,0.10099992930000004,238200.0,0.0,238200.0,0.0
238400.0,4.41431964010773,238400.0,6.725742990253376,238400.0,0.0,238400.0,0.10099992930000004,238400.0,0.0,238400.0,0.0
238600.0,4.412950880189671,238600.0,6.730588532774525,238600.0,0.0,238600.0,0.10099992930000004,238600.0,0.0,238600.0,0.0
238800.0,4.411567475387967,238800.0,6.735443379531138,238800.0,0.0,238800.0,0.10099992930000004,238800.0,0.0,238800.0,0.0
239000.0,4.410171327565214,239000.0,6.740304546678164,239000.0,0.0,239000.0,0.10099992930000004,239000.0,0.0,239000.0,0.0
239200.0,4.408764095739932,239200.0,6.745169762568177,239200.0,0.0,239200.0,0.10099992930000004,239200.0,0.0,239200.0,0.0
239400.0,4.407347224336958,239400.0,6.75003730133591,239400.0,0.0,239400.0,0.10099992930000004,239400.0,0.0,239400.0,0.0
239600.0,4.405921972756143,239600.0,6.75490585721489,239600.0,0.0,239600.0,0.10099992930000004,239600.0,0.0,239600.0,0.0
239800.0,4.404489442187719,239800.0,6.759774449090314,239800.0,0.0,239800.0,0.10099992930000004,239800.0,0.0,239800.0,0.0
240000.0,4.403050598750133,240000.0,6.7646423476081345,240000.0,0.0,240000.0,0.10099992930000004,240000.0,0.0,240000.0,0.0
240200.0,4.401606293088354,240200.0,6.769509019200533,240200.0,0.0,240200.0,0.10099992930000004,240200.0,0.0,240200.0,0.0
240400.0,4.400157276871752,240400.0,6.774374082867449,240400.0,0.0,240400.0,0.10099992930000004,240400.0,0.0,240400.0,0.0
240600.0,4.398704216669271,240600.0,6.779237276632672,240600.0,0.0,240600.0,0.10099992930000004,240600.0,0.0,240600.0,0.0
240800.0,4.397247705634242,240800.0,6.784098431380768,240800.0,0.0,240800.0,0.10099992930000004,240800.0,0.0,240800.0,0.0
241000.0,4.395788273367738,241000.0,6.7889574503580885,241000.0,0.0,241000.0,0.10099992930000004,241000.0,0.0,241000.0,0.0
241200.0,4.394326394267102,241200.0,6.793814293046738,241200.0,0.0,241200.0,0.10099992930000004,241200.0,0.0,241200.0,0.0
241400.0,4.392862494613252,241400.0,6.798668962434219,241400.0,0.0,241400.0,0.10099992930000004,241400.0,0.0,241400.0,0.0
241600.0,4.391396958605968,241600.0,6.803521494935028,241600.0,0.0,241600.0,0.10099992930000004,241600.0,0.0,241600.0,0.0
241800.0,4.389930133519053,241800.0,6.80837195239429,241800.0,0.0,241800.0,0.10099992930000004,241800.0,0.0,241800.0,0.0
242000.0,4.388462334117699,242000.0,6.813220415735076,242000.0,0.0,242000.0,0.10099992930000004,242000.0,0.0,242000.0,0.0
242200.0,4.386993846455587,242200.0,6.818066979908263,242200.0,0.0,242200.0,0.10099992930000004,242200.0,0.0,242200.0,0.0
242400.0,4.385524931149211,242400.0,6.822911749879553,242400.0,0.0,242400.0,0.10099992930000004,242400.0,0.0,242400.0,0.0
242600.0,4.3840558262102745,242600.0,6.827754837445753,242600.0,0.0,242600.0,0.10099992930000004,242600.0,0.0,242600.0,0.0
242800.0,4.382586750287931,242800.0,6.832596358715405,242800.0,0.0,242800.0,0.10099992930000004,242800.0,0.0,242800.0,0.336
243000.0,4.372270864054434,243000.0,6.864792626858059,243000.0,0.0,243000.0,0.10099992930000004,243000.0,0.0,243000.0,0.336
243200.0,4.360791476417279,243200.0,6.88570574640386,243200.0,0.0,243200.0,0.10099992930000004,243200.0,0.0,243200.0,0.336
243400.0,4.351879698191263,243400.0,6.900973332652018,243400.0,0.0,243400.0,0.10099992930000004,243400.0,0.0,243400.0,0.336
243600.0,4.344429048032144,243600.0,6.9162287135359914,243600.0,0.0,243600.0,0.10099992930000004,243600.0,0.0,243600.0,0.0
243800.0,4.337862488737849,243800.0,6.929622311377272,243800.0,0.0,243800.0,0.10099992930000004,243800.0,0.0,243800.0,0.0
244000.0,4.33270816861093,244000.0,6.94111880461109,244000.0,0.0,244000.0,0.10099992930000004,244000.0,0.0,244000.0,0.0
244200.0,4.329412415092298,244200.0,6.94684568973444,244200.0,0.0,244200.0,0.10099992930000004,244200.0,0.0,244200.0,0.0
244400.0,4.327461061853862,244400.0,6.951393863879032,244400.0,0.0,244400.0,0.10099992930000004,244400.0,0.0,244400.0,0.0
244600.0,4.325949693794027,244600.0,6.9560915760390305,244600.0,0.0,244600.0,0.10099992930000004,244600.0,0.0,244600.0,0.0
244800.0,4.324592661085782,244800.0,6.960910761503426,244800.0,0.0,244800.0,0.10099992930000004,244800.0,0.0,244800.0,0.0
245000.0,4.323286717481186,245000.0,6.965825582115313,245000.0,0.0,245000.0,0.10099992930000004,245000.0,0.0,245000.0,0.0
245200.0,4.3219947368893,245200.0,6.970815465524521,245200.0,0.0,245200.0,0.10099992930000004,245200.0,0.0,245200.0,0.0
245400.0,4.3207038268673035,245400.0,6.97586437929818,245400.0,0.0,245400.0,0.10099992930000004,245400.0,0.0,245400.0,0.0
245600.0,4.319409961716675,245600.0,6.98095981980888,245600.0,0.0,245600.0,0.10099992930000004,245600.0,0.0,245600.0,0.0
245800.0,4.318112300205899,245800.0,6.986091986479742,245800.0,0.0,245800.0,0.10099992930000004,245800.0,0.0,245800.0,0.0
246000.0,4.316811086639392,246000.0,6.991253154104691,246000.0,0.0,246000.0,0.10099992930000004,246000.0,0.0,246000.0,0.0
246200.0,4.315506884777537,246200.0,6.996437200410386,246200.0,0.0,246200.0,0.10099992930000004,246200.0,0.0,246200.0,0.0
246400.0,4.314200306861297,246400.0,7.00163924947289,246400.0,0.0,246400.0,0.10099992930000004,246400.0,0.0,246400.0,0.0
246600.0,4.312891924896002,246600.0,7.006855401022518,246600.0,0.0,246600.0,0.10099992930000004,246600.0,0.0,246600.0,0.0
246800.0,4.31158224759073,246800.0,7.012082523584906,246800.0,0.0,246800.0,0.10099992930000004,246800.0,0.0,246800.0,0.0
247000.0,4.310271719832931,247000.0,7.01731809530624,247000.0,0.0,247000.0,0.10099992930000004,247000.0,0.0,247000.0,0.0
247200.0,4.308960729015599,247200.0,7.022560080607663,247200.0,0.0,247200.0,0.10099992930000004,247200.0,0.0,247200.0,0.0
247400.0,4.307649612707141,247400.0,7.027806833931578,247400.0,0.0,247400.0,0.10099992930000004,247400.0,0.0,247400.0,0.0
247600.0,4.306338665868095,247600.0,7.033057024111406,247600.0,0.0,247600.0,0.10099992930000004,247600.0,0.0,247600.0,0.0
247800.0,4.305028147143324,247800.0,7.038309574548995,247800.0,0.0,247800.0,0.10099992930000004,247800.0,0.0,247800.0,0.0
248000.0,4.303718284200692,248000.0,7.043563615593305,248000.0,0.0,248000.0,0.10099992930000004,248000.0,0.0,248000.0,0.0
248200.0,4.302409278221292,248200.0,7.048818446404622,248200.0,0.0,248200.0,0.10099992930000004,248200.0,0.0,248200.0,0.0
248400.0,4.301101307669291,248400.0,7.054073504243603,248400.0,0.0,248400.0,0.10099992930000004,248400.0,0.0,248400.0,0.0
248600.0,4.299794531460525,248600.0,7.059328339613224,248600.0,0.0,248600.0,0.10099992930000004,248600.0,0.0,248600.0,0.0
248800.0,4.298489091631699,248800.0,7.064582596044554,248800.0,0.0,248800.0,0.10099992930000004,248800.0,0.0,248800.0,0.0
249000.0,4.29718511559498,249000.0,7.069835993590542,249000.0,0.0,249000.0,0.10099992930000004,249000.0,0.0,249000.0,0.0
249200.0,4.2958827180474595,249200.0,7.075088315298414,249200.0,0.0,249200.0,0.10099992930000004,249200.0,0.0,249200.0,0.0
249400.0,4.294582002593252,249400.0,7.080339396087809,249400.0,0.0,249400.0,0.10099992930000004,249400.0,0.0,249400.0,0.0
249600.0,4.293283063125083,249600.0,7.0855891135821665,249600.0,0.0,249600.0,0.10099992930000004,249600.0,0.0,249600.0,0.0
249800.0,4.291985985004638,249800.0,7.09083738053299,249800.0,0.0,249800.0,0.10099992930000004,249800.0,0.0,249800.0,0.0
250000.0,4.29069084607398,250000.0,7.096084138548867,250000.0,0.0,250000.0,0.10099992930000004,250000.0,0.0,250000.0,0.0
250200.0,4.289397717524681,250200.0,7.1013293528969585,250200.0,0.0,250200.0,0.10099992930000004,250200.0,0.0,250200.0,0.0
250400.0,4.28810666464692,250400.0,7.10657300818873,250400.0,0.0,250400.0,0.10099992930000004,250400.0,0.0,250400.0,0.0
250600.0,4.2868177474771265,250600.0,7.11181510479754,250600.0,0.0,250600.0,0.10099992930000004,250600.0,0.0,250600.0,0.0
250800.0,4.285531021359651,250800.0,7.117055655882189,250800.0,0.0,250800.0,0.10099992930000004,250800.0,0.0,250800.0,0.0
251000.0,4.284246537435234,251000.0,7.122294684914543,251000.0,0.0,251000.0,0.10099992930000004,251000.0,0.0,251000.0,0.0
251200.0,4.282964343067065,251200.0,7.127532223626228,251200.0,0.0,251200.0,0.10099992930000004,251200.0,0.0,251200.0,0.0
251400.0,4.281684482213727,251400.0,7.132768310304312,251400.0,0.0,251400.0,0.10099992930000004,251400.0,0.0,251400.0,0.0
251600.0,4.2804069957564534,251600.0,7.1380029883786555,251600.0,0.0,251600.0,0.10099992930000004,251600.0,0.0,251600.0,0.0
251800.0,4.279131921787027,251800.0,7.143236305252088,251800.0,0.0,251800.0,0.10099992930000004,251800.0,0.0,251800.0,0.0
252000.0,4.2778592958621795,252000.0,7.148468311333918,252000.0,0.0,252000.0,0.10099992930000004,252000.0,0.0,252000.0,0.0
252200.0,4.276589151228436,252200.0,7.15369905924291,252200.0,0.0,252200.0,0.10099992930000004,252200.0,0.0,252200.0,0.0
252400.0,4.275321519022041,252400.0,7.158928603151681,252400.0,0.0,252400.0,0.10099992930000004,252400.0,0.0,252400.0,0.0
252600.0,4.274056428446816,252600.0,7.164156998250032,252600.0,0.0,252600.0,0.10099992930000004,252600.0,0.0,252600.0,0.0
252800.0,4.272793906932674,252800.0,7.169384300306358,252800.0,0.0,252800.0,0.10099992930000004,252800.0,0.0,252800.0,0.0
253000.0,4.271533980277884,253000.0,7.174610565311813,253000.0,0.0,253000.0,0.10099992930000004,253000.0,0.0,253000.0,0.0
253200.0,4.270276672776263,253200.0,7.179835849192862,253200.0,0.0,253200.0,0.10099992930000004,253200.0,0.0,253200.0,0.0
253400.0,4.269022007331974,253400.0,7.185060207581217,253400.0,0.0,253400.0,0.10099992930000004,253400.0,0.0,253400.0,0.0
253600.0,4.267770005562709,253600.0,7.190283695630894,253600.0,0.0,253600.0,0.10099992930000004,253600.0,0.0,253600.0,0.0
253800.0,4.266520687892983,253800.0,7.195506367874728,253800.0,0.0,253800.0,0.10099992930000004,253800.0,0.0,253800.0,0.0
254000.0,4.265274073638858,254000.0,7.20072827811345,254000.0,0.0,254000.0,0.10099992930000004,254000.0,0.0,254000.0,0.0
254200.0,4.264030181084577,254200.0,7.205949479331587,254200.0,0.0,254200.0,0.10099992930000004,254200.0,0.0,254200.0,0.0
254400.0,4.262789027552362,254400.0,7.211170023635474,254400.0,0.0,254400.0,0.10099992930000004,254400.0,0.0,254400.0,0.0
254600.0,4.261550629466331,254600.0,7.216389962209346,254600.0,0.0,254600.0,0.10099992930000004,254600.0,0.0,254600.0,0.0
254800.0,4.2603150024104375,254800.0,7.221609345286167,254800.0,0.0,254800.0,0.10099992930000004,254800.0,0.0,254800.0,0.0
255000.0,4.25908216118179,255000.0,7.226828222130376,255000.0,0.0,255000.0,0.10099992930000004,255000.0,0.0,255000.0,0.0
255200.0,4.257852119839516,255200.0,7.232046641030442,255200.0,0.0,255200.0,0.10099992930000004,255200.0,0.0,255200.0,0.0
255400.0,4.256624891749583,255400.0,7.2372646492991,255400.0,0.0,255400.0,0.10099992930000004,255400.0,0.0,255400.0,0.0
255600.0,4.2554004896261635,255600.0,7.242482293279549,255600.0,0.0,255600.0,0.10099992930000004,255600.0,0.0,255600.0,0.0
255800.0,4.254178925569821,255800.0,7.24769961835665,255800.0,0.0,255800.0,0.10099992930000004,255800.0,0.0,255800.0,0.0
256000.0,4.25296021110246,256000.0,7.252916668971728,256000.0,0.0,256000.0,0.10099992930000004,256000.0,0.0,256000.0,0.0
256200.0,4.251744357200213,256200.0,7.258133488639989,256200.0,0.0,256200.0,0.10099992930000004,256200.0,0.0,256200.0,0.0
256400.0,4.250531374323478,256400.0,7.263350119970396,256400.0,0.0,256400.0,0.10099992930000004,256400.0,0.0,256400.0,0.0
256600.0,4.249321272444943,256600.0,7.268566604686446,256600.0,0.0,256600.0,0.10099992930000004,256600.0,0.0,256600.0,0.0
256800.0,4.2481140610756345,256800.0,7.273782983648279,256800.0,0.0,256800.0,0.10099992930000004,256800.0,0.0,256800.0,0.0
257000.0,4.246909749289321,257000.0,7.278999296875231,257000.0,0.0,257000.0,0.10099992930000004,257000.0,0.0,257000.0,0.0
257200.0,4.2457083457448475,257200.0,7.284215583568386,257200.0,0.0,257200.0,0.10099992930000004,257200.0,0.0,257200.0,0.0
257400.0,4.244509858707584,257400.0,7.2894318821334325,257400.0,0.0,257400.0,0.10099992930000004,257400.0,0.0,257400.0,0.0
257600.0,4.2433142960689345,257600.0,7.294648230202958,257600.0,0.0,257600.0,0.10099992930000004,257600.0,0.0,257600.0,0.0
257800.0,4.242121665364958,257800.0,7.2998646646587435,257800.0,0.0,257800.0,0.10099992930000004,257800.0,0.0,257800.0,0.0
258000.0,4.240931973793554,258000.0,7.305081221652977,258000.0,0.0,258000.0,0.10099992930000004,258000.0,0.0,258000.0,0.0
258200.0,4.239745228230872,258200.0,7.310297936629457,258200.0,0.0,258200.0,0.10099992930000004,258200.0,0.0,258200.0,0.0
258400.0,4.238561435246427,258400.0,7.315514844343684,258400.0,0.0,258400.0,0.10099992930000004,258400.0,0.0,258400.0,0.0
258600.0,4.237380601117639,258600.0,7.320731978882481,258600.0,0.0,258600.0,0.10099992930000004,258600.0,0.0,258600.0,0.0
258800.0,4.2362027318429645,258800.0,7.3259493736829535,258800.0,0.0,258800.0,0.10099992930000004,258800.0,0.0,258800.0,0.0
259000.0,4.235027833155043,259000.0,7.331167061550377,259000.0,0.0,259000.0,0.10099992930000004,259000.0,0.0,259000.0,0.0
259200.0,4.233855910532557,259200.0,7.336385074675694,259200.0,0.0,259200.0,0.10099992930000004,259200.0,0.0,259200.0,0.0
259400.0,4.232686969211424,259400.0,7.341603444652113,259400.0,0.0,259400.0,0.10099992930000004,259400.0,0.0,259400.0,0.0
259600.0,4.2315210141956845,259600.0,7.346822202490934,259600.0,0.0,259600.0,0.10099992930000004,259600.0,0.0,259600.0,0.0
259800.0,4.230358050267616,259800.0,7.352041378636771,259800.0,0.0,259800.0,0.10099992930000004,259800.0,0.0,259800.0,0.0
260000.0,4.229198081997106,260000.0,7.357261002982063,260000.0,0.0,260000.0,0.10099992930000004,260000.0,0.0,260000.0,0.0
260200.0,4.228041113750903,260200.0,7.36248110488096,260200.0,0.0,260200.0,0.10099992930000004,260200.0,0.0,260200.0,0.0
260400.0,4.226887149701334,260400.0,7.367701713162473,260400.0,0.0,260400.0,0.10099992930000004,260400.0,0.0,260400.0,0.0
260600.0,4.225736193834117,260600.0,7.372922856143084,260600.0,0.0,260600.0,0.10099992930000004,260600.0,0.0,260600.0,0.0
260800.0,4.224588249956414,260800.0,7.378144561638854,260800.0,0.0,260800.0,0.10099992930000004,260800.0,0.0,260800.0,0.0
261000.0,4.223443321703985,261000.0,7.383366856976771,261000.0,0.0,261000.0,0.10099992930000004,261000.0,0.0,261000.0,0.0
261200.0,4.222301412548314,261200.0,7.388589769005889,261200.0,0.0,261200.0,0.10099992930000004,261200.0,0.0,261200.0,0.0
261400.0,4.221162525803206,261400.0,7.393813324107644,261400.0,0.0,261400.0,0.10099992930000004,261400.0,0.0,261400.0,0.0
261600.0,4.220026664631033,261600.0,7.399037548205973,261600.0,0.0,261600.0,0.10099992930000004,261600.0,0.0,261600.0,0.0
261800.0,4.218893832048803,261800.0,7.404262466776839,261800.0,0.0,261800.0,0.10099992930000004,261800.0,0.0,261800.0,0.0
262000.0,4.217764030934024,262000.0,7.409488104857368,262000.0,0.0,262000.0,0.10099992930000004,262000.0,0.0,262000.0,0.0
262200.0,4.216637264030018,262200.0,7.414714487054635,262200.0,0.0,262200.0,0.10099992930000004,262200.0,0.0,262200.0,0.0
262400.0,4.215513533951031,262400.0,7.419941637554027,262400.0,0.0,262400.0,0.10099992930000004,262400.0,0.0,262400.0,0.0
262600.0,4.214392843187511,262600.0,7.42516958012731,262600.0,0.0,262600.0,0.10099992930000004,262600.0,0.0,262600.0,0.0
262800.0,4.213275194110599,262800.0,7.430398338140427,262800.0,0.0,262800.0,0.10099992930000004,262800.0,0.0,262800.0,0.0
263000.0,4.212160588976671,263000.0,7.43562793456073,263000.0,0.0,263000.0,0.10099992930000004,263000.0,0.0,263000.0,0.0
263200.0,4.211049029931926,263200.0,7.44085839196433,263200.0,0.0,263200.0,0.10099992930000004,263200.0,0.0,263200.0,0.0
263400.0,4.209940519016151,263400.0,7.446089732542797,263400.0,0.0,263400.0,0.10099992930000004,263400.0,0.0,263400.0,0.0
263600.0,4.208835058166909,263600.0,7.451321978109818,263600.0,0.0,263600.0,0.10099992930000004,263600.0,0.0,263600.0,0.0
263800.0,4.207732649223215,263800.0,7.456555150107575,263800.0,0.0,263800.0,0.10099992930000004,263800.0,0.0,263800.0,0.0
264000.0,4.206633293929353,264000.0,7.461789269612884,264000.0,0.0,264000.0,0.10099992930000004,264000.0,0.0,264000.0,0.0
264200.0,4.205536993937969,264200.0,7.467024357343118,264200.0,0.0,264200.0,0.10099992930000004,264200.0,0.0,264200.0,0.0
264400.0,4.204443750813782,264400.0,7.47226043366197,264400.0,0.0,264400.0,0.10099992930000004,264400.0,0.0,264400.0,0.0
264600.0,4.203353566036471,264600.0,7.477497518584908,264600.0,0.0,264600.0,0.10099992930000004,264600.0,0.0,264600.0,0.0
264800.0,4.202266441003859,264800.0,7.482735631784655,264800.0,0.0,264800.0,0.10099992930000004,264800.0,0.0,264800.0,0.0
265000.0,4.201182377034781,265000.0,7.4879747925963605,265000.0,0.0,265000.0,0.10099992930000004,265000.0,0.0,265000.0,0.0
265200.0,4.200101376156479,265200.0,7.493215020022678,265200.0,0.0,265200.0,0.10099992930000004,265200.0,0.0,265200.0,0.336
265400.0,4.191034204623364,265400.0,7.532340704739371,265400.0,0.0,265400.0,0.10099992930000004,265400.0,0.0,265400.0,0.336
265600.0,4.180590897947698,265600.0,7.558636936096797,265600.0,0.0,265600.0,0.10099992930000004,265600.0,0.0,265600.0,0.336
265800.0,4.173563531579741,265800.0,7.575138711543124,265800.0,0.0,265800.0,0.10099992930000004,265800.0,0.0,265800.0,0.0
266000.0,4.168129134561343,266000.0,7.59182570448485,266000.0,0.0,266000.0,0.10099992930000004,266000.0,0.0,266000.0,0.0
266200.0,4.1640247243469855,266200.0,7.6043456509980984,266200.0,0.0,266200.0,0.10099992930000004,266200.0,0.0,266200.0,0.0
266400.0,4.161127508704724,266400.0,7.613113503769871,266400.0,0.0,266400.0,0.10099992930000004,266400.0,0.0,266400.0,0.0
266600.0,4.159586871269453,266600.0,7.618046251892755,266600.0,0.0,266600.0,0.10099992930000004,266600.0,0.0,266600.0,0.0
266800.0,4.158518516874804,266800.0,7.623149046486389,266800.0,0.0,266800.0,0.10099992930000004,266800.0,0.0,266800.0,0.0
267000.0,4.1576114350037665,267000.0,7.628400837154084,267000.0,0.0,267000.0,0.10099992930000004,267000.0,0.0,267000.0,0.0
267200.0,4.156755307014995,267200.0,7.633771263960753,267200.0,0.0,267200.0,0.10099992930000004,267200.0,0.0,267200.0,0.0
267400.0,4.155911235466902,267400.0,7.639234776305374,267400.0,0.0,267400.0,0.10099992930000004,267400.0,0.0,267400.0,0.0
267600.0,4.155066138339812,267600.0,7.644771298278339,267600.0,0.0,267600.0,0.10099992930000004,267600.0,0.0,267600.0,0.0
267800.0,4.154216232095068,267800.0,7.650365181110502,267800.0,0.0,267800.0,0.10099992930000004,267800.0,0.0,267800.0,0.0
268000.0,4.153360991054554,268000.0,7.656004185348106,268000.0,0.0,268000.0,0.10099992930000004,268000.0,0.0,268000.0,0.0
268200.0,4.152500946498603,268200.0,7.661678685624115,268200.0,0.0,268200.0,0.10099992930000004,268200.0,0.0,268200.0,0.0
268400.0,4.151636900102854,268400.0,7.66738107006098,268400.0,0.0,268400.0,0.10099992930000004,268400.0,0.0,268400.0,0.0
268600.0,4.150769656006199,268600.0,7.67310528765115,268600.0,0.0,268600.0,0.10099992930000004,268600.0,0.0,268600.0,0.0
268800.0,4.149899940156915,268800.0,7.678846505571396,268800.0,0.0,268800.0,0.10099992930000004,268800.0,0.0,268800.0,0.0
269000.0,4.149028385006224,269000.0,7.6846008480879275,269000.0,0.0,269000.0,0.10099992930000004,269000.0,0.0,269000.0,0.0
269200.0,4.14815553528565,269200.0,7.6903651962650335,269200.0,0.0,269200.0,0.10099992930000004,269200.0,0.0,269200.0,0.0
269400.0,4.147281859231719,269400.0,7.696137033238856,269400.0,0.0,269400.0,0.10099992930000004,269400.0,0.0,269400.0,0.0
269600.0,4.146407760038507,269600.0,7.70191432384858,269600.0,0.0,269600.0,0.10099992930000004,269600.0,0.0,269600.0,0.0
269800.0,4.145533586019328,269800.0,7.707695420344405,269800.0,0.0,269800.0,0.10099992930000004,269800.0,0.0,269800.0,0.0
270000.0,4.144659639216451,270000.0,7.713478988021986,270000.0,0.0,270000.0,0.10099992930000004,270000.0,0.0,270000.0,0.0
270200.0,4.143786182583172,270200.0,7.719263946191596,270200.0,0.0,270200.0,0.10099992930000004,270200.0,0.0,270200.0,0.0
270400.0,4.142913445952851,270400.0,7.7250494210303655,270400.0,0.0,270400.0,0.10099992930000004,270400.0,0.0,270400.0,0.0
270600.0,4.142041631002558,270600.0,7.730834707709332,270600.0,0.0,270600.0,0.10099992930000004,270600.0,0.0,270600.0,0.0
270800.0,4.141170915390055,270800.0,7.736619239808946,270800.0,0.0,270800.0,0.10099992930000004,270800.0,0.0,270800.0,0.0
271000.0,4.140301456212276,271000.0,7.742402564500716,271000.0,0.0,271000.0,0.10099992930000004,271000.0,0.0,271000.0,0.0
271200.0,4.1394333929041425,271200.0,7.74818432232115,271200.0,0.0,271200.0,0.10099992930000004,271200.0,0.0,271200.0,0.0
271400.0,4.138566849675997,271400.0,7.753964230624575,271400.0,0.0,271400.0,0.10099992930000004,271400.0,0.0,271400.0,0.0
271600.0,4.137701937569039,271600.0,7.759742069999998,271600.0,0.0,271600.0,0.10099992930000004,271600.0,0.0,271600.0,0.0
271800.0,4.136838756193338,271800.0,7.76551767308949,271800.0,0.0,271800.0,0.10099992930000004,271800.0,0.0,271800.0,0.0
272000.0,4.135977395202113,272000.0,7.771290915360774,272000.0,0.0,272000.0,0.10099992930000004,272000.0,0.0,272000.0,0.0
272200.0,4.135117935545784,272200.0,7.777061707477591,272200.0,0.0,272200.0,0.10099992930000004,272200.0,0.0,272200.0,0.0
272400.0,4.134260450542056,272400.0,7.782829988981025,272400.0,0.0,272400.0,0.10099992930000004,272400.0,0.0,272400.0,0.0
272600.0,4.133405006791532,272600.0,7.7885957230507055,272600.0,0.0,272600.0,0.10099992930000004,272600.0,0.0,272600.0,0.0
272800.0,4.1325516649638905,272800.0,7.794358892157248,272800.0,0.0,272800.0,0.10099992930000004,272800.0,0.0,272800.0,0.0
273000.0,4.126378671823862,273000.0,7.829103659149007,273000.0,0.0,273000.0,0.10099992930000004,273000.0,0.84,273000.0,0.0
273200.0,4.1114044171778845,273200.0,7.874140123591408,273200.0,0.0,273200.0,0.10099992930000004,273200.0,0.0,273200.0,0.0
273400.0,4.103773842590897,273400.0,7.89520708786971,273400.0,0.0,273400.0,0.10099992930000004,273400.0,0.0,273400.0,0.0
273600.0,4.098728960234386,273600.0,7.915188839626095,273600.0,0.0,273600.0,0.10099992930000004,273600.0,0.0,273600.0,0.0
273800.0,4.094781622980273,273800.0,7.934015175061693,273800.0,0.0,273800.0,0.10099992930000004,273800.0,0.0,273800.0,0.0
274000.0,4.091410143822319,274000.0,7.950562707494661,274000.0,0.0,274000.0,0.10099992930000004,274000.0,0.0,274000.0,0.0
274200.0,4.089066994657231,274200.0,7.961950431701443,274200.0,0.0,274200.0,0.10099992930000004,274200.0,0.0,274200.0,0.0
274400.0,4.0878995305617405,274400.0,7.9674754116696045,274400.0,0.0,274400.0,0.10099992930000004,274400.0,0.0,274400.0,0.0
274600.0,4.087171096599169,274600.0,7.973229540491644,274600.0,0.0,274600.0,0.10099992930000004,274600.0,0.0,274600.0,0.0
274800.0,4.086588597511712,274800.0,7.979169868798757,274800.0,0.0,274800.0,0.10099992930000004,274800.0,0.0,274800.0,0.0
275000.0,4.086047020368493,275000.0,7.985255474337023,275000.0,0.0,275000.0,0.10099992930000004,275000.0,0.0,275000.0,0.0
275200.0,4.085510335317876,275200.0,7.991453340188725,275200.0,0.0,275200.0,0.10099992930000004,275200.0,0.0,275200.0,0.0
275400.0,4.084967046856977,275400.0,7.9977377812319865,275400.0,0.0,275400.0,0.10099992930000004,275400.0,0.0,275400.0,0.0
275600.0,4.084414334620909,275600.0,8.004088861767979,275600.0,0.0,275600.0,0.10099992930000004,275600.0,0.0,275600.0,0.0
275800.0,4.083852329038731,275800.0,8.010491040799693,275800.0,0.0,275800.0,0.10099992930000004,275800.0,0.0,275800.0,0.0
276000.0,4.083282053866684,276000.0,8.016932136485716,276000.0,0.0,276000.0,0.10099992930000004,276000.0,0.0,276000.0,0.0
276200.0,4.08270470503473,276200.0,8.023402548363492,276200.0,0.0,276200.0,0.10099992930000004,276200.0,0.0,276200.0,0.0
276400.0,4.082121414333873,276400.0,8.02989467261645,276400.0,0.0,276400.0,0.10099992930000004,276400.0,0.0,276400.0,0.0
276600.0,4.081533185718586,276600.0,8.036402460188695,276600.0,0.0,276600.0,0.10099992930000004,276600.0,0.0,276600.0,0.0
276800.0,4.080940890335615,276800.0,8.0429210807279,276800.0,0.0,276800.0,0.10099992930000004,276800.0,0.0,276800.0,0.0
277000.0,4.08034527939933,277000.0,8.049446665280705,277000.0,0.0,277000.0,0.10099992930000004,277000.0,0.0,277000.0,0.0
277200.0,4.079747000736946,277200.0,8.055976107916662,277200.0,0.0,277200.0,0.10099992930000004,277200.0,0.0,277200.0,0.0
277400.0,4.079146614451095,277400.0,8.062506911715865,277400.0,0.0,277400.0,0.10099992930000004,277400.0,0.0,277400.0,0.0
277600.0,4.078544606512852,277600.0,8.069037068371681,277600.0,0.0,277600.0,0.10099992930000004,277600.0,0.0,277600.0,0.0
277800.0,4.077941400213277,277800.0,8.075564963435243,277800.0,0.0,277800.0,0.10099992930000004,277800.0,0.0,277800.0,0.0
278000.0,4.077337365718071,278000.0,8.082089301256053,278000.0,0.0,278000.0,0.10099992930000004,278000.0,0.0,278000.0,0.0
278200.0,4.076732828026456,278200.0,8.088609045156437,278200.0,0.0,278200.0,0.10099992930000004,278200.0,0.0,278200.0,0.0
278400.0,4.076128073608993,278400.0,8.095123369473336,278400.0,0.0,278400.0,0.10099992930000004,278400.0,0.0,278400.0,0.0
278600.0,4.075523355956506,278600.0,8.101631620907165,278600.0,0.0,278600.0,0.10099992930000004,278600.0,0.0,278600.0,0.0
278800.0,4.074918900231632,278800.0,8.108133287220214,278800.0,0.0,278800.0,0.10099992930000004,278800.0,0.0,278800.0,0.0
279000.0,4.074314907178698,279000.0,8.11462797177642,279000.0,0.0,279000.0,0.10099992930000004,279000.0,0.0,279000.0,0.0
279200.0,4.073711556419798,279200.0,8.121115372751767,279200.0,0.0,279200.0,0.10099992930000004,279200.0,0.0,279200.0,0.0
279400.0,4.073109009240892,279400.0,8.127595266101789,279400.0,0.0,279400.0,0.10099992930000004,279400.0,0.0,279400.0,0.0
279600.0,4.072507410954226,279600.0,8.134067491566592,279600.0,0.0,279600.0,0.10099992930000004,279600.0,0.0,279600.0,0.0
279800.0,4.071906892907074,279800.0,8.140531941144042,279800.0,0.0,279800.0,0.10099992930000004,279800.0,0.0,279800.0,0.0
280000.0,4.071307574194951,280000.0,8.14698854957738,280000.0,0.0,280000.0,0.10099992930000004,280000.0,0.0,280000.0,0.0
280200.0,4.0707095631273615,280200.0,8.153437286492768,280200.0,0.0,280200.0,0.10099992930000004,280200.0,0.0,280200.0,0.0
280400.0,4.070112958485658,280400.0,8.159878149894249,280400.0,0.0,280400.0,0.10099992930000004,280400.0,0.0,280400.0,0.0
280600.0,4.0695178506057506,280600.0,8.166311160776974,280600.0,0.0,280600.0,0.10099992930000004,280600.0,0.0,280600.0,0.0
280800.0,4.068924322313334,280800.0,8.17273635866586,280800.0,0.0,280800.0,0.10099992930000004,280800.0,0.0,280800.0,0.0
281000.0,4.068332449734088,281000.0,8.179153797920472,281000.0,0.0,281000.0,0.10099992930000004,281000.0,0.0,281000.0,0.0
281200.0,4.06512435936568,281200.0,8.209245365441198,281200.0,0.0,281200.0,0.10099992930000004,281200.0,0.0,281200.0,0.336
281400.0,4.057153534551629,281400.0,8.251006597982933,281400.0,0.0,281400.0,0.10099992930000004,281400.0,0.0,281400.0,0.336
281600.0,4.051986183120173,281600.0,8.271032048997593,281600.0,0.0,281600.0,0.10099992930000004,281600.0,0.0,281600.0,0.0
281800.0,4.048663638401733,281800.0,8.29057424821059,281800.0,0.0,281800.0,0.10099992930000004,281800.0,0.0,281800.0,0.0
282000.0,4.046048032119282,282000.0,8.307682363302197,282000.0,0.0,282000.0,0.10099992930000004,282000.0,0.0,282000.0,0.0
282200.0,4.044162132856217,282200.0,8.322413473428293,282200.0,0.0,282200.0,0.10099992930000004,282200.0,0.0,282200.0,0.0
282400.0,4.043007223283248,282400.0,8.3297770762631,282400.0,0.0,282400.0,0.10099992930000004,282400.0,0.0,282400.0,0.0
282600.0,4.042411953669932,282600.0,8.335660758550414,282600.0,0.0,282600.0,0.10099992930000004,282600.0,0.0,282600.0,0.0
282800.0,4.042002666019583,282800.0,8.341752979097539,282800.0,0.0,282800.0,0.10099992930000004,282800.0,0.0,282800.0,0.0
283000.0,4.041647872762816,283000.0,8.348011087123414,283000.0,0.0,283000.0,0.10099992930000004,283000.0,0.0,283000.0,0.0
283200.0,4.041302953827515,283200.0,8.354398088498655,283200.0,0.0,283200.0,0.10099992930000004,283200.0,0.0,283200.0,0.0
283400.0,4.040953548147693,283400.0,8.360884798060715,283400.0,0.0,283400.0,0.10099992930000004,283400.0,0.0,283400.0,0.0
283600.0,4.0405958611359605,283600.0,8.367448487729108,283600.0,0.0,283600.0,0.10099992930000004,283600.0,0.0,283600.0,0.0
283800.0,4.040229681573646,283800.0,8.374071415117532,283800.0,0.0,283800.0,0.10099992930000004,283800.0,0.0,283800.0,0.0
284000.0,4.039855901430175,284000.0,8.380739656161674,284000.0,0.0,284000.0,0.10099992930000004,284000.0,0.0,284000.0,0.0
284200.0,4.039475652638295,284200.0,8.387442222066984,284200.0,0.0,284200.0,0.10099992930000004,284200.0,0.0,284200.0,0.0
284400.0,4.039090024052376,284400.0,8.394170394697252,284400.0,0.0,284400.0,0.10099992930000004,284400.0,0.0,284400.0,0.0
284600.0,4.038699983155615,284600.0,8.400917224401246,284600.0,0.0,284600.0,0.10099992930000004,284600.0,0.0,284600.0,0.0
284800.0,4.038306366995124,284800.0,8.407677148253326,284800.0,0.0,284800.0,0.10099992930000004,284800.0,0.0,284800.0,0.0
285000.0,4.037909894173421,285000.0,8.414445697865455,285000.0,0.0,285000.0,0.10099992930000004,285000.0,0.0,285000.0,0.0
285200.0,4.0375111813569085,285200.0,8.421219274183263,285200.0,0.0,285200.0,0.10099992930000004,285200.0,0.0,285200.0,0.0
285400.0,4.037110759040215,285400.0,8.427994972678205,285400.0,0.0,285400.0,0.10099992930000004,285400.0,0.0,285400.0,0.0
285600.0,4.036709085205181,285600.0,8.434770446702059,285600.0,0.0,285600.0,0.10099992930000004,285600.0,0.0,285600.0,0.0
285800.0,4.036306556779143,285800.0,8.441543799936424,285800.0,0.0,285800.0,0.10099992930000004,285800.0,0.0,285800.0,0.0
286000.0,4.035903519153587,286000.0,8.448313501178491,286000.0,0.0,286000.0,0.10099992930000004,286000.0,0.0,286000.0,0.0
286200.0,4.035500274080724,286200.0,8.455078316397678,286200.0,0.0,286200.0,0.10099992930000004,286200.0,0.0,286200.0,0.0
286400.0,4.035097086235252,286400.0,8.461837254239688,286400.0,0.0,286400.0,0.10099992930000004,286400.0,0.0,286400.0,0.0
286600.0,4.034694188681767,286600.0,8.468589522076675,286600.0,0.0,286600.0,0.10099992930000004,286600.0,0.0,286600.0,0.0
286800.0,4.0342917874433475,286800.0,8.475334490383421,286800.0,0.0,286800.0,0.10099992930000004,286800.0,0.0,286800.0,0.0
287000.0,4.0338900653299925,287000.0,8.482071663731228,287000.0,0.0,287000.0,0.10099992930000004,287000.0,0.0,287000.0,0.0
287200.0,4.0334891851561325,287200.0,8.48880065707403,287200.0,0.0,287200.0,0.10099992930000004,287200.0,0.0,287200.0,0.0
287400.0,4.033089292451936,287400.0,8.495521176292387,287400.0,0.0,287400.0,0.10099992930000004,287400.0,0.0,287400.0,0.0
287600.0,4.032690517754845,287600.0,8.50223300218153,287600.0,0.0,287600.0,0.10099992930000004,287600.0,0.0,287600.0,0.0
287800.0,4.032292978551568,287800.0,8.508935977239021,287800.0,0.0,287800.0,0.10099992930000004,287800.0,0.0,287800.0,0.0
288000.0,4.031896780929044,288000.0,8.515629994739074,288000.0,0.0,288000.0,0.10099992930000004,288000.0,0.0,288000.0,0.0
288200.0,4.031502020981582,288200.0,8.522314989681549,288200.0,0.0,288200.0,0.10099992930000004,288200.0,0.0,288200.0,0.0
288400.0,4.031108786014437,288400.0,8.52899093128352,288400.0,0.0,288400.0,0.10099992930000004,288400.0,0.0,288400.0,0.0
288600.0,4.030717155575908,288600.0,8.535657816744447,288600.0,0.0,288600.0,0.10099992930000004,288600.0,0.0,288600.0,0.0
288800.0,4.030327202345459,288800.0,8.542315666065615,288800.0,0.0,288800.0,0.10099992930000004,288800.0,0.0,288800.0,0.0
289000.0,4.029938992900187,289000.0,8.548964517744038,289000.0,0.0,289000.0,0.10099992930000004,289000.0,0.0,289000.0,0.0
289200.0,4.029552588378385,289200.0,8.555604425193541,289200.0,0.0,289200.0,0.10099992930000004,289200.0,0.0,289200.0,0.0
289400.0,4.02916804505585,289400.0,8.56223545377121,289400.0,0.0,289400.0,0.10099992930000004,289400.0,0.0,289400.0,0.0
289600.0,4.028785414847963,289600.0,8.568857678308582,289600.0,0.0,289600.0,0.10099992930000004,289600.0,0.0,289600.0,0.0
289800.0,4.02840474574828,289800.0,8.575471181063957,289800.0,0.0,289800.0,0.10099992930000004,289800.0,0.0,289800.0,0.0
290000.0,4.028026082213346,290000.0,8.582076050026519,290000.0,0.0,290000.0,0.10099992930000004,290000.0,0.0,290000.0,0.0
290200.0,4.02764946550045,290200.0,8.58867237751442,290200.0,0.0,290200.0,0.10099992930000004,290200.0,0.0,290200.0,0.0
290400.0,4.027274933966039,290400.0,8.595260259018282,290400.0,0.0,290400.0,0.10099992930000004,290400.0,0.0,290400.0,0.0
290600.0,4.026902523329065,290600.0,8.601839792250182,290600.0,0.0,290600.0,0.10099992930000004,290600.0,0.0,290600.0,0.0
290800.0,4.026532266904914,290800.0,8.608411076363783,290800.0,0.0,290800.0,0.10099992930000004,290800.0,0.0,290800.0,0.0
291000.0,4.0261641958131635,291000.0,8.614974211317692,291000.0,0.0,291000.0,0.10099992930000004,291000.0,0.0,291000.0,0.0
291200.0,4.025798339163026,291200.0,8.621529297358453,291200.0,0.0,291200.0,0.10099992930000004,291200.0,0.0,291200.0,0.0
291400.0,4.025434724219024,291400.0,8.628076434602677,291400.0,0.0,291400.0,0.10099992930000004,291400.0,0.0,291400.0,0.0
291600.0,4.025073376549277,291600.0,8.634615722702277,291600.0,0.0,291600.0,0.10099992930000004,291600.0,0.0,291600.0,0.0
291800.0,4.024714320159225,291800.0,8.641147260578615,291800.0,0.0,291800.0,0.10099992930000004,291800.0,0.0,291800.0,0.0
292000.0,4.024357577611521,292000.0,8.647671146213506,292000.0,0.0,292000.0,0.10099992930000004,292000.0,0.0,292000.0,0.0
292200.0,4.024003170134714,292200.0,8.654187476487616,292200.0,0.0,292200.0,0.10099992930000004,292200.0,0.0,292200.0,0.0
292400.0,4.0236511177210605,292400.0,8.660696347057929,292400.0,0.0,292400.0,0.10099992930000004,292400.0,0.0,292400.0,0.0
292600.0,4.023301439215857,292600.0,8.667197852267158,292600.0,0.0,292600.0,0.10099992930000004,292600.0,0.0,292600.0,0.0
292800.0,4.022954152398055,292800.0,8.673692085079656,292800.0,0.0,292800.0,0.10099992930000004,292800.0,0.0,292800.0,0.0
293000.0,4.022609274053748,293000.0,8.680179137038651,293000.0,0.0,293000.0,0.10099992930000004,293000.0,0.0,293000.0,0.0
293200.0,4.022266820043674,293200.0,8.686659098240952,293200.0,0.0,293200.0,0.10099992930000004,293200.0,0.0,293200.0,0.0
293400.0,4.021926805364215,293400.0,8.69313205732572,293400.0,0.0,293400.0,0.10099992930000004,293400.0,0.0,293400.0,0.0
293600.0,4.0215892442038355,293600.0,8.69959810147446,293600.0,0.0,293600.0,0.10099992930000004,293600.0,0.0,293600.0,0.0
293800.0,4.021254149994496,293800.0,8.706057316420027,293800.0,0.0,293800.0,0.10099992930000004,293800.0,0.0,293800.0,0.0
294000.0,4.020921535459078,294000.0,8.712509786462569,294000.0,0.0,294000.0,0.10099992930000004,294000.0,0.0,294000.0,0.0
294200.0,4.020591412654969,294200.0,8.718955594490682,294200.0,0.0,294200.0,0.10099992930000004,294200.0,0.0,294200.0,0.0
294400.0,4.020263793014458,294400.0,8.725394822006951,294400.0,0.0,294400.0,0.10099992930000004,294400.0,0.0,294400.0,0.0
294600.0,4.019938687381587,294600.0,8.73182754915637,294600.0,0.0,294600.0,0.10099992930000004,294600.0,0.0,294600.0,0.0
294800.0,4.019616106046657,294800.0,8.738253854756568,294800.0,0.0,294800.0,0.10099992930000004,294800.0,0.0,294800.0,0.0
295000.0,4.019296058778034,295000.0,8.744673816329913,295000.0,0.0,295000.0,0.10099992930000004,295000.0,0.0,295000.0,0.0
295200.0,4.018978554851645,295200.0,8.751087510136022,295200.0,0.0,295200.0,0.10099992930000004,295200.0,0.0,295200.0,0.0
295400.0,4.0186636030784815,295400.0,8.757495011204853,295400.0,0.0,295400.0,0.10099992930000004,295400.0,0.0,295400.0,0.0
295600.0,4.018351211829861,295600.0,8.763896393369517,295600.0,0.0,295600.0,0.10099992930000004,295600.0,0.0,295600.0,0.0
295800.0,4.018041389061503,295800.0,8.770291729298995,295800.0,0.0,295800.0,0.10099992930000004,295800.0,0.0,295800.0,0.0
296000.0,4.017734142335339,296000.0,8.776681090530248,296000.0,0.0,296000.0,0.10099992930000004,296000.0,0.0,296000.0,0.0
296200.0,4.017429478840492,296200.0,8.783064547499299,296200.0,0.0,296200.0,0.10099992930000004,296200.0,0.0,296200.0,0.0
296400.0,4.017127405412457,296400.0,8.789442169571977,296400.0,0.0,296400.0,0.10099992930000004,296400.0,0.0,296400.0,0.0
296600.0,4.016827928551048,296600.0,8.795814025073225,296600.0,0.0,296600.0,0.10099992930000004,296600.0,0.0,296600.0,0.0
296800.0,4.016531054437615,296800.0,8.802180181315702,296800.0,0.0,296800.0,0.10099992930000004,296800.0,0.0,296800.0,0.0
297000.0,4.016236788950818,297000.0,8.80854070462718,297000.0,0.0,297000.0,0.10099992930000004,297000.0,0.0,297000.0,0.0
297200.0,4.015945137681363,297200.0,8.814895660376974,297200.0,0.0,297200.0,0.10099992930000004,297200.0,0.0,297200.0,0.0
297400.0,4.015656105946366,297400.0,8.821245113001112,297400.0,0.0,297400.0,0.10099992930000004,297400.0,0.0,297400.0,0.0
297600.0,4.015369698802236,297600.0,8.827589126026737,297600.0,0.0,297600.0,0.10099992930000004,297600.0,0.0,297600.0,0.0
297800.0,4.015085921057055,297800.0,8.833927762095236,297800.0,0.0,297800.0,0.10099992930000004,297800.0,0.0,297800.0,0.0
298000.0,4.014804777282601,298000.0,8.84026108298429,298000.0,0.0,298000.0,0.10099992930000004,298000.0,0.0,298000.0,0.0
298200.0,4.014526271825021,298200.0,8.846589149629201,298200.0,0.0,298200.0,0.10099992930000004,298200.0,0.0,298200.0,0.0
298400.0,4.014250408815326,298400.0,8.852912022143112,298400.0,0.0,298400.0,0.10099992930000004,298400.0,0.0,298400.0,0.0
298600.0,4.013977192179315,298600.0,8.859229759836172,298600.0,0.0,298600.0,0.10099992930000004,298600.0,0.0,298600.0,0.0
298800.0,4.013706625646785,298800.0,8.865542421234217,298800.0,0.0,298800.0,0.10099992930000004,298800.0,0.0,298800.0,0.0
299000.0,4.0134387127601885,299000.0,8.871850064096202,299000.0,0.0,299000.0,0.10099992930000004,299000.0,0.0,299000.0,0.0
299200.0,4.013173456883102,299200.0,8.878152745430976,299200.0,0.0,299200.0,0.10099992930000004,299200.0,0.0,299200.0,0.0
299400.0,4.0129108612080255,299400.0,8.884450521513433,299400.0,0.0,299400.0,0.10099992930000004,299400.0,0.0,299400.0,0.0
299600.0,4.012650928763906,299600.0,8.890743447899816,299600.0,0.0,299600.0,0.10099992930000004,299600.0,0.0,299600.0,0.0
299800.0,4.012393662423028,299800.0,8.897031579442395,299800.0,0.0,299800.0,0.10099992930000004,299800.0,0.0,299800.0,0.0
300000.0,4.0121390649079265,300000.0,8.903314970303443,300000.0,0.0,300000.0,0.10099992930000004,300000.0,0.0,300000.0,0.0
300200.0,4.011887138797599,300200.0,8.909593673968729,300200.0,0.0,300200.0,0.10099992930000004,300200.0,0.0,300200.0,0.0
300400.0,4.011637886533654,300400.0,8.91586774326023,300400.0,0.0,300400.0,0.10099992930000004,300400.0,0.0,300400.0,0.0
300600.0,4.011391310425962,300600.0,8.92213723034858,300600.0,0.0,300600.0,0.10099992930000004,300600.0,0.0,300600.0,0.0
300800.0,4.011147412658229,300800.0,8.928402186764934,300800.0,0.0,300800.0,0.10099992930000004,300800.0,0.0,300800.0,0.0
301000.0,4.010906195293035,301000.0,8.93466266341211,301000.0,0.0,301000.0,0.10099992930000004,301000.0,0.0,301000.0,0.0
301200.0,4.0106676602770275,301200.0,8.940918710575625,301200.0,0.0,301200.0,0.10099992930000004,301200.0,0.0,301200.0,0.0
301400.0,4.010431809445361,301400.0,8.947170377934139,301400.0,0.0,301400.0,0.10099992930000004,301400.0,0.0,301400.0,0.0
301600.0,4.010198644526353,301600.0,8.95341771456953,301600.0,0.0,301600.0,0.10099992930000004,301600.0,0.0,301600.0,0.0
301800.0,4.009968167145732,301800.0,8.959660768976631,301800.0,0.0,301800.0,0.10099992930000004,301800.0,0.0,301800.0,0.0
302000.0,4.009740378830657,302000.0,8.965899589072498,302000.0,0.0,302000.0,0.10099992930000004,302000.0,0.0,302000.0,0.0
302200.0,4.009515281013677,302200.0,8.972134222205609,302200.0,0.0,302200.0,0.10099992930000004,302200.0,0.0,302200.0,0.0
302400.0,4.009292875036328,302400.0,8.978364715164517,302400.0,0.0,302400.0,0.10099992930000004,302400.0,0.0,302400.0,0.0
302600.0,4.009073162152876,302600.0,8.984591114186221,302600.0,0.0,302600.0,0.10099992930000004,302600.0,0.0,302600.0,0.0
302800.0,4.00885614353354,302800.0,8.990813464964376,302800.0,0.0,302800.0,0.10099992930000004,302800.0,0.0,302800.0,0.0
303000.0,4.0086418202677425,303000.0,8.99703181265738,303000.0,0.0,303000.0,0.10099992930000004,303000.0,0.0,303000.0,0.0
303200.0,4.0084301933672375,303200.0,9.003246201895777,303200.0,0.0,303200.0,0.10099992930000004,303200.0,0.0,303200.0,0.0
303400.0,4.008221263769,303400.0,9.009456676789856,303400.0,0.0,303400.0,0.10099992930000004,303400.0,0.0,303400.0,0.0
303600.0,4.008015032338193,303600.0,9.015663280936874,303600.0,0.0,303600.0,0.10099992930000004,303600.0,0.0,303600.0,0.0
303800.0,4.007811499870714,303800.0,9.021866057428037,303800.0,0.0,303800.0,0.10099992930000004,303800.0,0.0,303800.0,0.0
304000.0,4.007610667095806,304000.0,9.028065048855325,304000.0,0.0,304000.0,0.10099992930000004,304000.0,0.0,304000.0,0.0
304200.0,4.007412534678634,304200.0,9.034260297318287,304200.0,0.0,304200.0,0.10099992930000004,304200.0,0.0,304200.0,0.0
304400.0,4.007217103222516,304400.0,9.040451844430383,304400.0,0.0,304400.0,0.10099992930000004,304400.0,0.0,304400.0,0.0
304600.0,4.007024373271259,304600.0,9.046639731325318,304600.0,0.0,304600.0,0.10099992930000004,304600.0,0.0,304600.0,0.0
304800.0,4.006834345311422,304800.0,9.052823998663404,304800.0,0.0,304800.0,0.10099992930000004,304800.0,0.0,304800.0,0.0
305000.0,4.006647019774217,305000.0,9.059004686637321,305000.0,0.0,305000.0,0.10099992930000004,305000.0,0.0,305000.0,0.0
305200.0,4.006462397037588,305200.0,9.0651818349781,305200.0,0.0,305200.0,0.10099992930000004,305200.0,0.0,305200.0,0.0
305400.0,4.006280477428144,305400.0,9.071355482961026,305400.0,0.0,305400.0,0.10099992930000004,305400.0,0.0,305400.0,0.0
305600.0,4.006101261223039,305600.0,9.077525669411171,305600.0,0.0,305600.0,0.10099992930000004,305600.0,0.0,305600.0,0.0
305800.0,4.005924748651604,305800.0,9.083692432708794,305800.0,0.0,305800.0,0.10099992930000004,305800.0,0.0,305800.0,0.0
306000.0,4.005750939897178,306000.0,9.089855810794932,306000.0,0.0,306000.0,0.10099992930000004,306000.0,0.0,306000.0,0.0
306200.0,4.005579835098635,306200.0,9.096015841176655,306200.0,0.0,306200.0,0.10099992930000004,306200.0,0.0,306200.0,0.0
306400.0,4.005411434351915,306400.0,9.102172560932166,306400.0,0.0,306400.0,0.10099992930000004,306400.0,0.0,306400.0,0.0
306600.0,4.005245737711641,306600.0,9.108326006715984,306600.0,0.0,306600.0,0.10099992930000004,306600.0,0.0,306600.0,0.0
306800.0,4.00508274519248,306800.0,9.114476214763949,306800.0,0.0,306800.0,0.10099992930000004,306800.0,0.0,306800.0,0.0
307000.0,4.0049224567705,307000.0,9.120623220898045,307000.0,0.0,307000.0,0.10099992930000004,307000.0,0.0,307000.0,0.0
307200.0,4.004764872384588,307200.0,9.126767060531327,307200.0,0.0,307200.0,0.10099992930000004,307200.0,0.0,307200.0,0.0
307400.0,3.9988832177704383,307400.0,9.199731657763056,307400.0,0.0,307400.0,0.10099992930000004,307400.0,0.0,307400.0,0.0
307600.0,3.994364234603753,307600.0,9.238962716386252,307600.0,0.0,307600.0,0.10099992930000004,307600.0,0.0,307600.0,0.336
307800.0,3.9909466709066685,307800.0,9.277140060263758,307800.0,0.0,307800.0,0.10099992930000004,307800.0,0.0,307800.0,0.0
308000.0,3.9901745444741055,308000.0,9.29820201642697,308000.0,0.0,308000.0,0.10099992930000004,308000.0,0.0,308000.0,0.0
308200.0,3.990197704030657,308200.0,9.31859380855598,308200.0,0.0,308200.0,0.10099992930000004,308200.0,0.0,308200.0,0.0
308400.0,3.990378875994768,308400.0,9.339355544362403,308400.0,0.0,308400.0,0.10099992930000004,308400.0,0.0,308400.0,0.0
308600.0,3.9906637441189816,308600.0,9.355035626419836,308600.0,0.0,308600.0,0.10099992930000004,308600.0,0.0,308600.0,0.0
308800.0,3.990994348725573,308800.0,9.367899248339546,308800.0,0.0,308800.0,0.10099992930000004,308800.0,0.0,308800.0,0.0
309000.0,3.9912799303646196,309000.0,9.374150436736109,309000.0,0.0,309000.0,0.10099992930000004,309000.0,0.0,309000.0,0.0
309200.0,3.991613915681632,309200.0,9.380676942504863,309200.0,0.0,309200.0,0.10099992930000004,309200.0,0.0,309200.0,0.0
309400.0,3.991943585994252,309400.0,9.387421637722829,309400.0,0.0,309400.0,0.10099992930000004,309400.0,0.0,309400.0,0.0
309600.0,3.9922536352885998,309600.0,9.39433482417856,309600.0,0.0,309600.0,0.10099992930000004,309600.0,0.0,309600.0,0.0
309800.0,3.9925423547616594,309800.0,9.401377011070018,309800.0,0.0,309800.0,0.10099992930000004,309800.0,0.0,309800.0,0.0
310000.0,3.9928116823763253,310000.0,9.408517556224636,310000.0,0.0,310000.0,0.10099992930000004,310000.0,0.0,310000.0,0.0
310200.0,3.993064251131488,310200.0,9.41573268155158,310200.0,0.0,310200.0,0.10099992930000004,310200.0,0.0,310200.0,0.0
310400.0,3.9933025533094098,310400.0,9.423003847742127,310400.0,0.0,310400.0,0.10099992930000004,310400.0,0.0,310400.0,0.0
310600.0,3.993528750774,310600.0,9.430316521296401,310600.0,0.0,310600.0,0.10099992930000004,310600.0,0.0,310600.0,0.0
310800.0,3.9937446738493714,310800.0,9.43765924932522,310800.0,0.0,310800.0,0.10099992930000004,310800.0,0.0,310800.0,0.0
311000.0,3.993951866262873,311000.0,9.445022963642888,311000.0,0.0,311000.0,0.10099992930000004,311000.0,0.0,311000.0,0.0
311200.0,3.9941516339702643,311200.0,9.452400454432054,311200.0,0.0,311200.0,0.10099992930000004,311200.0,0.0,311200.0,0.0
311400.0,3.9943450872973543,311400.0,9.459785969597311,311400.0,0.0,311400.0,0.10099992930000004,311400.0,0.0,311400.0,0.0
311600.0,3.9945331752033235,311600.0,9.467174907721075,311600.0,0.0,311600.0,0.10099992930000004,311600.0,0.0,311600.0,0.0
311800.0,3.99471671280578,311800.0,9.474563581120629,311800.0,0.0,311800.0,0.10099992930000004,311800.0,0.0,311800.0,0.0
312000.0,3.9948964035722434,312000.0,9.481949031728231,312000.0,0.0,312000.0,0.10099992930000004,312000.0,0.0,312000.0,0.0
312200.0,3.9950728573513343,312200.0,9.489328887033482,312200.0,0.0,312200.0,0.10099992930000004,312200.0,0.0,312200.0,0.0
312400.0,3.995246605136397,312400.0,9.496701246615274,312400.0,0.0,312400.0,0.10099992930000004,312400.0,0.0,312400.0,0.0
312600.0,3.995418111231033,312600.0,9.504064592192618,312600.0,0.0,312600.0,0.10099992930000004,312600.0,0.0,312600.0,0.0
312800.0,3.995587783325341,312800.0,9.511417715884,312800.0,0.0,312800.0,0.10099992930000004,312800.0,0.0,312800.0,0.0
313000.0,3.9957559808751846,313000.0,9.518759662663987,313000.0,0.0,313000.0,0.10099992930000004,313000.0,0.0,313000.0,0.0
313200.0,3.99592302209457,313200.0,9.52608968396472,313200.0,0.0,313200.0,0.10099992930000004,313200.0,0.0,313200.0,0.0
313400.0,3.996089189808463,313400.0,9.533407200085435,313400.0,0.0,313400.0,0.10099992930000004,313400.0,0.0,313400.0,0.0
313600.0,3.9962547363655405,313600.0,9.540711769608043,313600.0,0.0,313600.0,0.10099992930000004,313600.0,0.0,313600.0,0.0
313800.0,3.9964198877737496,313800.0,9.548003064418975,313800.0,0.0,313800.0,0.10099992930000004,313800.0,0.0,313800.0,0.0
314000.0,3.996584847191508,314000.0,9.555280849243394,314000.0,0.0,314000.0,0.10099992930000004,314000.0,0.0,314000.0,0.0
314200.0,3.9967497978833073,314200.0,9.562544964829572,314200.0,0.0,314200.0,0.10099992930000004,314200.0,0.0,314200.0,0.0
314400.0,3.996914905729566,314400.0,9.569795314101027,314400.0,0.0,314400.0,0.10099992930000004,314400.0,0.0,314400.0,0.0
314600.0,3.9970803213641295,314600.0,9.57703185073125,314600.0,0.0,314600.0,0.10099992930000004,314600.0,0.0,314600.0,0.0
314800.0,3.9972461820005156,314800.0,9.584254569704338,314800.0,0.0,314800.0,0.10099992930000004,314800.0,0.0,314800.0,0.0
315000.0,3.9974126129974294,315000.0,9.591463499508258,315000.0,0.0,315000.0,0.10099992930000004,315000.0,0.0,315000.0,0.0
315200.0,3.9975797292045163,315200.0,9.598658695674683,315200.0,0.0,315200.0,0.10099992930000004,315200.0,0.0,315200.0,0.0
315400.0,3.9977476361235853,315400.0,9.60584023543233,315400.0,0.0,315400.0,0.10099992930000004,315400.0,0.0,315400.0,0.0
315600.0,3.9979164309135435,315600.0,9.61300821328285,315600.0,0.0,315600.0,0.10099992930000004,315600.0,0.0,315600.0,0.0
315800.0,3.998086203263039,315800.0,9.620162737342202,315800.0,0.0,315800.0,0.10099992930000004,315800.0,0.0,315800.0,0.0
316000.0,3.9982570361505987,316000.0,9.627303926318271,316000.0,0.0,316000.0,0.10099992930000004,316000.0,0.0,316000.0,0.0
316200.0,3.9984290065093275,316200.0,9.634431907017616,316200.0,0.0,316200.0,0.10099992930000004,316200.0,0.0,316200.0,0.0
316400.0,3.9986021858092657,316400.0,9.64154681229304,316400.0,0.0,316400.0,0.10099992930000004,316400.0,0.0,316400.0,0.0
316600.0,3.998776640570204,316600.0,9.64864877935786,316600.0,0.0,316600.0,0.10099992930000004,316600.0,0.0,316600.0,0.0
316800.0,3.998952432813639,316800.0,9.6557379484057,316800.0,0.0,316800.0,0.10099992930000004,316800.0,0.0,316800.0,0.0
317000.0,3.9991296204631324,317000.0,9.662814461484867,317000.0,0.0,317000.0,0.10099992930000004,317000.0,0.0,317000.0,0.0
317200.0,3.9993082576995236,317200.0,9.669878461584423,317200.0,0.0,317200.0,0.10099992930000004,317200.0,0.0,317200.0,0.0
317400.0,3.9994883952773286,317400.0,9.676930091896182,317400.0,0.0,317400.0,0.10099992930000004,317400.0,0.0,317400.0,0.0
317600.0,3.9996700808070678,317600.0,9.683969495223247,317600.0,0.0,317600.0,0.10099992930000004,317600.0,0.0,317600.0,0.0
317800.0,3.999853359008025,317800.0,9.690996813509713,317800.0,0.0,317800.0,0.10099992930000004,317800.0,0.0,317800.0,0.0
318000.0,4.00003827193529,318000.0,9.698012187470795,318000.0,0.0,318000.0,0.10099992930000004,318000.0,0.0,318000.0,0.0
318200.0,4.000224859183807,318200.0,9.705015756306299,318200.0,0.0,318200.0,0.10099992930000004,318200.0,0.0,318200.0,0.0
318400.0,4.00041315807273,318400.0,9.712007657482205,318400.0,0.0,318400.0,0.10099992930000004,318400.0,0.0,318400.0,0.0
318600.0,4.000603203812071,318600.0,9.718988026568546,318600.0,0.0,318600.0,0.10099992930000004,318600.0,0.0,318600.0,0.0
318800.0,4.000795029653526,318800.0,9.725956997123449,318800.0,0.0,318800.0,0.10099992930000004,318800.0,0.0,318800.0,0.0
319000.0,4.000988667027829,319000.0,9.732914700614689,319000.0,0.0,319000.0,0.10099992930000004,319000.0,0.0,319000.0,0.0
319200.0,4.001184145669676,319200.0,9.73986126637143,319200.0,0.0,319200.0,0.10099992930000004,319200.0,0.0,319200.0,0.0
319400.0,4.001381493731641,319400.0,9.746796821560837,319400.0,0.0,319400.0,0.10099992930000004,319400.0,0.0,319400.0,0.0
319600.0,4.001580737888302,319600.0,9.753721491184029,319600.0,0.0,319600.0,0.10099992930000004,319600.0,0.0,319600.0,0.0
319800.0,4.001781903431831,319800.0,9.760635398087603,319800.0,0.0,319800.0,0.10099992930000004,319800.0,0.0,319800.0,0.0
320000.0,4.001985014359431,320000.0,9.767538662987441,320000.0,0.0,320000.0,0.10099992930000004,320000.0,0.0,320000.0,0.0
320200.0,4.002190093453905,320200.0,9.774431404501685,320200.0,0.0,320200.0,0.10099992930000004,320200.0,0.0,320200.0,0.0
320400.0,4.002397162357832,320400.0,9.781313739190908,320400.0,0.0,320400.0,0.10099992930000004,320400.0,0.0,320400.0,0.0
320600.0,4.002606241641825,320600.0,9.78818578160329,320600.0,0.0,320600.0,0.10099992930000004,320600.0,0.0,320600.0,0.0
320800.0,4.002817350867964,320800.0,9.795047644323757,320800.0,0.0,320800.0,0.10099992930000004,320800.0,0.0,320800.0,0.0
321000.0,4.003030508648101,321000.0,9.80189943802519,321000.0,0.0,321000.0,0.10099992930000004,321000.0,0.0,321000.0,0.0
321200.0,4.00324573269806,321200.0,9.808741271521226,321200.0,0.0,321200.0,0.10099992930000004,321200.0,0.0,321200.0,0.0
321400.0,4.003463039888044,321400.0,9.815573251819474,321400.0,0.0,321400.0,0.10099992930000004,321400.0,0.0,321400.0,0.0
321600.0,4.003682446289411,321600.0,9.822395484174804,321600.0,0.0,321600.0,0.10099992930000004,321600.0,0.0,321600.0,0.0
321800.0,4.003903967218127,321800.0,9.82920807214201,321800.0,0.0,321800.0,0.10099992930000004,321800.0,0.0,321800.0,0.0
322000.0,4.004127617275276,322000.0,9.836011117627573,322000.0,0.0,322000.0,0.10099992930000004,322000.0,0.0,322000.0,0.0
322200.0,4.004353410385005,322200.0,9.842804720939988,322200.0,0.0,322200.0,0.10099992930000004,322200.0,0.0,322200.0,0.0
322400.0,4.0045813598298805,322400.0,9.849588980838927,322400.0,0.0,322400.0,0.10099992930000004,322400.0,0.0,322400.0,0.0
322600.0,4.004811478283802,322600.0,9.856363994582424,322600.0,0.0,322600.0,0.10099992930000004,322600.0,0.0,322600.0,0.0
322800.0,4.005043777843117,322800.0,9.863129857972604,322800.0,0.0,322800.0,0.10099992930000004,322800.0,0.0,322800.0,0.0
323000.0,4.005278270055526,323000.0,9.869886665399475,323000.0,0.0,323000.0,0.10099992930000004,323000.0,0.0,323000.0,0.0
323200.0,4.0055149659473805,323200.0,9.876634509883045,323200.0,0.0,323200.0,0.10099992930000004,323200.0,0.0,323200.0,0.0
323400.0,4.005753876049264,323400.0,9.88337348311334,323400.0,0.0,323400.0,0.10099992930000004,323400.0,0.0,323400.0,0.0
323600.0,4.005995010419835,323600.0,9.890103675488811,323600.0,0.0,323600.0,0.10099992930000004,323600.0,0.0,323600.0,0.0
323800.0,4.00623837866865,323800.0,9.896825176153145,323800.0,0.0,323800.0,0.10099992930000004,323800.0,0.0,323800.0,0.0
324000.0,4.006483989977426,324000.0,9.90353807302986,324000.0,0.0,324000.0,0.10099992930000004,324000.0,0.0,324000.0,0.0
324200.0,4.006731853119947,324200.0,9.910242452855595,324200.0,0.0,324200.0,0.10099992930000004,324200.0,0.0,324200.0,0.0
324400.0,4.006981976481268,324400.0,9.916938401211832,324400.0,0.0,324400.0,0.10099992930000004,324400.0,0.0,324400.0,0.0
324600.0,4.007234368075289,324600.0,9.923626002554741,324600.0,0.0,324600.0,0.10099992930000004,324600.0,0.0,324600.0,0.0
324800.0,4.00748903556193,324800.0,9.930305340243908,324800.0,0.0,324800.0,0.10099992930000004,324800.0,0.0,324800.0,0.0
325000.0,4.007745986262855,325000.0,9.936976496569468,325000.0,0.0,325000.0,0.10099992930000004,325000.0,0.0,325000.0,0.0
325200.0,4.008005227176679,325200.0,9.94363955277783,325200.0,0.0,325200.0,0.10099992930000004,325200.0,0.0,325200.0,0.0
325400.0,4.008266764993288,325400.0,9.950294589096417,325400.0,0.0,325400.0,0.10099992930000004,325400.0,0.0,325400.0,0.0
325600.0,4.008530606107322,325600.0,9.956941684756902,325600.0,0.0,325600.0,0.10099992930000004,325600.0,0.0,325600.0,0.0
325800.0,4.00879675663111,325800.0,9.963580918017572,325800.0,0.0,325800.0,0.10099992930000004,325800.0,0.0,325800.0,0.0
326000.0,4.009065222406703,326000.0,9.970212366184464,326000.0,0.0,326000.0,0.10099992930000004,326000.0,0.0,326000.0,0.0
326200.0,4.009336009017599,326200.0,9.976836105631495,326200.0,0.0,326200.0,0.10099992930000004,326200.0,0.0,326200.0,0.0
326400.0,4.009609121799609,326400.0,9.983452211819783,326400.0,0.0,326400.0,0.10099992930000004,326400.0,0.0,326400.0,0.0
326600.0,4.009884565851326,326600.0,9.990060759316021,326600.0,0.0,326600.0,0.10099992930000004,326600.0,0.0,326600.0,0.0
326800.0,4.0101623460440035,326800.0,9.996661821809978,326800.0,0.0,326800.0,0.10099992930000004,326800.0,0.0,326800.0,0.0
327000.0,4.010442467031011,327000.0,10.003255472131187,327000.0,0.0,327000.0,0.10099992930000004,327000.0,0.0,327000.0,0.0
327200.0,4.010724933256836,327200.0,10.009841782265067,327200.0,0.0,327200.0,0.10099992930000004,327200.0,0.0,327200.0,0.0
327400.0,4.0110097489654795,327400.0,10.016420823368334,327400.0,0.0,327400.0,0.10099992930000004,327400.0,0.0,327400.0,0.0
327600.0,4.01129691820886,327600.0,10.022992665783395,327600.0,0.0,327600.0,0.10099992930000004,327600.0,0.0,327600.0,0.0
327800.0,4.011586444854335,327800.0,10.0295573790529,327800.0,0.0,327800.0,0.10099992930000004,327800.0,0.0,327800.0,0.0
328000.0,4.011878332592092,328000.0,10.036115031932766,328000.0,0.0,328000.0,0.10099992930000004,328000.0,0.0,328000.0,0.0
328200.0,4.012172584942312,328200.0,10.042665692405626,328200.0,0.0,328200.0,0.10099992930000004,328200.0,0.0,328200.0,0.0
328400.0,4.012469205261874,328400.0,10.04920942769305,328400.0,0.0,328400.0,0.10099992930000004,328400.0,0.0,328400.0,0.0
328600.0,4.012768196750679,328600.0,10.055746304267855,328600.0,0.0,328600.0,0.10099992930000004,328600.0,0.0,328600.0,0.0
328800.0,4.013069562457894,328800.0,10.062276387865413,328800.0,0.0,328800.0,0.10099992930000004,328800.0,0.0,328800.0,0.0
329000.0,4.013373305287626,329000.0,10.06879974349507,329000.0,0.0,329000.0,0.10099992930000004,329000.0,0.0,329000.0,0.0
329200.0,4.013679428004744,329200.0,10.075316435450915,329200.0,0.0,329200.0,0.10099992930000004,329200.0,0.0,329200.0,0.0
329400.0,4.0139879332399575,329400.0,10.081826527322232,329400.0,0.0,329400.0,0.10099992930000004,329400.0,0.0,329400.0,0.0
329600.0,4.01429882349524,329600.0,10.088330082003719,329600.0,0.0,329600.0,0.10099992930000004,329600.0,0.0,329600.0,0.0
329800.0,4.0146121011484,329800.0,10.094827161705133,329800.0,0.0,329800.0,0.10099992930000004,329800.0,0.0,329800.0,0.0
330000.0,4.014927768457972,330000.0,10.101317827960957,330000.0,0.0,330000.0,0.10099992930000004,330000.0,0.0,330000.0,0.0
330200.0,4.015245827567582,330200.0,10.107802141639535,330200.0,0.0,330200.0,0.10099992930000004,330200.0,0.0,330200.0,0.0
330400.0,4.015566280510248,330400.0,10.11428016295209,330400.0,0.0,330400.0,0.10099992930000004,330400.0,0.0,330400.0,0.0
330600.0,4.015889129212516,330600.0,10.120751951461427,330600.0,0.0,330600.0,0.10099992930000004,330600.0,0.0,330600.0,0.0
330800.0,4.016214375498364,330800.0,10.127217566090533,330800.0,0.0,330800.0,0.10099992930000004,330800.0,0.0,330800.0,0.0
331000.0,4.016542021092958,331000.0,10.133677065130573,331000.0,0.0,331000.0,0.10099992930000004,331000.0,0.0,331000.0,0.0
331200.0,4.016872067626302,331200.0,10.140130506249267,331200.0,0.0,331200.0,0.10099992930000004,331200.0,0.0,331200.0,0.0
331400.0,4.017204516636607,331400.0,10.146577946498528,331400.0,0.0,331400.0,0.10099992930000004,331400.0,0.0,331400.0,0.0
331600.0,4.017539369573649,331600.0,10.15301944232217,331600.0,0.0,331600.0,0.10099992930000004,331600.0,0.0,331600.0,0.0
331800.0,4.017876627802062,331800.0,10.159455049563505,331800.0,0.0,331800.0,0.10099992930000004,331800.0,0.0,331800.0,0.0
332000.0,4.01821629260419,332000.0,10.165884823472561,332000.0,0.0,332000.0,0.10099992930000004,332000.0,0.0,332000.0,0.0
332200.0,4.018558365183117,332200.0,10.172308818713336,332200.0,0.0,332200.0,0.10099992930000004,332200.0,0.0,332200.0,0.0
332400.0,4.0189028466655925,332400.0,10.178727089370687,332400.0,0.0,332400.0,0.10099992930000004,332400.0,0.0,332400.0,0.0
332600.0,4.019249738104425,332600.0,10.185139688957307,332600.0,0.0,332600.0,0.10099992930000004,332600.0,0.0,332600.0,0.0
332800.0,4.019599040481479,332800.0,10.191546670420388,332800.0,0.0,332800.0,0.10099992930000004,332800.0,0.0,332800.0,0.0
333000.0,4.019950754709757,333000.0,10.197948086148305,333000.0,0.0,333000.0,0.10099992930000004,333000.0,0.0,333000.0,0.0
333200.0,4.020304881636195,333200.0,10.204343987977053,333200.0,0.0,333200.0,0.10099992930000004,333200.0,0.0,333200.0,0.0
333400.0,4.0206614220435,333400.0,10.210734427196494,333400.0,0.0,333400.0,0.10099992930000004,333400.0,0.0,333400.0,0.0
333600.0,4.021020376652794,333600.0,10.21711945455677,333600.0,0.0,333600.0,0.10099992930000004,333600.0,0.0,333600.0,0.0
333800.0,4.021381746125522,333800.0,10.223499120274278,333800.0,0.0,333800.0,0.10099992930000004,333800.0,0.0,333800.0,0.0
334000.0,4.02174553106555,334000.0,10.229873474037802,334000.0,0.0,334000.0,0.10099992930000004,334000.0,0.0,334000.0,0.0
334200.0,4.022111732020972,334200.0,10.236242565014376,334200.0,0.0,334200.0,0.10099992930000004,334200.0,0.0,334200.0,0.0
334400.0,4.022480349486327,334400.0,10.242606441855168,334400.0,0.0,334400.0,0.10099992930000004,334400.0,0.0,334400.0,0.0
334600.0,4.0228513839041575,334600.0,10.248965152701093,334600.0,0.0,334600.0,0.10099992930000004,334600.0,0.0,334600.0,0.0
334800.0,4.023224835666825,334800.0,10.255318745188532,334800.0,0.0,334800.0,0.10099992930000004,334800.0,0.0,334800.0,0.0
335000.0,4.023600705118148,335000.0,10.261667266454886,335000.0,0.0,335000.0,0.10099992930000004,335000.0,0.0,335000.0,0.0
335200.0,4.023978992555122,335200.0,10.268010763144016,335200.0,0.0,335200.0,0.10099992930000004,335200.0,0.0,335200.0,0.0
335400.0,4.024359698229554,335400.0,10.274349281411716,335400.0,0.0,335400.0,0.10099992930000004,335400.0,0.0,335400.0,0.0
335600.0,4.0247428223492765,335600.0,10.280682866930855,335600.0,0.0,335600.0,0.10099992930000004,335600.0,0.0,335600.0,0.0
335800.0,4.02512836507987,335800.0,10.28701156489667,335800.0,0.0,335800.0,0.10099992930000004,335800.0,0.0,335800.0,0.0
336000.0,4.025516326545889,336000.0,10.293335420031973,336000.0,0.0,336000.0,0.10099992930000004,336000.0,0.0,336000.0,0.0
336200.0,4.0259067068323535,336200.0,10.299654476592222,336200.0,0.0,336200.0,0.10099992930000004,336200.0,0.0,336200.0,0.0
336400.0,4.026299505985946,336400.0,10.305968778370517,336400.0,0.0,336400.0,0.10099992930000004,336400.0,0.0,336400.0,0.0
336600.0,4.026694724016325,336600.0,10.312278368702534,336600.0,0.0,336600.0,0.10099992930000004,336600.0,0.0,336600.0,0.0
336800.0,4.027092360897223,336800.0,10.318583290471388,336800.0,0.0,336800.0,0.10099992930000004,336800.0,0.0,336800.0,0.0
337000.0,4.027492416567697,337000.0,10.324883586112435,337000.0,0.0,337000.0,0.10099992930000004,337000.0,0.0,337000.0,0.0
337200.0,4.027894890933235,337200.0,10.33117929761811,337200.0,0.0,337200.0,0.10099992930000004,337200.0,0.0,337200.0,0.0
337400.0,4.02829978386689,337400.0,10.337470466542538,337400.0,0.0,337400.0,0.10099992930000004,337400.0,0.0,337400.0,0.0
337600.0,4.028707095210108,337600.0,10.343757134006209,337600.0,0.0,337600.0,0.10099992930000004,337600.0,0.0,337600.0,0.0
337800.0,4.029116824774067,337800.0,10.350039340700562,337800.0,0.0,337800.0,0.10099992930000004,337800.0,0.0,337800.0,0.0
338000.0,4.029528972340385,338000.0,10.35631712689242,338000.0,0.0,338000.0,0.10099992930000004,338000.0,0.0,338000.0,0.0
338200.0,4.029943537662087,338200.0,10.362590532428426,338200.0,0.0,338200.0,0.10099992930000004,338200.0,0.0,338200.0,0.0
338400.0,4.030360520464643,338400.0,10.368859596739696,338400.0,0.0,338400.0,0.10099992930000004,338400.0,0.0,338400.0,0.0
338600.0,4.030779920446784,338600.0,10.375124358845833,338600.0,0.0,338600.0,0.10099992930000004,338600.0,0.0,338600.0,0.0
338800.0,4.031201737281171,338800.0,10.381384857359444,338800.0,0.0,338800.0,0.10099992930000004,338800.0,0.0,338800.0,0.0
339000.0,4.03162597061552,339000.0,10.38764113049032,339000.0,0.0,339000.0,0.10099992930000004,339000.0,0.0,339000.0,0.0
339200.0,4.032052620073147,339200.0,10.393893216049623,339200.0,0.0,339200.0,0.10099992930000004,339200.0,0.0,339200.0,0.0
339400.0,4.032481685253809,339400.0,10.400141151454099,339400.0,0.0,339400.0,0.10099992930000004,339400.0,0.0,339400.0,0.0
339600.0,4.032913165734431,339600.0,10.406384973730065,339600.0,0.0,339600.0,0.10099992930000004,339600.0,0.0,339600.0,0.0
339800.0,4.033347061069827,339800.0,10.412624719517567,339800.0,0.0,339800.0,0.10099992930000004,339800.0,0.0,339800.0,0.0
340000.0,4.0337833707933575,340000.0,10.418860425074364,340000.0,0.0,340000.0,0.10099992930000004,340000.0,0.0,340000.0,0.0
340200.0,4.034222094417574,340200.0,10.425092126279774,340200.0,0.0,340200.0,0.10099992930000004,340200.0,0.0,340200.0,0.0
340400.0,4.034663231434997,340400.0,10.43131985863871,340400.0,0.0,340400.0,0.10099992930000004,340400.0,0.0,340400.0,0.0
340600.0,4.035106781318506,340600.0,10.437543657285639,340600.0,0.0,340600.0,0.10099992930000004,340600.0,0.0,340600.0,0.0
340800.0,4.035552743522084,340800.0,10.44376355698806,340800.0,0.0,340800.0,0.10099992930000004,340800.0,0.0,340800.0,0.0
341000.0,4.036001117481403,341000.0,10.449979592150703,341000.0,0.0,341000.0,0.10099992930000004,341000.0,0.0,341000.0,0.0
341200.0,4.036451902614353,341200.0,10.456191796819015,341200.0,0.0,341200.0,0.10099992930000004,341200.0,0.0,341200.0,0.0
341400.0,4.036905098321482,341400.0,10.46240020468293,341400.0,0.0,341400.0,0.10099992930000004,341400.0,0.0,341400.0,0.0
341600.0,4.037360703986646,341600.0,10.46860484908051,341600.0,0.0,341600.0,0.10099992930000004,341600.0,0.0,341600.0,0.0
341800.0,4.037818718977507,341800.0,10.474805763001557,341800.0,0.0,341800.0,0.10099992930000004,341800.0,0.0,341800.0,0.0
342000.0,4.03827914264596,342000.0,10.48100297909126,342000.0,0.0,342000.0,0.10099992930000004,342000.0,0.0,342000.0,0.0
342200.0,4.03874197432869,342200.0,10.48719652965361,342200.0,0.0,342200.0,0.10099992930000004,342200.0,0.0,342200.0,0.0
342400.0,4.039207213347496,342400.0,10.493386446655053,342400.0,0.0,342400.0,0.10099992930000004,342400.0,0.0,342400.0,0.0
342600.0,4.039674859009805,342600.0,10.499572761727803,342600.0,0.0,342600.0,0.10099992930000004,342600.0,0.0,342600.0,0.0
342800.0,4.040144910609188,342800.0,10.50575550617336,342800.0,0.0,342800.0,0.10099992930000004,342800.0,0.0,342800.0,0.0
343000.0,4.04061736742559,343000.0,10.511934710965866,343000.0,0.0,343000.0,0.10099992930000004,343000.0,0.0,343000.0,0.0
343200.0,4.041092228725909,343200.0,10.518110406755483,343200.0,0.0,343200.0,0.10099992930000004,343200.0,0.0,343200.0,0.0
343400.0,4.04156949376427,343400.0,10.524282623871713,343400.0,0.0,343400.0,0.10099992930000004,343400.0,0.0,343400.0,0.0
343600.0,4.0420491617823755,343600.0,10.530451392326588,343600.0,0.0,343600.0,0.10099992930000004,343600.0,0.0,343600.0,0.0
343800.0,4.042531232010019,343800.0,10.536616741817982,343800.0,0.0,343800.0,0.10099992930000004,343800.0,0.0,343800.0,0.0
344000.0,4.043015703665324,344000.0,10.542778701732898,344000.0,0.0,344000.0,0.10099992930000004,344000.0,0.0,344000.0,0.0
344200.0,4.043502575955026,344200.0,10.54893730115048,344200.0,0.0,344200.0,0.10099992930000004,344200.0,0.0,344200.0,0.0
344400.0,4.043991848075004,344400.0,10.555092568845252,344400.0,0.0,344400.0,0.10099992930000004,344400.0,0.0,344400.0,0.0
344600.0,4.044483519210383,344600.0,10.561244533290242,344600.0,0.0,344600.0,0.10099992930000004,344600.0,0.0,344600.0,0.0
344800.0,4.04497758853594,344800.0,10.567393222660021,344800.0,0.0,344800.0,0.10099992930000004,344800.0,0.0,344800.0,0.0
345000.0,4.045474055216474,345000.0,10.573538664833766,345000.0,0.0,345000.0,0.10099992930000004,345000.0,0.0,345000.0,0.0
345200.0,4.0459729184068784,345200.0,10.579680887398219,345200.0,0.0,345200.0,0.10099992930000004,345200.0,0.0,345200.0,0.0
345400.0,4.046474177252699,345400.0,10.585819917650683,345400.0,0.0,345400.0,0.10099992930000004,345400.0,0.0,345400.0,0.0
345600.0,4.046977830890251,345600.0,10.591955782602154,345600.0,0.0,345600.0,0.10099992930000004,345600.0,0.0,345600.0,0.0
345800.0,4.047483878446895,345800.0,10.598088508979872,345800.0,0.0,345800.0,0.10099992930000004,345800.0,0.0,345800.0,0.0
346000.0,4.047992319041204,346000.0,10.60421812323063,346000.0,0.0,346000.0,0.10099992930000004,346000.0,0.0,346000.0,0.0
346200.0,4.04850315178346,346200.0,10.610344651523219,346200.0,0.0,346200.0,0.10099992930000004,346200.0,0.0,346200.0,0.0
346400.0,4.04901637577567,346400.0,10.616468119751532,346400.0,0.0,346400.0,0.10099992930000004,346400.0,0.0,346400.0,0.0
346600.0,4.049531990111834,346600.0,10.622588553537286,346600.0,0.0,346600.0,0.10099992930000004,346600.0,0.0,346600.0,0.0
346800.0,4.050049993878282,346800.0,10.628705978232773,346800.0,0.0,346800.0,0.10099992930000004,346800.0,0.0,346800.0,0.0
347000.0,4.050570386153726,347000.0,10.63482041892367,347000.0,0.0,347000.0,0.10099992930000004,347000.0,0.0,347000.0,0.0
347200.0,4.051093166009628,347200.0,10.640931900431598,347200.0,0.0,347200.0,0.10099992930000004,347200.0,0.0,347200.0,0.0
347400.0,4.051618332510365,347400.0,10.647040447316986,347400.0,0.0,347400.0,0.10099992930000004,347400.0,0.0,347400.0,0.0
347600.0,4.05214588549821,347600.0,10.653146083881575,347600.0,0.0,347600.0,0.10099992930000004,347600.0,0.0,347600.0,0.336
347800.0,4.055241673047613,347800.0,10.712977732251613,347800.0,0.0,347800.0,0.10099992930000004,347800.0,0.0,347800.0,0.336
348000.0,4.058704637046244,348000.0,10.733376085799064,348000.0,0.0,348000.0,0.10099992930000004,348000.0,0.0,348000.0,0.0
348200.0,4.061846841172844,348200.0,10.754241540880484,348200.0,0.0,348200.0,0.10099992930000004,348200.0,0.0,348200.0,0.0
348400.0,4.064696466654977,348400.0,10.773662926510845,348400.0,0.0,348400.0,0.10099992930000004,348400.0,0.0,348400.0,0.0
348600.0,4.067310170121784,348600.0,10.790669615771689,348600.0,0.0,348600.0,0.10099992930000004,348600.0,0.0,348600.0,0.0
348800.0,4.069579328741591,348800.0,10.80530010950656,348800.0,0.0,348800.0,0.10099992930000004,348800.0,0.0,348800.0,0.0
349000.0,4.071110455042508,349000.0,10.812613854032021,349000.0,0.0,349000.0,0.10099992930000004,349000.0,0.0,349000.0,0.0
349200.0,4.072193742149158,349200.0,10.818459802837499,349200.0,0.0,349200.0,0.10099992930000004,349200.0,0.0,349200.0,0.0
349400.0,4.073136628457634,349400.0,10.824513688477618,349400.0,0.0,349400.0,0.10099992930000004,349400.0,0.0,349400.0,0.0
349600.0,4.074008483044669,349600.0,10.830732581457683,349600.0,0.0,349600.0,0.10099992930000004,349600.0,0.0,349600.0,0.0
349800.0,4.074840535421773,349800.0,10.83707947666842,349800.0,0.0,349800.0,0.10099992930000004,349800.0,0.0,349800.0,0.0
350000.0,4.075647524521637,350000.0,10.843525268215295,350000.0,0.0,350000.0,0.10099992930000004,350000.0,0.0,350000.0,0.0
350200.0,4.076437014387462,350200.0,10.850047345806232,350200.0,0.0,350200.0,0.10099992930000004,350200.0,0.0,350200.0,0.0
350400.0,4.077213342015924,350400.0,10.856628100519043,350400.0,0.0,350400.0,0.10099992930000004,350400.0,0.0,350400.0,0.0
350600.0,4.077979300264241,350600.0,10.863253744675879,350600.0,0.0,350600.0,0.10099992930000004,350600.0,0.0,350600.0,0.0
350800.0,4.078736874140856,350800.0,10.869913421221465,350800.0,0.0,350800.0,0.10099992930000004,350800.0,0.0,350800.0,0.0
351000.0,4.07948757810336,351000.0,10.876598534744371,351000.0,0.0,351000.0,0.10099992930000004,351000.0,0.0,351000.0,0.0
351200.0,4.0802326215000315,351200.0,10.883302247019795,351200.0,0.0,351200.0,0.10099992930000004,351200.0,0.0,351200.0,0.0
351400.0,4.080972997352468,351400.0,10.890019094320742,351400.0,0.0,351400.0,0.10099992930000004,351400.0,0.0,351400.0,0.0
351600.0,4.081709535142358,351600.0,10.896744695164168,351600.0,0.0,351600.0,0.10099992930000004,351600.0,0.0,351600.0,0.0
351800.0,4.082442935457118,351800.0,10.903475525570286,351800.0,0.0,351800.0,0.10099992930000004,351800.0,0.0,351800.0,0.0
352000.0,4.083173794644589,352000.0,10.910208745023034,352000.0,0.0,352000.0,0.10099992930000004,352000.0,0.0,352000.0,0.0
352200.0,4.083902623402944,352200.0,10.916942060746972,352200.0,0.0,352200.0,0.10099992930000004,352200.0,0.0,352200.0,0.0
352400.0,4.084629861336304,352400.0,10.923673621136569,352400.0,0.0,352400.0,0.10099992930000004,352400.0,0.0,352400.0,0.0
352600.0,4.085355888622596,352600.0,10.930401931516904,352600.0,0.0,352600.0,0.10099992930000004,352600.0,0.0,352600.0,0.0
352800.0,4.086081035502929,352800.0,10.937125787132297,352800.0,0.0,352800.0,0.10099992930000004,352800.0,0.0,352800.0,0.0
353000.0,4.086805590070067,353000.0,10.943844219519013,353000.0,0.0,353000.0,0.10099992930000004,353000.0,0.0,353000.0,0.0
353200.0,4.087529804701142,353200.0,10.950556453349353,353200.0,0.0,353200.0,0.10099992930000004,353200.0,0.0,353200.0,0.0
353400.0,4.088253901394042,353400.0,10.957261871524684,353400.0,0.0,353400.0,0.10099992930000004,353400.0,0.0,353400.0,0.0
353600.0,4.088978076210956,353600.0,10.963959986809584,353600.0,0.0,353600.0,0.10099992930000004,353600.0,0.0,353600.0,0.0
353800.0,4.089702502990518,353800.0,10.970650418685924,353800.0,0.0,353800.0,0.10099992930000004,353800.0,0.0,353800.0,0.0
354000.0,4.090427336458121,354000.0,10.977332874397705,354000.0,0.0,354000.0,0.10099992930000004,354000.0,0.0,354000.0,0.0
354200.0,4.091152714840183,354200.0,10.984007133378604,354200.0,0.0,354200.0,0.10099992930000004,354200.0,0.0,354200.0,0.0
354400.0,4.091878762067721,354400.0,10.990673034424251,354400.0,0.0,354400.0,0.10099992930000004,354400.0,0.0,354400.0,0.0
354600.0,4.0926055896397076,354600.0,10.997330465102081,354600.0,0.0,354600.0,0.10099992930000004,354600.0,0.0,354600.0,0.0
354800.0,4.093333298203518,354800.0,11.003979352992376,354800.0,0.0,354800.0,0.10099992930000004,354800.0,0.0,354800.0,0.0
355000.0,4.094061978899696,355000.0,11.010619658433786,355000.0,0.0,355000.0,0.10099992930000004,355000.0,0.0,355000.0,0.0
355200.0,4.094791714510107,355200.0,11.017251368509092,355200.0,0.0,355200.0,0.10099992930000004,355200.0,0.0,355200.0,0.0
355400.0,4.0955225804410516,355400.0,11.023874492055844,355400.0,0.0,355400.0,0.10099992930000004,355400.0,0.0,355400.0,0.0
355600.0,4.096254645568225,355600.0,11.030489055526054,355600.0,0.0,355600.0,0.10099992930000004,355600.0,0.0,355600.0,0.0
355800.0,4.096987972965072,355800.0,11.037095099551044,355800.0,0.0,355800.0,0.10099992930000004,355800.0,0.0,355800.0,0.0
356000.0,4.097722620533135,356000.0,11.043692676092235,356000.0,0.0,356000.0,0.10099992930000004,356000.0,0.0,356000.0,0.0
356200.0,4.098458641548648,356200.0,11.050281846080203,356200.0,0.0,356200.0,0.10099992930000004,356200.0,0.0,356200.0,0.0
356400.0,4.0991960851390346,356400.0,11.056862677460176,356400.0,0.0,356400.0,0.10099992930000004,356400.0,0.0,356400.0,0.0
356600.0,4.099934996698943,356600.0,11.063435243577056,356600.0,0.0,356600.0,0.10099992930000004,356600.0,0.0,356600.0,0.0
356800.0,4.100675418254809,356800.0,11.069999621843392,356800.0,0.0,356800.0,0.10099992930000004,356800.0,0.0,356800.0,0.0
357000.0,4.101417388785462,357000.0,11.076555892643343,357000.0,0.0,357000.0,0.10099992930000004,357000.0,0.0,357000.0,0.0
357200.0,4.102160944504943,357200.0,11.083104138434022,357200.0,0.0,357200.0,0.10099992930000004,357200.0,0.0,357200.0,0.0
357400.0,4.102906119112619,357400.0,11.089644443011075,357400.0,0.0,357400.0,0.10099992930000004,357400.0,0.0,357400.0,0.0
357600.0,4.103652944015094,357600.0,11.096176890911108,357600.0,0.0,357600.0,0.10099992930000004,357600.0,0.0,357600.0,0.0
357800.0,4.104401448523467,357800.0,11.102701566928502,357800.0,0.0,357800.0,0.10099992930000004,357800.0,0.0,357800.0,0.0
358000.0,4.105151660029876,358000.0,11.109218555726908,358000.0,0.0,358000.0,0.10099992930000004,358000.0,0.0,358000.0,0.0
358200.0,4.10590360416471,358200.0,11.115727941529844,358200.0,0.0,358200.0,0.10099992930000004,358200.0,0.0,358200.0,0.0
358400.0,4.106657304938143,358400.0,11.122229807876288,358400.0,0.0,358400.0,0.10099992930000004,358400.0,0.0,358400.0,0.0
358600.0,4.107412784867173,358600.0,11.128724237430685,358600.0,0.0,358600.0,0.10099992930000004,358600.0,0.0,358600.0,0.0
358800.0,4.108170065090283,358800.0,11.135211311837702,358800.0,0.0,358800.0,0.10099992930000004,358800.0,0.0,358800.0,0.0
359000.0,4.108929165470738,359000.0,11.141691111613122,359000.0,0.0,359000.0,0.10099992930000004,359000.0,0.0,359000.0,0.0
359200.0,4.10969010469057,359200.0,11.148163716065469,359200.0,0.0,359200.0,0.10099992930000004,359200.0,0.0,359200.0,0.0
359400.0,4.110452900335531,359400.0,11.154629203241916,359400.0,0.0,359400.0,0.10099992930000004,359400.0,0.0,359400.0,0.0
359600.0,4.111217568972403,359600.0,11.161087649894187,359600.0,0.0,359600.0,0.10099992930000004,359600.0,0.0,359600.0,0.0
359800.0,4.111984126219619,359800.0,11.167539131460561,359800.0,0.0,359800.0,0.10099992930000004,359800.0,0.0,359800.0,0.0
360000.0,4.112752586811406,360000.0,11.173983722060822,360000.0,0.0,360000.0,0.10099992930000004,360000.0,0.0,360000.0,0.0
360200.0,4.113522964656967,360200.0,11.180421494501532,360200.0,0.0,360200.0,0.10099992930000004,360200.0,0.0,360200.0,0.0
360400.0,4.114295272894343,360400.0,11.186852520289168,360400.0,0.0,360400.0,0.10099992930000004,360400.0,0.0,360400.0,0.0
360600.0,4.115069523939701,360600.0,11.19327686964962,360600.0,0.0,360600.0,0.10099992930000004,360600.0,0.0,360600.0,0.0
360800.0,4.115845729533335,360800.0,11.199694611552378,360800.0,0.0,360800.0,0.10099992930000004,360800.0,0.0,360800.0,0.0
361000.0,4.116623900781302,361000.0,11.206105813738303,361000.0,0.0,361000.0,0.10099992930000004,361000.0,0.0,361000.0,0.0
361200.0,4.117404048194306,361200.0,11.212510542749474,361200.0,0.0,361200.0,0.10099992930000004,361200.0,0.0,361200.0,0.0
361400.0,4.118186181723393,361400.0,11.218908863961401,361400.0,0.0,361400.0,0.10099992930000004,361400.0,0.0,361400.0,0.0
361600.0,4.118970310793049,361600.0,11.225300841615514,361600.0,0.0,361600.0,0.10099992930000004,361600.0,0.0,361600.0,0.0
361800.0,4.1197564443319745,361800.0,11.23168653885263,361800.0,0.0,361800.0,0.10099992930000004,361800.0,0.0,361800.0,0.0
362000.0,4.120544590801421,362000.0,11.238066017746029,362000.0,0.0,362000.0,0.10099992930000004,362000.0,0.0,362000.0,0.0
362200.0,4.121334758221719,362200.0,11.244439339334638,362200.0,0.0,362200.0,0.10099992930000004,362200.0,0.0,362200.0,0.0
362400.0,4.122126954196857,362400.0,11.250806563655464,362400.0,0.0,362400.0,0.10099992930000004,362400.0,0.0,362400.0,0.0
362600.0,4.122921185937427,362600.0,11.257167749775133,362600.0,0.0,362600.0,0.10099992930000004,362600.0,0.0,362600.0,0.0
362800.0,4.123717460281918,362800.0,11.263522955820834,362800.0,0.0,362800.0,0.10099992930000004,362800.0,0.0,362800.0,0.0
363000.0,4.124515783716602,363000.0,11.269872239010118,363000.0,0.0,363000.0,0.10099992930000004,363000.0,0.0,363000.0,0.0
363200.0,4.125316162394414,363200.0,11.276215655679373,363200.0,0.0,363200.0,0.10099992930000004,363200.0,0.0,363200.0,0.0
363400.0,4.126118602152196,363400.0,11.28255326131164,363400.0,0.0,363400.0,0.10099992930000004,363400.0,0.0,363400.0,0.0
363600.0,4.126923108527029,363600.0,11.288885110562907,363600.0,0.0,363600.0,0.10099992930000004,363600.0,0.0,363600.0,0.0
363800.0,4.127729686771721,363800.0,11.295211257287493,363800.0,0.0,363800.0,0.10099992930000004,363800.0,0.0,363800.0,0.0
364000.0,4.128538341868898,364000.0,11.301531754562033,364000.0,0.0,364000.0,0.10099992930000004,364000.0,0.0,364000.0,0.0
364200.0,4.129349078544723,364200.0,11.307846654708584,364200.0,0.0,364200.0,0.10099992930000004,364200.0,0.0,364200.0,0.0
364400.0,4.130161901281442,364400.0,11.314156009316584,364400.0,0.0,364400.0,0.10099992930000004,364400.0,0.0,364400.0,0.0
364600.0,4.130976814329375,364600.0,11.320459869263528,364600.0,0.0,364600.0,0.10099992930000004,364600.0,0.0,364600.0,0.0
364800.0,4.131793821718039,364800.0,11.326758284734952,364800.0,0.0,364800.0,0.10099992930000004,364800.0,0.0,364800.0,0.0
365000.0,4.132612927266985,365000.0,11.33305130524322,365000.0,0.0,365000.0,0.10099992930000004,365000.0,0.0,365000.0,0.0
365200.0,4.133434134595388,365200.0,11.339338979645424,365200.0,0.0,365200.0,0.10099992930000004,365200.0,0.0,365200.0,0.0
365400.0,4.134257447131836,365400.0,11.345621356160445,365400.0,0.0,365400.0,0.10099992930000004,365400.0,0.0,365400.0,0.0
365600.0,4.135082868123014,365600.0,11.351898482384955,365600.0,0.0,365600.0,0.10099992930000004,365600.0,0.0,365600.0,0.0
365800.0,4.135910400642079,365800.0,11.358170405309037,365800.0,0.0,365800.0,0.10099992930000004,365800.0,0.0,365800.0,0.0
366000.0,4.1367400475967555,366000.0,11.3644371713305,366000.0,0.0,366000.0,0.10099992930000004,366000.0,0.0,366000.0,0.0
366200.0,4.137571811736608,366200.0,11.370698826268958,366200.0,0.0,366200.0,0.10099992930000004,366200.0,0.0,366200.0,0.0
366400.0,4.138405695660394,366400.0,11.3769554153789,366400.0,0.0,366400.0,0.10099992930000004,366400.0,0.0,366400.0,0.0
366600.0,4.139241701822663,366600.0,11.383206983362347,366600.0,0.0,366600.0,0.10099992930000004,366600.0,0.0,366600.0,0.0
366800.0,4.140079832540173,366800.0,11.389453574380694,366800.0,0.0,366800.0,0.10099992930000004,366800.0,0.0,366800.0,0.0
367000.0,4.140920089997962,367000.0,11.395695232066187,367000.0,0.0,367000.0,0.10099992930000004,367000.0,0.0,367000.0,0.0
367200.0,4.141762476255051,367200.0,11.401931999532644,367200.0,0.0,367200.0,0.10099992930000004,367200.0,0.0,367200.0,0.0
367400.0,4.1426069932498795,367400.0,11.408163919386057,367400.0,0.0,367400.0,0.10099992930000004,367400.0,0.0,367400.0,0.0
367600.0,4.143453642805628,367600.0,11.414391033734438,367600.0,0.0,367600.0,0.10099992930000004,367600.0,0.0,367600.0,0.0
367800.0,4.1443024266348,367800.0,11.420613384197015,367800.0,0.0,367800.0,0.10099992930000004,367800.0,0.0,367800.0,0.0
368000.0,4.145153346344356,368000.0,11.426831011913558,368000.0,0.0,368000.0,0.10099992930000004,368000.0,0.0,368000.0,0.0
368200.0,4.146006403439799,368200.0,11.433043957553004,368200.0,0.0,368200.0,0.10099992930000004,368200.0,0.0,368200.0,0.0
368400.0,4.146861599329561,368400.0,11.439252261321737,368400.0,0.0,368400.0,0.10099992930000004,368400.0,0.0,368400.0,0.0
368600.0,4.147718935328895,368600.0,11.445455962971446,368600.0,0.0,368600.0,0.10099992930000004,368600.0,0.0,368600.0,0.0
368800.0,4.148578412663932,368800.0,11.451655101807104,368800.0,0.0,368800.0,0.10099992930000004,368800.0,0.0,368800.0,0.0
369000.0,4.158132197030908,369000.0,11.530511382406226,369000.0,0.0,369000.0,0.10099992930000004,369000.0,0.0,369000.0,0.0
369200.0,4.167186340082703,369200.0,11.555479440930721,369200.0,0.0,369200.0,0.10099992930000004,369200.0,0.0,369200.0,0.0
369400.0,4.173695778350959,369400.0,11.578715332162018,369400.0,0.0,369400.0,0.10099992930000004,369400.0,0.0,369400.0,0.0
369600.0,4.179241075677631,369600.0,11.601474171870931,369600.0,0.0,369600.0,0.10099992930000004,369600.0,0.0,369600.0,0.0
369800.0,4.184346109714931,369800.0,11.622919024857792,369800.0,0.0,369800.0,0.10099992930000004,369800.0,0.0,369800.0,0.0
370000.0,4.189064726722273,370000.0,11.643192301181967,370000.0,0.0,370000.0,0.10099992930000004,370000.0,0.0,370000.0,0.0
370200.0,4.193040786696295,370200.0,11.658472053204108,370200.0,0.0,370200.0,0.10099992930000004,370200.0,0.0,370200.0,0.0
370400.0,4.19629104432523,370400.0,11.670991920109334,370400.0,0.0,370400.0,0.10099992930000004,370400.0,0.0,370400.0,0.0
370600.0,4.198212642191212,370600.0,11.67707632720912,370600.0,0.0,370600.0,0.10099992930000004,370600.0,0.0,370600.0,0.0
370800.0,4.199745345155941,370800.0,11.683428727446199,370800.0,0.0,370800.0,0.10099992930000004,370800.0,0.0,370800.0,0.0
371000.0,4.201109765581878,371000.0,11.689993335006255,371000.0,0.0,371000.0,0.10099992930000004,371000.0,0.0,371000.0,0.0
371200.0,4.20239269898544,371200.0,11.696722035938027,371200.0,0.0,371200.0,0.10099992930000004,371200.0,0.0,371200.0,0.0
371400.0,4.20363103855036,371400.0,11.703576625128756,371400.0,0.0,371400.0,0.10099992930000004,371400.0,0.0,371400.0,0.0
371600.0,4.204841420841814,371600.0,11.710527434400163,371600.0,0.0,371600.0,0.10099992930000004,371600.0,0.0,371600.0,0.0
371800.0,4.206032088255167,371800.0,11.717551413768527,371800.0,0.0,371800.0,0.10099992930000004,371800.0,0.0,371800.0,0.0
372000.0,4.207207662279302,372000.0,11.724630566546494,372000.0,0.0,372000.0,0.10099992930000004,372000.0,0.0,372000.0,0.0
372200.0,4.208371094819517,372200.0,11.731750762802887,372200.0,0.0,372200.0,0.10099992930000004,372200.0,0.0,372200.0,0.0
372400.0,4.209524489390359,372400.0,11.738900848797902,372400.0,0.0,372400.0,0.10099992930000004,372400.0,0.0,372400.0,0.0
372600.0,4.2106694635417785,372600.0,11.74607197682304,372600.0,0.0,372600.0,0.10099992930000004,372600.0,0.0,372600.0,0.0
372800.0,4.2118073208676226,372800.0,11.753257098058397,372800.0,0.0,372800.0,0.10099992930000004,372800.0,0.0,372800.0,0.0
373000.0,4.212939141186191,373000.0,11.760450576292964,373000.0,0.0,373000.0,0.10099992930000004,373000.0,0.0,373000.0,0.0
373200.0,4.214065833631768,373200.0,11.767647891684692,373200.0,0.0,373200.0,0.10099992930000004,373200.0,0.0,373200.0,0.0
373400.0,4.215188171579472,373400.0,11.774845411982199,373400.0,0.0,373400.0,0.10099992930000004,373400.0,0.0,373400.0,0.0
373600.0,4.216306817726908,373600.0,11.78204021460453,373600.0,0.0,373600.0,0.10099992930000004,373600.0,0.0,373600.0,0.0
373800.0,4.2174223432125135,373800.0,11.789229947314011,373800.0,0.0,373800.0,0.10099992930000004,373800.0,0.0,373800.0,0.0
374000.0,4.218535242733553,374000.0,11.796412718373865,374000.0,0.0,374000.0,0.10099992930000004,374000.0,0.0,374000.0,0.0
374200.0,4.219645946762958,374200.0,11.803587009390062,374200.0,0.0,374200.0,0.10099992930000004,374200.0,0.0,374200.0,0.0
374400.0,4.220754831547932,374400.0,11.810751605728024,374400.0,0.0,374400.0,0.10099992930000004,374400.0,0.0,374400.0,0.0
374600.0,4.221862227359037,374600.0,11.817905540641434,374600.0,0.0,374600.0,0.10099992930000004,374600.0,0.0,374600.0,0.0
374800.0,4.222968425331729,374800.0,11.825048050174637,374800.0,0.0,374800.0,0.10099992930000004,374800.0,0.0,374800.0,0.0
375000.0,4.22407368316375,375000.0,11.832178536585266,375000.0,0.0,375000.0,0.10099992930000004,375000.0,0.0,375000.0,0.0
375200.0,4.225178229875725,375200.0,11.839296538550101,375200.0,0.0,375200.0,0.10099992930000004,375200.0,0.0,375200.0,0.0
375400.0,4.226282269801123,375400.0,11.84640170680323,375400.0,0.0,375400.0,0.10099992930000004,375400.0,0.0,375400.0,0.0
375600.0,4.227385985941072,375600.0,11.85349378415048,375600.0,0.0,375600.0,0.10099992930000004,375600.0,0.0,375600.0,0.0
375800.0,4.22848954279308,375800.0,11.860572589026654,375800.0,0.0,375800.0,0.10099992930000004,375800.0,0.0,375800.0,0.0
376000.0,4.229593088743843,376000.0,11.86763800193577,376000.0,0.0,376000.0,0.10099992930000004,376000.0,0.0,376000.0,0.0
376200.0,4.230696758099652,376200.0,11.874689954247495,376200.0,0.0,376200.0,0.10099992930000004,376200.0,0.0,376200.0,0.0
376400.0,4.231800672814968,376400.0,11.881728418925617,376400.0,0.0,376400.0,0.10099992930000004,376400.0,0.0,376400.0,0.0
376600.0,4.232904943968416,376600.0,11.888753402847353,376600.0,0.0,376600.0,0.10099992930000004,376600.0,0.0,376600.0,0.0
376800.0,4.2340096730280115,376800.0,11.895764940435763,376800.0,0.0,376800.0,0.10099992930000004,376800.0,0.0,376800.0,0.0
377000.0,4.2351149529388135,377000.0,11.902763088378958,377000.0,0.0,377000.0,0.10099992930000004,377000.0,0.0,377000.0,0.0
377200.0,4.236220869061236,377200.0,11.909747921250501,377200.0,0.0,377200.0,0.10099992930000004,377200.0,0.0,377200.0,0.0
377400.0,4.237327499983553,377400.0,11.91671952787894,377400.0,0.0,377400.0,0.10099992930000004,377400.0,0.0,377400.0,0.0
377600.0,4.238434918227499,377600.0,11.923678008339971,377600.0,0.0,377600.0,0.10099992930000004,377600.0,0.0,377600.0,0.0
377800.0,4.239543190863268,377800.0,11.93062347146809,377800.0,0.0,377800.0,0.10099992930000004,377800.0,0.0,377800.0,0.0
378000.0,4.240652380047424,378000.0,11.937556032800398,378000.0,0.0,378000.0,0.10099992930000004,378000.0,0.0,378000.0,0.0
378200.0,4.241762543494476,378200.0,11.944475812881503,378200.0,0.0,378200.0,0.10099992930000004,378200.0,0.0,378200.0,0.0
378400.0,4.242873734892508,378400.0,11.951382935868986,378400.0,0.0,378400.0,0.10099992930000004,378400.0,0.0,378400.0,0.0
378600.0,4.243986004269667,378600.0,11.958277528390187,378600.0,0.0,378600.0,0.10099992930000004,378600.0,0.0,378600.0,0.0
378800.0,4.245099398318841,378800.0,11.965159718608186,378800.0,0.0,378800.0,0.10099992930000004,378800.0,0.0,378800.0,0.0
379000.0,4.246213960686414,379000.0,11.972029635462059,379000.0,0.0,379000.0,0.10099992930000004,379000.0,0.0,379000.0,0.0
379200.0,4.247329732228964,379200.0,11.978887408052682,379200.0,0.0,379200.0,0.10099992930000004,379200.0,0.0,379200.0,0.0
379400.0,4.24844675124314,379400.0,11.985733165149036,379400.0,0.0,379400.0,0.10099992930000004,379400.0,0.0,379400.0,0.0
379600.0,4.2495650536712,379600.0,11.992567034795018,379600.0,0.0,379600.0,0.10099992930000004,379600.0,0.0,379600.0,0.0
379800.0,4.250684673285888,379800.0,11.99938914399926,379800.0,0.0,379800.0,0.10099992930000004,379800.0,0.0,379800.0,0.0
380000.0,4.2518056418567145,380000.0,12.006199618494009,380000.0,0.0,380000.0,0.10099992930000004,380000.0,0.0,380000.0,0.0
380200.0,4.252927989300202,380200.0,12.012998582550525,380200.0,0.0,380200.0,0.10099992930000004,380200.0,0.0,380200.0,0.0
380400.0,4.2540517438158485,380400.0,12.019786158841441,380400.0,0.0,380400.0,0.10099992930000004,380400.0,0.0,380400.0,0.0
380600.0,4.255176932009314,380600.0,12.02656246834121,380600.0,0.0,380600.0,0.10099992930000004,380600.0,0.0,380600.0,0.0
380800.0,4.256303579004567,380800.0,12.03332763025812,380800.0,0.0,380800.0,0.10099992930000004,380800.0,0.0,380800.0,0.0
381000.0,4.257431708545707,381000.0,12.040081761991406,381000.0,0.0,381000.0,0.10099992930000004,381000.0,0.0,381000.0,0.0
381200.0,4.258561343090433,381200.0,12.046824979108987,381200.0,0.0,381200.0,0.10099992930000004,381200.0,0.0,381200.0,0.0
381400.0,4.259692503894941,381400.0,12.053557395341777,381400.0,0.0,381400.0,0.10099992930000004,381400.0,0.0,381400.0,0.0
381600.0,4.260825211092031,381600.0,12.060279122590932,381600.0,0.0,381600.0,0.10099992930000004,381600.0,0.0,381600.0,0.0
381800.0,4.261959483762817,381800.0,12.066990270945148,381800.0,0.0,381800.0,0.10099992930000004,381800.0,0.0,381800.0,0.0
382000.0,4.263095340002537,382000.0,12.07369094870645,382000.0,0.0,382000.0,0.10099992930000004,382000.0,0.0,382000.0,0.0
382200.0,4.264232796981265,382200.0,12.080381262421339,382200.0,0.0,382200.0,0.10099992930000004,382200.0,0.0,382200.0,0.0
382400.0,4.265371870999815,382400.0,12.087061316916973,382400.0,0.0,382400.0,0.10099992930000004,382400.0,0.0,382400.0,0.0
382600.0,4.266512577541463,382600.0,12.093731215340052,382600.0,0.0,382600.0,0.10099992930000004,382600.0,0.0,382600.0,0.0
382800.0,4.2676549313198855,382800.0,12.100391059198154,382800.0,0.0,382800.0,0.10099992930000004,382800.0,0.0,382800.0,0.0
383000.0,4.268798946323406,383000.0,12.107040948402261,383000.0,0.0,383000.0,0.10099992930000004,383000.0,0.0,383000.0,0.0
383200.0,4.269944635856161,383200.0,12.113680981309866,383200.0,0.0,383200.0,0.10099992930000004,383200.0,0.0,383200.0,0.0
383400.0,4.271092012576534,383400.0,12.120311254768025,383400.0,0.0,383400.0,0.10099992930000004,383400.0,0.0,383400.0,0.0
383600.0,4.272241088532319,383600.0,12.126931864156436,383600.0,0.0,383600.0,0.10099992930000004,383600.0,0.0,383600.0,0.0
383800.0,4.273391875194368,383800.0,12.133542903429301,383800.0,0.0,383800.0,0.10099992930000004,383800.0,0.0,383800.0,0.0
384000.0,4.274544383487156,384000.0,12.140144465156697,384000.0,0.0,384000.0,0.10099992930000004,384000.0,0.0,384000.0,0.0
384200.0,4.27569862381785,384200.0,12.146736640564539,384200.0,0.0,384200.0,0.10099992930000004,384200.0,0.0,384200.0,0.0
384400.0,4.276854606103247,384400.0,12.15331951957342,384400.0,0.0,384400.0,0.10099992930000004,384400.0,0.0,384400.0,0.0
384600.0,4.2780123397949845,384600.0,12.159893190836081,384600.0,0.0,384600.0,0.10099992930000004,384600.0,0.0,384600.0,0.0
384800.0,4.279171833903299,384800.0,12.166457741773272,384800.0,0.0,384800.0,0.10099992930000004,384800.0,0.0,384800.0,0.0
385000.0,4.280333097019186,385000.0,12.17301325860843,385000.0,0.0,385000.0,0.10099992930000004,385000.0,0.0,385000.0,0.0
385200.0,4.281496137335163,385200.0,12.17955982640084,385200.0,0.0,385200.0,0.10099992930000004,385200.0,0.0,385200.0,0.0
385400.0,4.282660962665033,385400.0,12.186097529077173,385400.0,0.0,385400.0,0.10099992930000004,385400.0,0.0,385400.0,0.0
385600.0,4.283827580462133,385600.0,12.19262644946184,385600.0,0.0,385600.0,0.10099992930000004,385600.0,0.0,385600.0,0.0
385800.0,4.284995997836699,385800.0,12.199146669305856,385800.0,0.0,385800.0,0.10099992930000004,385800.0,0.0,385800.0,0.0
386000.0,4.2861662215722225,386000.0,12.205658269314204,386000.0,0.0,386000.0,0.10099992930000004,386000.0,0.0,386000.0,0.0
386200.0,4.287338258140807,386200.0,12.21216132917233,386200.0,0.0,386200.0,0.10099992930000004,386200.0,0.0,386200.0,0.0
386400.0,4.288512113717656,386400.0,12.21865592757083,386400.0,0.0,386400.0,0.10099992930000004,386400.0,0.0,386400.0,0.0
386600.0,4.2896877941947995,386600.0,12.22514214222946,386600.0,0.0,386600.0,0.10099992930000004,386600.0,0.0,386600.0,0.0
386800.0,4.290865305194116,386800.0,12.231620049919778,386800.0,0.0,386800.0,0.10099992930000004,386800.0,0.0,386800.0,0.0
387000.0,4.2920446520794995,387000.0,12.238089726486551,387000.0,0.0,387000.0,0.10099992930000004,387000.0,0.0,387000.0,0.0
387200.0,4.293225839968367,387200.0,12.244551246868511,387200.0,0.0,387200.0,0.10099992930000004,387200.0,0.0,387200.0,0.0
387400.0,4.294408873742866,387400.0,12.251004685117861,387400.0,0.0,387400.0,0.10099992930000004,387400.0,0.0,387400.0,0.0
387600.0,4.295593758060043,387600.0,12.25745011441895,387600.0,0.0,387600.0,0.10099992930000004,387600.0,0.0,387600.0,0.0
387800.0,4.296780497361686,387800.0,12.263887607106104,387800.0,0.0,387800.0,0.10099992930000004,387800.0,0.0,387800.0,0.0
388000.0,4.297969095883808,388000.0,12.270317234680729,388000.0,0.0,388000.0,0.10099992930000004,388000.0,0.0,388000.0,0.0
388200.0,4.299159557665403,388200.0,12.27673906782736,388200.0,0.0,388200.0,0.10099992930000004,388200.0,0.0,388200.0,0.0
388400.0,4.300351886556906,388400.0,12.283153176429275,388400.0,0.0,388400.0,0.10099992930000004,388400.0,0.0,388400.0,0.0
388600.0,4.301546086228134,388600.0,12.289559629583527,388600.0,0.0,388600.0,0.10099992930000004,388600.0,0.0,388600.0,0.0
388800.0,4.302742160175997,388800.0,12.295958495614837,388800.0,0.0,388800.0,0.10099992930000004,388800.0,0.0,388800.0,0.0
389000.0,4.3039401117314755,389000.0,12.302349842089464,389000.0,0.0,389000.0,0.10099992930000004,389000.0,0.0,389000.0,0.0
389200.0,4.305139944066751,389200.0,12.30873373582816,389200.0,0.0,389200.0,0.10099992930000004,389200.0,0.0,389200.0,0.0
389400.0,4.3063416602016975,389400.0,12.315110242918776,389400.0,0.0,389400.0,0.10099992930000004,389400.0,0.0,389400.0,0.0
389600.0,4.3075452630099464,389600.0,12.321479428728262,389600.0,0.0,389600.0,0.10099992930000004,389600.0,0.0,389600.0,0.0
389800.0,4.308750755224982,389800.0,12.327841357914215,389800.0,0.0,389800.0,0.10099992930000004,389800.0,0.0,389800.0,0.0
390000.0,4.30995813944571,390000.0,12.334196094436257,390000.0,0.0,390000.0,0.10099992930000004,390000.0,0.0,390000.0,0.0
390200.0,4.311167418141851,390200.0,12.340543701566535,390200.0,0.0,390200.0,0.10099992930000004,390200.0,0.0,390200.0,0.0
390400.0,4.312378593659187,390400.0,12.3468842419003,390400.0,0.0,390400.0,0.10099992930000004,390400.0,0.0,390400.0,0.0
390600.0,4.313591668224352,390600.0,12.353217777365714,390600.0,0.0,390600.0,0.10099992930000004,390600.0,0.0,390600.0,0.0
390800.0,4.314806643949476,390800.0,12.359544369233749,390800.0,0.0,390800.0,0.10099992930000004,390800.0,0.0,390800.0,0.0
391000.0,4.31602352283679,391000.0,12.365864078127446,391000.0,0.0,391000.0,0.10099992930000004,391000.0,0.0,391000.0,0.0
391200.0,4.31724230678276,391200.0,12.37217696403105,391200.0,0.0,391200.0,0.10099992930000004,391200.0,0.0,391200.0,0.0
391400.0,4.318462997582328,391400.0,12.37848308629869,391400.0,0.0,391400.0,0.10099992930000004,391400.0,0.0,391400.0,0.0
391600.0,4.31968559693259,391600.0,12.38478250366313,391600.0,0.0,391600.0,0.10099992930000004,391600.0,0.0,391600.0,0.0
391800.0,4.320910106436811,391800.0,12.391075274243962,391800.0,0.0,391800.0,0.10099992930000004,391800.0,0.0,391800.0,0.0
392000.0,4.322136527607691,392000.0,12.397361455555505,392000.0,0.0,392000.0,0.10099992930000004,392000.0,0.0,392000.0,0.0
392200.0,4.323364861870929,392200.0,12.403641104514952,392200.0,0.0,392200.0,0.10099992930000004,392200.0,0.0,392200.0,0.0
392400.0,4.324595110568547,392400.0,12.409914277449724,392400.0,0.0,392400.0,0.10099992930000004,392400.0,0.0,392400.0,0.0
392600.0,4.325827274961957,392600.0,12.416181030105095,392600.0,0.0,392600.0,0.10099992930000004,392600.0,0.0,392600.0,0.0
392800.0,4.327061356234764,392800.0,12.422441417651402,392800.0,0.0,392800.0,0.10099992930000004,392800.0,0.0,392800.0,0.0
393000.0,4.328297355495968,393000.0,12.428695494691212,393000.0,0.0,393000.0,0.10099992930000004,393000.0,0.0,393000.0,0.0
393200.0,4.329535273782509,393200.0,12.434943315266043,393200.0,0.0,393200.0,0.10099992930000004,393200.0,0.0,393200.0,0.0
393400.0,4.330775112062052,393400.0,12.441184932863347,393400.0,0.0,393400.0,0.10099992930000004,393400.0,0.0,393400.0,0.0
393600.0,4.332016871235158,393600.0,12.447420400422915,393600.0,0.0,393600.0,0.10099992930000004,393600.0,0.0,393600.0,0.0
393800.0,4.3332605521381975,393800.0,12.453649770343544,393800.0,0.0,393800.0,0.10099992930000004,393800.0,0.0,393800.0,0.0
394000.0,4.334506155545282,394000.0,12.459873094489321,394000.0,0.0,394000.0,0.10099992930000004,394000.0,0.0,394000.0,0.0
394200.0,4.3357536821706795,394200.0,12.466090424195688,394200.0,0.0,394200.0,0.10099992930000004,394200.0,0.0,394200.0,0.0
394400.0,4.337003132670906,394400.0,12.472301810275845,394400.0,0.0,394400.0,0.10099992930000004,394400.0,0.0,394400.0,0.0
394600.0,4.338254507646793,394600.0,12.478507303026364,394600.0,0.0,394600.0,0.10099992930000004,394600.0,0.0,394600.0,0.0
394800.0,4.339507807645385,394800.0,12.484706952233356,394800.0,0.0,394800.0,0.10099992930000004,394800.0,0.0,394800.0,0.0
395000.0,4.340763033161983,395000.0,12.49090080717811,395000.0,0.0,395000.0,0.10099992930000004,395000.0,0.0,395000.0,0.0
395200.0,4.342020184641852,395200.0,12.497088916642628,395200.0,0.0,395200.0,0.10099992930000004,395200.0,0.0,395200.0,0.0
395400.0,4.3432792624819205,395400.0,12.503271328915346,395400.0,0.0,395400.0,0.10099992930000004,395400.0,0.0,395400.0,0.0
395600.0,4.344540267032587,395600.0,12.509448091796624,395600.0,0.0,395600.0,0.10099992930000004,395600.0,0.0,395600.0,0.0
395800.0,4.34580319859923,395800.0,12.515619252603981,395800.0,0.0,395800.0,0.10099992930000004,395800.0,0.0,395800.0,0.0
396000.0,4.347068057443883,396000.0,12.521784858177494,396000.0,0.0,396000.0,0.10099992930000004,396000.0,0.0,396000.0,0.0
396200.0,4.348334843786523,396200.0,12.527944954884829,396200.0,0.0,396200.0,0.10099992930000004,396200.0,0.0,396200.0,0.0
396400.0,4.349603557806718,396400.0,12.53409958862665,396400.0,0.0,396400.0,0.10099992930000004,396400.0,0.0,396400.0,0.0
396600.0,4.35087419964489,396600.0,12.54024880484144,396600.0,0.0,396600.0,0.10099992930000004,396600.0,0.0,396600.0,0.0
396800.0,4.352146769403605,396800.0,12.546392648510556,396800.0,0.0,396800.0,0.10099992930000004,396800.0,0.0,396800.0,0.0
397000.0,4.353421267149039,397000.0,12.552531164163176,397000.0,0.0,397000.0,0.10099992930000004,397000.0,0.0,397000.0,0.0
397200.0,4.354697692912009,397200.0,12.558664395880909,397200.0,0.0,397200.0,0.10099992930000004,397200.0,0.0,397200.0,0.0
397400.0,4.355976046689209,397400.0,12.564792387302736,397400.0,0.0,397400.0,0.10099992930000004,397400.0,0.0,397400.0,0.0
397600.0,4.357256328444397,397600.0,12.570915181629822,397600.0,0.0,397600.0,0.10099992930000004,397600.0,0.0,397600.0,0.0
397800.0,4.358538538109493,397800.0,12.577032821629857,397800.0,0.0,397800.0,0.10099992930000004,397800.0,0.0,397800.0,0.0
398000.0,4.35982267558556,398000.0,12.583145349641798,398000.0,0.0,398000.0,0.10099992930000004,398000.0,0.0,398000.0,0.0
398200.0,4.361108740743939,398200.0,12.5892528075804,398200.0,0.0,398200.0,0.10099992930000004,398200.0,0.0,398200.0,0.0
398400.0,4.36239673342711,398400.0,12.595355236940499,398400.0,0.0,398400.0,0.10099992930000004,398400.0,0.0,398400.0,0.0
398600.0,4.363686653449738,398600.0,12.601452678801577,398600.0,0.0,398600.0,0.10099992930000004,398600.0,0.0,398600.0,0.0
398800.0,4.364978500599529,398800.0,12.607545173832024,398800.0,0.0,398800.0,0.10099992930000004,398800.0,0.0,398800.0,0.0
399000.0,4.366272274638097,399000.0,12.613632762293346,399000.0,0.0,399000.0,0.10099992930000004,399000.0,0.0,399000.0,0.0
399200.0,4.367567975301909,399200.0,12.619715484044512,399200.0,0.0,399200.0,0.10099992930000004,399200.0,0.0,399200.0,0.0
399400.0,4.36886560230296,399400.0,12.6257933785461,399400.0,0.0,399400.0,0.10099992930000004,399400.0,0.0,399400.0,0.0
399600.0,4.370165155329621,399600.0,12.63186648486433,399600.0,0.0,399600.0,0.10099992930000004,399600.0,0.0,399600.0,0.0
399800.0,4.3714666340474855,399800.0,12.63793484167519,399800.0,0.0,399800.0,0.10099992930000004,399800.0,0.0,399800.0,0.0
400000.0,4.372770038100056,400000.0,12.643998487268469,400000.0,0.0,400000.0,0.10099992930000004,400000.0,0.0,400000.0,0.0
400200.0,4.374075367109301,400200.0,12.650057459551764,400200.0,0.0,400200.0,0.10099992930000004,400200.0,0.0,400200.0,0.0
400400.0,4.375382620676608,400400.0,12.656111796054331,400400.0,0.0,400400.0,0.10099992930000004,400400.0,0.0,400400.0,0.0
400600.0,4.376691798383167,400600.0,12.662161533930966,400600.0,0.0,400600.0,0.10099992930000004,400600.0,0.0,400600.0,0.0
400800.0,4.3780028997908405,400800.0,12.668206709965853,400800.0,0.0,400800.0,0.10099992930000004,400800.0,0.0,400800.0,0.0
401000.0,4.379315924442651,401000.0,12.674247360576471,401000.0,0.0,401000.0,0.10099992930000004,401000.0,0.0,401000.0,0.0
401200.0,4.380630871863388,401200.0,12.680283521817191,401200.0,0.0,401200.0,0.10099992930000004,401200.0,0.0,401200.0,0.0
401400.0,4.381947741560253,401400.0,12.686315229383,401400.0,0.0,401400.0,0.10099992930000004,401400.0,0.0,401400.0,0.0
401600.0,4.383266533023262,401600.0,12.69234251861328,401600.0,0.0,401600.0,0.10099992930000004,401600.0,0.0,401600.0,0.0
401800.0,4.384587245725998,401800.0,12.698365424495286,401800.0,0.0,401800.0,0.10099992930000004,401800.0,0.0,401800.0,0.0
402000.0,4.385909879125872,402000.0,12.70438398166778,402000.0,0.0,402000.0,0.10099992930000004,402000.0,0.0,402000.0,0.0
402200.0,4.387234432664842,402200.0,12.71039822442458,402200.0,0.0,402200.0,0.10099992930000004,402200.0,0.0,402200.0,0.0
402400.0,4.388560905769859,402400.0,12.716408186718079,402400.0,0.0,402400.0,0.10099992930000004,402400.0,0.0,402400.0,0.0
402600.0,4.3898892978531645,402600.0,12.722413902162627,402600.0,0.0,402600.0,0.10099992930000004,402600.0,0.0,402600.0,0.0
402800.0,4.391219608312925,402800.0,12.728415404038058,402800.0,0.0,402800.0,0.10099992930000004,402800.0,0.0,402800.0,0.0
403000.0,4.3925518365336025,403000.0,12.734412725293039,403000.0,0.0,403000.0,0.10099992930000004,403000.0,0.0,403000.0,0.0
403200.0,4.393885981886386,403200.0,12.740405898548419,403200.0,0.0,403200.0,0.10099992930000004,403200.0,0.0,403200.0,0.0
403400.0,4.395222043729534,403400.0,12.74639495610043,403400.0,0.0,403400.0,0.10099992930000004,403400.0,0.0,403400.0,0.0
403600.0,4.39656002140895,403600.0,12.75237992992419,403600.0,0.0,403600.0,0.10099992930000004,403600.0,0.0,403600.0,0.0
403800.0,4.3978999142583195,403800.0,12.758360851676775,403800.0,0.0,403800.0,0.10099992930000004,403800.0,0.0,403800.0,0.0
404000.0,4.399241721599626,404000.0,12.764337752700472,404000.0,0.0,404000.0,0.10099992930000004,404000.0,0.0,404000.0,0.0
404200.0,4.400585442743539,404200.0,12.770310664025889,404200.0,0.0,404200.0,0.10099992930000004,404200.0,0.0,404200.0,0.0
404400.0,4.401931076989582,404400.0,12.776279616375227,404400.0,0.0,404400.0,0.10099992930000004,404400.0,0.0,404400.0,0.0
404600.0,4.403278623626791,404600.0,12.782244640165196,404600.0,0.0,404600.0,0.10099992930000004,404600.0,0.0,404600.0,0.0
404800.0,4.40462808193353,404800.0,12.788205765510385,404800.0,0.0,404800.0,0.10099992930000004,404800.0,0.0,404800.0,0.0
405000.0,4.405979451178415,405000.0,12.79416302222601,405000.0,0.0,405000.0,0.10099992930000004,405000.0,0.0,405000.0,0.0
405200.0,4.407332730620065,405200.0,12.800116439831037,405200.0,0.0,405200.0,0.10099992930000004,405200.0,0.0,405200.0,0.0
405400.0,4.408687919507792,405400.0,12.806066047551088,405400.0,0.0,405400.0,0.10099992930000004,405400.0,0.0,405400.0,0.0
405600.0,4.410045017081617,405600.0,12.812011874321508,405600.0,0.0,405600.0,0.10099992930000004,405600.0,0.0,405600.0,0.0
405800.0,4.411404022572691,405800.0,12.81795394879024,405800.0,0.0,405800.0,0.10099992930000004,405800.0,0.0,405800.0,0.0
406000.0,4.412764935203552,406000.0,12.823892299320594,406000.0,0.0,406000.0,0.10099992930000004,406000.0,0.0,406000.0,0.0
406200.0,4.41412775418836,406200.0,12.82982695399421,406200.0,0.0,406200.0,0.10099992930000004,406200.0,0.0,406200.0,0.0
406400.0,4.415492478733064,406400.0,12.835757940613856,406400.0,0.0,406400.0,0.10099992930000004,406400.0,0.0,406400.0,0.0
406600.0,4.416859108035742,406600.0,12.841685286706252,406600.0,0.0,406600.0,0.10099992930000004,406600.0,0.0,406600.0,0.0
406800.0,4.418227641286876,406800.0,12.847609019524782,406800.0,0.0,406800.0,0.10099992930000004,406800.0,0.0,406800.0,0.0
407000.0,4.419598077669433,407000.0,12.853529166052194,407000.0,0.0,407000.0,0.10099992930000004,407000.0,0.0,407000.0,0.0
407200.0,4.420970416359253,407200.0,12.85944575300338,407200.0,0.0,407200.0,0.10099992930000004,407200.0,0.0,407200.0,0.0
407400.0,4.42234465652501,407400.0,12.86535880682799,407400.0,0.0,407400.0,0.10099992930000004,407400.0,0.0,407400.0,0.0
407600.0,4.423720797328724,407600.0,12.871268353713264,407600.0,0.0,407600.0,0.10099992930000004,407600.0,0.0,407600.0,0.0
407800.0,4.425098837925793,407800.0,12.877174419586318,407800.0,0.0,407800.0,0.10099992930000004,407800.0,0.0,407800.0,0.0
408000.0,4.426478777465134,408000.0,12.883077030117013,408000.0,0.0,408000.0,0.10099992930000004,408000.0,0.0,408000.0,0.0
408200.0,4.427860615089516,408200.0,12.888976210720497,408200.0,0.0,408200.0,0.10099992930000004,408200.0,0.0,408200.0,0.0
408400.0,4.42924434993562,408400.0,12.894871986559586,408400.0,0.0,408400.0,0.10099992930000004,408400.0,0.0,408400.0,0.0
408600.0,4.430629981134303,408600.0,12.900764382547528,408600.0,0.0,408600.0,0.10099992930000004,408600.0,0.0,408600.0,0.0
408800.0,4.432017507810691,408800.0,12.906653423350203,408800.0,0.0,408800.0,0.10099992930000004,408800.0,0.0,408800.0,0.0
409000.0,4.433406929084377,409000.0,12.912539133388767,409000.0,0.0,409000.0,0.10099992930000004,409000.0,0.0,409000.0,0.0
409200.0,4.434798244069606,409200.0,12.918421536842166,409200.0,0.0,409200.0,0.10099992930000004,409200.0,0.0,409200.0,0.0
409400.0,4.436191451875401,409400.0,12.924300657649328,409400.0,0.0,409400.0,0.10099992930000004,409400.0,0.0,409400.0,0.0
409600.0,4.437586551605717,409600.0,12.9301765195117,409600.0,0.0,409600.0,0.10099992930000004,409600.0,0.0,409600.0,0.0
409800.0,4.438983542359595,409800.0,12.936049145895609,409800.0,0.0,409800.0,0.10099992930000004,409800.0,0.0,409800.0,0.0
410000.0,4.440382423231293,410000.0,12.941918560034535,410000.0,0.0,410000.0,0.10099992930000004,410000.0,0.0,410000.0,0.0
410200.0,4.441783193310353,410200.0,12.947784784931532,410200.0,0.0,410200.0,0.10099992930000004,410200.0,0.0,410200.0,0.0
410400.0,4.4431858516819585,410400.0,12.953647843361377,410400.0,0.0,410400.0,0.10099992930000004,410400.0,0.0,410400.0,0.0
410600.0,4.4445903974268,410600.0,12.959507757872942,410600.0,0.0,410600.0,0.10099992930000004,410600.0,0.0,410600.0,0.0
410800.0,4.445996829621341,410800.0,12.965364550791463,410800.0,0.0,410800.0,0.10099992930000004,410800.0,0.0,410800.0,0.0
411000.0,4.447405147337905,411000.0,12.971218244220754,411000.0,0.0,411000.0,0.10099992930000004,411000.0,0.0,411000.0,0.0
411200.0,4.448815349644823,411200.0,12.977068860045218,411200.0,0.0,411200.0,0.10099992930000004,411200.0,0.0,411200.0,0.0
411400.0,4.450227435606534,411400.0,12.982916419932307,411400.0,0.0,411400.0,0.10099992930000004,411400.0,0.0,411400.0,0.0
411600.0,4.4516414042835555,411600.0,12.988760945334604,411600.0,0.0,411600.0,0.10099992930000004,411600.0,0.0,411600.0,0.0
411800.0,4.453057254732908,411800.0,12.994602457491764,411800.0,0.0,411800.0,0.10099992930000004,411800.0,0.0,411800.0,0.0
412000.0,4.454474986007911,412000.0,13.00044097743285,412000.0,0.0,412000.0,0.10099992930000004,412000.0,0.0,412000.0,0.0
412200.0,4.4558945971584,412200.0,13.00627652597835,412200.0,0.0,412200.0,0.10099992930000004,412200.0,0.0,412200.0,0.0
412400.0,4.457316087230895,412400.0,13.012109123742164,412400.0,0.0,412400.0,0.10099992930000004,412400.0,0.0,412400.0,0.0
412600.0,4.4587394552685975,412600.0,13.01793879113388,412600.0,0.0,412600.0,0.10099992930000004,412600.0,0.0,412600.0,0.0
412800.0,4.4601647003114735,412800.0,13.023765548360615,412800.0,0.0,412800.0,0.10099992930000004,412800.0,0.0,412800.0,0.0
413000.0,4.461591821396441,413000.0,13.029589415429001,413000.0,0.0,413000.0,0.10099992930000004,413000.0,0.0,413000.0,0.0
413200.0,4.463020817557363,413200.0,13.035410412147241,413200.0,0.0,413200.0,0.10099992930000004,413200.0,0.0,413200.0,0.0
413400.0,4.464451687825189,413400.0,13.04122855812718,413400.0,0.0,413400.0,0.10099992930000004,413400.0,0.0,413400.0,0.0
413600.0,4.46588443122799,413600.0,13.047043872786032,413600.0,0.0,413600.0,0.10099992930000004,413600.0,0.0,413600.0,0.0
413800.0,4.46731904679115,413800.0,13.052856375348503,413800.0,0.0,413800.0,0.10099992930000004,413800.0,0.0,413800.0,0.0
414000.0,4.468755533537223,414000.0,13.058666084848543,414000.0,0.0,414000.0,0.10099992930000004,414000.0,0.0,414000.0,0.0
414200.0,4.470193890486239,414200.0,13.064473020131446,414200.0,0.0,414200.0,0.10099992930000004,414200.0,0.0,414200.0,0.0
414400.0,4.471634116655634,414400.0,13.070277199855488,414400.0,0.0,414400.0,0.10099992930000004,414400.0,0.0,414400.0,0.0
414600.0,4.4730762110604605,414600.0,13.076078642493835,414600.0,0.0,414600.0,0.10099992930000004,414600.0,0.0,414600.0,0.0
414800.0,4.474520172713249,414800.0,13.081877366336565,414800.0,0.0,414800.0,0.10099992930000004,414800.0,0.0,414800.0,0.0
415000.0,4.475966000624134,415000.0,13.087673389492231,415000.0,0.0,415000.0,0.10099992930000004,415000.0,0.0,415000.0,0.0
415200.0,4.4774136938011315,415200.0,13.093466729889874,415200.0,0.0,415200.0,0.10099992930000004,415200.0,0.0,415200.0,0.0
415400.0,4.478863251250043,415400.0,13.099257405280571,415400.0,0.0,415400.0,0.10099992930000004,415400.0,0.0,415400.0,0.0
415600.0,4.480314671974406,415600.0,13.105045433239425,415600.0,0.0,415600.0,0.10099992930000004,415600.0,0.0,415600.0,0.0
415800.0,4.481767954975756,415800.0,13.110830831167174,415800.0,0.0,415800.0,0.10099992930000004,415800.0,0.0,415800.0,0.0
416000.0,4.483223099253502,416000.0,13.116613616291936,416000.0,0.0,416000.0,0.10099992930000004,416000.0,0.0,416000.0,0.0
416200.0,4.48468010380513,416200.0,13.12239380567092,416200.0,0.0,416200.0,0.10099992930000004,416200.0,0.0,416200.0,0.0
416400.0,4.486138967626203,416400.0,13.128171416192215,416400.0,0.0,416400.0,0.10099992930000004,416400.0,0.0,416400.0,0.0
416600.0,4.487599689710458,416600.0,13.133946464576232,416600.0,0.0,416600.0,0.10099992930000004,416600.0,0.0,416600.0,0.0
416800.0,4.4890622690496995,416800.0,13.13971896737763,416800.0,0.0,416800.0,0.10099992930000004,416800.0,0.0,416800.0,0.0
417000.0,4.490526704634045,417000.0,13.145488940986786,417000.0,0.0,417000.0,0.10099992930000004,417000.0,0.0,417000.0,0.0
417200.0,4.491992995451885,417200.0,13.151256401631425,417200.0,0.0,417200.0,0.10099992930000004,417200.0,0.0,417200.0,0.0
417400.0,4.493461140489915,417400.0,13.15702136537838,417400.0,0.0,417400.0,0.10099992930000004,417400.0,0.0,417400.0,0.0
417600.0,4.494931138733212,417600.0,13.162783848135026,417600.0,0.0,417600.0,0.10099992930000004,417600.0,0.0,417600.0,0.0
417800.0,4.496402989165295,417800.0,13.168543865650875,417800.0,0.0,417800.0,0.10099992930000004,417800.0,0.0,417800.0,0.0
418000.0,4.497876690768045,418000.0,13.174301433519178,418000.0,0.0,418000.0,0.10099992930000004,418000.0,0.0,418000.0,0.0
418200.0,4.499352242521961,418200.0,13.180056567178497,418200.0,0.0,418200.0,0.10099992930000004,418200.0,0.0,418200.0,0.0
418400.0,4.500829643406095,418400.0,13.185809281914205,418400.0,0.0,418400.0,0.10099992930000004,418400.0,0.0,418400.0,0.0
418600.0,4.502308892397964,418600.0,13.191559592859912,418600.0,0.0,418600.0,0.10099992930000004,418600.0,0.0,418600.0,0.0
418800.0,4.503789988473768,418800.0,13.197307514999137,418800.0,0.0,418800.0,0.10099992930000004,418800.0,0.0,418800.0,0.0
419000.0,4.505272930608454,419000.0,13.2030530631667,419000.0,0.0,419000.0,0.10099992930000004,419000.0,0.0,419000.0,0.0
419200.0,4.5067577177755185,419200.0,13.208796252050124,419200.0,0.0,419200.0,0.10099992930000004,419200.0,0.0,419200.0,0.0
419400.0,4.508244348947295,419400.0,13.21453709619122,419400.0,0.0,419400.0,0.10099992930000004,419400.0,0.0,419400.0,0.0
419600.0,4.509732823094868,419600.0,13.220275609987421,419600.0,0.0,419600.0,0.10099992930000004,419600.0,0.0,419600.0,0.0
419800.0,4.511223139188066,419800.0,13.226011807693325,419800.0,0.0,419800.0,0.10099992930000004,419800.0,0.0,419800.0,0.0
420000.0,4.512715296195615,420000.0,13.231745703421998,420000.0,0.0,420000.0,0.10099992930000004,420000.0,0.0,420000.0,0.0
420200.0,4.514209293085098,420200.0,13.237477311146339,420200.0,0.0,420200.0,0.10099992930000004,420200.0,0.0,420200.0,0.0
420400.0,4.515705128822946,420400.0,13.24320664470067,420400.0,0.0,420400.0,0.10099992930000004,420400.0,0.0,420400.0,0.0
420600.0,4.517202802374646,420600.0,13.248933717781854,420600.0,0.0,420600.0,0.10099992930000004,420600.0,0.0,420600.0,0.0
420800.0,4.5187023127045025,420800.0,13.254658543950868,420800.0,0.0,420800.0,0.10099992930000004,420800.0,0.0,420800.0,0.0
421000.0,4.520203658775837,421000.0,13.26038113663398,421000.0,0.0,421000.0,0.10099992930000004,421000.0,0.0,421000.0,0.0
421200.0,4.521706839551103,421200.0,13.266101509124223,421200.0,0.0,421200.0,0.10099992930000004,421200.0,0.0,421200.0,0.0
421400.0,4.523211853991662,421400.0,13.271819674582504,421400.0,0.0,421400.0,0.10099992930000004,421400.0,0.0,421400.0,0.0
421600.0,4.5247187010579415,421600.0,13.277535646039139,421600.0,0.0,421600.0,0.10099992930000004,421600.0,0.0,421600.0,0.0
421800.0,4.526227379709566,421800.0,13.283249436395078,421800.0,0.0,421800.0,0.10099992930000004,421800.0,0.0,421800.0,0.0
422000.0,4.527737888905243,422000.0,13.28896105842299,422000.0,0.0,422000.0,0.10099992930000004,422000.0,0.0,422000.0,0.0
422200.0,4.529250227602785,422200.0,13.294670524768863,422200.0,0.0,422200.0,0.10099992930000004,422200.0,0.0,422200.0,0.0
422400.0,4.530764394759183,422400.0,13.300377847952976,422400.0,0.0,422400.0,0.10099992930000004,422400.0,0.0,422400.0,0.0
422600.0,4.532280389330669,422600.0,13.306083040371279,422600.0,0.0,422600.0,0.10099992930000004,422600.0,0.0,422600.0,0.0
422800.0,4.533798210272616,422800.0,13.31178611429657,422800.0,0.0,422800.0,0.10099992930000004,422800.0,0.0,422800.0,0.0
423000.0,4.535317856539704,423000.0,13.317487081879714,423000.0,0.0,423000.0,0.10099992930000004,423000.0,0.0,423000.0,0.0
423200.0,4.5368393270858425,423200.0,13.323185955150905,423200.0,0.0,423200.0,0.10099992930000004,423200.0,0.0,423200.0,0.0
423400.0,4.53836262086416,423400.0,13.328882746020769,423400.0,0.0,423400.0,0.10099992930000004,423400.0,0.0,423400.0,0.0
423600.0,4.53988773682724,423600.0,13.334577466281582,423600.0,0.0,423600.0,0.10099992930000004,423600.0,0.0,423600.0,0.0
423800.0,4.541414673926869,423800.0,13.34027012760848,423800.0,0.0,423800.0,0.10099992930000004,423800.0,0.0,423800.0,0.0
424000.0,4.54294343111416,424000.0,13.345960741560447,424000.0,0.0,424000.0,0.10099992930000004,424000.0,0.0,424000.0,0.0
424200.0,4.544474007339609,424200.0,13.351649319581847,424200.0,0.0,424200.0,0.10099992930000004,424200.0,0.0,424200.0,0.0
424400.0,4.546006401553137,424400.0,13.357335873003043,424400.0,0.0,424400.0,0.10099992930000004,424400.0,0.0,424400.0,0.0
424600.0,4.547540612704038,424600.0,13.363020413041896,424600.0,0.0,424600.0,0.10099992930000004,424600.0,0.0,424600.0,0.0
424800.0,4.549076639740983,424800.0,13.368702950804735,424800.0,0.0,424800.0,0.10099992930000004,424800.0,0.0,424800.0,0.0
425000.0,4.550614481612105,425000.0,13.37438349728746,425000.0,0.0,425000.0,0.10099992930000004,425000.0,0.0,425000.0,0.0
425200.0,4.55215413726496,425200.0,13.380062063376648,425200.0,0.0,425200.0,0.10099992930000004,425200.0,0.0,425200.0,0.0
425400.0,4.553695605646564,425400.0,13.385738659850768,425400.0,0.0,425400.0,0.10099992930000004,425400.0,0.0,425400.0,0.0
425600.0,4.5552388857035,425600.0,13.391413297380904,425600.0,0.0,425600.0,0.10099992930000004,425600.0,0.0,425600.0,0.0
425800.0,4.55678397638171,425800.0,13.39708598653207,425800.0,0.0,425800.0,0.10099992930000004,425800.0,0.0,425800.0,0.0
426000.0,4.558330876626737,426000.0,13.402756737764392,426000.0,0.0,426000.0,0.10099992930000004,426000.0,0.0,426000.0,0.0
426200.0,4.559879585383567,426200.0,13.408425561433734,426200.0,0.0,426200.0,0.10099992930000004,426200.0,0.0,426200.0,0.0
426400.0,4.561430101596825,426400.0,13.414092467793097,426400.0,0.0,426400.0,0.10099992930000004,426400.0,0.0,426400.0,0.0
426600.0,4.562982424210659,426600.0,13.419757466993472,426600.0,0.0,426600.0,0.10099992930000004,426600.0,0.0,426600.0,0.0
426800.0,4.56453655216874,426800.0,13.425420569084757,426800.0,0.0,426800.0,0.10099992930000004,426800.0,0.0,426800.0,0.0
427000.0,4.566092484414325,427000.0,13.43108178401702,427000.0,0.0,427000.0,0.10099992930000004,427000.0,0.0,427000.0,0.0
427200.0,4.567650219890325,427200.0,13.436741121641223,427200.0,0.0,427200.0,0.10099992930000004,427200.0,0.0,427200.0,0.0
427400.0,4.569209757539168,427400.0,13.442398591710345,427400.0,0.0,427400.0,0.10099992930000004,427400.0,0.0,427400.0,0.0
427600.0,4.570771096302983,427600.0,13.448054203880297,427600.0,0.0,427600.0,0.10099992930000004,427600.0,0.0,427600.0,0.0
427800.0,4.572334235123514,427800.0,13.453707967710871,427800.0,0.0,427800.0,0.10099992930000004,427800.0,0.0,427800.0,0.0
428000.0,4.573899172942104,428000.0,13.459359892666702,428000.0,0.0,428000.0,0.10099992930000004,428000.0,0.0,428000.0,0.0
428200.0,4.57546590869977,428200.0,13.465009988118267,428200.0,0.0,428200.0,0.10099992930000004,428200.0,0.0,428200.0,0.0
428400.0,4.577034441337186,428400.0,13.470658263342703,428400.0,0.0,428400.0,0.10099992930000004,428400.0,0.0,428400.0,0.0
428600.0,4.578604769794787,428600.0,13.476304727524827,428600.0,0.0,428600.0,0.10099992930000004,428600.0,0.0,428600.0,0.0
428800.0,4.580176893012567,428800.0,13.481949389757958,428800.0,0.0,428800.0,0.10099992930000004,428800.0,0.0,428800.0,0.0
429000.0,4.581750809930277,429000.0,13.487592259044858,429000.0,0.0,429000.0,0.10099992930000004,429000.0,0.0,429000.0,0.0
429200.0,4.5833265194874,429200.0,13.49323334429868,429200.0,0.0,429200.0,0.10099992930000004,429200.0,0.0,429200.0,0.0
429400.0,4.58490402062308,429400.0,13.498872654343774,429400.0,0.0,429400.0,0.10099992930000004,429400.0,0.0,429400.0,0.0
429600.0,4.586483312276203,429600.0,13.504510197916606,429600.0,0.0,429600.0,0.10099992930000004,429600.0,0.0,429600.0,0.0
429800.0,4.588064393385483,429800.0,13.510145983666613,429800.0,0.0,429800.0,0.10099992930000004,429800.0,0.0,429800.0,0.0
430000.0,4.58964726288926,430000.0,13.515780020157072,430000.0,0.0,430000.0,0.10099992930000004,430000.0,0.0,430000.0,0.0
430200.0,4.591231919725734,430200.0,13.521412315865879,430200.0,0.0,430200.0,0.10099992930000004,430200.0,0.0,430200.0,0.0
430400.0,4.592818362832757,430400.0,13.527042879186467,430400.0,0.0,430400.0,0.10099992930000004,430400.0,0.0,430400.0,0.0
430600.0,4.594406591148047,430600.0,13.53267171842868,430600.0,0.0,430600.0,0.10099992930000004,430600.0,0.0,430600.0,0.0
430800.0,4.5959966036090965,430800.0,13.538298841819502,430800.0,0.0,430800.0,0.10099992930000004,430800.0,0.0,430800.0,0.0
431000.0,4.597588399153162,431000.0,13.543924257503917,431000.0,0.0,431000.0,0.10099992930000004,431000.0,0.0,431000.0,0.0
431200.0,4.599181976717258,431200.0,13.549547973545694,431200.0,0.0,431200.0,0.10099992930000004,431200.0,0.0,431200.0,0.0
431400.0,4.600777335238336,431400.0,13.555169997928255,431400.0,0.0,431400.0,0.10099992930000004,431400.0,0.0,431400.0,0.0
431600.0,4.602374473653019,431600.0,13.56079033855537,431600.0,0.0,431600.0,0.10099992930000004,431600.0,0.0,431600.0,0.0
431800.0,4.603973390897883,431800.0,13.56640900325201,431800.0,0.0,431800.0,0.10099992930000004,431800.0,0.0,431800.0,0.0
432000.0,4.6055740859092245,432000.0,13.57202599976511,432000.0,0.0,432000.0,0.10099992930000004,432000.0,0.0,432000.0,0.0
432200.0,4.607176557623296,432200.0,13.577641335764369,432200.0,0.0,432200.0,0.10099992930000004,432200.0,0.0,432200.0,0.0
432400.0,4.6087808049761,432400.0,13.583255018842872,432400.0,0.0,432400.0,0.10099992930000004,432400.0,0.0,432400.0,0.0
432600.0,4.610386826903546,432600.0,13.588867056518115,432600.0,0.0,432600.0,0.10099992930000004,432600.0,0.0,432600.0,0.0
432800.0,4.61199462234134,432800.0,13.594477456232449,432800.0,0.0,432800.0,0.10099992930000004,432800.0,0.0,432800.0,0.0
433000.0,4.613604190225104,433000.0,13.600086225354048,433000.0,0.0,433000.0,0.10099992930000004,433000.0,0.0,433000.0,0.0
433200.0,4.615215529490362,433200.0,13.605693371177471,433200.0,0.0,433200.0,0.10099992930000004,433200.0,0.0,433200.0,0.0
433400.0,4.616828639072435,433400.0,13.611298900924583,433400.0,0.0,433400.0,0.10099992930000004,433400.0,0.0,433400.0,0.0
433600.0,4.618443517906636,433600.0,13.61690282174511,433600.0,0.0,433600.0,0.10099992930000004,433600.0,0.0,433600.0,0.0
433800.0,4.6200601649281205,433800.0,13.622505140717369,433800.0,0.0,433800.0,0.10099992930000004,433800.0,0.0,433800.0,0.0
434000.0,4.621678579071939,434000.0,13.628105864849012,434000.0,0.0,434000.0,0.10099992930000004,434000.0,0.0,434000.0,0.0
434200.0,4.62329875927303,434200.0,13.633705001077756,434200.0,0.0,434200.0,0.10099992930000004,434200.0,0.0,434200.0,0.0
434400.0,4.624920704466298,434400.0,13.639302556272053,434400.0,0.0,434400.0,0.10099992930000004,434400.0,0.0,434400.0,0.0
434600.0,4.626544413586533,434600.0,13.644898537231688,434600.0,0.0,434600.0,0.10099992930000004,434600.0,0.0,434600.0,0.0
434800.0,4.628169885568445,434800.0,13.650492950688587,434800.0,0.0,434800.0,0.10099992930000004,434800.0,0.0,434800.0,0.0
435000.0,4.629797119346611,435000.0,13.656085803307372,435000.0,0.0,435000.0,0.10099992930000004,435000.0,0.0,435000.0,0.0
435200.0,4.631426113855753,435200.0,13.661677101686152,435200.0,0.0,435200.0,0.10099992930000004,435200.0,0.0,435200.0,0.0
435400.0,4.6330568680303355,435400.0,13.667266852357,435400.0,0.0,435400.0,0.10099992930000004,435400.0,0.0,435400.0,0.0
435600.0,4.634689380804803,435600.0,13.672855061786771,435600.0,0.0,435600.0,0.10099992930000004,435600.0,0.0,435600.0,0.0
435800.0,4.636323651113548,435800.0,13.678441736377723,435800.0,0.0,435800.0,0.10099992930000004,435800.0,0.0,435800.0,0.0
436000.0,4.637959677891024,436000.0,13.684026882468032,436000.0,0.0,436000.0,0.10099992930000004,436000.0,0.0,436000.0,0.0
436200.0,4.63959746007155,436200.0,13.689610506332587,436200.0,0.0,436200.0,0.10099992930000004,436200.0,0.0,436200.0,0.0
436400.0,4.641236996589414,436400.0,13.695192614183448,436400.0,0.0,436400.0,0.10099992930000004,436400.0,0.0,436400.0,0.0
436600.0,4.642878286378908,436600.0,13.70077321217069,436600.0,0.0,436600.0,0.10099992930000004,436600.0,0.0,436600.0,0.0
436800.0,4.6445213283742355,436800.0,13.706352306382776,436800.0,0.0,436800.0,0.10099992930000004,436800.0,0.0,436800.0,0.0
437000.0,4.646166121509671,437000.0,13.711929902847272,437000.0,0.0,437000.0,0.10099992930000004,437000.0,0.0,437000.0,0.0
437200.0,4.647812664719423,437200.0,13.717506007531483,437200.0,0.0,437200.0,0.10099992930000004,437200.0,0.0,437200.0,0.0
437400.0,4.649460956937732,437400.0,13.72308062634305,437400.0,0.0,437400.0,0.10099992930000004,437400.0,0.0,437400.0,0.0
437600.0,4.651110997098767,437600.0,13.728653765130456,437600.0,0.0,437600.0,0.10099992930000004,437600.0,0.0,437600.0,0.0
437800.0,4.652762784136707,437800.0,13.734225429683626,437800.0,0.0,437800.0,0.10099992930000004,437800.0,0.0,437800.0,0.0
438000.0,4.654416316985806,438000.0,13.739795625734574,438000.0,0.0,438000.0,0.10099992930000004,438000.0,0.0,438000.0,0.0
438200.0,4.656071594580249,438200.0,13.745364358957936,438200.0,0.0,438200.0,0.10099992930000004,438200.0,0.0,438200.0,0.0
438400.0,4.657728615854253,438400.0,13.750931634971561,438400.0,0.0,438400.0,0.10099992930000004,438400.0,0.0,438400.0,0.0
438600.0,4.659387379742102,438600.0,13.756497459336984,438600.0,0.0,438600.0,0.10099992930000004,438600.0,0.0,438600.0,0.0
438800.0,4.661047885177983,438800.0,13.762061837560092,438800.0,0.0,438800.0,0.10099992930000004,438800.0,0.0,438800.0,0.0
439000.0,4.66271013109621,439000.0,13.767624775091635,439000.0,0.0,439000.0,0.10099992930000004,439000.0,0.0,439000.0,0.0
439200.0,4.664374116431079,439200.0,13.773186277327733,439200.0,0.0,439200.0,0.10099992930000004,439200.0,0.0,439200.0,0.0
439400.0,4.666039840116933,439400.0,13.778746349610506,439400.0,0.0,439400.0,0.10099992930000004,439400.0,0.0,439400.0,0.0
439600.0,4.667707301088173,439600.0,13.784304997228524,439600.0,0.0,439600.0,0.10099992930000004,439600.0,0.0,439600.0,0.0
439800.0,4.669376498279154,439800.0,13.789862225417336,439800.0,0.0,439800.0,0.10099992930000004,439800.0,0.0,439800.0,0.0
440000.0,4.671047430624384,440000.0,13.795418039359964,440000.0,0.0,440000.0,0.10099992930000004,440000.0,0.0,440000.0,0.0
440200.0,4.672720097058352,440200.0,13.800972444187659,440200.0,0.0,440200.0,0.10099992930000004,440200.0,0.0,440200.0,0.0
440400.0,4.674394496515578,440400.0,13.806525444980162,440400.0,0.0,440400.0,0.10099992930000004,440400.0,0.0,440400.0,0.0
440600.0,4.676070627930705,440600.0,13.81207704676615,440600.0,0.0,440600.0,0.10099992930000004,440600.0,0.0,440600.0,0.0
440800.0,4.677748490238346,440800.0,13.817627254524,440800.0,0.0,440800.0,0.10099992930000004,440800.0,0.0,440800.0,0.0
441000.0,4.679428082373231,441000.0,13.823176073182195,441000.0,0.0,441000.0,0.10099992930000004,441000.0,0.0,441000.0,0.0
441200.0,4.681109403270172,441200.0,13.828723507619715,441200.0,0.0,441200.0,0.10099992930000004,441200.0,0.0,441200.0,0.0
441400.0,4.682792451863927,441400.0,13.834269562666634,441400.0,0.0,441400.0,0.10099992930000004,441400.0,0.0,441400.0,0.0
441600.0,4.68447722708949,441600.0,13.839814243104465,441600.0,0.0,441600.0,0.10099992930000004,441600.0,0.0,441600.0,0.0
441800.0,4.686163727881832,441800.0,13.845357553666867,441800.0,0.0,441800.0,0.10099992930000004,441800.0,0.0,441800.0,0.0
442000.0,4.687851953175971,442000.0,13.850899499040004,442000.0,0.0,442000.0,0.10099992930000004,442000.0,0.0,442000.0,0.0
442200.0,4.689541901907076,442200.0,13.85644008386289,442200.0,0.0,442200.0,0.10099992930000004,442200.0,0.0,442200.0,0.0
442400.0,4.691233573010368,442400.0,13.86197931272805,442400.0,0.0,442400.0,0.10099992930000004,442400.0,0.0,442400.0,0.0
442600.0,4.692926965421162,442600.0,13.867517190181875,442600.0,0.0,442600.0,0.10099992930000004,442600.0,0.0,442600.0,0.0
442800.0,4.694622078074796,442800.0,13.873053720725107,442800.0,0.0,442800.0,0.10099992930000004,442800.0,0.0,442800.0,0.0
443000.0,4.696318909906783,443000.0,13.87858890881332,443000.0,0.0,443000.0,0.10099992930000004,443000.0,0.0,443000.0,0.0
443200.0,4.69801745985272,443200.0,13.884122758857286,443200.0,0.0,443200.0,0.10099992930000004,443200.0,0.0,443200.0,0.0
443400.0,4.699717726848239,443400.0,13.889655275223497,443400.0,0.0,443400.0,0.10099992930000004,443400.0,0.0,443400.0,0.0
443600.0,4.701419709829154,443600.0,13.895186462234562,443600.0,0.0,443600.0,0.10099992930000004,443600.0,0.0,443600.0,0.0
443800.0,4.703123407731301,443800.0,13.900716324169672,443800.0,0.0,443800.0,0.10099992930000004,443800.0,0.0,443800.0,0.0
444000.0,4.704828819490673,444000.0,13.906244865265016,444000.0,0.0,444000.0,0.10099992930000004,444000.0,0.0,444000.0,0.0
444200.0,4.7065359440433205,444200.0,13.911772089714187,444200.0,0.0,444200.0,0.10099992930000004,444200.0,0.0,444200.0,0.0
444400.0,4.70824478032542,444400.0,13.917298001668625,444400.0,0.0,444400.0,0.10099992930000004,444400.0,0.0,444400.0,0.0
444600.0,4.709955327273297,444600.0,13.922822605237972,444600.0,0.0,444600.0,0.10099992930000004,444600.0,0.0,444600.0,0.0
444800.0,4.711667583823341,444800.0,13.928345904490682,444800.0,0.0,444800.0,0.10099992930000004,444800.0,0.0,444800.0,0.0
445000.0,4.713381548912081,445000.0,13.93386790345414,445000.0,0.0,445000.0,0.10099992930000004,445000.0,0.0,445000.0,0.0
445200.0,4.715097221476183,445200.0,13.939388606115342,445200.0,0.0,445200.0,0.10099992930000004,445200.0,0.0,445200.0,0.0
445400.0,4.716814600452401,445400.0,13.944908016421135,445400.0,0.0,445400.0,0.10099992930000004,445400.0,0.0,445400.0,0.0
445600.0,4.718533684777656,445600.0,13.950426138278578,445600.0,0.0,445600.0,0.10099992930000004,445600.0,0.0,445600.0,0.0
445800.0,4.720254473388971,445800.0,13.955942975555553,445800.0,0.0,445800.0,0.10099992930000004,445800.0,0.0,445800.0,0.0
446000.0,4.7219769652234564,446000.0,13.961458532080899,446000.0,0.0,446000.0,0.10099992930000004,446000.0,0.0,446000.0,0.0
446200.0,4.723701159218399,446200.0,13.966972811644887,446200.0,0.0,446200.0,0.10099992930000004,446200.0,0.0,446200.0,0.0
446400.0,4.725427054311243,446400.0,13.97248581799978,446400.0,0.0,446400.0,0.10099992930000004,446400.0,0.0,446400.0,0.0
446600.0,4.727154649439525,446600.0,13.977997554860002,446600.0,0.0,446600.0,0.10099992930000004,446600.0,0.0,446600.0,0.0
446800.0,4.728883943540893,446800.0,13.983508025902458,446800.0,0.0,446800.0,0.10099992930000004,446800.0,0.0,446800.0,0.0
447000.0,4.730614935553154,447000.0,13.989017234767239,447000.0,0.0,447000.0,0.10099992930000004,447000.0,0.0,447000.0,0.0
447200.0,4.7323476244143166,447200.0,13.994525185057567,447200.0,0.0,447200.0,0.10099992930000004,447200.0,0.0,447200.0,0.0
447400.0,4.734082009062514,447400.0,14.000031880340366,447400.0,0.0,447400.0,0.10099992930000004,447400.0,0.0,447400.0,0.0
447600.0,4.735818088435991,447600.0,14.005537324146808,447600.0,0.0,447600.0,0.10099992930000004,447600.0,0.0,447600.0,0.0
447800.0,4.737555861473085,447800.0,14.011041519972272,447800.0,0.0,447800.0,0.10099992930000004,447800.0,0.0,447800.0,0.0
448000.0,4.739295327112384,448000.0,14.01654447127699,448000.0,0.0,448000.0,0.10099992930000004,448000.0,0.0,448000.0,0.0
448200.0,4.741036484292566,448200.0,14.022046181486338,448200.0,0.0,448200.0,0.10099992930000004,448200.0,0.0,448200.0,0.0
448400.0,4.742779331952553,448400.0,14.0275466539911,448400.0,0.0,448400.0,0.10099992930000004,448400.0,0.0,448400.0,0.0
448600.0,4.744523869031336,448600.0,14.033045892147916,448600.0,0.0,448600.0,0.10099992930000004,448600.0,0.0,448600.0,0.0
448800.0,4.746270094468087,448800.0,14.03854389927949,448800.0,0.0,448800.0,0.10099992930000004,448800.0,0.0,448800.0,0.0
449000.0,4.748018007202121,449000.0,14.04404067867518,449000.0,0.0,449000.0,0.10099992930000004,449000.0,0.0,449000.0,0.0
449200.0,4.749767606172923,449200.0,14.049536233590992,449200.0,0.0,449200.0,0.10099992930000004,449200.0,0.0,449200.0,0.0
449400.0,4.751518890320176,449400.0,14.05503056725018,449400.0,0.0,449400.0,0.10099992930000004,449400.0,0.0,449400.0,0.0
449600.0,4.753271858583686,449600.0,14.060523682843446,449600.0,0.0,449600.0,0.10099992930000004,449600.0,0.0,449600.0,0.0
449800.0,4.755026509903451,449800.0,14.066015583529234,449800.0,0.0,449800.0,0.10099992930000004,449800.0,0.0,449800.0,0.0
450000.0,4.756782843219626,450000.0,14.071506272434176,450000.0,0.0,450000.0,0.10099992930000004,450000.0,0.0,450000.0,0.0
450200.0,4.75854085747252,450200.0,14.076995752653277,450200.0,0.0,450200.0,0.10099992930000004,450200.0,0.0,450200.0,0.0
450400.0,4.760300551602659,450400.0,14.08248402725036,450400.0,0.0,450400.0,0.10099992930000004,450400.0,0.0,450400.0,0.0
450600.0,4.762061924550752,450600.0,14.087971099258262,450600.0,0.0,450600.0,0.10099992930000004,450600.0,0.0,450600.0,0.0
450800.0,4.763824975257576,450800.0,14.093456971679188,450800.0,0.0,450800.0,0.10099992930000004,450800.0,0.0,450800.0,0.0
451000.0,4.765589702664244,451000.0,14.098941647485061,451000.0,0.0,451000.0,0.10099992930000004,451000.0,0.0,451000.0,0.0
451200.0,4.767356105711923,451200.0,14.10442512961775,451200.0,0.0,451200.0,0.10099992930000004,451200.0,0.0,451200.0,0.0
451400.0,4.769124183341999,451400.0,14.109907420989353,451400.0,0.0,451400.0,0.10099992930000004,451400.0,0.0,451400.0,0.0
451600.0,4.770893934496046,451600.0,14.115388524482592,451600.0,0.0,451600.0,0.10099992930000004,451600.0,0.0,451600.0,0.0
451800.0,4.772665358115848,451800.0,14.120868442951044,451800.0,0.0,451800.0,0.10099992930000004,451800.0,0.0,451800.0,0.0
452000.0,4.774438453143327,452000.0,14.126347179219486,452000.0,0.0,452000.0,0.10099992930000004,452000.0,0.0,452000.0,0.0
452200.0,4.776213218520614,452200.0,14.13182473608404,452200.0,0.0,452200.0,0.10099992930000004,452200.0,0.0,452200.0,0.0
452400.0,4.777989653190017,452400.0,14.137301116312576,452400.0,0.0,452400.0,0.10099992930000004,452400.0,0.0,452400.0,0.0
452600.0,4.779767756094067,452600.0,14.14277632264499,452600.0,0.0,452600.0,0.10099992930000004,452600.0,0.0,452600.0,0.0
452800.0,4.781547526175451,452800.0,14.14825035779351,452800.0,0.0,452800.0,0.10099992930000004,452800.0,0.0,452800.0,0.0
453000.0,4.783328962377111,453000.0,14.153723224442935,453000.0,0.0,453000.0,0.10099992930000004,453000.0,0.0,453000.0,0.0
453200.0,4.785112063642095,453200.0,14.159194925250791,453200.0,0.0,453200.0,0.10099992930000004,453200.0,0.0,453200.0,0.0
453400.0,4.786896828913669,453400.0,14.164665462847822,453400.0,0.0,453400.0,0.10099992930000004,453400.0,0.0,453400.0,0.0
453600.0,4.788683257135385,453600.0,14.170134839838035,453600.0,0.0,453600.0,0.10099992930000004,453600.0,0.0,453600.0,0.0
453800.0,4.790471347250897,453800.0,14.175603058799188,453800.0,0.0,453800.0,0.10099992930000004,453800.0,0.0,453800.0,0.0
454000.0,4.79226109820412,454000.0,14.181070122282899,454000.0,0.0,454000.0,0.10099992930000004,454000.0,0.0,454000.0,0.0
454200.0,4.7940525089390995,454200.0,14.186536032814903,454200.0,0.0,454200.0,0.10099992930000004,454200.0,0.0,454200.0,0.0
454400.0,4.795845578400154,454400.0,14.192000792895485,454400.0,0.0,454400.0,0.10099992930000004,454400.0,0.0,454400.0,0.0
454600.0,4.797640305531784,454600.0,14.197464404999483,454600.0,0.0,454600.0,0.10099992930000004,454600.0,0.0,454600.0,0.0
454800.0,4.799436689278701,454800.0,14.202926871576775,454800.0,0.0,454800.0,0.10099992930000004,454800.0,0.0,454800.0,0.0
455000.0,4.801234728585808,455000.0,14.208388195052326,455000.0,0.0,455000.0,0.10099992930000004,455000.0,0.0,455000.0,0.0
455200.0,4.803034422398245,455200.0,14.213848377826563,455200.0,0.0,455200.0,0.10099992930000004,455200.0,0.0,455200.0,0.0
455400.0,4.804835769661283,455400.0,14.21930742227567,455400.0,0.0,455400.0,0.10099992930000004,455400.0,0.0,455400.0,0.0
455600.0,4.806638769320577,455600.0,14.2247653307516,455600.0,0.0,455600.0,0.10099992930000004,455600.0,0.0,455600.0,0.0
455800.0,4.808443420321839,455800.0,14.230222105582586,455800.0,0.0,455800.0,0.10099992930000004,455800.0,0.0,455800.0,0.0
456000.0,4.810249721610986,456000.0,14.235677749073234,456000.0,0.0,456000.0,0.10099992930000004,456000.0,0.0,456000.0,0.0
456200.0,4.812057672134273,456200.0,14.241132263504745,456200.0,0.0,456200.0,0.10099992930000004,456200.0,0.0,456200.0,0.0
456400.0,4.81386727083809,456400.0,14.246585651135252,456400.0,0.0,456400.0,0.10099992930000004,456400.0,0.0,456400.0,0.0
456600.0,4.815678516669051,456600.0,14.252037914199951,456600.0,0.0,456600.0,0.10099992930000004,456600.0,0.0,456600.0,0.0
456800.0,4.81749140857403,456800.0,14.257489054911352,456800.0,0.0,456800.0,0.10099992930000004,456800.0,0.0,456800.0,0.0
457000.0,4.8193059455000435,457000.0,14.262939075459586,457000.0,0.0,457000.0,0.10099992930000004,457000.0,0.0,457000.0,0.0
457200.0,4.821122126394439,457200.0,14.268387978012486,457200.0,0.0,457200.0,0.10099992930000004,457200.0,0.0,457200.0,0.0
457400.0,4.822939950204676,457400.0,14.273835764715958,457400.0,0.0,457400.0,0.10099992930000004,457400.0,0.0,457400.0,0.0
457600.0,4.824759415878515,457600.0,14.279282437694114,457600.0,0.0,457600.0,0.10099992930000004,457600.0,0.0,457600.0,0.0
457800.0,4.826580522363928,457800.0,14.28472799904947,457800.0,0.0,457800.0,0.10099992930000004,457800.0,0.0,457800.0,0.0
458000.0,4.828403268609087,458000.0,14.29017245086325,458000.0,0.0,458000.0,0.10099992930000004,458000.0,0.0,458000.0,0.0
458200.0,4.830227653562387,458200.0,14.295615795195577,458200.0,0.0,458200.0,0.10099992930000004,458200.0,0.0,458200.0,0.0
458400.0,4.832053676172564,458400.0,14.301058034085584,458400.0,0.0,458400.0,0.10099992930000004,458400.0,0.0,458400.0,0.0
458600.0,4.8338813353884245,458600.0,14.306499169551687,458600.0,0.0,458600.0,0.10099992930000004,458600.0,0.0,458600.0,0.0
458800.0,4.8357106301590544,458800.0,14.311939203591947,458800.0,0.0,458800.0,0.10099992930000004,458800.0,0.0,458800.0,0.0
459000.0,4.837541559433797,459000.0,14.317378138184004,459000.0,0.0,459000.0,0.10099992930000004,459000.0,0.0,459000.0,0.0
459200.0,4.839374122162274,459200.0,14.322815975285438,459200.0,0.0,459200.0,0.10099992930000004,459200.0,0.0,459200.0,0.0
459400.0,4.841208317294253,459400.0,14.328252716833978,459400.0,0.0,459400.0,0.10099992930000004,459400.0,0.0,459400.0,0.0
459600.0,4.84304414377977,459600.0,14.333688364747637,459600.0,0.0,459600.0,0.10099992930000004,459600.0,0.0,459600.0,0.0
459800.0,4.8448816005691135,459800.0,14.339122920924947,459800.0,0.0,459800.0,0.10099992930000004,459800.0,0.0,459800.0,0.0
460000.0,4.846720686612859,460000.0,14.344556387245152,460000.0,0.0,460000.0,0.10099992930000004,460000.0,0.0,460000.0,0.0
460200.0,4.848561400861737,460200.0,14.349988765568408,460200.0,0.0,460200.0,0.10099992930000004,460200.0,0.0,460200.0,0.0
460400.0,4.85040374226668,460400.0,14.355420057735964,460400.0,0.0,460400.0,0.10099992930000004,460400.0,0.0,460400.0,0.0
460600.0,4.852247709779003,460600.0,14.360850265570324,460600.0,0.0,460600.0,0.10099992930000004,460600.0,0.0,460600.0,0.0
460800.0,4.854093302350136,460800.0,14.366279390875585,460800.0,0.0,460800.0,0.10099992930000004,460800.0,0.0,460800.0,0.0
461000.0,4.85594051893179,461000.0,14.37170743543736,461000.0,0.0,461000.0,0.10099992930000004,461000.0,0.0,461000.0,0.0
461200.0,4.85778935847598,461200.0,14.377134401023145,461200.0,0.0,461200.0,0.10099992930000004,461200.0,0.0,461200.0,0.0
461400.0,4.859639819934907,461400.0,14.382560289382518,461400.0,0.0,461400.0,0.10099992930000004,461400.0,0.0,461400.0,0.0
461600.0,4.861491902261042,461600.0,14.387985102247184,461600.0,0.0,461600.0,0.10099992930000004,461600.0,0.0,461600.0,0.0
461800.0,4.863345604406989,461800.0,14.393408841331297,461800.0,0.0,461800.0,0.10099992930000004,461800.0,0.0,461800.0,0.0
462000.0,4.865200925325829,462000.0,14.39883150833157,462000.0,0.0,462000.0,0.10099992930000004,462000.0,0.0,462000.0,0.0
462200.0,4.867057863970719,462200.0,14.404253104927406,462200.0,0.0,462200.0,0.10099992930000004,462200.0,0.0,462200.0,0.0
462400.0,4.8689164192950525,462400.0,14.409673632781201,462400.0,0.0,462400.0,0.10099992930000004,462400.0,0.0,462400.0,0.0
462600.0,4.870776590252622,462600.0,14.415093093538433,462600.0,0.0,462600.0,0.10099992930000004,462600.0,0.0,462600.0,0.0
462800.0,4.872638375797342,462800.0,14.420511488827804,462800.0,0.0,462800.0,0.10099992930000004,462800.0,0.0,462800.0,0.0
463000.0,4.8745017748834405,463000.0,14.425928820261436,463000.0,0.0,463000.0,0.10099992930000004,463000.0,0.0,463000.0,0.0
463200.0,4.876366786465341,463200.0,14.431345089435117,463200.0,0.0,463200.0,0.10099992930000004,463200.0,0.0,463200.0,0.0
463400.0,4.878233409497764,463400.0,14.4367602979283,463400.0,0.0,463400.0,0.10099992930000004,463400.0,0.0,463400.0,0.0
463600.0,4.88010164293567,463600.0,14.442174447304412,463600.0,0.0,463600.0,0.10099992930000004,463600.0,0.0,463600.0,0.0
463800.0,4.881971485734253,463800.0,14.44758753911098,463800.0,0.0,463800.0,0.10099992930000004,463800.0,0.0,463800.0,0.0
464000.0,4.883842936849106,464000.0,14.452999574879756,464000.0,0.0,464000.0,0.10099992930000004,464000.0,0.0,464000.0,0.0
464200.0,4.885715995235873,464200.0,14.458410556126887,464200.0,0.0,464200.0,0.10099992930000004,464200.0,0.0,464200.0,0.0
464400.0,4.887590659850564,464400.0,14.4638204843532,464400.0,0.0,464400.0,0.10099992930000004,464400.0,0.0,464400.0,0.0
464600.0,4.889466929649465,464600.0,14.469229361044082,464600.0,0.0,464600.0,0.10099992930000004,464600.0,0.0,464600.0,0.0
464800.0,4.891344803589071,464800.0,14.47463718766991,464800.0,0.0,464800.0,0.10099992930000004,464800.0,0.0,464800.0,0.0
465000.0,4.893224280626159,465000.0,14.480043965686038,465000.0,0.0,465000.0,0.10099992930000004,465000.0,0.0,465000.0,0.0
465200.0,4.895105359717812,465200.0,14.485449696532987,465200.0,0.0,465200.0,0.10099992930000004,465200.0,0.0,465200.0,0.0
465400.0,4.89698803982126,465400.0,14.490854381636748,465400.0,0.0,465400.0,0.10099992930000004,465400.0,0.0,465400.0,0.0
465600.0,4.898872319894142,465600.0,14.496258022408565,465600.0,0.0,465600.0,0.10099992930000004,465600.0,0.0,465600.0,0.0
465800.0,4.900758198894277,465800.0,14.501660620245529,465800.0,0.0,465800.0,0.10099992930000004,465800.0,0.0,465800.0,0.0
466000.0,4.902645675779727,466000.0,14.5070621765304,466000.0,0.0,466000.0,0.10099992930000004,466000.0,0.0,466000.0,0.0
466200.0,4.904534749508848,466200.0,14.51246269263183,466200.0,0.0,466200.0,0.10099992930000004,466200.0,0.0,466200.0,0.0
466400.0,4.906425419040309,466400.0,14.517862169904593,466400.0,0.0,466400.0,0.10099992930000004,466400.0,0.0,466400.0,0.0
466600.0,4.908317683333,466600.0,14.523260609689636,466600.0,0.0,466600.0,0.10099992930000004,466600.0,0.0,466600.0,0.0
466800.0,4.910211541346078,466800.0,14.528658013314287,466800.0,0.0,466800.0,0.10099992930000004,466800.0,0.0,466800.0,0.0
467000.0,4.9121069920389875,467000.0,14.534054382092323,467000.0,0.0,467000.0,0.10099992930000004,467000.0,0.0,467000.0,0.0
467200.0,4.9140040343714295,467200.0,14.53944971732415,467200.0,0.0,467200.0,0.10099992930000004,467200.0,0.0,467200.0,0.0
467400.0,4.915902667303386,467400.0,14.544844020296928,467400.0,0.0,467400.0,0.10099992930000004,467400.0,0.0,467400.0,0.0
467600.0,4.917802889795114,467600.0,14.550237292284766,467600.0,0.0,467600.0,0.10099992930000004,467600.0,0.0,467600.0,0.0
467800.0,4.919704700807129,467800.0,14.555629534548691,467800.0,0.0,467800.0,0.10099992930000004,467800.0,0.0,467800.0,0.0
468000.0,4.921608099300178,468000.0,14.561020748336961,468000.0,0.0,468000.0,0.10099992930000004,468000.0,0.0,468000.0,0.0
468200.0,4.923513084235417,468200.0,14.566410934885067,468200.0,0.0,468200.0,0.10099992930000004,468200.0,0.0,468200.0,0.0
468400.0,4.925419654574105,468400.0,14.571800095416005,468400.0,0.0,468400.0,0.10099992930000004,468400.0,0.0,468400.0,0.0
468600.0,4.927327809277864,468600.0,14.577188231140266,468600.0,0.0,468600.0,0.10099992930000004,468600.0,0.0,468600.0,0.0
468800.0,4.929237547308603,468800.0,14.582575343256035,468800.0,0.0,468800.0,0.10099992930000004,468800.0,0.0,468800.0,0.0
469000.0,4.931148867628492,469000.0,14.58796143294923,469000.0,0.0,469000.0,0.10099992930000004,469000.0,0.0,469000.0,0.0
469200.0,4.9330617692000125,469200.0,14.593346501393766,469200.0,0.0,469200.0,0.10099992930000004,469200.0,0.0,469200.0,0.0
469400.0,4.934976250985782,469400.0,14.59873054975155,469400.0,0.0,469400.0,0.10099992930000004,469400.0,0.0,469400.0,0.0
469600.0,4.9368923119489185,469600.0,14.604113579172747,469600.0,0.0,469600.0,0.10099992930000004,469600.0,0.0,469600.0,0.0
469800.0,4.938809951052617,469800.0,14.609495590795673,469800.0,0.0,469800.0,0.10099992930000004,469800.0,0.0,469800.0,0.0
470000.0,4.940729167260445,470000.0,14.614876585747206,470000.0,0.0,470000.0,0.10099992930000004,470000.0,0.0,470000.0,0.0
470200.0,4.942649959536299,470200.0,14.620256565142675,470200.0,0.0,470200.0,0.10099992930000004,470200.0,0.0,470200.0,0.0
470400.0,4.94457232684429,470400.0,14.625635530086052,470400.0,0.0,470400.0,0.10099992930000004,470400.0,0.0,470400.0,0.0
470600.0,4.946496268148759,470600.0,14.631013481670042,470600.0,0.0,470600.0,0.10099992930000004,470600.0,0.0,470600.0,0.0
470800.0,4.948421782414416,470800.0,14.636390420976324,470800.0,0.0,470800.0,0.10099992930000004,470800.0,0.0,470800.0,0.0
471000.0,4.950348868606278,471000.0,14.64176634907549,471000.0,0.0,471000.0,0.10099992930000004,471000.0,0.0,471000.0,0.0
471200.0,4.95227752568955,471200.0,14.647141267027287,471200.0,0.0,471200.0,0.10099992930000004,471200.0,0.0,471200.0,0.0
471400.0,4.954207752629788,471400.0,14.652515175880557,471400.0,0.0,471400.0,0.10099992930000004,471400.0,0.0,471400.0,0.0
471600.0,4.956139548392796,471600.0,14.657888076673693,471600.0,0.0,471600.0,0.10099992930000004,471600.0,0.0,471600.0,0.0
471800.0,4.958072911944716,471800.0,14.66325997043428,471800.0,0.0,471800.0,0.10099992930000004,471800.0,0.0,471800.0,0.0
472000.0,4.9600078422518905,472000.0,14.668630858179673,472000.0,0.0,472000.0,0.10099992930000004,472000.0,0.0,472000.0,0.0
472200.0,4.961944338281013,472200.0,14.6740007409167,472200.0,0.0,472200.0,0.10099992930000004,472200.0,0.0,472200.0,0.0
472400.0,4.9638823989990675,472400.0,14.679369619642028,472400.0,0.0,472400.0,0.10099992930000004,472400.0,0.0,472400.0,0.0
472600.0,4.965822023373315,472600.0,14.684737495342144,472600.0,0.0,472600.0,0.10099992930000004,472600.0,0.0,472600.0,0.0
472800.0,4.967763210371288,472800.0,14.690104368993609,472800.0,0.0,472800.0,0.10099992930000004,472800.0,0.0,472800.0,0.0
473000.0,4.969705958960796,473000.0,14.69547024156299,473000.0,0.0,473000.0,0.10099992930000004,473000.0,0.0,473000.0,0.0
473200.0,4.971650268110012,473200.0,14.700835114006944,473200.0,0.0,473200.0,0.10099992930000004,473200.0,0.0,473200.0,0.0
473400.0,4.973596136787306,473400.0,14.706198987272584,473400.0,0.0,473400.0,0.10099992930000004,473400.0,0.0,473400.0,0.0
473600.0,4.975543563961401,473600.0,14.711561862297218,473600.0,0.0,473600.0,0.10099992930000004,473600.0,0.0,473600.0,0.0
473800.0,4.977492548601272,473800.0,14.716923740008712,473800.0,0.0,473800.0,0.10099992930000004,473800.0,0.0,473800.0,0.0
474000.0,4.979443089676224,474000.0,14.72228462132557,474000.0,0.0,474000.0,0.10099992930000004,474000.0,0.0,474000.0,0.0
474200.0,4.9813951861558285,474200.0,14.727644507156866,474200.0,0.0,474200.0,0.10099992930000004,474200.0,0.0,474200.0,0.0
474400.0,4.98334883700996,474400.0,14.733003398402465,474400.0,0.0,474400.0,0.10099992930000004,474400.0,0.0,474400.0,0.0
474600.0,4.985304041208793,474600.0,14.738361295953162,474600.0,0.0,474600.0,0.10099992930000004,474600.0,0.0,474600.0,0.0
474800.0,4.987260797722791,474800.0,14.743718200690639,474800.0,0.0,474800.0,0.10099992930000004,474800.0,0.0,474800.0,0.0
475000.0,4.989219105522631,475000.0,14.74907411348757,475000.0,0.0,475000.0,0.10099992930000004,475000.0,0.0,475000.0,0.0
475200.0,4.991178963579445,475200.0,14.75442903520792,475200.0,0.0,475200.0,0.10099992930000004,475200.0,0.0,475200.0,0.0
475400.0,4.993140370864584,475400.0,14.75978296670682,475400.0,0.0,475400.0,0.10099992930000004,475400.0,0.0,475400.0,0.0
475600.0,4.9951033263496525,475600.0,14.765135908830722,475600.0,0.0,475600.0,0.10099992930000004,475600.0,0.0,475600.0,0.0
475800.0,4.997067829006614,475800.0,14.77048786241748,475800.0,0.0,475800.0,0.10099992930000004,475800.0,0.0,475800.0,0.0
476000.0,4.999033877807653,476000.0,14.775838828296495,476000.0,0.0,476000.0,0.10099992930000004,476000.0,0.0,476000.0,0.0
476200.0,5.001001471725383,476200.0,14.781188807288725,476200.0,0.0,476200.0,0.10099992930000004,476200.0,0.0,476200.0,0.0
476400.0,5.002970609732561,476400.0,14.78653780020685,476400.0,0.0,476400.0,0.10099992930000004,476400.0,0.0,476400.0,0.0
476600.0,5.00494129080241,476600.0,14.791885807855248,476600.0,0.0,476600.0,0.10099992930000004,476600.0,0.0,476600.0,0.0
476800.0,5.006913513908265,476800.0,14.797232831030206,476800.0,0.0,476800.0,0.10099992930000004,476800.0,0.0,476800.0,0.0
477000.0,5.008887278023895,477000.0,14.802578870519971,477000.0,0.0,477000.0,0.10099992930000004,477000.0,0.0,477000.0,0.0
477200.0,5.010862582123296,477200.0,14.807923927104722,477200.0,0.0,477200.0,0.10099992930000004,477200.0,0.0,477200.0,0.0
477400.0,5.012839425180855,477400.0,14.813268001556834,477400.0,0.0,477400.0,0.10099992930000004,477400.0,0.0,477400.0,0.0
477600.0,5.014817806171174,477600.0,14.818611094640843,477600.0,0.0,477600.0,0.10099992930000004,477600.0,0.0,477600.0,0.0
477800.0,5.016797724069205,477800.0,14.823953207113508,477800.0,0.0,477800.0,0.10099992930000004,477800.0,0.0,477800.0,0.0
478000.0,5.0187791778502,478000.0,14.829294339724028,478000.0,0.0,478000.0,0.10099992930000004,478000.0,0.0,478000.0,0.0
478200.0,5.020762166489707,478200.0,14.834634493213917,478200.0,0.0,478200.0,0.10099992930000004,478200.0,0.0,478200.0,0.0
478400.0,5.0227466889634815,478400.0,14.839973668317333,478400.0,0.0,478400.0,0.10099992930000004,478400.0,0.0,478400.0,0.0
478600.0,5.024732744247707,478600.0,14.845311865760916,478600.0,0.0,478600.0,0.10099992930000004,478600.0,0.0,478600.0,0.0
478800.0,5.026720331318861,478800.0,14.850649086263951,478800.0,0.0,478800.0,0.10099992930000004,478800.0,0.0,478800.0,0.0
479000.0,5.02870944915371,479000.0,14.855985330538543,479000.0,0.0,479000.0,0.10099992930000004,479000.0,0.0,479000.0,0.0
479200.0,5.030700096729227,479200.0,14.861320599289623,479200.0,0.0,479200.0,0.10099992930000004,479200.0,0.0,479200.0,0.0
479400.0,5.03269227302288,479400.0,14.866654893214948,479400.0,0.0,479400.0,0.10099992930000004,479400.0,0.0,479400.0,0.0
479600.0,5.0346859770123125,479600.0,14.87198821300525,479600.0,0.0,479600.0,0.10099992930000004,479600.0,0.0,479600.0,0.0
479800.0,5.036681207675509,479800.0,14.877320559344431,479800.0,0.0,479800.0,0.10099992930000004,479800.0,0.0,479800.0,0.0
480000.0,5.038677963990712,480000.0,14.882651932909283,480000.0,0.0,480000.0,0.10099992930000004,480000.0,0.0,480000.0,0.0
480200.0,5.0406762449364795,480200.0,14.88798233436992,480200.0,0.0,480200.0,0.10099992930000004,480200.0,0.0,480200.0,0.0
480400.0,5.042676049491799,480400.0,14.893311764389738,480400.0,0.0,480400.0,0.10099992930000004,480400.0,0.0,480400.0,0.0
480600.0,5.044677376635855,480600.0,14.898640223625367,480600.0,0.0,480600.0,0.10099992930000004,480600.0,0.0,480600.0,0.0
480800.0,5.046680225348123,480800.0,14.903967712726924,480800.0,0.0,480800.0,0.10099992930000004,480800.0,0.0,480800.0,0.0
481000.0,5.048684594608505,481000.0,14.909294232337938,481000.0,0.0,481000.0,0.10099992930000004,481000.0,0.0,481000.0,0.0
481200.0,5.05069048339705,481200.0,14.914619783095567,481200.0,0.0,481200.0,0.10099992930000004,481200.0,0.0,481200.0,0.0
481400.0,5.052697890694218,481400.0,14.919944365630444,481400.0,0.0,481400.0,0.10099992930000004,481400.0,0.0,481400.0,0.0
481600.0,5.054706815480784,481600.0,14.925267980566943,481600.0,0.0,481600.0,0.10099992930000004,481600.0,0.0,481600.0,0.0
481800.0,5.05671725673782,481800.0,14.93059062852318,481800.0,0.0,481800.0,0.10099992930000004,481800.0,0.0,481800.0,0.0
482000.0,5.058729213446663,482000.0,14.935912310111043,482000.0,0.0,482000.0,0.10099992930000004,482000.0,0.0,482000.0,0.0
482200.0,5.060742684589025,482200.0,14.941233025936347,482200.0,0.0,482200.0,0.10099992930000004,482200.0,0.0,482200.0,0.0
482400.0,5.062757669146903,482400.0,14.946552776598875,482400.0,0.0,482400.0,0.10099992930000004,482400.0,0.0,482400.0,0.0
482600.0,5.064774166102645,482600.0,14.951871562692236,482600.0,0.0,482600.0,0.10099992930000004,482600.0,0.0,482600.0,0.0
482800.0,5.066792174438835,482800.0,14.95718938480426,482800.0,0.0,482800.0,0.10099992930000004,482800.0,0.0,482800.0,0.0
483000.0,5.068811693138381,483000.0,14.962506243516868,483000.0,0.0,483000.0,0.10099992930000004,483000.0,0.0,483000.0,0.0
483200.0,5.070832721184594,483200.0,14.967822139406193,483200.0,0.0,483200.0,0.10099992930000004,483200.0,0.0,483200.0,0.0
483400.0,5.072855257560965,483400.0,14.973137073042565,483400.0,0.0,483400.0,0.10099992930000004,483400.0,0.0,483400.0,0.0
483600.0,5.0748793012514195,483600.0,14.97845104499071,483600.0,0.0,483600.0,0.10099992930000004,483600.0,0.0,483600.0,0.0
483800.0,5.07690485124013,483800.0,14.98376405580958,483800.0,0.0,483800.0,0.10099992930000004,483800.0,0.0,483800.0,0.0
484000.0,5.07893190651161,484000.0,14.989076106052694,484000.0,0.0,484000.0,0.10099992930000004,484000.0,0.0,484000.0,0.0
484200.0,5.0809604660506835,484200.0,14.994387196268029,484200.0,0.0,484200.0,0.10099992930000004,484200.0,0.0,484200.0,0.0
484400.0,5.082990528842418,484400.0,14.99969732699809,484400.0,0.0,484400.0,0.10099992930000004,484400.0,0.0,484400.0,0.0
484600.0,5.0850220938723645,484600.0,15.005006498780073,484600.0,0.0,484600.0,0.10099992930000004,484600.0,0.0,484600.0,0.0
484800.0,5.087055160126246,484800.0,15.010314712145691,484800.0,0.0,484800.0,0.10099992930000004,484800.0,0.0,484800.0,0.0
485000.0,5.089089726590141,485000.0,15.015621967621529,485000.0,0.0,485000.0,0.10099992930000004,485000.0,0.0,485000.0,0.0
485200.0,5.091125792250424,485200.0,15.020928265728866,485200.0,0.0,485200.0,0.10099992930000004,485200.0,0.0,485200.0,0.0
485400.0,5.093163356093884,485400.0,15.026233606983801,485400.0,0.0,485400.0,0.10099992930000004,485400.0,0.0,485400.0,0.0
485600.0,5.0952024171075205,485600.0,15.031537991897439,485600.0,0.0,485600.0,0.10099992930000004,485600.0,0.0,485600.0,0.0
485800.0,5.097242974278663,485800.0,15.036841420975735,485800.0,0.0,485800.0,0.10099992930000004,485800.0,0.0,485800.0,0.0
486000.0,5.0992850265950285,486000.0,15.04214389471965,486000.0,0.0,486000.0,0.10099992930000004,486000.0,0.0,486000.0,0.0
486200.0,5.101328573044582,486200.0,15.04744541362523,486200.0,0.0,486200.0,0.10099992930000004,486200.0,0.0,486200.0,0.0
486400.0,5.103373612615627,486400.0,15.052745978183587,486400.0,0.0,486400.0,0.10099992930000004,486400.0,0.0,486400.0,0.0
486600.0,5.1054201442968346,486600.0,15.058045588881058,486600.0,0.0,486600.0,0.10099992930000004,486600.0,0.0,486600.0,0.0
486800.0,5.1074681670770925,486800.0,15.06334424619912,486800.0,0.0,486800.0,0.10099992930000004,486800.0,0.0,486800.0,0.0
487000.0,5.109517679945702,487000.0,15.068641950614625,487000.0,0.0,487000.0,0.10099992930000004,487000.0,0.0,487000.0,0.0
487200.0,5.111568681892228,487200.0,15.073938702599593,487200.0,0.0,487200.0,0.10099992930000004,487200.0,0.0,487200.0,0.0
487400.0,5.113621171906618,487400.0,15.079234502621459,487400.0,0.0,487400.0,0.10099992930000004,487400.0,0.0,487400.0,0.0
487600.0,5.1156751489791175,487600.0,15.084529351143173,487600.0,0.0,487600.0,0.10099992930000004,487600.0,0.0,487600.0,0.0
487800.0,5.117730612100251,487800.0,15.089823248623025,487800.0,0.0,487800.0,0.10099992930000004,487800.0,0.0,487800.0,0.0
488000.0,5.119787560260859,488000.0,15.095116195514914,488000.0,0.0,488000.0,0.10099992930000004,488000.0,0.0,488000.0,0.0
488200.0,5.121845992452132,488200.0,15.100408192268187,488200.0,0.0,488200.0,0.10099992930000004,488200.0,0.0,488200.0,0.0
488400.0,5.12390590766563,488400.0,15.105699239327993,488400.0,0.0,488400.0,0.10099992930000004,488400.0,0.0,488400.0,0.0
488600.0,5.125967304893203,488600.0,15.110989337134882,488600.0,0.0,488600.0,0.10099992930000004,488600.0,0.0,488600.0,0.0
488800.0,5.128030183126978,488800.0,15.116278486125324,488800.0,0.0,488800.0,0.10099992930000004,488800.0,0.0,488800.0,0.0
489000.0,5.13009454135941,489000.0,15.121566686731489,489000.0,0.0,489000.0,0.10099992930000004,489000.0,0.0,489000.0,0.0
489200.0,5.13216037858337,489200.0,15.12685393938123,489200.0,0.0,489200.0,0.10099992930000004,489200.0,0.0,489200.0,0.0
489400.0,5.134227693792001,489400.0,15.132140244498368,489400.0,0.0,489400.0,0.10099992930000004,489400.0,0.0,489400.0,0.0
489600.0,5.136296485978717,489600.0,15.137425602502605,489600.0,0.0,489600.0,0.10099992930000004,489600.0,0.0,489600.0,0.0
489800.0,5.138366754137287,489800.0,15.142710013809578,489800.0,0.0,489800.0,0.10099992930000004,489800.0,0.0,489800.0,0.0
490000.0,5.140438497261871,490000.0,15.147993478830859,490000.0,0.0,490000.0,0.10099992930000004,490000.0,0.0,490000.0,0.0
490200.0,5.142511714346834,490200.0,15.153275997974074,490200.0,0.0,490200.0,0.10099992930000004,490200.0,0.0,490200.0,0.0
490400.0,5.144586404386957,490400.0,15.158557571642868,490400.0,0.0,490400.0,0.10099992930000004,490400.0,0.0,490400.0,0.0
490600.0,5.146662566377351,490600.0,15.16383820023705,490600.0,0.0,490600.0,0.10099992930000004,490600.0,0.0,490600.0,0.0
490800.0,5.148740199313399,490800.0,15.169117884152602,490800.0,0.0,490800.0,0.10099992930000004,490800.0,0.0,490800.0,0.0
491000.0,5.150819302190826,491000.0,15.174396623781627,491000.0,0.0,491000.0,0.10099992930000004,491000.0,0.0,491000.0,0.0
491200.0,5.15289987400566,491200.0,15.179674419512493,491200.0,0.0,491200.0,0.10099992930000004,491200.0,0.0,491200.0,0.0
491400.0,5.154981913754317,491400.0,15.184951271729881,491400.0,0.0,491400.0,0.10099992930000004,491400.0,0.0,491400.0,0.0
491600.0,5.157065420433517,491600.0,15.190227180814826,491600.0,0.0,491600.0,0.10099992930000004,491600.0,0.0,491600.0,0.0
491800.0,5.159150393040274,491800.0,15.195502147144616,491800.0,0.0,491800.0,0.10099992930000004,491800.0,0.0,491800.0,0.0
492000.0,5.161236830572004,492000.0,15.20077617109295,492000.0,0.0,492000.0,0.10099992930000004,492000.0,0.0,492000.0,0.0
492200.0,5.163324732026326,492200.0,15.20604925302998,492200.0,0.0,492200.0,0.10099992930000004,492200.0,0.0,492200.0,0.0
492400.0,5.1654140964013315,492400.0,15.211321393322477,492400.0,0.0,492400.0,0.10099992930000004,492400.0,0.0,492400.0,0.0
492600.0,5.167504922695301,492600.0,15.216592592333525,492600.0,0.0,492600.0,0.10099992930000004,492600.0,0.0,492600.0,0.0
492800.0,5.169597209906942,492800.0,15.221862850422886,492800.0,0.0,492800.0,0.10099992930000004,492800.0,0.0,492800.0,0.0
493000.0,5.171690957035317,493000.0,15.227132167946834,493000.0,0.0,493000.0,0.10099992930000004,493000.0,0.0,493000.0,0.0
493200.0,5.173786163079678,493200.0,15.232400545258399,493200.0,0.0,493200.0,0.10099992930000004,493200.0,0.0,493200.0,0.0
493400.0,5.175882827039731,493400.0,15.237667982707148,493400.0,0.0,493400.0,0.10099992930000004,493400.0,0.0,493400.0,0.0
493600.0,5.17798094791546,493600.0,15.242934480639452,493600.0,0.0,493600.0,0.10099992930000004,493600.0,0.0,493600.0,0.0
493800.0,5.180080524707165,493800.0,15.248200039398379,493800.0,0.0,493800.0,0.10099992930000004,493800.0,0.0,493800.0,0.0
494000.0,5.1821815564154985,494000.0,15.25346465932379,494000.0,0.0,494000.0,0.10099992930000004,494000.0,0.0,494000.0,0.0
494200.0,5.184284042041493,494200.0,15.258728340752347,494200.0,0.0,494200.0,0.10099992930000004,494200.0,0.0,494200.0,0.0
494400.0,5.186387980586407,494400.0,15.263991084017585,494400.0,0.0,494400.0,0.10099992930000004,494400.0,0.0,494400.0,0.0
494600.0,5.188493371051925,494600.0,15.269252889449888,494600.0,0.0,494600.0,0.10099992930000004,494600.0,0.0,494600.0,0.0
494800.0,5.190600212439947,494800.0,15.274513757376631,494800.0,0.0,494800.0,0.10099992930000004,494800.0,0.0,494800.0,0.0
495000.0,5.192708503752886,495000.0,15.279773688122104,495000.0,0.0,495000.0,0.10099992930000004,495000.0,0.0,495000.0,0.0
495200.0,5.194818243993286,495200.0,15.28503268200759,495200.0,0.0,495200.0,0.10099992930000004,495200.0,0.0,495200.0,0.0
495400.0,5.196929432164176,495400.0,15.29029073935137,495400.0,0.0,495400.0,0.10099992930000004,495400.0,0.0,495400.0,0.0
495600.0,5.19904206726884,495600.0,15.295547860468833,495600.0,0.0,495600.0,0.10099992930000004,495600.0,0.0,495600.0,0.0
495800.0,5.201156148310912,495800.0,15.30080404567244,495800.0,0.0,495800.0,0.10099992930000004,495800.0,0.0,495800.0,0.0
496000.0,5.203271674294332,496000.0,15.306059295271778,496000.0,0.0,496000.0,0.10099992930000004,496000.0,0.0,496000.0,0.0
496200.0,5.205388644223412,496200.0,15.311313609573588,496200.0,0.0,496200.0,0.10099992930000004,496200.0,0.0,496200.0,0.0
496400.0,5.207507057102759,496400.0,15.31656698888178,496400.0,0.0,496400.0,0.10099992930000004,496400.0,0.0,496400.0,0.0
496600.0,5.20962691193739,496600.0,15.321819433497483,496600.0,0.0,496600.0,0.10099992930000004,496600.0,0.0,496600.0,0.0
496800.0,5.2117482077325334,496800.0,15.327070943719155,496800.0,0.0,496800.0,0.10099992930000004,496800.0,0.0,496800.0,0.0
497000.0,5.2138709434939,497000.0,15.33232151984243,497000.0,0.0,497000.0,0.10099992930000004,497000.0,0.0,497000.0,0.0
497200.0,5.215995118227362,497200.0,15.337571162160355,497200.0,0.0,497200.0,0.10099992930000004,497200.0,0.0,497200.0,0.0
497400.0,5.218120730939255,497400.0,15.34281987096324,497400.0,0.0,497400.0,0.10099992930000004,497400.0,0.0,497400.0,0.0
497600.0,5.220247780636195,497600.0,15.348067646538823,497600.0,0.0,497600.0,0.10099992930000004,497600.0,0.0,497600.0,0.0
497800.0,5.222376266325168,497800.0,15.353314489172218,497800.0,0.0,497800.0,0.10099992930000004,497800.0,0.0,497800.0,0.0
498000.0,5.224506187013439,498000.0,15.358560399145988,498000.0,0.0,498000.0,0.10099992930000004,498000.0,0.0,498000.0,0.0
498200.0,5.2266375417086754,498200.0,15.363805376740213,498200.0,0.0,498200.0,0.10099992930000004,498200.0,0.0,498200.0,0.0
498400.0,5.228770329418849,498400.0,15.369049422232353,498400.0,0.0,498400.0,0.10099992930000004,498400.0,0.0,498400.0,0.0
498600.0,5.230904549152209,498600.0,15.374292535897446,498600.0,0.0,498600.0,0.10099992930000004,498600.0,0.0,498600.0,0.0
498800.0,5.23304019991742,498800.0,15.379534718008175,498800.0,0.0,498800.0,0.10099992930000004,498800.0,0.0,498800.0,0.0
499000.0,5.235177280723511,499000.0,15.384775968834626,499000.0,0.0,499000.0,0.10099992930000004,499000.0,0.0,499000.0,0.0
499200.0,5.2373157905797045,499200.0,15.3900162886446,499200.0,0.0,499200.0,0.10099992930000004,499200.0,0.0,499200.0,0.0
499400.0,5.239455728495665,499400.0,15.395255677703537,499400.0,0.0,499400.0,0.10099992930000004,499400.0,0.0,499400.0,0.0
499600.0,5.241597093481386,499600.0,15.40049413627451,499600.0,0.0,499600.0,0.10099992930000004,499600.0,0.0,499600.0,0.0
499800.0,5.243739884547191,499800.0,15.405731664618234,499800.0,0.0,499800.0,0.10099992930000004,499800.0,0.0,499800.0,0.0
500000.0,5.245884100703747,500000.0,15.410968262993308,500000.0,0.0,500000.0,0.10099992930000004,500000.0,0.0,500000.0,0.0
